room_id,room_type,num_objects,mean_pairwise_center_dist,estimated_room_area,bbox_area_ratio,objects_per_area,sample_image,style
00004f89-9aa5-43c2-ae3c-129586be8aaa_LivingDiningRoom-3474,livingroom,8.0,1.3317804336547852,15.950791183835378,1.5165558925684108,0.5015425196028674,,sparse
0003d406-5f27-4bbf-94cd-1cff7c310ba1_LivingRoom-54780,livingroom,7.0,1.3410632811167627,13.485201191850994,0.3130028275836747,0.5190875464453617,,sparse
00110bde-f580-40be-b8bb-88715b338a2a_Bedroom-43072,bedroom,6.0,1.6978740859125068,14.863428882869416,0.1590468791117407,0.40367535965507895,,sparse
00154c06-2ee2-408a-9664-b8fd74742897_DiningRoom-17932,diningroom,6.0,0.7637685751698748,7.421620933979769,1.5550477735148387,0.8084487274914701,,dense
0018b6c8-c3b6-4fb8-a640-4b9b0b763254_MasterBedroom-282636,bedroom,7.0,1.5257280071343335,15.199588361099243,0.3663202574930747,0.4605387878737103,,sparse
0023b7d1-1439-4e5c-9c7b-c34f155ee856_Bedroom-7177,bedroom,4.0,0.9768719116475454,5.940787918170445,0.5808686828981522,0.673311361236383,,neutral
00321452-517d-431b-a21b-f52750684910_MasterBedroom-7594,bedroom,5.0,1.9258707635344596,5.570010963561747,0.40391222496502355,0.8976643013289056,,dense
003ac11d-2abc-44f8-9836-4354e7dfa543_Bedroom-1573,bedroom,8.0,1.610722662626775,17.775426652212214,0.5871170415755794,0.45005952073754424,,sparse
003ac11d-2abc-44f8-9836-4354e7dfa543_LivingRoom-9232,livingroom,10.0,1.7893200438811805,12.995326953406101,0.6643527522517687,0.7695073802955746,,dense
0047c3ab-951b-4182-9082-b9fbf099c142_LivingDiningRoom-2065,livingroom,15.0,2.4178111064658223,29.073986214102067,0.5806387696319825,0.5159251259713533,,sparse
004f900c-468a-4f70-83cc-aa2c98875264_LivingDiningRoom-27430,livingroom,14.0,2.5881469882250654,35.46025543839233,0.5022669736670822,0.39480821068317495,,sparse
004f900c-468a-4f70-83cc-aa2c98875264_SecondBedroom-27399,bedroom,7.0,1.611965259782477,7.878423273641929,0.4671435377642887,0.8885026555274348,,dense
0071fae9-a2ce-481e-8a37-a2d307e1213d_SecondBedroom-199664,bedroom,8.0,1.9047781163708142,10.994868778571673,0.3939596786116412,0.7276121399094376,,neutral
007e1443-462a-4dae-b47c-44cfc6a5a41d_Bedroom-7050,bedroom,7.0,1.9485811261495471,14.104049780316831,0.6444410590739734,0.49631135092624107,,sparse
007e1443-462a-4dae-b47c-44cfc6a5a41d_LivingDiningRoom-268,livingroom,5.0,1.4245493703766,4.896318844190643,0.37717374637346796,1.0211753276509703,,dense
00808820-c206-4cc8-98a5-6b7d2ff364af_MasterBedroom-19148,bedroom,5.0,0.9348212344589332,6.97583390119875,0.5542437841933315,0.7167601853508558,,neutral
00808820-c206-4cc8-98a5-6b7d2ff364af_SecondBedroom-19183,bedroom,4.0,1.7217453482721095,7.585469468035327,0.714662480619066,0.5273239865845798,,sparse
008699e0-8d00-40f3-92b4-72347fa892c1_Bedroom-518,bedroom,5.0,0.8738258361816407,3.0547987224490054,0.7921334034215722,1.636769049055888,,dense
008f0372-b7d0-485f-8d3e-f686dcb68d4f_LivingDiningRoom-1531,livingroom,11.0,2.148677371372751,22.219481043043395,0.6372574485762427,0.49506106729904675,,sparse
008f0372-b7d0-485f-8d3e-f686dcb68d4f_MasterBedroom-820,bedroom,5.0,1.7568715442383134,6.099071828298926,0.4028265675594626,0.8197968708616661,,dense
00ad8345-45e0-45b3-867d-4a3c88c2517a_SecondBedroom-46220,bedroom,7.0,1.9046031531548413,12.772777080454874,0.5221213381865467,0.548040567521649,,neutral
00add26c-7a26-4a61-b192-b97aa493b3f3_LivingRoom-76661,livingroom,7.0,1.2092949845255472,5.924987947275719,0.26982956618771753,1.1814370024530712,,dense
00c0c75e-1c12-46b3-9fc8-0561b1b1b510_LivingDiningRoom-1344,livingroom,10.0,1.4293093716467473,16.108049564070264,0.6703789060282349,0.6208076254188747,,neutral
00c0c75e-1c12-46b3-9fc8-0561b1b1b510_MasterBedroom-649,bedroom,3.0,1.3053678311289545,3.0878581633759223,0.37014434748381403,0.9715472153423433,,dense
00de1e24-ab10-4aef-bb72-130ca18d017c_LivingDiningRoom-17615,livingroom,6.0,0.8455342032809007,8.522220722509607,1.4461421963278034,0.70404184488584,,neutral
00ecd021-64bb-4bc4-b754-1796d2a12965_Bedroom-83361,bedroom,4.0,1.256506687519334,5.924845854962421,0.5287805887877679,0.6751230492603879,,neutral
00ecd021-64bb-4bc4-b754-1796d2a12965_Bedroom-83832,bedroom,3.0,0.7830966313680013,1.3983110249073294,0.5478200130232327,2.1454454313544584,,dense
00ecd021-64bb-4bc4-b754-1796d2a12965_LivingDiningRoom-84752,livingroom,11.0,1.7189334489917893,15.103272566079049,0.7784595559822381,0.7283189753659927,,neutral
00fc9d81-7397-4578-a865-920c4d89b44b_MasterBedroom-19988,bedroom,8.0,1.9221319773923284,18.25366909966449,0.42678863937784556,0.438268052100662,,sparse
00fe8139-76e8-42b4-bb41-7f9f085ac351_DiningRoom-15534,diningroom,8.0,1.600071266940287,12.57226438448683,0.2592740997951792,0.6363213304574918,,neutral
00fe8139-76e8-42b4-bb41-7f9f085ac351_LivingRoom-15506,livingroom,6.0,1.0430978266441497,8.989399332173313,0.856148903012855,0.667452827301356,,neutral
00fe8139-76e8-42b4-bb41-7f9f085ac351_MasterBedroom-15559,bedroom,5.0,1.0692426753784643,6.2833518261395955,0.8293748899700387,0.7957536261457335,,dense
00fe8139-76e8-42b4-bb41-7f9f085ac351_SecondBedroom-15597,bedroom,5.0,1.4630208846691517,9.298165772679447,0.7792462916864832,0.5377404664790304,,neutral
0106f9d2-5779-457b-9b8b-72942373d42e_LivingDiningRoom-10723,livingroom,13.0,2.1616712127184727,22.289043612975284,0.5972221319508394,0.5832462004979081,,neutral
0106f9d2-5779-457b-9b8b-72942373d42e_MasterBedroom-10670,bedroom,5.0,1.8418295072328905,7.35877752075879,0.2874955586682624,0.6794606829592577,,neutral
011da194-aa84-4a98-bf9a-afd18357819a_LivingDiningRoom-840,livingroom,12.0,2.054566237609602,21.415473004320983,0.4360417092025416,0.5603425148526381,,neutral
011da194-aa84-4a98-bf9a-afd18357819a_SecondBedroom-373,bedroom,3.0,1.8565468497903597,7.785226823415836,0.09120942184592881,0.385345227319109,,sparse
013d6a38-6fa2-4e16-9903-53921f86114a_DiningRoom-9584,diningroom,5.0,1.5792932769342425,5.674776214393773,0.2827257626273831,0.8810920133410303,,dense
013d6a38-6fa2-4e16-9903-53921f86114a_LivingRoom-5033,livingroom,8.0,1.7279124141664883,13.732838099122503,0.38997037827838626,0.5825452788605424,,neutral
01492580-b04d-4865-932d-c6fc225ba3b8_LivingDiningRoom-34353,livingroom,9.0,2.224948088249389,22.79671225302784,0.35496783267290144,0.39479377114147796,,sparse
0156308f-fe4e-4916-90c3-9f498c0d9e9c_Bedroom-29486,bedroom,3.0,1.365187644958496,1.3383146903912206,0.8464031138140512,2.2416252481866055,,dense
0156308f-fe4e-4916-90c3-9f498c0d9e9c_Bedroom-30358,bedroom,4.0,1.1906672318776448,4.369862681165234,0.7924948214459457,0.915360571223577,,dense
015c0c73-e5fd-447d-9919-acf4786db46a_MasterBedroom-535,bedroom,5.0,1.7854451836478789,6.9651015819327835,0.23988489975419486,0.7178646199460774,,neutral
015c0c73-e5fd-447d-9919-acf4786db46a_SecondBedroom-3516,bedroom,6.0,1.7740363903532768,14.364969080978018,0.3370714610419479,0.4176827646601171,,sparse
015ed8e0-35dc-41ab-9a9e-b3dbba4ec64a_MasterBedroom-33296,bedroom,7.0,1.3626000450811593,9.75748625435726,0.9932728548252593,0.7173978848162978,,neutral
015ed8e0-35dc-41ab-9a9e-b3dbba4ec64a_SecondBedroom-33375,bedroom,3.0,1.1804334032894994,4.848765239528489,0.8439855641875379,0.6187142193528287,,neutral
01655258-a4b1-45ff-b16d-bae0ffb189c7_DiningRoom-45089,diningroom,7.0,0.8786707605634417,2.958691919596021,0.5244818498848153,2.3659104057565337,,dense
01655258-a4b1-45ff-b16d-bae0ffb189c7_SecondBedroom-45033,bedroom,7.0,1.6060863554671732,11.279369101206347,0.9359156480325844,0.620602086623031,,neutral
016e8e9e-143b-4f12-9679-3ca930a1b6d6_LivingDiningRoom-34678,livingroom,9.0,2.645767008457666,22.802137791865317,0.6976325496280475,0.3946998339432348,,sparse
01805656-e66f-44b1-8bc1-5e722fff3fff_Bedroom-8715,bedroom,7.0,2.012832402319058,16.966353049297915,0.33070888896195527,0.4125813001568812,,sparse
0182566d-2912-4bc1-bd74-70a4e04eb67d_Bedroom-20286,bedroom,4.0,2.2453497372982327,11.450015217730915,0.10594512407097247,0.34934451386630494,,sparse
01861393-3d82-4926-af4c-e2d29c6d0c0b_DiningRoom-32107,diningroom,7.0,0.9237217363857088,2.8997335503804456,0.7876455005235306,2.4140149011558663,,dense
01861393-3d82-4926-af4c-e2d29c6d0c0b_MasterBedroom-32031,bedroom,6.0,1.685126427412232,11.713358830865548,0.38796163514756354,0.5122356521845438,,sparse
018d9d83-0ca1-427a-8388-fcd0cab365e6_Bedroom-1361,bedroom,7.0,2.3598103304613716,21.10918795493906,0.1977136786848407,0.3316091559250228,,sparse
0192a842-531c-419a-923e-28db4add8656_Bedroom-2358,bedroom,4.0,1.9419606423029705,13.30894828474766,0.42106446014651133,0.3005496688708368,,sparse
0192a842-531c-419a-923e-28db4add8656_DiningRoom-31158,diningroom,6.0,0.6241688092549642,0.7801432701344879,1.0465102189554318,7.69089503132632,,dense
01951c96-631e-4880-83ab-1d69835e635c_Bedroom-5998,bedroom,6.0,1.7435551058109777,15.001718626971885,0.31786844097132194,0.39995417519779913,,sparse
01951c96-631e-4880-83ab-1d69835e635c_LivingDiningRoom-5217,livingroom,13.0,1.2800019981975885,13.89104631123371,1.6674642377404112,0.9358546295743669,,dense
01ba1742-4fa5-4d1e-8ba4-2f807fe6b283_Bedroom-1440,bedroom,3.0,1.3874273487928657,4.804071437091857,0.23527042431742448,0.6244703142499581,,neutral
01ba1742-4fa5-4d1e-8ba4-2f807fe6b283_Bedroom-2872,bedroom,3.0,1.5981085699458653,4.816172414255459,0.2294895646376348,0.6229012879855081,,neutral
01ba1742-4fa5-4d1e-8ba4-2f807fe6b283_LivingDiningRoom-4271,livingroom,12.0,2.4437734475508197,19.800043966235883,0.4285372016754842,0.6060592602957375,,neutral
01c978d0-4fe9-4ee4-9c1b-ac0788610445_MasterBedroom-73093,bedroom,3.0,0.5977206230163574,2.3487044494760667,0.6187548169963694,1.27729991769259,,dense
01df4fc6-be42-4c30-ab7f-0add3ec82213_Bedroom-44231,bedroom,6.0,1.4690494567155838,3.3421191647944646,0.8893395918634628,1.7952681230529945,,dense
01e1d6b2-e3b3-4eb4-9969-b23088fab6a0_Bedroom-7308,bedroom,4.0,1.9891202315395662,6.004003848795878,0.320479923129735,0.6662220912470289,,neutral
01fbfc1f-5b13-4a72-a15e-eae0ff56de69_SecondBedroom-43096,bedroom,4.0,1.4820725962089936,6.429617095500386,0.29142512808114956,0.6221210284511818,,neutral
0220df39-8356-4ba5-8f26-4f385afa2cae_LivingRoom-37659,livingroom,8.0,1.7312545200781255,11.06177779446543,0.5655173863244363,0.7232110560024685,,neutral
0220df39-8356-4ba5-8f26-4f385afa2cae_MasterBedroom-37718,bedroom,3.0,1.4301503638467388,4.043861606406864,0.1817260271298524,0.7418651506883843,,dense
0220df39-8356-4ba5-8f26-4f385afa2cae_SecondBedroom-37482,bedroom,5.0,1.455976831033968,7.825543745101941,0.48238060228133006,0.6389332374673048,,neutral
023fcd68-dd38-420c-a518-87e82b80ac1e_MasterBedroom-87405,bedroom,3.0,0.7085010210673014,3.8318221509430828,0.9109944921520527,0.782917338494336,,dense
024b64f5-92d9-45e2-ac31-b61c1bbf9484_Bedroom-11659,bedroom,4.0,1.896418899499121,15.140685084936866,0.45848715639052956,0.2641888380585573,,sparse
025c66d0-3114-434a-a7b4-51ea83c2eaf4_SecondBedroom-32499,bedroom,3.0,0.6651274363199869,3.2179377352265504,0.4041983701588268,0.932274098146524,,dense
02623967-e0d7-4775-888e-6441b23a96ff_MasterBedroom-12592,bedroom,5.0,1.9396665578426309,15.503321541637309,0.5651556210655191,0.3225115331944505,,sparse
026d9b2e-f9e3-4754-b234-32e25b1974e5_LivingDiningRoom-64,livingroom,14.0,1.7201660933725624,27.41426020313067,0.7966269408393795,0.5106831224430131,,sparse
02861dfe-ed53-41f1-b554-b02d0c170c61_MasterBedroom-1422,bedroom,4.0,1.8547660040899594,15.583006056772545,0.3321584121828702,0.25668988290366196,,sparse
02861dfe-ed53-41f1-b554-b02d0c170c61_SecondBedroom-6295,bedroom,3.0,1.4229118948993518,5.208880860267981,0.4057721120775304,0.5759394542661241,,neutral
0298054f-93f3-4365-8724-484202d53981_MasterBedroom-49696,bedroom,7.0,2.2318203492842033,17.05053463559688,0.14757914657600785,0.41054431134293606,,sparse
0298054f-93f3-4365-8724-484202d53981_SecondBedroom-51128,bedroom,7.0,1.8955203776488465,12.329807596417437,0.18887536941962163,0.567729864822378,,neutral
02b90cf0-5313-425d-961e-3151b633c729_MasterBedroom-25712,bedroom,5.0,1.4750846385955811,6.730408610774813,0.3427294986509115,0.7428969456617277,,dense
02cdd750-72be-4bc5-a033-3c604919009f_Bedroom-3064,bedroom,5.0,1.7731375344401905,6.6695051041350615,0.319311534940231,0.7496808116842169,,dense
02f16dba-572d-409d-af78-98c7ab57f9c0_Bedroom-96082,bedroom,4.0,1.649784726352956,8.324662762200083,0.503470233351183,0.48049994507439486,,sparse
02f7ad87-8aaf-49a0-bd98-c010e7b84c33_MasterBedroom-6210,bedroom,4.0,1.9170009571615765,6.810126280008269,0.41340368157010104,0.5873606208657768,,neutral
02f7ad87-8aaf-49a0-bd98-c010e7b84c33_SecondBedroom-17020,bedroom,7.0,1.9774248928881857,8.792115485283142,0.2583968191175974,0.7961678860698644,,dense
02fb72ea-8e75-4f7b-85bd-18798232b263_DiningRoom-40734,diningroom,6.0,0.8521191279093429,1.1335036462315027,1.6472972718708434,5.293322187315295,,dense
02fb72ea-8e75-4f7b-85bd-18798232b263_MasterBedroom-40642,bedroom,4.0,1.5397745550134143,4.899370396326108,0.3950303812339655,0.8164314343327626,,dense
02fb72ea-8e75-4f7b-85bd-18798232b263_SecondBedroom-40617,bedroom,4.0,1.4873707806223138,5.187260091735195,0.4034924847926485,0.7711199996262298,,dense
030345aa-f00e-4922-b50f-b56055702045_MasterBedroom-18203,bedroom,5.0,1.950578178641802,13.932777448249482,0.5297828638675804,0.3588659919798117,,sparse
031fba32-7c48-4c1e-8342-aab66d6e531f_LivingDiningRoom-5339,livingroom,11.0,2.3945226690181394,15.47806960489737,0.2687165673387013,0.7106829392031887,,neutral
03279ac8-717b-4b94-96e1-3b6a7e94e782_Bedroom-19444,bedroom,4.0,1.0454594166176954,4.078269097765758,0.36030636846443487,0.9808082556865517,,dense
03279ac8-717b-4b94-96e1-3b6a7e94e782_LivingRoom-19481,livingroom,9.0,1.1799695022726553,10.83664906791936,0.7444462665879987,0.8305150368524393,,dense
0337f31c-ff58-48a8-8a03-1db9f02e6471_Bedroom-108,bedroom,3.0,1.3355644275624403,8.731627692672355,0.9458057443531244,0.34357855208572646,,sparse
0337f31c-ff58-48a8-8a03-1db9f02e6471_Bedroom-451,bedroom,4.0,1.5272270467445577,5.677189623167758,0.5435416323296617,0.7045739644976101,,neutral
03386199-b47b-4417-85cc-cba4e8d28ee3_Bedroom-46909,bedroom,4.0,1.058540207911357,8.12244606700008,0.8033977754533296,0.49246248814765575,,sparse
03386199-b47b-4417-85cc-cba4e8d28ee3_LivingDiningRoom-46824,livingroom,12.0,1.2459074021189676,16.18420250200644,1.444040348588077,0.7414637822600341,,dense
035ad3e2-544e-4093-9621-3624f1b86422_Bedroom-9835,bedroom,4.0,1.300586611032486,2.0664516974112255,1.1571512201419225,1.9356852158756253,,dense
035b4959-8c9a-4dcb-94c1-e2b2ad7c88b5_SecondBedroom-3137,bedroom,5.0,1.5853544526740009,6.594785215104615,0.35993034015382214,0.7581748058372032,,dense
03636cbb-ce09-43e6-bd86-a73cd92a8578_MasterBedroom-21103,bedroom,9.0,2.2621769595811383,21.660181863789795,0.3263483150110906,0.41550897663724906,,sparse
0363cf51-5e28-4b32-8a3b-68726d8da273_LivingRoom-5110,livingroom,14.0,1.3109979693399432,24.006653071613663,1.561817805840331,0.5831716715460894,,neutral
0363cf51-5e28-4b32-8a3b-68726d8da273_MasterBedroom-836,bedroom,4.0,0.9685324584747136,4.8125307840357685,1.0701623646113803,0.8311635144795098,,dense
036bc96c-419d-4a43-812e-1e533d95dfd3_LivingDiningRoom-114074,livingroom,14.0,4.179522034597843,39.51295429280967,0.36028737465186667,0.35431418000925424,,sparse
036bc96c-419d-4a43-812e-1e533d95dfd3_MasterBedroom-114213,bedroom,5.0,2.0895902624065896,12.700296096335768,0.2724543777281154,0.3936916086108085,,sparse
036bc96c-419d-4a43-812e-1e533d95dfd3_SecondBedroom-114156,bedroom,4.0,1.7234949527491576,6.577920396813823,0.1712481919864329,0.6080949234255705,,neutral
03704744-6330-41f6-9983-928466e9a39b_MasterBedroom-771,bedroom,3.0,2.3938438629590753,8.826916242313038,0.1889288286875327,0.33986954420379417,,sparse
03787fb6-0503-4d43-9617-e29e46150d1c_LivingDiningRoom-51556,livingroom,14.0,1.2782269656379721,17.00971974330158,1.754030060990395,0.8230588282039857,,dense
0380a4ca-bd26-4f49-9a5e-a00765aab879_LivingDiningRoom-35413,livingroom,6.0,1.351487143834432,15.074492047436223,1.25271600161811,0.39802336165751223,,sparse
0380a4ca-bd26-4f49-9a5e-a00765aab879_MasterBedroom-35489,bedroom,3.0,2.132760813808177,12.301089282516466,0.40746846458758057,0.24388084104583313,,sparse
03b0d05c-a430-4853-84f0-f8aeb802e6c5_LivingDiningRoom-5734,livingroom,6.0,2.0501565705591216,11.371776655420527,0.37204420305495095,0.5276220402323862,,sparse
03c8c59c-ba14-4486-ba57-3cd79b7f3eb9_MasterBedroom-5025,bedroom,5.0,2.0915964191392686,12.086415383070323,0.38114363431913084,0.413687585733947,,sparse
03ce6fa9-d13b-4fa8-885b-b3cb1020ebee_MasterBedroom-13291,bedroom,4.0,1.2541039040250483,10.145187619773521,0.6671097242603422,0.39427560631838715,,sparse
03ce6fa9-d13b-4fa8-885b-b3cb1020ebee_SecondBedroom-17779,bedroom,4.0,0.9373418836495917,6.265874296514453,0.7755334252554688,0.6383785902352204,,neutral
03d7d55b-fb87-4aa8-a651-6795f316cf7f_LivingRoom-1598,livingroom,5.0,1.2432780022614451,10.1994289538445,0.33943391908445986,0.4902235235547512,,sparse
03db631f-2bb3-4e2e-a167-3042af55db6b_Bedroom-12574,bedroom,8.0,1.830094743639215,13.219339256211166,0.4566316254414039,0.6051739686037004,,neutral
03f25b88-2c5f-49fd-82d9-dfe2f14de90b_Bedroom-1403,bedroom,5.0,1.4010023900725668,7.579206501657599,0.6310247215056264,0.659699666304973,,neutral
0405ce07-e6d8-480e-8e3e-a699b9474b15_LivingDiningRoom-56654,livingroom,17.0,3.3643593804813383,39.57577296398581,0.6029767238089545,0.4295557288412307,,sparse
0405ce07-e6d8-480e-8e3e-a699b9474b15_MasterBedroom-56783,bedroom,4.0,1.595996071937652,5.164154926889946,0.27383398227544814,0.7745701003608261,,dense
0419bc7b-5bd0-47fc-802a-69c21ee0c80b_Bedroom-24730,bedroom,5.0,0.9832408375600078,5.816025795270808,0.8401844838588696,0.8596935735851887,,dense
0419bc7b-5bd0-47fc-802a-69c21ee0c80b_LivingDiningRoom-33368,livingroom,16.0,1.41590748160543,23.879055330242984,1.1944700931725787,0.6700432566834372,,neutral
041c7dfd-2422-40d0-9fa4-7fe1c18ff454_MasterBedroom-50863,bedroom,7.0,2.011110348984372,10.176631274996364,0.2920478019213762,0.6878504104986846,,neutral
041d34b7-1b22-4164-b84e-c1fe93f5c880_MasterBedroom-89243,bedroom,5.0,1.3500730609850238,7.529572149473519,0.936322807112218,0.6640483550382884,,neutral
041d34b7-1b22-4164-b84e-c1fe93f5c880_SecondBedroom-88841,bedroom,5.0,0.9989797045219271,7.9749363016002235,1.1407655459437496,0.6269642553755216,,neutral
0422e423-8aba-40f0-9090-78f448423468_MasterBedroom-131,bedroom,8.0,2.0334775962341243,14.32738251554444,0.6137546712206121,0.5583713557811715,,neutral
0422e423-8aba-40f0-9090-78f448423468_SecondBedroom-20,bedroom,3.0,1.8435099052144193,5.651585969294483,0.15649531683486068,0.5308244475620187,,sparse
0432b048-ede1-4049-982d-8bccfacfb541_LivingRoom-8377,livingroom,16.0,2.921520609013633,35.712766175634364,0.45551384817579466,0.4480190619038709,,sparse
0432b048-ede1-4049-982d-8bccfacfb541_MasterBedroom-8393,bedroom,7.0,1.8781985844889166,7.845722286722664,0.5819854280016675,0.8922059364561142,,dense
043781c1-1ae7-42c8-8545-83375c2ca911_SecondBedroom-1727,bedroom,7.0,1.4269999307177155,11.87437200998217,0.33212508558617176,0.5895048592140673,,neutral
04396802-8d89-4377-8b28-4cadc9eb07c6_LivingRoom-2023,livingroom,7.0,1.9122674630848646,8.55975500093369,0.7991533104458882,0.817780415354931,,dense
04546af5-acd6-43b1-981a-3e976e01adce_MasterBedroom-108890,bedroom,6.0,1.9442271693367792,11.157299502915466,0.3799108148447639,0.5377645368784952,,neutral
04546af5-acd6-43b1-981a-3e976e01adce_SecondBedroom-108747,bedroom,4.0,2.0165166874006784,6.354196532483907,0.35146228350520703,0.6295052379244505,,neutral
04587e23-2258-481b-af19-0d1b0b724bdb_MasterBedroom-30521,bedroom,5.0,0.8701090191127852,6.36099900698044,0.8165761718842508,0.7860400535376746,,dense
04684207-3d45-4d33-bd9d-0f66c9a45402_LivingDiningRoom-7220,livingroom,7.0,2.3783789152373123,19.118504381389943,0.4579760941558045,0.36613742688020295,,sparse
04684207-3d45-4d33-bd9d-0f66c9a45402_MasterBedroom-9404,bedroom,6.0,1.7096873418850451,13.688387569761176,0.4245495938502729,0.43832774089875387,,sparse
0474dd2f-f35e-4928-b648-89050973e835_MasterBedroom-7504,bedroom,4.0,1.8956756212184018,7.326596198145807,0.1799204429393268,0.5459561154758752,,neutral
04773d20-6f81-4e68-a72c-2e0e0f1d73b9_LivingDiningRoom-44684,livingroom,11.0,1.34974018712046,22.083741985320536,1.1028414659475974,0.4981039901350007,,sparse
04773d20-6f81-4e68-a72c-2e0e0f1d73b9_MasterBedroom-44703,bedroom,6.0,1.2821094660755967,10.23433138797053,0.6099569303852187,0.5862620402396215,,neutral
04773d20-6f81-4e68-a72c-2e0e0f1d73b9_SecondBedroom-44725,bedroom,6.0,1.1420147134837644,7.18271041640544,0.6184550872409289,0.8353392594383162,,dense
04845e59-1343-4f1a-91b1-169aa5a08443_SecondBedroom-39915,bedroom,4.0,0.696437473098437,2.234476676364073,0.5593848295742629,1.7901283295150683,,dense
04959bdd-7862-44e5-bfce-6dbe906981bb_DiningRoom-15369,diningroom,6.0,0.7170604546864829,0.612336640262368,1.74478145913555,9.7985317315475,,dense
04959bdd-7862-44e5-bfce-6dbe906981bb_SecondBedroom-15353,bedroom,4.0,1.3636469026877134,6.570422808184882,0.27208411817221384,0.6087888278692103,,neutral
04bba89f-12fe-47ca-9ffd-3086764d466e_SecondBedroom-92853,bedroom,6.0,2.5411301529780883,10.072742122269299,0.4411297816746118,0.5956669918844556,,neutral
04dcc229-3353-4d90-a058-080acbcc4d59_MasterBedroom-1166,bedroom,7.0,1.9052256907835565,5.520429273956832,0.36338814773362077,1.2680173320982824,,dense
04dcc229-3353-4d90-a058-080acbcc4d59_SecondBedroom-2302,bedroom,4.0,1.3953015713584966,4.142751007308906,0.39785794032302524,0.9655419775272384,,dense
04e61b97-0a68-44c5-abae-5219c2d3f616_MasterBedroom-8787,bedroom,4.0,0.5431180000305176,4.860349079378921,0.966088290653625,0.8229861548362571,,dense
04e61b97-0a68-44c5-abae-5219c2d3f616_SecondBedroom-15023,bedroom,5.0,1.8351905578664336,11.930216251861363,0.33527687880386214,0.4191038866726238,,sparse
04f0aee8-b117-434b-bcd2-a78766f49106_LivingDiningRoom-14873,livingroom,11.0,2.462523482082376,20.3280911397014,0.3547095416909281,0.5411231150236558,,neutral
04f0aee8-b117-434b-bcd2-a78766f49106_MasterBedroom-12180,bedroom,5.0,1.797558738594666,6.303068539050284,0.25674138993723933,0.7932644185959266,,dense
04f0aee8-b117-434b-bcd2-a78766f49106_SecondBedroom-14908,bedroom,5.0,1.7914729658580222,14.154404807408865,0.7072407413818043,0.3532469268776912,,sparse
04f7a09d-08be-4e6f-965d-b655e0f654fe_SecondBedroom-30034,bedroom,4.0,1.4802079299944797,4.438965639975447,0.41393469566619456,0.9011108272561724,,dense
051ac39e-8423-4d37-a47c-4ac0b62d28b6_MasterBedroom-11574,bedroom,6.0,2.0747214088011723,11.404639743260574,0.27831400323146277,0.526101668713001,,sparse
05330649-da43-4dfc-b5b1-f27272b15259_Bedroom-5403,bedroom,7.0,1.7981880573042368,19.39666241706569,0.612816750572679,0.36088682936716043,,sparse
05330649-da43-4dfc-b5b1-f27272b15259_LivingDiningRoom-5290,livingroom,7.0,1.6791723440407669,15.501240922864397,0.8378400273025168,0.45157675019907406,,sparse
0533b7c9-8660-444d-833c-14f81eea2628_MasterBedroom-18220,bedroom,4.0,2.023123774879103,8.106177365658912,0.40770593016617235,0.49345083626539415,,sparse
0533b7c9-8660-444d-833c-14f81eea2628_SecondBedroom-18201,bedroom,5.0,1.9322592213166403,6.785971674919994,0.24380689583449536,0.7368141571352712,,dense
054528e4-15e4-4b79-b629-bd3d367b21d2_Bedroom-60102,bedroom,5.0,1.7888752297374229,8.741521914743489,0.540800602954583,0.5719827792877781,,neutral
054528e4-15e4-4b79-b629-bd3d367b21d2_Bedroom-62070,bedroom,5.0,1.8279597421588771,8.77373220911566,0.7465313137262933,0.5698829051113665,,neutral
0552c9e7-d3cc-4546-9952-3486cd6c0ef2_MasterBedroom-333,bedroom,6.0,1.3702173769315746,10.100301088098991,0.7184102480476112,0.5940416971400679,,neutral
0572888e-2d3f-4257-ad50-a5d4022a4864_SecondBedroom-47822,bedroom,4.0,1.7591050568697888,5.98617258355887,0.24440985241781704,0.6682065951432926,,neutral
05766a96-fb40-4194-a368-279ab1bff0d0_LivingDiningRoom-2456,livingroom,16.0,1.5217294022890575,27.59932085406224,1.3973317247085968,0.5797244100535547,,neutral
05796624-b872-4ad6-b769-3d10f6e6b2f3_Bedroom-4850,bedroom,7.0,1.3737454623524383,13.886064129913919,0.7661622625519713,0.5041025257056331,,sparse
057af01e-97b2-46b7-9bd3-eefbdfe4f31c_Bedroom-19090,bedroom,5.0,1.7867825685484608,7.454615752787465,0.25566407490162885,0.6707253822077116,,neutral
057af01e-97b2-46b7-9bd3-eefbdfe4f31c_LivingRoom-20951,livingroom,12.0,2.475362586341901,17.75881824879675,0.2942599070791603,0.6757206381575002,,neutral
057d0255-2178-4594-a21a-74bf5b0f380d_MasterBedroom-17936,bedroom,5.0,1.5799992305554862,10.53996492553143,0.5544769155041651,0.4743848803413259,,sparse
05aa0174-838c-4255-a34d-1b419365f7a7_DiningRoom-8661,diningroom,6.0,0.8131695200012728,3.2752686274943597,0.4706084660032133,1.8319108086685731,,dense
05aa0174-838c-4255-a34d-1b419365f7a7_LivingRoom-8674,livingroom,5.0,1.140755823129428,6.663522098775181,1.100573714078542,0.7503539308317215,,dense
05aa0174-838c-4255-a34d-1b419365f7a7_MasterBedroom-5249,bedroom,5.0,0.9971109931752657,5.800249807579975,0.6860244174535259,0.8620318375711715,,dense
05aa0174-838c-4255-a34d-1b419365f7a7_SecondBedroom-5150,bedroom,7.0,1.60050999828136,9.590034389332358,0.6746949479797218,0.729924389821435,,dense
05b8982b-6b8c-40e4-880e-07bc7de301b4_SecondBedroom-18829,bedroom,7.0,1.1886596745344333,6.139504100129045,1.0219466699668533,1.1401572318931863,,dense
05d05b98-e95c-4671-935d-7af6a1468d07_Bedroom-27402,bedroom,4.0,1.5299197776471196,5.039250668015117,0.4559318205215969,0.7937688088009994,,dense
05e407ce-9c38-4b23-ae7d-b9036fdb9d67_MasterBedroom-6424,bedroom,3.0,1.3622346804587762,5.1040073619300985,0.48406848897429156,0.587773446875582,,neutral
05e407ce-9c38-4b23-ae7d-b9036fdb9d67_SecondBedroom-3150,bedroom,4.0,1.4374211422173746,9.29463898394079,0.5528290426517553,0.43035560680852386,,sparse
05e407ce-9c38-4b23-ae7d-b9036fdb9d67_SecondBedroom-6462,bedroom,4.0,1.1274849365208806,5.941328960242259,0.41994597577624515,0.6732500467095662,,neutral
05e8b512-5ee0-42e3-a26d-a40c4e5bc523_Bedroom-20944,bedroom,6.0,1.8991112026444938,14.108046323801892,0.25017124107330113,0.4252892188110633,,sparse
05edf1fe-08c8-4589-966d-6d242fe1d3d1_Bedroom-7331,bedroom,10.0,2.262558286243799,15.733121174903799,0.4420497057888503,0.6356017912040994,,neutral
05fad4db-e896-46ed-8355-561abfa822a5_MasterBedroom-1514,bedroom,4.0,1.5176833576067585,4.944750787446059,0.2970926918429682,0.8089386446239856,,dense
05ffc5c9-a753-481d-a6b8-bdca64554367_Bedroom-5443,bedroom,4.0,1.9773669444958664,7.487454605452665,0.3352191898824438,0.5342269450404467,,neutral
062cf172-4d20-48bb-9aad-b75d4b5b6b54_MasterBedroom-29214,bedroom,5.0,0.9665704725027444,5.751026252635927,0.6799618906245837,0.8694100461997194,,dense
062cf172-4d20-48bb-9aad-b75d4b5b6b54_SecondBedroom-29324,bedroom,5.0,1.036924339757718,6.539605374548967,0.9096270434797842,0.7645721283824175,,dense
062fec71-ea9d-4e11-a650-ed5829298c73_Bedroom-9406,bedroom,5.0,1.275557326596231,7.70770881031666,0.41800790897561735,0.6487012059027931,,neutral
062fec71-ea9d-4e11-a650-ed5829298c73_MasterBedroom-10013,bedroom,6.0,1.9409687806458698,13.25160680747749,0.5156448317015845,0.452775281305085,,sparse
0670bb2e-d926-4cad-9f45-c76cd0b6d352_MasterBedroom-26526,bedroom,6.0,1.9606025598687071,14.811580960452826,1.1451412258980678,0.4050884247954423,,sparse
06782800-ab9b-45dc-b3ac-7069eeb7f5cf_MasterBedroom-13931,bedroom,6.0,1.698754202528127,12.154374208719371,0.47777820324933906,0.49364943821588836,,sparse
068b2b34-52cb-4499-b33e-b777e632e4a1_MasterBedroom-12970,bedroom,9.0,2.189005780501087,13.082036472077254,0.2535446918394793,0.6879662825592872,,neutral
068b2b34-52cb-4499-b33e-b777e632e4a1_SecondBedroom-13758,bedroom,4.0,1.7061707308726461,5.534075824159994,0.5078322272976927,0.7227945780101688,,neutral
0693202e-7fe9-47bc-9ceb-bc3cf22f7f74_SecondBedroom-2470,bedroom,8.0,1.9407071619515937,16.341625198325318,0.3821173262839252,0.489547392190823,,sparse
069e0db3-41be-4747-be25-1a59fe4e0a48_MasterBedroom-16651,bedroom,4.0,1.969305732526923,14.652088822601765,0.5033873672819997,0.2729986180420739,,sparse
06a40b75-b57f-4962-ae13-a9fb08bf347d_Bedroom-57748,bedroom,5.0,0.9745912313782827,6.301597498654704,0.9526070911343628,0.7934495976722449,,dense
06a40b75-b57f-4962-ae13-a9fb08bf347d_LivingRoom-178450,livingroom,6.0,0.8643322626749674,5.960025068063901,0.8919969183970738,1.0067071751342624,,dense
06a60335-aa4d-4550-9e09-cae4f437988d_Bedroom-10310,bedroom,7.0,1.3833291227779898,9.781447199183225,0.5744252307274247,0.7156405240918253,,neutral
06a60335-aa4d-4550-9e09-cae4f437988d_Bedroom-10348,bedroom,5.0,1.497954794760021,6.137409289283227,0.4069810237099857,0.8146759918278056,,dense
06a619f2-8939-4188-9eb3-ce01717de2b0_DiningRoom-197500,diningroom,9.0,1.2323183498623955,15.183153779913468,0.9136387492955905,0.5927622238738395,,neutral
06b029bb-7b93-45d0-8667-13411d1e59f2_MasterBedroom-29010,bedroom,7.0,2.231045580557943,20.43119364503784,0.1839881023943492,0.34261336472135595,,sparse
06bb7494-bd68-45f7-b38c-af949dff8449_Bedroom-797,bedroom,10.0,2.1086460334020383,19.067795505216186,0.7915079638915318,0.5244444748353002,,sparse
06c02177-67dd-449b-a778-50d41946b95b_LivingDiningRoom-173006,livingroom,17.0,2.9941373601193857,35.27932904895171,0.5597642049019323,0.48186857455286947,,sparse
06d755fa-1beb-46d1-bc70-31227fdd6045_MasterBedroom-6295,bedroom,4.0,2.0458749059562518,13.237819002637085,0.37208097489927233,0.30216457856110335,,sparse
06e6dae8-1592-4278-8f40-ffa20cea11d3_SecondBedroom-2295,bedroom,4.0,1.579171575689042,6.373977817834236,0.16674730477915828,0.6275516034599457,,neutral
06fd7746-9abf-4430-b674-a6b904d5f1a3_Bedroom-2364,bedroom,4.0,0.5566762089729309,2.388103321056761,0.6476256306240268,1.6749694055238606,,dense
06fd7746-9abf-4430-b674-a6b904d5f1a3_Bedroom-68029,bedroom,6.0,2.1474845091501873,11.443821710604448,0.5656479087745345,0.5243003737501506,,sparse
06fd7746-9abf-4430-b674-a6b904d5f1a3_Bedroom-72527,bedroom,3.0,0.8006452719370524,4.030325757363584,0.5558302722842432,0.7443567047946105,,dense
06fd7746-9abf-4430-b674-a6b904d5f1a3_Bedroom-80398,bedroom,5.0,0.39740839004517,3.272225822704625,0.7114780238095295,1.5280119010451731,,dense
070bb554-f9b7-4b80-a1a2-fc91f1c861fb_LivingDiningRoom-43900,livingroom,15.0,2.5710415457888876,22.35659836236909,0.5571518713698717,0.6709428579818382,,neutral
070bb554-f9b7-4b80-a1a2-fc91f1c861fb_MasterBedroom-43954,bedroom,5.0,1.9111116449743235,6.374325063613191,0.3604148331202642,0.7843967714388611,,dense
070bb554-f9b7-4b80-a1a2-fc91f1c861fb_SecondBedroom-43866,bedroom,5.0,1.7771191739113656,12.267205799926328,0.35274581711121605,0.40759078159673723,,sparse
070e6150-3592-41ca-910d-b2d07ec2feff_MasterBedroom-159368,bedroom,9.0,2.2822619563722446,20.470806206171012,0.4703210464144896,0.43965049101421866,,sparse
071527d1-4cb5-47a9-abd0-b1d83bd3e286_MasterBedroom-4499,bedroom,4.0,0.8756252452457379,5.451433859342958,0.6129003901594071,0.7337519088018626,,dense
073019d0-0c5d-4c78-9aa0-6d420bec0a33_Bedroom-12257,bedroom,3.0,1.1042938232421875,1.7242206679066694,0.4889650232773298,1.7399165059552502,,dense
073019d0-0c5d-4c78-9aa0-6d420bec0a33_LivingDiningRoom-12225,livingroom,11.0,1.519552680845463,16.092861593095463,1.137439363461605,0.6835328780009814,,neutral
075080a7-16fa-4a42-a267-401d5a957c0d_MasterBedroom-54235,bedroom,4.0,0.9010528687009538,5.630497669812445,0.7088415163975366,0.7104167756690045,,neutral
075afe52-555f-4ef7-9ed7-5ef9bed6705f_MasterBedroom-15985,bedroom,5.0,0.9311536297811724,6.173261854644702,0.7819515164307381,0.809944583225163,,dense
075afe52-555f-4ef7-9ed7-5ef9bed6705f_SecondBedroom-8463,bedroom,4.0,1.9311996717202469,5.77820252065456,0.3391853265129378,0.6922568023017089,,neutral
07867590-fb15-4cb6-947b-118385d7a9da_LivingDiningRoom-300,livingroom,4.0,2.558013394254616,11.223664291697586,0.32188726234228704,0.356389847026955,,sparse
07867590-fb15-4cb6-947b-118385d7a9da_MasterBedroom-42,bedroom,3.0,1.4638215429420118,3.897225665153488,0.04197632461810225,0.7697783648568496,,dense
079a7b7d-cb1d-4508-8d06-e29b9153600f_MasterBedroom-7618,bedroom,7.0,1.8348352609492375,15.885760896468407,0.5087892518730718,0.44064618910109515,,sparse
07ad11b9-796b-46b0-8ad5-6ff44ad7c945_LivingRoom-1520,livingroom,12.0,1.925707679465725,18.380153413133847,0.38730095064624065,0.6528781196910576,,neutral
07cba4b4-3e2b-4c90-8b3c-c44ae6ab014e_LivingDiningRoom-109572,livingroom,15.0,3.2771436036530197,30.822031042899518,0.7244792504855095,0.4866648787395714,,sparse
07e1fc5d-2c74-4b12-8100-95f55d396e31_Bedroom-17603,bedroom,5.0,1.8136036661818657,8.198565972920917,0.3722952563846199,0.6098627511828927,,neutral
07e1fc5d-2c74-4b12-8100-95f55d396e31_LivingDiningRoom-21042,livingroom,15.0,2.293811725677029,25.222179545850263,0.6384798345299104,0.5947146626536448,,neutral
07f0017d-f172-4450-a840-7c9cba27b9b2_Bedroom-353,bedroom,3.0,1.6111262610167525,3.8232613139479006,0.14156187700578712,0.7846704040488928,,dense
07f02d16-a025-4bc4-a45d-5f487c545f49_MasterBedroom-97223,bedroom,5.0,1.6710261243432036,12.890839142774356,0.44116283175674237,0.3878723444317143,,sparse
07f02d16-a025-4bc4-a45d-5f487c545f49_SecondBedroom-110019,bedroom,5.0,1.731498371930691,7.248948614500449,0.3536177199847713,0.6897551998090096,,neutral
07f296b5-8bfe-4525-84b3-c4f31b85d22b_MasterBedroom-19102,bedroom,5.0,1.8123632712062605,7.785979071214258,0.35966037069681583,0.6421799948686772,,neutral
07f56e76-ac57-4f60-9390-8063fdc55e67_Bedroom-16315,bedroom,3.0,1.1078354517618816,2.4788515464295156,0.8327528933052939,1.2102378637079478,,dense
081b8907-7e4d-4764-b931-7709386de7da_MasterBedroom-21200,bedroom,7.0,0.8666032611469847,8.418213683161438,1.1724948653534615,0.8315303297660137,,dense
081b8907-7e4d-4764-b931-7709386de7da_SecondBedroom-19241,bedroom,4.0,1.0270814211347818,2.967267575101105,0.2187022893775669,1.3480415563344355,,dense
082c278d-5696-4a40-8fe0-36df9003db39_Bedroom-26428,bedroom,4.0,1.6906880327652545,5.37184567312032,0.34601261219139545,0.7446230296628269,,dense
08305531-aea9-43e5-a37f-6dd82ac44092_Bedroom-7143,bedroom,7.0,1.3470646773085175,13.049093344813283,1.106721525966014,0.5364357365703373,,neutral
0832d1de-528e-4d78-9177-1a96e38ad499_MasterBedroom-26903,bedroom,5.0,1.0146339263917334,6.230404326303161,0.815789045194218,0.802516135091151,,dense
0857b91d-e04a-497a-ac00-7d912e032e99_SecondBedroom-4383,bedroom,7.0,0.8292183016501402,7.1351882017592665,1.0153162182061428,0.9810533096063346,,dense
0878fcd8-0934-4298-87a2-9813bd4c19c2_DiningRoom-26805,diningroom,5.0,1.6796654580111827,5.567470819778688,0.28298984615860084,0.8980738582835993,,dense
0878fcd8-0934-4298-87a2-9813bd4c19c2_SecondBedroom-26881,bedroom,3.0,0.6610854466756185,3.0044410502335235,0.3803822704260011,0.9985218381192141,,dense
089458cc-75b2-45c8-a58d-177cb6aced8c_DiningRoom-27660,diningroom,6.0,1.48232703468466,9.072279192944906,0.23465925212633257,0.6613553080096922,,neutral
089458cc-75b2-45c8-a58d-177cb6aced8c_MasterBedroom-27795,bedroom,5.0,1.7250788171048463,10.284107516329948,0.4781229381588597,0.486187060185883,,sparse
089458cc-75b2-45c8-a58d-177cb6aced8c_SecondBedroom-23557,bedroom,4.0,1.6787201414138921,5.0330563864604025,0.4972619284196047,0.7947457156968353,,dense
08a52364-b500-4fa7-a4bc-d0500965c6b4_Bedroom-855,bedroom,3.0,1.6592738075612379,9.662242855572792,0.5628222947438981,0.310486917462411,,sparse
08ba7e0b-1ede-42ba-a766-885e27cb0d5b_Bedroom-75036,bedroom,3.0,1.0620004336039226,3.426690551408625,0.6014688557769814,0.8754802790017839,,dense
08c22a05-81e2-41f4-8e22-c707aa082bdd_DiningRoom-17995,diningroom,7.0,0.9737559784026373,3.769868047537611,0.6766758336243834,1.8568289159542959,,dense
08c22a05-81e2-41f4-8e22-c707aa082bdd_LivingRoom-17951,livingroom,4.0,1.1911083727230196,7.44600802551879,0.647829874904589,0.537200602831919,,neutral
08c22a05-81e2-41f4-8e22-c707aa082bdd_SecondBedroom-18046,bedroom,3.0,1.38780891345564,5.4241592562766785,0.4276217712793044,0.5530811058927682,,neutral
08c75291-0df5-40b1-a266-36910ab06aca_MasterBedroom-31276,bedroom,7.0,1.3626000450811593,9.75748625435726,0.9932728548252593,0.7173978848162978,,neutral
08c75291-0df5-40b1-a266-36910ab06aca_SecondBedroom-31355,bedroom,3.0,1.1804334032894994,4.848765239528489,0.8439855641875379,0.6187142193528287,,neutral
08cfec4b-56a0-43f0-8428-e31c210d8c6c_LivingDiningRoom-28046,livingroom,15.0,3.1599343767020356,27.74941615397495,0.6288250002154515,0.5405519134805773,,neutral
08cfec4b-56a0-43f0-8428-e31c210d8c6c_MasterBedroom-28090,bedroom,6.0,2.202413212576781,15.709156709875455,0.16987879626542773,0.38194284459764416,,sparse
08cfec4b-56a0-43f0-8428-e31c210d8c6c_SecondBedroom-27997,bedroom,6.0,1.875380111202625,9.811038728953157,0.25758668131253537,0.611556040676256,,neutral
08cfec4b-56a0-43f0-8428-e31c210d8c6c_SecondBedroom-28118,bedroom,5.0,1.8627612199793322,5.76934562523895,0.39901948910727403,0.8666494130853729,,dense
08ee3c6d-a06d-451a-9241-09b050788d07_SecondBedroom-18403,bedroom,4.0,1.4078650796248582,6.405361496265634,0.6576264809923026,0.6244768546368578,,neutral
08f0dede-b8dc-4e43-8f2a-ebc008b6f56b_MasterBedroom-30572,bedroom,5.0,2.034607721378869,15.83460697082263,0.463433808694766,0.3157640735392527,,sparse
08f0dede-b8dc-4e43-8f2a-ebc008b6f56b_SecondBedroom-28782,bedroom,6.0,2.0241044439422446,13.895893428579654,0.15446696865842538,0.4317822406193626,,sparse
08f49426-b0e1-4524-b1e3-d004b2523a39_MasterBedroom-8333,bedroom,6.0,2.157743311158715,12.593802550486805,0.6671649525404127,0.47642481100897316,,sparse
09133ad3-fcbd-4cdc-9dae-331bedc50afa_SecondBedroom-6135,bedroom,5.0,1.939000111598526,11.852961245986245,0.3771369625012419,0.4218355140318327,,sparse
0925adc7-8bb3-4080-a3bc-8bf19d5d2916_LivingDiningRoom-25291,livingroom,13.0,1.4550003091027146,22.340923809950063,1.1052442578281194,0.581891783463768,,neutral
0925adc7-8bb3-4080-a3bc-8bf19d5d2916_SecondBedroom-25214,bedroom,6.0,2.1269597515232075,16.676203004957877,0.18904816389939558,0.35979413288601636,,sparse
09389527-fe13-4cc0-841e-c5e21d1aef0a_DiningRoom-41637,diningroom,7.0,0.9096252835395856,5.5133724079434865,0.7990743911769885,1.2696403366321907,,dense
09389527-fe13-4cc0-841e-c5e21d1aef0a_MasterBedroom-40236,bedroom,5.0,1.8000819920723115,7.52293980283421,0.2868465898127634,0.6646337909172539,,neutral
09389527-fe13-4cc0-841e-c5e21d1aef0a_SecondBedroom-39603,bedroom,6.0,1.7353046827752696,8.407403806449206,0.18240096593275357,0.7136566933299291,,neutral
0953aa27-1f92-4068-aed9-41f0cc7401d6_DiningRoom-39646,diningroom,3.0,0.5074249108632406,0.7489279128052047,0.7508117537095449,4.00572598337685,,dense
0953aa27-1f92-4068-aed9-41f0cc7401d6_LivingRoom-39213,livingroom,5.0,1.4582055522101425,8.80596854632772,0.5666498678854781,0.5677967135239324,,neutral
0953aa27-1f92-4068-aed9-41f0cc7401d6_MasterBedroom-36282,bedroom,5.0,1.6616824938468095,11.865707426115769,0.5816039730146269,0.4213823769997291,,sparse
09604ef2-3910-435f-8875-02bbed9909a5_MasterBedroom-18093,bedroom,5.0,1.839579061614323,7.060631197394779,0.2889804992335606,0.7081519853132808,,neutral
0960927a-a81e-4384-817a-fdefd5a6c845_DiningRoom-13998,diningroom,8.0,0.8652705282289667,6.406206159614137,0.9875020836571934,1.2487890337394107,,dense
0967e330-aa37-41d5-af14-04c9e8ea820c_LivingDiningRoom-629,livingroom,13.0,1.5784486712742452,18.024108806413185,1.5905499509404277,0.7212561874556844,,neutral
0967e330-aa37-41d5-af14-04c9e8ea820c_MasterBedroom-99,bedroom,4.0,2.3056411887622508,9.321732282208474,0.12278458995977755,0.4291047928542669,,sparse
0967e330-aa37-41d5-af14-04c9e8ea820c_SecondBedroom-394,bedroom,6.0,1.673010635398827,12.58084103120212,0.3898798047148806,0.4769156517532668,,sparse
09762406-ead0-4f30-8d34-04b534d7a3f5_MasterBedroom-79904,bedroom,6.0,1.4094420959024558,8.278385531491207,0.7741155947135457,0.7247790015548122,,neutral
09857dd6-4f54-4c4d-bcba-4152a9a545b3_MasterBedroom-11202,bedroom,5.0,1.836783924410701,10.234037402520352,0.617614294801268,0.48856573445477564,,sparse
0987e7de-3d71-491d-a89f-ecc74212a93e_SecondBedroom-11322,bedroom,4.0,1.769342478280799,6.78822935330028,0.19536884549697528,0.5892552817260502,,neutral
09909663-6896-4cb8-993e-4417342d8d44_MasterBedroom-14958,bedroom,5.0,1.9512429048946784,14.676613116105795,0.31080699837027337,0.3406780542925881,,sparse
09c955e0-72db-4df5-99f5-0632d9658f7b_SecondBedroom-41297,bedroom,4.0,1.2146124575974533,8.659214667629504,0.6208098646814257,0.46193565508349,,sparse
09d742d0-9e99-4e31-ac3d-ad1879cf691b_SecondBedroom-9342,bedroom,4.0,1.161055116731884,7.586718504167488,0.636312207311675,0.5272371708272484,,sparse
09da55e8-7969-4f80-bbbf-1b4450339558_Bedroom-2422,bedroom,3.0,1.0066598256429036,1.6886208952988033,0.5903239979516552,1.7765977007344487,,dense
09da55e8-7969-4f80-bbbf-1b4450339558_LivingDiningRoom-2973,livingroom,5.0,1.7765452966848312,9.330212917536407,0.26704970597179295,0.5358934511132489,,neutral
09defafb-4bb8-44ed-bd94-cd9359b14bb2_Bedroom-70996,bedroom,7.0,1.5444701079351675,14.78769504776988,0.5461792075764469,0.4733665373398178,,sparse
09defafb-4bb8-44ed-bd94-cd9359b14bb2_DiningRoom-77736,diningroom,9.0,1.2116249623528637,24.290988643602976,1.0347981906810437,0.37050776862349516,,sparse
09e6ca5d-7f96-4ee2-9a27-ecacf0f69b65_LivingDiningRoom-2258,livingroom,12.0,1.7912145712709997,13.311653268198134,0.8665015886174042,0.9014657877747082,,dense
0a25c251-7c80-4808-b609-3d6fbae9efad_MasterBedroom-2888,bedroom,7.0,2.0265837532636333,14.972507291549292,0.4543932767598806,0.46752356593948063,,sparse
0a25c251-7c80-4808-b609-3d6fbae9efad_SecondBedroom-60495,bedroom,4.0,1.0658040980693535,4.238060279590643,0.7431867121530007,0.9438280100127228,,dense
0a28563b-19e4-4d67-8130-9a87a547daf6_DiningRoom-16628,diningroom,6.0,1.1948094856921405,6.239868935401431,0.264249438489264,0.9615586580608203,,dense
0a28563b-19e4-4d67-8130-9a87a547daf6_MasterBedroom-16845,bedroom,5.0,1.3589469949626367,8.930855101844616,0.5920384064801104,0.559856804637585,,neutral
0a42232a-b3a7-4b6e-a28c-cfbc1a9ad9a5_Bedroom-16446,bedroom,4.0,1.7994078464445733,6.780175642319379,0.14375077095474872,0.5899552181264246,,neutral
0a504b9a-c406-4b37-bc9a-a82d720e9905_MasterBedroom-81302,bedroom,3.0,1.9684659816768904,5.8225803037426695,0.25651551611266177,0.5152354872755716,,sparse
0a71be67-5024-4b9c-a53f-da0aaa294963_MasterBedroom-29735,bedroom,4.0,1.14053906786602,4.962183330455439,0.7008258797879645,0.8060967791032566,,dense
0a761819-05d1-4647-889b-a726747201b1_MasterBedroom-24539,bedroom,7.0,1.4371993192486672,10.950283164674937,0.9372441032898529,0.6392528754490704,,neutral
0a77986b-5c04-41b9-8ee8-1ea301ccda3e_Bedroom-86824,bedroom,8.0,1.298483819197995,9.156454097642325,0.8015728950999141,0.8737006612701638,,dense
0a77986b-5c04-41b9-8ee8-1ea301ccda3e_Bedroom-90564,bedroom,4.0,1.4552336533864338,3.442289076565473,0.6805804233651638,1.1620174572877477,,dense
0a77986b-5c04-41b9-8ee8-1ea301ccda3e_LivingDiningRoom-126918,livingroom,9.0,2.8366336385971347,29.678693991917257,0.5156414512621643,0.30324784515285863,,sparse
0a9c667d-033d-448c-b17c-dc55e6d3c386_DiningRoom-11628,diningroom,9.0,1.2750400862385929,9.152885888618476,0.5093793294153653,0.9832964279814098,,dense
0a9f5311-49e1-414c-ba7b-b42a171459a3_SecondBedroom-18509,bedroom,5.0,1.5359245762363851,9.118958935516297,0.434005776768806,0.548308204407646,,neutral
0aa05d5a-81d5-497b-832c-c90c3fe73a36_Bedroom-664,bedroom,5.0,1.6333969705332536,11.303523888327083,0.47178775876300855,0.44233993305073627,,sparse
0aad3aa3-ec12-49a0-b7cf-548d42b0b12b_LivingDiningRoom-98003,livingroom,16.0,3.2084170381990043,31.4438558598769,0.4469585986121324,0.5088434469137857,,sparse
0ab19ed6-debc-4c6e-857b-29290fb111d9_LivingDiningRoom-9063,livingroom,15.0,3.574323195175393,27.61266812748865,0.36608689370249414,0.5432289241570021,,neutral
0ab72fdf-ba1b-4df5-8df2-6efcfa7bb53a_LivingRoom-71071,livingroom,14.0,2.4424200690000695,22.973594255328102,0.6315818581807892,0.6093952841860206,,neutral
0ab72fdf-ba1b-4df5-8df2-6efcfa7bb53a_MasterBedroom-71103,bedroom,5.0,1.9550346265311898,7.656210722101988,0.2520770269957726,0.6530645748249816,,neutral
0abe65fc-108e-4f9b-a8ff-29758234b9ec_MasterBedroom-9694,bedroom,6.0,1.75216816254257,12.501690645152514,0.7470235343819372,0.4799350880055953,,sparse
0ad5052c-bae4-41ed-ae58-e82c4ab63d6e_MasterBedroom-257118,bedroom,6.0,1.1920982334748478,8.389411540302493,0.8072273063125814,0.7151872298999962,,neutral
0adb88db-02a3-43ca-9a69-76dcf25740d6_MasterBedroom-72713,bedroom,5.0,1.7852753103312473,11.568937300898972,0.3339279866333377,0.4321918141618307,,sparse
0adb88db-02a3-43ca-9a69-76dcf25740d6_SecondBedroom-71965,bedroom,4.0,2.036925415716461,12.203565166684706,0.6039895437149473,0.3277730683915104,,sparse
0adfb786-3070-498b-a0a4-ed7b9b050931_MasterBedroom-12988,bedroom,5.0,0.7615317186980073,6.310702256260146,0.7234402507144566,0.7923048492804515,,dense
0af309fd-4a34-4aa2-bbe9-610edadf747e_Bedroom-11398,bedroom,6.0,2.0995610214807723,17.21425812687271,0.18616454729928172,0.348548276421716,,sparse
0af3b388-5d81-4b78-b7f0-c19786f9f9c1_Bedroom-9787,bedroom,5.0,1.8916004828650597,7.8307772543336975,0.2798654326396693,0.6385062220015142,,neutral
0b105b2a-e368-40ef-90a3-a4c422b915b4_LivingDiningRoom-6989,livingroom,11.0,3.098083525026656,29.140789777530554,0.7778782927152013,0.37747775828923197,,sparse
0b16abb1-4a59-4ce3-85b5-8ec10440d9dd_Bedroom-36373,bedroom,5.0,0.9569923465164429,5.957914280633552,0.899914027759437,0.8392198619326747,,dense
0b16abb1-4a59-4ce3-85b5-8ec10440d9dd_Bedroom-36404,bedroom,9.0,1.6707104743114083,13.057591225367643,0.675098316244953,0.6892542310954907,,neutral
0b1953f7-3bab-4a2e-b0c8-396d0170d6b0_MasterBedroom-57384,bedroom,5.0,1.6711392794817013,8.680814888488188,0.5138384440237692,0.5759827924254676,,neutral
0b1953f7-3bab-4a2e-b0c8-396d0170d6b0_SecondBedroom-62406,bedroom,4.0,1.378724973183223,5.608912967205089,0.7369157778181137,0.7131506627732883,,neutral
0b2bc0ab-adef-4db2-b681-84b8adf592ed_LivingRoom-7106,livingroom,11.0,2.814352502602477,41.138046833801575,0.3708993095345725,0.26739237388785597,,sparse
0b4abd30-b157-4ecf-a077-989285598cf2_DiningRoom-9719,diningroom,8.0,0.9503226348879693,5.328299460057064,0.5706563291890464,1.5014171144041373,,dense
0b4abd30-b157-4ecf-a077-989285598cf2_MasterBedroom-9688,bedroom,5.0,1.7673118263261849,11.345889153308505,0.19823207968674864,0.4406882468565261,,sparse
0b4abd30-b157-4ecf-a077-989285598cf2_SecondBedroom-6482,bedroom,6.0,1.9201238454546226,12.862049426031565,0.38593818635565447,0.4664886443257301,,sparse
0b4e78c9-ea06-4101-9d7b-dc927887b198_MasterBedroom-26187,bedroom,4.0,2.2076199745342784,8.024814712478115,0.16372527710869186,0.498453876297011,,sparse
0b4e78c9-ea06-4101-9d7b-dc927887b198_SecondBedroom-26156,bedroom,3.0,1.5608946482340496,2.5014948539182544,1.1110432992081871,1.1992828989037914,,dense
0b508d29-c18c-471b-8711-3f114819ea74_MasterBedroom-12595,bedroom,3.0,1.1897589365641277,1.5797011978956634,0.9955082039106566,1.8990933247352926,,dense
0b527162-1129-4d0f-9601-1fa2c2b5998e_LivingDiningRoom-7812,livingroom,13.0,3.211504102635777,23.240946994999575,0.2600762133695709,0.559357585678287,,neutral
0b6a7b14-07ce-4276-b2e7-a17d9e0b7a9d_Bedroom-112,bedroom,5.0,2.1706270902378777,11.470139885510056,0.1369560075086826,0.4359144744447604,,sparse
0b6a7b14-07ce-4276-b2e7-a17d9e0b7a9d_LivingDiningRoom-2954,livingroom,8.0,1.7800477661838958,14.494488281808476,0.27391548012019556,0.5519339382295075,,neutral
0b851a7f-d0ec-48fb-a9f2-736b1cccf44a_MasterBedroom-51236,bedroom,4.0,0.9341372576844105,7.013353094481359,1.0379603088955904,0.5703405983006196,,neutral
0b851a7f-d0ec-48fb-a9f2-736b1cccf44a_SecondBedroom-51334,bedroom,4.0,0.8538062283294295,5.681522317702899,0.7353858928446426,0.7040366606563369,,neutral
0b9766ba-35c9-4af7-8040-0fad2386a9b8_MasterBedroom-394,bedroom,6.0,1.6039038022359218,6.664585834625725,0.38091249013344264,0.9002810000326079,,dense
0b9766ba-35c9-4af7-8040-0fad2386a9b8_SecondBedroom-913,bedroom,6.0,1.4651204586029054,7.095324693370841,0.5519668936823074,0.845627262922273,,dense
0ba3737a-4fa2-4f70-a7e7-e2629a79483b_Bedroom-7773,bedroom,12.0,1.7910877707136077,15.059202627613354,0.6527159918396983,0.7968549395833324,,dense
0bae68bc-b465-4f11-9d52-ebf5b44b0100_MasterBedroom-17957,bedroom,5.0,1.65152943252515,15.68202240555655,0.43761753840249684,0.3188364275151379,,sparse
0bb3d53a-d91c-4f86-afb3-0fbf0e35d1d5_SecondBedroom-11167,bedroom,7.0,1.7078899905360627,8.678200472511175,0.47116934811264943,0.8066188401815565,,dense
0bd1cdea-366c-47b6-a65d-ee7ccde0aaa9_LivingDiningRoom-23474,livingroom,13.0,2.765662991494687,25.846936223084775,0.4431182114402125,0.5029609655781663,,sparse
0bd1cdea-366c-47b6-a65d-ee7ccde0aaa9_MasterBedroom-1063,bedroom,4.0,1.9592847003257674,7.954700803221473,0.2752506540271736,0.5028473224763012,,sparse
0bd6628a-d04c-4fd6-9dbb-78d983b590ad_MasterBedroom-5110,bedroom,5.0,1.2417408070751759,5.825778302964532,0.37836372814276475,0.8582544236974615,,dense
0bd6628a-d04c-4fd6-9dbb-78d983b590ad_SecondBedroom-5509,bedroom,5.0,1.4248586626974453,6.676277857868306,0.28312412094917855,0.7489202975737844,,dense
0be0e89a-9965-4f38-8dbb-ea220f2f5fc1_MasterBedroom-12177,bedroom,7.0,0.8741671382952684,7.331269089939927,0.8043592785813187,0.954814223038887,,dense
0be0e89a-9965-4f38-8dbb-ea220f2f5fc1_SecondBedroom-12155,bedroom,5.0,0.9086432989748712,5.088008105247888,0.9643672824529661,0.9827028370577644,,dense
0be73303-6270-482d-be06-528c07da02fb_Bedroom-1411,bedroom,6.0,1.7216442580956435,11.119869673981208,0.6283913403010836,0.5395746691203658,,neutral
0be73303-6270-482d-be06-528c07da02fb_LivingDiningRoom-1701,livingroom,10.0,1.10216321584311,14.942284949045446,1.5777286689723031,0.669241687874439,,neutral
0be73303-6270-482d-be06-528c07da02fb_MasterBedroom-1688,bedroom,5.0,1.567290500863991,14.503251819873617,0.6116207439019032,0.34475027132526,,sparse
0bfb9e03-db67-440e-a47d-0eaf6e088526_DiningRoom-20548,diningroom,7.0,0.8586034499042037,6.465498591134587,1.088358218825393,1.0826697897047437,,dense
0c0431b0-fbbf-415e-aa86-5aaee0815805_MasterBedroom-95193,bedroom,6.0,1.2519929558866605,10.145392680584113,0.6427392326096458,0.5914014557053651,,neutral
0c125bc5-9517-4db1-b088-41f794cb16f1_Bedroom-9661,bedroom,7.0,1.6455874024810317,13.807956153251665,0.7069494933959422,0.506954101121733,,sparse
0c1cea01-e28f-45dd-87df-6f906054c364_MasterBedroom-21392,bedroom,6.0,1.3552827931974447,10.951153790279797,0.6773553590828955,0.547887475137604,,neutral
0c1cea01-e28f-45dd-87df-6f906054c364_SecondBedroom-21442,bedroom,5.0,0.7982390345940561,4.896961534644239,0.961752457922037,1.0210413058437973,,dense
0c1f82d4-6aa2-401f-ae0d-f053a024aa3b_Bedroom-367,bedroom,4.0,1.738331157741509,5.5925398119606955,0.364393606509234,0.7152385382121464,,neutral
0c1f82d4-6aa2-401f-ae0d-f053a024aa3b_Bedroom-422,bedroom,3.0,0.8594433466593424,1.9806606278798382,0.8526962133790774,1.5146461527895847,,dense
0c1f82d4-6aa2-401f-ae0d-f053a024aa3b_LivingDiningRoom-248,livingroom,14.0,3.000318888465567,33.36771400702976,0.45354630963853393,0.41956724985866706,,sparse
0c26f793-846f-417a-b27e-0fbbdc3db601_MasterBedroom-11658,bedroom,3.0,1.8658727311816088,6.134189395241119,0.18200729669292093,0.48906217377757993,,sparse
0c26f793-846f-417a-b27e-0fbbdc3db601_SecondBedroom-10372,bedroom,3.0,1.4901128841494506,5.169413765441849,0.24000584633327723,0.5803365983306192,,neutral
0c2cf150-5293-43d7-acbf-8c1b0a67070a_Bedroom-4843,bedroom,3.0,0.8746519088745117,1.7429330960252025,0.8748497753974315,1.7212364644641647,,dense
0c3c3fdb-6f91-466a-8784-17f8f2a12632_MasterBedroom-17288,bedroom,6.0,1.6224639167644452,11.505783389020364,0.8386255981350753,0.5214768779434547,,sparse
0c3c3fdb-6f91-466a-8784-17f8f2a12632_SecondBedroom-14900,bedroom,5.0,1.6264925525952294,11.384478982951377,0.5062585211717647,0.4391944512777142,,sparse
0c537cc6-59c6-46d1-a865-f5424003bc48_LivingDiningRoom-270,livingroom,9.0,1.6583982300147702,14.073394537614467,0.7704414432541764,0.6395045613157065,,neutral
0c537cc6-59c6-46d1-a865-f5424003bc48_MasterBedroom-742,bedroom,3.0,1.2552377324652955,3.7857830355003155,0.08860017552014204,0.792438439252378,,dense
0c79dbe0-dd22-403a-a757-1afd9a33ffe7_MasterBedroom-1699,bedroom,8.0,1.578291957561344,10.489948557382759,0.907123416299917,0.7626348171526209,,dense
0c883c9f-0ecf-4bfd-8941-a41b59c636fe_LivingRoom-2151,livingroom,15.0,1.7354713538586657,21.001048393858067,0.8426787145668198,0.7142500564108445,,neutral
0ca13717-8f2a-485f-b991-6211ff18a00b_SecondBedroom-116650,bedroom,4.0,1.9118470086310453,11.582234373913009,0.3050098373329828,0.34535650642757776,,sparse
0ca61cac-dc02-4196-b4d6-752299c42d80_MasterBedroom-1056,bedroom,3.0,1.1033966814478238,2.0225991608229283,0.5152838693638521,1.4832400102348504,,dense
0caa7d81-6cac-4bd3-9409-ad388df2fc27_SecondBedroom-23875,bedroom,5.0,1.6787560401178907,7.529164352960395,0.3524905392276306,0.6640843213940533,,neutral
0cbce4a0-0f3d-4444-830d-002a546bbf82_LivingDiningRoom-37001,livingroom,11.0,1.3582466274000995,22.067261424510303,1.1802947430830315,0.4984759906719645,,sparse
0cbce4a0-0f3d-4444-830d-002a546bbf82_MasterBedroom-33922,bedroom,6.0,1.2821094660755967,10.23433138797053,0.6099569303852187,0.5862620402396215,,neutral
0cbce4a0-0f3d-4444-830d-002a546bbf82_SecondBedroom-34440,bedroom,6.0,1.1420147134837644,7.18271041640544,0.6184550872409289,0.8353392594383162,,dense
0d1cc664-0f78-44f4-b6dc-3871e09decab_MasterBedroom-3280,bedroom,3.0,1.5449398358662922,0.34005675064063734,0.689436259380112,8.82205689005809,,dense
0d2ade9f-c238-47b4-8b02-c0f2324e76be_Bedroom-6376,bedroom,4.0,1.4293824718930024,7.151574544499273,0.1801277616271778,0.5593173887947028,,neutral
0d36da0e-6a48-478e-b1d4-d4a2adaebfb6_MasterBedroom-575,bedroom,6.0,1.6452949863616146,14.521494216151696,0.5064798709216662,0.4131806211323923,,sparse
0d36da0e-6a48-478e-b1d4-d4a2adaebfb6_SecondBedroom-1314,bedroom,6.0,1.827370495185785,8.11754158413954,0.42965014886936304,0.7391400386199563,,dense
0d4d89c6-007c-42c6-8b69-23ec5502d56d_MasterBedroom-31896,bedroom,4.0,1.0214191635548737,5.8434066735378885,0.5080567521472291,0.6845321955964775,,neutral
0d64bb56-2b49-425e-bc83-b90b1dc4a5cd_SecondBedroom-46764,bedroom,6.0,2.104664125828597,15.71352887022149,0.17258325925589976,0.381836572138199,,sparse
0d699125-c20e-445b-aed1-1534519a6558_MasterBedroom-21582,bedroom,7.0,1.7508191607714365,14.039116096165808,0.32873584628117325,0.49860688892741295,,sparse
0d6bf931-d094-4ecc-8b54-f2332c9c2464_Bedroom-57460,bedroom,4.0,0.7761956652005514,3.429663157114504,0.566761656777589,1.166295293956897,,dense
0d7be408-9e3d-4f68-8422-5aa2069ccdb2_LivingDiningRoom-27102,livingroom,11.0,1.5408116360279647,20.27860376752035,1.3393916804371615,0.5424436576653457,,neutral
0d7be408-9e3d-4f68-8422-5aa2069ccdb2_MasterBedroom-27127,bedroom,5.0,1.201602858426433,9.125737054297147,1.1279075640376033,0.5479009498356726,,neutral
0d7ded41-b1f0-4696-b8d4-4a97933d269c_MasterBedroom-1091,bedroom,6.0,2.1217912832895918,6.234897909262713,0.581005086815122,0.9623252998395141,,dense
0d83ef53-4122-4678-93be-69f8b6d32c77_Bedroom-727,bedroom,6.0,1.8294942298895276,16.647384868161218,0.4424552696582144,0.360416969242733,,sparse
0d85b6f8-d94d-4a7f-8601-53382c62fc6e_MasterBedroom-13713,bedroom,6.0,1.357137757967017,9.921870804547407,0.4886859993964009,0.604724665155897,,neutral
0da4d8b3-d0fc-44c6-83bc-016a8e7a1503_Bedroom-22435,bedroom,7.0,1.7498278796776894,6.179850099654962,0.3735574822638147,1.132713558924484,,dense
0dbb30c0-3770-472f-a938-58412841c855_LivingRoom-66954,livingroom,13.0,3.38307217473679,31.136014723975173,0.5162037299270228,0.41752292691427256,,sparse
0dbb30c0-3770-472f-a938-58412841c855_MasterBedroom-67062,bedroom,4.0,1.4282366434733074,2.758424468349539,0.7354746629947227,1.4501031461605831,,dense
0dd9e55c-dac2-4727-b8a1-f266fd11c987_SecondBedroom-17251,bedroom,9.0,1.519129315474232,19.27265499896242,0.8810898165387587,0.46698288328642484,,sparse
0ddd9ee0-6ba9-4038-beaf-62a12a12a1a1_MasterBedroom-27414,bedroom,7.0,1.7209491168161637,13.15089374781509,1.001413118017102,0.5322832146798381,,sparse
0de011f0-b39c-44f5-a5b8-3bf0fb7bdd24_SecondBedroom-7359,bedroom,3.0,2.0132706120296278,5.812070751833796,0.30855213286380295,0.5161671507617925,,sparse
0de89e0a-723c-4297-8d99-3f9c2781ff3b_MasterBedroom-16791,bedroom,3.0,1.752339204152425,2.0997872565637095,0.7760967293489106,1.428716166660371,,dense
0e008211-22a0-4f07-939c-6d453cf5991f_Bedroom-30225,bedroom,7.0,2.0750199281467605,15.122902952936567,0.15085717581453292,0.4628740938022577,,sparse
0e008211-22a0-4f07-939c-6d453cf5991f_Bedroom-30440,bedroom,4.0,1.5750552579774515,5.44155217840316,0.1985378310167044,0.7350843782910875,,dense
0e02ee68-5940-49dd-bbdc-0e3667ec9e49_LivingDiningRoom-26069,livingroom,15.0,1.4906902710442382,22.134208475241877,1.8322825965475276,0.6776840480552166,,neutral
0e1191b7-83d1-44b6-99c9-66326cd00201_Bedroom-49598,bedroom,3.0,1.5009506055605295,3.972884822766098,0.028684312037673496,0.755118794989699,,dense
0e1e24f2-72dd-41db-a26d-ef81d18d3de7_DiningRoom-675761,diningroom,5.0,1.0099252331575599,3.3839226416521972,0.45408302906713083,1.4775751485733593,,dense
0e1e24f2-72dd-41db-a26d-ef81d18d3de7_SecondBedroom-675666,bedroom,4.0,0.8256627669634607,5.129138554309099,0.8532541287350772,0.7798580517267396,,dense
0e373951-83a9-43e4-83cd-febb0ead7c9a_MasterBedroom-45353,bedroom,5.0,1.9831809242580296,12.517475749217231,0.5446282247669391,0.3994415567621667,,sparse
0e373951-83a9-43e4-83cd-febb0ead7c9a_SecondBedroom-45271,bedroom,4.0,1.4761945925581124,5.988861597776194,0.16731597270656914,0.6679065686682916,,neutral
0e3f92e0-8f04-4643-a737-23603f438e68_LivingRoom-1951,livingroom,12.0,1.4453773924006221,12.747539288975602,0.7719353381768673,0.9413581498335061,,dense
0e419fb6-6c84-4dd0-ab16-a1d561d36e69_MasterBedroom-6134,bedroom,3.0,1.9440778667090204,7.326394342443875,0.2612285993485911,0.4094783681817605,,sparse
0e44eab5-891c-49df-8311-4395a610016d_LivingDiningRoom-57414,livingroom,11.0,1.318122732629981,26.449050122971652,1.2902603439318625,0.4158939526696359,,sparse
0e49912b-d9f3-4f1a-93e2-0245e6fb67c1_MasterBedroom-10236,bedroom,7.0,1.4767151097736608,8.92774237751892,0.6859015618075058,0.7840728040749477,,dense
0e49912b-d9f3-4f1a-93e2-0245e6fb67c1_SecondBedroom-10798,bedroom,6.0,1.569242219190098,10.111093344743479,0.2771756786702395,0.5934076360910326,,neutral
0e563bef-ab48-4a9a-94c1-3018575fa499_MasterBedroom-6493,bedroom,6.0,1.8153369259146928,14.951152520876857,0.3800461440625302,0.40130685521547416,,sparse
0e563bef-ab48-4a9a-94c1-3018575fa499_SecondBedroom-8341,bedroom,5.0,1.5128096853046753,10.197678861828173,0.42769469471135385,0.4903076540992028,,sparse
0e563bef-ab48-4a9a-94c1-3018575fa499_SecondBedroom-9451,bedroom,6.0,1.3111043294270834,4.219249577934885,0.6629675054234255,1.4220538247791221,,dense
0e5fe624-43b3-42b3-831d-bd1a8efebd89_MasterBedroom-1895,bedroom,5.0,0.9682483681682615,7.175939805379778,1.1105062201914766,0.6967728458719117,,neutral
0e72f832-7030-4de0-a194-581120057dcf_SecondBedroom-2966,bedroom,4.0,1.501102007809333,6.641948585053674,0.2156258524650227,0.6022329063192644,,neutral
0e75222c-2d88-401b-8f36-1510d06f6675_Bedroom-22136,bedroom,5.0,1.348120013492815,5.446302007478951,0.21162263860614625,0.9180541206003483,,dense
0e75222c-2d88-401b-8f36-1510d06f6675_Bedroom-24002,bedroom,4.0,1.4536323478463078,4.4442672138774455,0.21823694811489194,0.9000358906210232,,dense
0e91094c-3cad-424b-bc52-a451bcd66587_Bedroom-21185,bedroom,4.0,1.2883203045242493,4.641100337166438,0.22689599989650236,0.8618645815449332,,dense
0e91094c-3cad-424b-bc52-a451bcd66587_Bedroom-21295,bedroom,4.0,2.042215366682685,8.626372526871092,0.507694282957181,0.4636943266175935,,sparse
0eb102fc-89cd-4d87-a289-c4b3ee55d44e_Bedroom-20629,bedroom,5.0,1.696373361537211,6.780274544246889,0.4242342641248891,0.7374332657727755,,dense
0eb102fc-89cd-4d87-a289-c4b3ee55d44e_Bedroom-20752,bedroom,3.0,1.2558766672615782,3.9599234243298356,0.3080621096745421,0.7575904073215027,,dense
0eb7a684-6a4e-4e9f-807c-c0e0384deb3d_LivingDiningRoom-48663,livingroom,17.0,2.478649334400408,23.635493400059374,0.5022792299296799,0.7192572506211059,,neutral
0ec2bffe-f8a9-4b36-96e3-0b56200dd722_LivingDiningRoom-18047,livingroom,14.0,2.802353522395176,33.23698964474616,0.3055185044440421,0.42121744928283567,,sparse
0ec2bffe-f8a9-4b36-96e3-0b56200dd722_SecondBedroom-18135,bedroom,5.0,0.8745145067181583,5.015550486763429,0.8779440921274716,0.9968995453630727,,dense
0ec7ce97-e93d-4842-9c89-b947136bb393_Bedroom-29839,bedroom,3.0,1.9625024625086567,6.970617539413472,0.0842450173421825,0.4303779375410157,,sparse
0ec7ce97-e93d-4842-9c89-b947136bb393_DiningRoom-29864,diningroom,9.0,1.6673300120936243,12.654155632150776,0.6111264442541876,0.7112288059057408,,neutral
0ed12a92-fdda-4476-a267-e076b77646c5_MasterBedroom-3202,bedroom,6.0,1.21838976603225,11.530439395964104,0.42139711428783533,0.5203617827521929,,sparse
0ed12a92-fdda-4476-a267-e076b77646c5_SecondBedroom-6123,bedroom,5.0,1.3592680091835447,9.871209523178328,0.4468339055818294,0.5065235408345483,,sparse
0ed2f341-9ad9-441d-a33c-ace6a9f741b4_Bedroom-7783,bedroom,5.0,1.5796788791324619,9.203615400632472,0.5663619724307218,0.5432647695878731,,neutral
0ed2f341-9ad9-441d-a33c-ace6a9f741b4_LivingDiningRoom-7751,livingroom,10.0,1.303972403930042,12.029905335090373,0.5218575287637324,0.8312617366015936,,dense
0ed3cea7-f8c0-4f91-87b8-9414ec60a713_SecondBedroom-1621,bedroom,6.0,2.016576815037323,16.832826789993824,0.2904019771399554,0.3564463696357088,,sparse
0eee2f23-0f2f-4beb-9712-c54e8dd6bd9e_LivingDiningRoom-5388,livingroom,15.0,3.546493341614666,45.486825187961614,0.5973708464069276,0.3297658154425306,,sparse
0eee2f23-0f2f-4beb-9712-c54e8dd6bd9e_MasterBedroom-5493,bedroom,10.0,2.3019337921868184,21.89892276617972,0.6603956554324039,0.4566434662915845,,sparse
0ef2b250-b5d3-4a2a-afef-6c3a04031c6a_MasterBedroom-34361,bedroom,5.0,2.2582720667924767,15.687645882313236,0.39724864592531883,0.3187221357180916,,sparse
0efc2789-0d3a-41eb-adc7-6db4f8713070_MasterBedroom-617,bedroom,4.0,1.3196995464678334,6.041481705069837,0.5678343136954253,0.6620892349377331,,neutral
0efc2789-0d3a-41eb-adc7-6db4f8713070_SecondBedroom-392,bedroom,4.0,1.6567290210136987,6.738304715643282,0.23923256159804607,0.5936211211573466,,neutral
0f039b8c-53ee-47cb-b4c9-58ba9a0141b9_Bedroom-2175,bedroom,6.0,1.7983647275988563,15.582855111595803,0.3118461836532883,0.38503855404104786,,sparse
0f126d75-6db7-48fb-a514-909ecbe11964_LivingDiningRoom-21832,livingroom,10.0,1.7489923439385573,18.694042561526924,0.8586728813837033,0.5349297760014944,,neutral
0f13029f-8c56-47d0-b23d-639738301ca0_DiningRoom-135699,diningroom,7.0,1.2219340553247797,10.202287896627547,0.19326496578832356,0.6861206104871741,,neutral
0f13029f-8c56-47d0-b23d-639738301ca0_MasterBedroom-135740,bedroom,4.0,1.8364053667207136,5.2625361227520795,0.3068933918154366,0.7600897944826215,,dense
0f148bc0-02ce-49d5-be2e-347734092f49_MasterBedroom-38385,bedroom,4.0,0.8735532164573669,2.9177837477759283,0.5492405598638259,1.370903516427147,,dense
0f1dc892-04ed-4b16-8215-a82590c03fc8_MasterBedroom-5359,bedroom,6.0,2.529517479637103,9.511515148167032,0.313389018812774,0.6308143241675079,,neutral
0f2b5258-2413-47c4-bbf6-106a74c1e1da_LivingDiningRoom-9790,livingroom,12.0,2.7397805986377572,33.619317628575374,0.43160083175579317,0.35693764319000854,,sparse
0f390639-e937-43c9-a61a-be86dee77cab_MasterBedroom-18841,bedroom,4.0,2.2897105064653167,10.101129408039183,0.3944814396218946,0.3959953227424768,,sparse
0f401f03-d3c7-413b-b9ff-bfb6fdbb416d_MasterBedroom-75552,bedroom,3.0,1.9776611328125,6.4684541692435005,0.9759740318811712,0.4637893260903874,,sparse
0f5b9b03-c5f7-4172-9386-4805616025b5_LivingDiningRoom-20097,livingroom,11.0,1.521504238708189,16.179894989678765,1.249296104211287,0.6798560810819202,,neutral
0f661df2-0f41-47a4-830c-7444f4a33a03_Bedroom-12498,bedroom,4.0,0.8523696381609364,4.620700937010701,0.7838413183635746,0.8656695281793643,,dense
0f661df2-0f41-47a4-830c-7444f4a33a03_Bedroom-12514,bedroom,5.0,1.7884232589317803,10.878249374214931,0.3902646838000589,0.4596327798709655,,sparse
0f737b17-9449-4961-b978-e115bcba56de_DiningRoom-41151,diningroom,5.0,0.6422381162643432,0.5842556587992028,1.0322596084939815,8.557897428458459,,dense
0f737b17-9449-4961-b978-e115bcba56de_MasterBedroom-49133,bedroom,5.0,1.7399047017097473,5.6094048268667915,0.5279261887918959,0.8913601628557832,,dense
0f737b17-9449-4961-b978-e115bcba56de_SecondBedroom-56702,bedroom,6.0,1.3098010579744976,5.020760046455414,0.6216266642617929,1.195038190330549,,dense
0f7759ed-ccf3-4115-bd00-cf4d8165e6d3_DiningRoom-31759,diningroom,11.0,3.214661159830696,37.43683161991181,0.4524294016843007,0.2938282841796192,,sparse
0f7759ed-ccf3-4115-bd00-cf4d8165e6d3_SecondBedroom-12435,bedroom,5.0,1.472595500946045,5.599608122598234,0.46518929356647154,0.8929196276828004,,dense
0f7d04b8-9de9-4e07-9a44-0cdb8b2703f4_SecondBedroom-19119,bedroom,5.0,1.8525321943145279,14.570976052295341,0.3560915790842123,0.34314791144086454,,sparse
0f7ec058-f0d6-48bf-b313-49519b2189cf_LivingDiningRoom-7249,livingroom,17.0,2.193756703942437,30.12179536012816,1.7515292087379155,0.5643753898714379,,neutral
0f94d702-891e-45a0-9532-0c804af07f0c_MasterBedroom-28990,bedroom,7.0,2.1713782847107184,13.234842983602068,0.44365255792701636,0.528906917042611,,sparse
0fb669df-bc95-4e0e-b48d-cc403690ff53_LivingRoom-48562,livingroom,15.0,3.3780345414136415,30.112913727593423,0.3642719548038749,0.498125161041956,,sparse
0fb669df-bc95-4e0e-b48d-cc403690ff53_SecondBedroom-44116,bedroom,5.0,1.1146298408508302,4.788901830017047,0.4789719365602954,1.0440807052380527,,dense
0fc4b1e0-8a22-4d27-bd2f-dfd3ac22a8a7_Bedroom-2914,bedroom,7.0,1.6306211269824602,7.125272039069839,0.5543384399437036,0.9824186307016859,,dense
0fc4d063-6145-456f-8fe1-1180d3eeeb3f_Bedroom-2719,bedroom,6.0,1.5865136610850346,15.528883157409767,0.7381774462335888,0.38637678828416183,,sparse
0fce6b35-d0d8-4a85-a784-e877e659ebc2_LivingDiningRoom-1991,livingroom,18.0,2.7572426160218892,26.5990515890552,0.6250532689241025,0.6767158573205113,,neutral
0fda4bb3-f0cd-490a-8fe3-71bdce9c855b_MasterBedroom-29275,bedroom,4.0,1.4652993957932152,4.983118031176134,0.4053972444421111,0.8027102659368286,,dense
0fdce50f-b5e6-4d43-909a-fbae7a64f508_MasterBedroom-1801,bedroom,6.0,1.8455959522819847,14.871083869585137,0.3971327923639551,0.40346756514980125,,sparse
0fdce50f-b5e6-4d43-909a-fbae7a64f508_SecondBedroom-3784,bedroom,6.0,1.7598124545853535,12.538214586040167,0.5014811686108058,0.4785370324320575,,sparse
0fe63810-f03a-4cd5-a765-311cdf694b09_MasterBedroom-144596,bedroom,5.0,2.387650296024549,18.82361619073263,0.33090282162735746,0.26562377543915466,,sparse
0ff98ee4-0807-4300-b557-14236497bdf4_MasterBedroom-23191,bedroom,5.0,2.0828653516524938,8.155092484781196,0.20958558219923934,0.6131138315513722,,neutral
0ffdc546-d600-4218-8270-90bb71c46a8d_LivingDiningRoom-220,livingroom,7.0,1.1257877131679244,6.434140096210856,0.6778835327488448,1.0879464691983294,,dense
10087356-5564-4bb8-9dcd-72adee753630_MasterBedroom-26618,bedroom,4.0,1.819488223395746,4.804016864083552,0.4054396138587577,0.8326365442022794,,dense
101b6d05-6c0d-46bf-867c-16117b06138c_MasterBedroom-67961,bedroom,5.0,2.0104783359016105,14.473271525052569,0.5604867951132205,0.3454643956167912,,sparse
101f128e-c2de-470d-8956-8d61031ea68e_Bedroom-14736,bedroom,5.0,1.4999287605285645,7.554787561890746,0.26084556366435596,0.6618319786014796,,neutral
101f128e-c2de-470d-8956-8d61031ea68e_Bedroom-14771,bedroom,5.0,1.1851319419777284,7.843384017287211,0.6616691416133247,0.6374799434758963,,neutral
101f9f17-45ff-4654-ae7c-c5ac221bdaba_Bedroom-15975,bedroom,5.0,1.6953504543538045,6.360170532964371,0.31786148242253315,0.7861424428928924,,dense
1038892d-cbe2-40e6-b2aa-b152f3dd388c_Bedroom-5666,bedroom,5.0,2.663576091629948,16.841359118139575,0.23382692328932533,0.2968881528459645,,sparse
103aa1f7-93f7-41d7-8f19-df5c073a4d87_MasterBedroom-110156,bedroom,5.0,1.4200117111206054,7.638093884156015,0.696263995318329,0.6546135823718648,,neutral
103aa1f7-93f7-41d7-8f19-df5c073a4d87_SecondBedroom-110053,bedroom,5.0,0.9865830327514077,5.236910842161458,0.8236236354220589,0.9547613374942094,,dense
103b8933-85cf-4b6f-bfd1-6a779076bc6a_SecondBedroom-12980,bedroom,5.0,1.6470186062885674,13.432619777028853,0.2966431745022002,0.37222820886738034,,sparse
103cce55-24d5-4c71-9856-156962e30511_MasterBedroom-89620,bedroom,4.0,2.074061762254051,7.927902620756921,0.42341647647947334,0.5045470651376515,,sparse
103d8063-fb69-4029-a3e5-a3ded8ca728d_SecondBedroom-68353,bedroom,5.0,1.9561301488159635,7.214626452796515,0.3239613268590785,0.693036574064332,,neutral
103f980a-daf2-4dc3-b295-fabd6afe4bcf_MasterBedroom-32143,bedroom,4.0,2.6964087863729342,12.1995269606316,0.16215516617434292,0.3278815656466167,,sparse
104baa17-42f8-4735-9ba4-5d59a8eb2b46_SecondBedroom-11132,bedroom,4.0,1.7030164736662698,6.98646989396446,0.263586038080137,0.5725352088692973,,neutral
10551224-293c-4894-939c-8070832cf518_SecondBedroom-5571,bedroom,6.0,1.6348468519909247,13.046868897037712,0.31936714015340945,0.45988045464013966,,sparse
1055b740-22c6-429a-99db-97fee8b05751_Bedroom-3173,bedroom,5.0,1.7846366433505416,6.41810225439976,0.29759714427758555,0.7790464847412462,,dense
1055b740-22c6-429a-99db-97fee8b05751_LivingRoom-1566,livingroom,8.0,1.9929998810159903,8.778591380932868,0.506447246292402,0.9113079368719711,,dense
1055b740-22c6-429a-99db-97fee8b05751_MasterBedroom-2458,bedroom,4.0,2.072273656650157,6.645638302299469,0.36159782547816655,0.6018985412757045,,neutral
106438c4-a1de-4c81-9740-74c214025a50_Bedroom-4026,bedroom,5.0,1.9569403362589768,6.7686013652861545,0.23989489387387017,0.7387050485264641,,dense
106438c4-a1de-4c81-9740-74c214025a50_Bedroom-6105,bedroom,4.0,1.5084675571034785,4.4603845256644075,0.26432695765435005,0.896783668982927,,dense
106b7f57-ede9-48bf-a45f-dacf369fd800_LivingDiningRoom-5733,livingroom,15.0,1.3406103632639843,23.329953185015228,1.3403942850460184,0.642950282885028,,neutral
106b7f57-ede9-48bf-a45f-dacf369fd800_MasterBedroom-9345,bedroom,8.0,1.2656567560515166,11.682280747016312,0.6434233079493733,0.6847977867714935,,neutral
106e7a9d-fdd4-434b-ba2b-d243c2c27454_MasterBedroom-240350,bedroom,4.0,1.6715415781394494,10.928283383609529,0.3117253374744203,0.3660227191764889,,sparse
107179df-064b-4134-b988-82a44d664444_Bedroom-8043,bedroom,4.0,1.660522746291214,7.822809571046905,0.10371848110250437,0.5113252423789592,,sparse
107179df-064b-4134-b988-82a44d664444_LivingDiningRoom-7057,livingroom,17.0,2.8195645647707837,26.64577954580208,0.5387940611560406,0.6379997241506216,,neutral
1084931f-5dd3-4ced-b541-025017fe779f_LivingDiningRoom-11801,livingroom,15.0,1.2294460086266505,31.559735734262265,1.2081867986819848,0.4752891509074177,,sparse
109a8e42-f7d7-4893-8262-f2030072b760_MasterBedroom-34310,bedroom,4.0,0.8477485179901123,2.488151008329109,0.47992077998828736,1.60761946787392,,dense
109a8e42-f7d7-4893-8262-f2030072b760_SecondBedroom-38244,bedroom,5.0,0.3601820945739746,2.806383408792794,1.2022408792907635,1.781652494215258,,dense
109aae3e-2fef-4732-aeee-f2897e73a694_DiningRoom-14238,diningroom,7.0,1.5112258222471469,7.561006958988044,0.42490260253610657,0.9258026130605322,,dense
109aae3e-2fef-4732-aeee-f2897e73a694_SecondBedroom-15564,bedroom,6.0,2.072515484367695,15.242134695031588,0.295720232380669,0.3936456487263424,,sparse
10a1f583-7755-4afd-98b2-3f7df16bc930_Bedroom-430,bedroom,4.0,1.4661650837058502,4.763844305226361,0.41996763338082826,0.8396580038545013,,dense
10a47ebb-d756-463f-af98-e36ddf845bf2_LivingDiningRoom-223767,livingroom,14.0,3.27905718413285,19.055406215734017,0.3889377506477309,0.7346996354473002,,dense
10a47ebb-d756-463f-af98-e36ddf845bf2_SecondBedroom-224930,bedroom,3.0,1.8772016963236229,6.982721501608706,0.17381527616363163,0.4296319134751183,,sparse
10c73ad0-214c-4bf7-a4e8-1c154a77b7ed_MasterBedroom-20015,bedroom,6.0,1.5282550448168648,13.281500640760717,0.7991640541771438,0.4517561804413949,,sparse
10c73ad0-214c-4bf7-a4e8-1c154a77b7ed_SecondBedroom-16186,bedroom,4.0,1.2990214894222434,6.626902943692428,0.7698333029904305,0.6036002087230283,,neutral
10daa874-0936-4bd6-9be2-3bbe831d1bcd_Bedroom-27059,bedroom,4.0,1.1415096918741863,4.046279339638637,0.3836998963908651,0.9885624951334253,,dense
10daa874-0936-4bd6-9be2-3bbe831d1bcd_Bedroom-27118,bedroom,6.0,1.0050064791036404,10.608148754661967,0.9070241042590149,0.5656029283491314,,neutral
10e11961-a7ca-48d0-becd-eebdd9c598e4_MasterBedroom-22066,bedroom,3.0,0.6346238454182943,2.933642604097434,0.5312038388426424,1.0226194546704102,,dense
10e2d93c-2a82-49f2-a95c-7598d24901f2_MasterBedroom-8118,bedroom,4.0,1.6070240103577405,4.907709482229538,0.4029172237239547,0.8150441696852089,,dense
110d004e-b295-4adc-ad33-fd69de90e796_Bedroom-34223,bedroom,3.0,2.0107121590339734,4.74869487167339,0.09979270036627857,0.6317525301310488,,neutral
11163921-47e3-4f3b-a7a2-c436c322b64c_MasterBedroom-8388,bedroom,7.0,2.1969801684847545,16.44336605879815,0.4397159395069382,0.42570359225534576,,sparse
11163921-47e3-4f3b-a7a2-c436c322b64c_SecondBedroom-10031,bedroom,4.0,1.594732946223431,4.747000201275392,0.3941292561925407,0.8426374195065985,,dense
11163921-47e3-4f3b-a7a2-c436c322b64c_SecondBedroom-8010,bedroom,5.0,1.705309483260861,13.330738101659326,0.5246618725624326,0.37507300510071767,,sparse
11261c4b-35d8-422e-b517-ab73455935f6_LivingDiningRoom-7994,livingroom,18.0,3.1165569243514835,26.82576728613422,0.5204768433857377,0.6709966506458099,,neutral
11261c4b-35d8-422e-b517-ab73455935f6_MasterBedroom-5297,bedroom,4.0,1.4935329561569075,4.402474652283589,0.35708209593607093,0.9085799046963683,,dense
11261c4b-35d8-422e-b517-ab73455935f6_SecondBedroom-7947,bedroom,4.0,1.574252294389556,5.914398264660973,0.2423662934541159,0.6763156319553818,,neutral
1139693d-2305-4976-8349-9352e0556534_MasterBedroom-52171,bedroom,7.0,1.937310625483142,13.455147373762662,0.72055642410574,0.5202469958560169,,sparse
113df359-12ee-4a36-ac63-b342d827e117_LivingDiningRoom-15768,livingroom,16.0,1.554866557680458,27.949640778575368,0.9359882893535454,0.5724581624056043,,neutral
1142fda3-e01e-4e24-9f85-e167d25b08cc_LivingDiningRoom-961,livingroom,14.0,2.937778132152255,36.76828403510018,0.6331947307036466,0.38076294195930255,,sparse
114a00ef-8b44-4714-b92c-f5f76dc90121_MasterBedroom-16944,bedroom,8.0,1.8907421555282633,15.38110703217491,0.43016674648959485,0.5201186093605116,,sparse
114a00ef-8b44-4714-b92c-f5f76dc90121_SecondBedroom-11462,bedroom,4.0,1.3431647861654945,4.594188655899415,0.37312178541708635,0.8706651597477577,,dense
1154c0d6-6d5c-4c64-89a3-238fa042ba6d_MasterBedroom-32615,bedroom,8.0,1.9567766281230476,14.568002848894924,0.6267998129619505,0.5491487119393892,,neutral
1167a82b-ace6-4cec-a2af-7c6f227a371a_Bedroom-79365,bedroom,4.0,2.1351443330446878,4.4917446481358425,0.42508360371572257,0.8905225727068155,,dense
116e331e-86a7-4b2a-adda-aa98925f9625_MasterBedroom-442,bedroom,3.0,1.1721604665120442,3.298354396462092,0.5939103411191599,0.9095444695748537,,dense
116f9473-b473-49a4-a4da-1cf81ba45e3a_MasterBedroom-9217,bedroom,5.0,1.6543808937072755,6.048508612111561,0.39256206263708204,0.8266500588240838,,dense
116f9473-b473-49a4-a4da-1cf81ba45e3a_SecondBedroom-9255,bedroom,4.0,0.7733949820200602,3.4201663567470413,0.49322062313004095,1.1695337544353968,,dense
117a35d6-ad28-4278-9908-cb8806113a62_MasterBedroom-1758,bedroom,7.0,1.895710122437287,15.777769360141685,0.5714909333356522,0.4436622085301632,,sparse
118b3f14-ed71-4c7a-93d2-b02a5b12ba11_LivingRoom-7470,livingroom,14.0,2.4948175727013417,17.92193520519693,0.6926442298775423,0.7811656408589367,,dense
11abab51-40d2-4dc7-a106-e262ee0f792f_LivingDiningRoom-5684,livingroom,11.0,2.4868654695070074,30.55885720729417,0.3313906190673435,0.35996110474230636,,sparse
11abab51-40d2-4dc7-a106-e262ee0f792f_SecondBedroom-6182,bedroom,5.0,2.0002660625328375,10.541308841455592,0.16290770836809715,0.4743244008122218,,sparse
11d9ffe4-5a0b-4fe6-85a0-536423cf0137_LivingDiningRoom-67883,livingroom,9.0,1.964055253010108,13.348283684596531,0.21924070066280382,0.6742439861677271,,neutral
11e72915-3639-4dac-88d7-38e98a329e86_MasterBedroom-1167,bedroom,5.0,0.9138120165719383,7.483435903412563,0.9046703818798614,0.6681422897896303,,neutral
11eb078d-7eee-4c82-a748-34a7e2c6c7f4_LivingDiningRoom-9028,livingroom,14.0,2.1908834561848294,19.72714255059523,0.49227123000177553,0.7096821024176954,,neutral
11eb078d-7eee-4c82-a748-34a7e2c6c7f4_MasterBedroom-12579,bedroom,6.0,2.2336414330737524,17.387001852653338,0.18870842847956057,0.3450853718684324,,sparse
120e3c35-05c5-40a7-b92b-1abbd5592026_Bedroom-33921,bedroom,8.0,2.120845926499761,16.72913196090559,0.21910784536160025,0.47820771685555763,,sparse
120e3c35-05c5-40a7-b92b-1abbd5592026_LivingDiningRoom-35947,livingroom,11.0,1.9955736590384987,16.095251403621393,0.5800669430749862,0.6834313875659641,,neutral
122783c6-2e29-430f-9e44-0ea3f73835c0_SecondBedroom-38613,bedroom,6.0,1.458102147840041,9.070750014668064,0.6910729245271635,0.6614668015652027,,neutral
122feb6c-450f-4d1b-a02a-25c976b14ba4_LivingDiningRoom-9254,livingroom,17.0,2.8394753887597775,36.525353713121326,0.5416452748044387,0.4654301265231263,,sparse
12329142-9d6e-4957-8592-4d156a454bab_MasterBedroom-18415,bedroom,6.0,2.091761063471236,17.226790649801018,0.30988374436243193,0.34829470688838404,,sparse
124f6e30-6e91-44e4-bcaa-5583b78767d0_MasterBedroom-74290,bedroom,7.0,1.708689711860482,14.97305124966485,0.5875753670216233,0.4675065812091363,,sparse
124f6e30-6e91-44e4-bcaa-5583b78767d0_SecondBedroom-73426,bedroom,7.0,1.403781214885414,7.9576727032382175,0.6480797976128386,0.8796541729030258,,dense
12572a45-9432-4198-9ee6-061bee66dae4_SecondBedroom-73546,bedroom,8.0,1.8565697736980782,11.77238568315927,0.30105070362995645,0.6795563970898632,,neutral
1268f393-0f90-4af5-92e8-cf14efb06596_MasterBedroom-1543,bedroom,5.0,1.860345775945294,6.891322430495272,0.20888606000008217,0.7255501466415432,,neutral
1283c8a5-b589-48a8-a6c9-486791da56ff_LivingDiningRoom-19626,livingroom,12.0,3.018688036319484,23.25145935827219,0.5910697332939133,0.5160966378538623,,sparse
1283c8a5-b589-48a8-a6c9-486791da56ff_SecondBedroom-19482,bedroom,7.0,1.6852658561297826,6.159068201520296,0.6658236008287778,1.1365355555361654,,dense
129a997d-b773-4039-ac5d-411e69c3f4a7_LivingDiningRoom-10339,livingroom,15.0,2.9026515909312973,23.054636384227603,0.42575422495431536,0.6506283486761895,,neutral
129c9a2a-f789-4cd0-82c0-2b6d5293c45f_LivingDiningRoom-32392,livingroom,12.0,2.788041274666632,19.66022406467434,0.484961138503318,0.6103694424094436,,neutral
129c9a2a-f789-4cd0-82c0-2b6d5293c45f_MasterBedroom-32473,bedroom,5.0,1.959463076576591,11.361309677522396,0.2171725653497656,0.4400901077357456,,sparse
12af5f26-c8b1-45e7-9ab3-e4d20e7a2c19_DiningRoom-4027,diningroom,6.0,1.0645900138886861,8.486077907296886,0.9112096244049248,0.7070404096621369,,neutral
12af5f26-c8b1-45e7-9ab3-e4d20e7a2c19_LivingRoom-518,livingroom,8.0,1.3422297890453427,12.637007461150716,0.750650898418982,0.6330612706049258,,neutral
12b5252a-0921-4e41-b07e-a9a1ba9d40f6_Bedroom-600,bedroom,4.0,1.837003657012991,11.75515091798838,0.5039946343758597,0.34027636292435676,,sparse
12b5252a-0921-4e41-b07e-a9a1ba9d40f6_LivingDiningRoom-997,livingroom,13.0,2.3716905670379904,21.799803522156452,0.365520472354695,0.596335649850574,,neutral
12c54720-32c2-4634-8eac-1e2b129c2991_Bedroom-142430,bedroom,3.0,0.7317983260434611,5.387723590499451,1.140211297459147,0.5568214385181358,,neutral
12c54720-32c2-4634-8eac-1e2b129c2991_Bedroom-144341,bedroom,5.0,1.5253782575755224,8.118441650799628,0.4888140749163703,0.6158817436973909,,neutral
12cc5ada-f116-4e16-bcc1-f1ac7bc6ef50_MasterBedroom-57483,bedroom,4.0,1.72951840694636,5.950342244848753,0.35705783166260113,0.6722302407836833,,neutral
12cc5ada-f116-4e16-bcc1-f1ac7bc6ef50_SecondBedroom-57502,bedroom,4.0,1.743787688885768,5.773680119422161,0.40392946215042863,0.6927990323787329,,neutral
12d084a8-6632-472a-af65-32e7109e5783_LivingRoom-791,livingroom,13.0,2.0133909599828157,21.540154770673105,0.9389314922021809,0.6035239829241842,,neutral
12d1ca85-c2ce-40c6-97d9-54f01a0d85ce_SecondBedroom-19165,bedroom,5.0,1.582860995049088,10.966795718806967,0.4784077179841653,0.4559216865347,,sparse
12d55a0f-c015-4a15-a64e-883547a6a645_SecondBedroom-941,bedroom,5.0,1.7327048840169195,6.14680286395363,0.31615152987377576,0.8134309999302621,,dense
12f93edf-43d1-4009-9639-92b3b604b352_LivingDiningRoom-3542,livingroom,14.0,1.031855813422046,19.89271764084203,1.401557515329785,0.7037751328283268,,neutral
12f93edf-43d1-4009-9639-92b3b604b352_MasterBedroom-1549,bedroom,7.0,1.1905802999223982,8.189610251319966,0.9254667807606272,0.8547415304497269,,dense
12f93edf-43d1-4009-9639-92b3b604b352_SecondBedroom-1145,bedroom,4.0,0.7137971321741746,2.696131386601195,0.6059732635994222,1.4836072232527555,,dense
130898f4-b33e-4c5c-93fb-c701f3c498da_SecondBedroom-36964,bedroom,9.0,1.0120975079761507,6.111861198135339,0.7544275039345704,1.472546530138119,,dense
1316cc69-c622-44e9-a683-8aeeae46c2da_Bedroom-21840,bedroom,5.0,1.8817465339772679,8.404586885814592,0.47277616790513577,0.5949132382031873,,neutral
1316cc69-c622-44e9-a683-8aeeae46c2da_LivingRoom-355604,livingroom,4.0,0.5747772680606212,2.223930069098567,0.2674374517941817,1.7986177063658002,,dense
131fb697-ef09-458a-b28d-df6f10798fb2_LivingDiningRoom-27416,livingroom,14.0,1.2837952457756139,22.082351902836752,1.2503059839780082,0.6339904400401085,,neutral
131fb697-ef09-458a-b28d-df6f10798fb2_SecondBedroom-86380,bedroom,6.0,2.1688817834287195,13.440487503906894,0.19021106536551663,0.4464123788855065,,sparse
133d45e4-e0c2-4d65-a627-10a56a7c2504_MasterBedroom-13164,bedroom,5.0,1.8291026617269417,6.542850608438737,0.2713191264650985,0.7641929029452662,,dense
1356d896-5300-4be9-aa8c-84b71b07d407_Bedroom-27213,bedroom,4.0,1.5230756472517275,7.30195925131968,0.7648972410314785,0.5477981816013396,,neutral
135958f5-17d5-467c-a8c2-ea5b3dfc48eb_SecondBedroom-217432,bedroom,4.0,2.122826196189865,11.065014455212639,0.2203155975572507,0.3614997536777399,,sparse
13626eb3-bcc1-455a-a889-78b6c92dfbb6_SecondBedroom-2787,bedroom,4.0,1.4981285973053744,12.037734374157678,0.5462165729870889,0.3322884419668792,,sparse
13626eb3-bcc1-455a-a889-78b6c92dfbb6_SecondBedroom-420,bedroom,5.0,1.7756348753675593,7.433764788429272,0.21186468237683612,0.6726066996069809,,neutral
137262e3-1242-45a7-8dab-c95abcc5bcc5_MasterBedroom-52359,bedroom,8.0,1.775833576766822,20.38292828747229,1.2012517602812216,0.3924853135511909,,sparse
137262e3-1242-45a7-8dab-c95abcc5bcc5_SecondBedroom-44145,bedroom,4.0,0.8824751294086234,5.686299489433944,0.699019742372295,0.7034451856488814,,neutral
137f72fb-2331-4cf0-b832-0e7ddea0cce2_MasterBedroom-8331,bedroom,7.0,1.5233210082476638,11.152003061619816,0.8472925771859423,0.6276899281072523,,neutral
13834f3e-2207-4206-9b48-daa29b2eb873_MasterBedroom-29842,bedroom,6.0,1.1099763674358258,8.020633009552101,1.548040425136826,0.7480706314394828,,dense
13834f3e-2207-4206-9b48-daa29b2eb873_SecondBedroom-34058,bedroom,3.0,0.804379214893831,5.615691677847913,0.6960824748459296,0.5342173630781814,,sparse
13a27655-e337-4846-af2e-ebabfb631742_Bedroom-251,bedroom,4.0,1.9695683235722532,8.736204240259148,0.26857606974915715,0.4578647533864599,,sparse
13a27655-e337-4846-af2e-ebabfb631742_Bedroom-362,bedroom,4.0,1.5616886897608868,4.586266709678647,0.33409729658946447,0.8721690763336079,,dense
13a27655-e337-4846-af2e-ebabfb631742_LivingRoom-318,livingroom,12.0,1.602028874621574,12.836924514185686,0.6209186442420217,0.9348033469184285,,dense
13a2bf30-781b-4328-aa2e-47a78ffedfc8_Bedroom-3620,bedroom,4.0,1.7955306266759663,6.707038313943722,0.3586437171866688,0.5963884225447357,,neutral
13a2bf30-781b-4328-aa2e-47a78ffedfc8_LivingDiningRoom-8606,livingroom,14.0,3.2910391047055128,36.44877515666242,0.5844647908231158,0.3841006985783707,,sparse
13a2bf30-781b-4328-aa2e-47a78ffedfc8_MasterBedroom-3544,bedroom,6.0,1.9381730155108048,18.658351087889898,0.6901661715105479,0.3215718244199118,,sparse
13df4898-d23d-4665-a67e-81a555a4f213_MasterBedroom-6528,bedroom,5.0,1.8682861905256538,7.633351539166338,0.39167993972880194,0.6550202718092119,,neutral
13e45e23-425b-47f8-8187-d1aa23dc419b_MasterBedroom-352,bedroom,3.0,1.1001474062601726,1.9605127867416077,0.7419524923978628,1.5302119018494293,,dense
13e45e23-425b-47f8-8187-d1aa23dc419b_SecondBedroom-407,bedroom,3.0,1.10153586218896,3.3313243962489776,0.29543765207742745,0.9005427401119975,,dense
13e786b0-fa44-4b6c-92bd-6ef20d20b2a2_MasterBedroom-736,bedroom,7.0,1.7955346572135245,9.866748897193133,0.6567848042854465,0.7094535467494608,,neutral
14002def-a25d-4c07-ac11-41e2f201bc07_Bedroom-62056,bedroom,10.0,2.5218590451066065,22.36984547875529,0.3549379725366749,0.44703035653496265,,sparse
14125793-35c5-4ab8-be6e-3089eaa45bc1_Bedroom-87322,bedroom,7.0,1.5444701079351675,14.78769504776988,0.5461792075764469,0.4733665373398178,,sparse
14125793-35c5-4ab8-be6e-3089eaa45bc1_DiningRoom-91678,diningroom,9.0,1.2224655479560866,24.178330457948494,1.0082302720056853,0.37223413815329415,,sparse
14219a8f-9d69-4b1b-b43a-cf4d73fda1c3_MasterBedroom-398,bedroom,4.0,1.8151288527118805,7.1843983758890415,0.2018356289492296,0.5567619988089838,,neutral
14219a8f-9d69-4b1b-b43a-cf4d73fda1c3_SecondBedroom-334,bedroom,4.0,1.4451944929937264,4.565634106326592,0.562389510031004,0.8761105044438857,,dense
1421cde5-0a9d-48ee-ba2b-3882c877c838_Bedroom-12973,bedroom,3.0,0.9182061920600023,1.3611268877928246,0.9705858883544509,2.2040560853696296,,dense
1421cde5-0a9d-48ee-ba2b-3882c877c838_MasterBedroom-17694,bedroom,5.0,1.6648335197241373,9.673790257146662,0.47435570620969625,0.5168604928462422,,sparse
142511ba-78c2-49cd-8942-843b89a696d2_MasterBedroom-6654,bedroom,5.0,1.6238343054557425,8.837167301183111,0.48934015323416813,0.5657921627590558,,neutral
1426a7e7-7805-43ca-b258-05c9b637375a_DiningRoom-2817,diningroom,7.0,0.922868830923984,6.625234692212518,0.5975622255131635,1.0565663444689728,,dense
143df637-91d4-486c-ae5a-8cb482fa1cd7_LivingDiningRoom-11333,livingroom,16.0,1.6946689116497557,26.561833950979246,1.633646080345576,0.6023680454267026,,neutral
143df637-91d4-486c-ae5a-8cb482fa1cd7_MasterBedroom-11355,bedroom,6.0,1.774918049196064,9.873630542174352,0.25934541537305916,0.6076792092201063,,neutral
143df637-91d4-486c-ae5a-8cb482fa1cd7_SecondBedroom-11396,bedroom,6.0,1.4693947094859745,7.389456273848089,0.49847506726024665,0.81196772504555,,dense
1448feb3-c86d-40d5-9259-32835abb85c6_MasterBedroom-15089,bedroom,12.0,2.08563823375369,18.504285452628142,0.5435047968614382,0.648498426525065,,neutral
1452099f-bc40-46b3-a7f4-5b5354a60af5_MasterBedroom-5413,bedroom,4.0,1.08695241733846,9.321808936366002,0.8186818931355709,0.42910126428308376,,sparse
1452099f-bc40-46b3-a7f4-5b5354a60af5_SecondBedroom-4782,bedroom,5.0,2.1608675004671367,14.669533281893674,0.2903564294064227,0.3408424728938994,,sparse
145a8dee-2950-4483-90e6-36e70fec5c60_LivingRoom-4460,livingroom,14.0,2.3396056599796986,18.85783906447623,0.5515263171552651,0.7423968330694227,,dense
145a8dee-2950-4483-90e6-36e70fec5c60_SecondBedroom-4397,bedroom,4.0,1.241266480786621,3.9908101190130485,0.5872269997735233,1.0023027607710948,,dense
1498c6cf-a99d-4558-bcc0-171ff8cc427f_MasterBedroom-59375,bedroom,9.0,1.806857565707668,12.000371570795615,0.35601477309490476,0.7499767775443396,,dense
1498c6cf-a99d-4558-bcc0-171ff8cc427f_SecondBedroom-59406,bedroom,6.0,1.4535032217701276,4.5091507066931475,0.40942483122936046,1.3306275150870237,,dense
14a2d9c7-bfc0-4ea2-889a-c8e155780738_MasterBedroom-16741,bedroom,5.0,1.7508369333439031,14.984973022080982,0.35012102692457847,0.3336676010448795,,sparse
14a2d9c7-bfc0-4ea2-889a-c8e155780738_SecondBedroom-16901,bedroom,3.0,0.7304838498433431,1.740557073530221,0.769224634292331,1.7235861125285368,,dense
14a8aabb-7f3f-4dfd-ae11-72bbfeaa296c_MasterBedroom-28078,bedroom,7.0,1.4327688963571539,11.04139982653505,0.9256198345967646,0.6339775852675286,,neutral
14a8aabb-7f3f-4dfd-ae11-72bbfeaa296c_SecondBedroom-32294,bedroom,5.0,1.36537357760144,14.810533807805356,0.7810811296177189,0.3375975548811705,,sparse
14abc843-9e80-447d-866b-7b4c16dc5097_Bedroom-91438,bedroom,5.0,1.609274268740009,13.674220342250598,0.3957273176635118,0.36565156000528987,,sparse
14abc843-9e80-447d-866b-7b4c16dc5097_LivingRoom-91063,livingroom,14.0,2.460564152458434,17.813080304604696,0.4947328831787897,0.78593930755373,,dense
14af1be8-ad14-4d2c-8fb5-edb2d83a238f_MasterBedroom-1328,bedroom,6.0,1.9616821545708631,12.738768985732408,0.2799536826172628,0.4710031249267555,,sparse
14af1be8-ad14-4d2c-8fb5-edb2d83a238f_SecondBedroom-1313,bedroom,4.0,1.3201069807012875,3.828733912403351,0.6893028348081541,1.0447317811879862,,dense
14bfd47d-7781-4190-b0d0-a37e0c24629e_Bedroom-31405,bedroom,7.0,1.407771110534668,5.309931525296547,0.6302297762547214,1.3182844197993808,,dense
14c7b2f7-cfe9-43a0-9dbd-fd65c33454ca_Bedroom-22264,bedroom,4.0,1.3327196247224127,5.393517716556647,0.20205202134724565,0.7416310115606142,,dense
14c7b2f7-cfe9-43a0-9dbd-fd65c33454ca_LivingDiningRoom-22223,livingroom,8.0,2.405320289288485,18.884703999769798,0.42584025219547644,0.42362326675056805,,sparse
14d51b10-6120-4370-acdb-fe94baaed5a2_Bedroom-11504,bedroom,5.0,1.351420259475708,2.7700564047698286,0.9306487345187378,1.8050173965376215,,dense
14d51b10-6120-4370-acdb-fe94baaed5a2_LivingDiningRoom-11608,livingroom,13.0,1.5871993129733888,21.670821872057047,1.253971331758159,0.5998849548370179,,neutral
14e7aa9f-8774-40f4-b786-c042aecb27ff_LivingRoom-24046,livingroom,5.0,1.3971456265571842,11.15721963798867,0.6920177086627406,0.4481403218930768,,sparse
14e7aa9f-8774-40f4-b786-c042aecb27ff_MasterBedroom-6712,bedroom,5.0,2.312976663338014,14.189755762623502,0.35752014163609447,0.3523668823934405,,sparse
14ea58a6-a039-424f-a693-d22ab49701fb_DiningRoom-25949,diningroom,5.0,1.428913783641395,5.632203118265322,0.3055883128684296,0.8877520741013268,,dense
14ed2c88-fa3c-471c-9801-2685ca9ddef4_SecondBedroom-70961,bedroom,6.0,2.1701009266112776,14.136992166312778,0.19108783516864647,0.4244184285747486,,sparse
14f4c539-f066-4453-9b79-d5fdb4cb5325_Bedroom-455,bedroom,3.0,1.3627938761479477,5.874279332736197,0.4258964094923688,0.5107009439067007,,sparse
14f828a2-182c-4085-b40b-2e2bf97b9aa7_MasterBedroom-29310,bedroom,5.0,1.9346589722283576,8.368913740978922,0.3927214622572509,0.597449102088026,,neutral
14f828a2-182c-4085-b40b-2e2bf97b9aa7_SecondBedroom-27606,bedroom,4.0,0.9309638996698658,4.115852962969158,0.7636221171126717,0.9718520160920466,,dense
151777ef-6113-426c-bd88-335a9718c75a_MasterBedroom-8750,bedroom,4.0,2.5551984496661304,9.43380414127895,0.364323572019361,0.42400710679347603,,sparse
151777ef-6113-426c-bd88-335a9718c75a_SecondBedroom-8873,bedroom,3.0,1.0612774888362144,5.854894458114849,0.5584849457113051,0.5123918153369985,,sparse
15205240-8f74-4da2-a891-49267a5aacb3_LivingDiningRoom-420,livingroom,10.0,2.019869788363479,18.06730497334988,0.5934900324445729,0.5534859800479633,,neutral
15205240-8f74-4da2-a891-49267a5aacb3_MasterBedroom-475,bedroom,6.0,1.3569898478007851,6.052113789239084,0.26261411925142464,0.9913891590518763,,dense
15205240-8f74-4da2-a891-49267a5aacb3_SecondBedroom-86,bedroom,7.0,1.2412965085562915,6.598528913945847,0.841286347464702,1.060842513731455,,dense
15239adb-29d9-4e61-a6ea-8ff199b8d4aa_MasterBedroom-49878,bedroom,5.0,1.436484651700272,9.606685784706942,0.3403312294912448,0.5204708587387745,,sparse
15239adb-29d9-4e61-a6ea-8ff199b8d4aa_SecondBedroom-49949,bedroom,4.0,1.244880023937231,7.235084104434577,0.8552395122855099,0.5528615759350044,,neutral
154620a2-e63e-474b-b950-b7cc287b0e43_DiningRoom-150053,diningroom,7.0,1.1856326624068714,8.996760098329995,0.44548156460431976,0.7780578701103035,,dense
15607040-50d6-431a-bd53-b18bffd5fde7_MasterBedroom-88093,bedroom,5.0,1.1049523285939145,6.493023422278146,0.7829026211820863,0.7700572868479962,,dense
15669288-4a23-49e3-b586-9822b27fc3c9_Bedroom-57639,bedroom,5.0,1.7698436731798055,7.415138499160794,0.3310584097555884,0.6742962387777212,,neutral
15669288-4a23-49e3-b586-9822b27fc3c9_Bedroom-59127,bedroom,5.0,2.0461154793916,10.619396621691124,0.24748827758478953,0.47083654355531146,,sparse
157620f5-804d-4fb4-ac22-bfd514951c74_LivingDiningRoom-3376,livingroom,12.0,2.2430552681038005,21.924457885938352,0.4598921628173256,0.5473339437823189,,neutral
157620f5-804d-4fb4-ac22-bfd514951c74_MasterBedroom-4123,bedroom,7.0,1.9184096627883782,7.876447364348244,0.36936117914039673,0.8887255479779661,,dense
159a7b33-c633-4a75-8ad6-00b62bcc81e0_MasterBedroom-21432,bedroom,6.0,1.4751084374227013,9.836334880351126,0.3045908383095287,0.6099832989608238,,neutral
159a7b33-c633-4a75-8ad6-00b62bcc81e0_SecondBedroom-21470,bedroom,5.0,0.9775898924863036,6.7758573550734065,0.8670336919549569,0.7379139993636764,,dense
15a5a4ec-651e-4367-9f9e-c2732e5890a8_LivingRoom-214380,livingroom,5.0,1.3601829626113002,12.284553519352933,0.40392261981319966,0.4070151993821397,,sparse
15bed03e-d66d-4da2-8b8f-7dacde3d3d8b_DiningRoom-35065,diningroom,7.0,0.8099792893091289,3.1265842446366983,0.5770868843660767,2.2388649888477206,,dense
15bed03e-d66d-4da2-8b8f-7dacde3d3d8b_MasterBedroom-23712,bedroom,6.0,1.8177302676082239,6.168973162627938,0.3220759133112894,0.9726091914856124,,dense
15d07e45-2761-43ed-8dfc-f9d4ef58041d_Bedroom-68718,bedroom,5.0,1.4046195433321622,8.198408643869294,0.1985592520259939,0.6098744545673459,,neutral
15d07e45-2761-43ed-8dfc-f9d4ef58041d_Bedroom-70462,bedroom,6.0,1.6676575472133186,14.55869929873949,0.7860774752825831,0.41212472878806466,,sparse
15d07e45-2761-43ed-8dfc-f9d4ef58041d_LivingDiningRoom-68183,livingroom,10.0,1.5199519876099772,12.46998836789019,0.7901949582528042,0.8019253671278211,,dense
15d435be-5acf-417a-a42b-f18f731b99d2_SecondBedroom-7218,bedroom,8.0,2.037175092580394,18.84676801805513,0.46845447119794054,0.4244759627929856,,sparse
15de4a4c-2258-4015-9cc3-f2ebbb9d61e5_SecondBedroom-35821,bedroom,6.0,1.4422624905313886,13.108895113924117,0.8666612879714543,0.45770447836041267,,sparse
15e31e17-330c-4904-98fd-210770901565_LivingDiningRoom-10484,livingroom,13.0,2.287491703286261,18.47738242441236,0.42085892943103687,0.7035628587101368,,neutral
15e31e17-330c-4904-98fd-210770901565_MasterBedroom-7197,bedroom,7.0,1.569238609698717,14.587694530601397,0.5159086085507566,0.47985649722207446,,sparse
16190659-dff5-4ef7-a96f-eb2b71f88a2a_LivingDiningRoom-5119,livingroom,13.0,2.725793641254384,21.31092358085772,0.3675405086851774,0.6100157954522952,,neutral
16190659-dff5-4ef7-a96f-eb2b71f88a2a_MasterBedroom-4864,bedroom,6.0,1.7200153559047358,6.005261907730976,0.5452576418697813,0.999123783806298,,dense
161cd2fc-819a-4b56-8802-b7cfb2f4e535_LivingDiningRoom-5117,livingroom,11.0,1.0678233437107527,12.068266356254133,1.3945825698390952,0.9114813739837184,,dense
161cd2fc-819a-4b56-8802-b7cfb2f4e535_MasterBedroom-809,bedroom,4.0,0.8944213189257235,5.622033606482825,0.5123489729820484,0.7114863197166873,,neutral
162ad134-44c6-4eef-9c22-bb1929486b7a_MasterBedroom-15388,bedroom,5.0,1.9504401879634368,15.405804184389982,0.45332581970333935,0.32455300224225087,,sparse
162df9c3-ddf2-4e21-a8ee-af925c4833e8_MasterBedroom-5621,bedroom,10.0,1.6418060581165497,18.94250772068677,0.798469659824203,0.5279132070290345,,sparse
1638a636-f721-497f-930e-d141752cd5c9_LivingDiningRoom-37405,livingroom,14.0,1.8701088289422483,21.844240838062074,0.7103438601430468,0.6409011923914505,,neutral
1652d2f7-4a27-402e-8f22-0b0625256e8e_MasterBedroom-10667,bedroom,5.0,1.6539820170971464,10.666124348550628,0.5837968169454459,0.4687738335508368,,sparse
1652d2f7-4a27-402e-8f22-0b0625256e8e_SecondBedroom-37176,bedroom,4.0,0.9211288968900591,6.541537050038979,0.8762122606707882,0.6114770839639538,,neutral
1658b9ab-c1db-492f-8094-b12c44939e3d_Bedroom-88208,bedroom,7.0,1.6409756707582557,11.749618528208769,0.5458712984816942,0.5957640227377792,,neutral
1658b9ab-c1db-492f-8094-b12c44939e3d_Bedroom-88273,bedroom,5.0,1.7031490373426443,6.319869684063042,0.32152672525070175,0.7911555538255184,,dense
1658b9ab-c1db-492f-8094-b12c44939e3d_Bedroom-88317,bedroom,7.0,2.0811489017661007,15.901187364128718,0.3009695407626785,0.44021869812006675,,sparse
167cd3f9-810a-4d7e-b4a6-1ad0555bfd71_Bedroom-13315,bedroom,5.0,1.2742580387074194,4.875563425942324,0.25296687864732853,1.0255225013370892,,dense
167cd3f9-810a-4d7e-b4a6-1ad0555bfd71_SecondBedroom-103441,bedroom,5.0,1.2785793038430122,4.847746856475289,0.2558829362031752,1.0314069913368809,,dense
1681706f-caa1-42c9-8898-93d182be64ea_MasterBedroom-24780,bedroom,5.0,1.6365745556965265,6.951248826701841,0.28698986616147343,0.7192952122204996,,neutral
1681706f-caa1-42c9-8898-93d182be64ea_SecondBedroom-24808,bedroom,3.0,1.1440443900912651,4.399426603509327,0.29471866626169174,0.6819070461607349,,neutral
168c24cf-f3fd-41bd-b5f5-348edb6358c7_Bedroom-13645,bedroom,5.0,2.007254201406785,10.23592345502494,0.3641759963710387,0.48847571222755076,,sparse
168c24cf-f3fd-41bd-b5f5-348edb6358c7_LivingDiningRoom-13594,livingroom,14.0,2.5975857235258553,31.909552169443,0.5305205637102608,0.4387400965597562,,sparse
16c0e506-c41b-4532-8293-1b15110c3919_MasterBedroom-13813,bedroom,9.0,1.8601616295911125,12.943769452158335,0.6870905808621844,0.6953152273968598,,neutral
16dfc62a-fd35-41a2-9f8e-6b1c11dc1898_Bedroom-1205,bedroom,6.0,1.8237646394989233,16.698155200681896,0.250424500207166,0.3593211302620412,,sparse
16dfc62a-fd35-41a2-9f8e-6b1c11dc1898_LivingRoom-582,livingroom,14.0,1.435628309403448,19.81716051958306,0.8504684072631713,0.7064584245641742,,neutral
16ebc7a1-5845-4030-986a-a9469100d534_DiningRoom-17747,diningroom,7.0,1.7862307676495361,10.407553383187137,0.14881164144861547,0.6725884309474826,,neutral
16ebc7a1-5845-4030-986a-a9469100d534_MasterBedroom-13874,bedroom,5.0,1.783526197057726,7.7760875065818,0.3311087121371085,0.642996879313398,,neutral
170b48eb-5746-4cd6-b0da-cd6fb853765f_LivingDiningRoom-1354,livingroom,15.0,2.571195604520234,23.108637039052134,0.8174088859391497,0.6491079493200291,,neutral
170b48eb-5746-4cd6-b0da-cd6fb853765f_MasterBedroom-1339,bedroom,5.0,1.9463772459051143,9.471343711627444,0.42415044082213355,0.5279081989033696,,sparse
171d6fc9-9991-413a-992c-6df01db113a9_MasterBedroom-12778,bedroom,5.0,0.8916352296233161,5.313132754269294,0.9550542682186337,0.941064383528215,,dense
1738bb5e-a0d6-4820-ad10-f3c4bf9533e9_LivingDiningRoom-14929,livingroom,8.0,1.7374497928591397,10.49187856669114,0.3138815500326913,0.7624945284248545,,dense
173d8bac-a580-4cfc-9138-2a27aa020f52_LivingDiningRoom-14618,livingroom,15.0,2.726297192577942,20.988358996006863,0.4973862540009307,0.7146818864139795,,neutral
173d8bac-a580-4cfc-9138-2a27aa020f52_MasterBedroom-14637,bedroom,10.0,1.2849038795300876,14.806835886449809,0.9132374085124613,0.675363735823621,,neutral
173d8bac-a580-4cfc-9138-2a27aa020f52_SecondBedroom-11828,bedroom,7.0,1.4762153597097611,10.296060810799625,0.5003426392619983,0.6798716643803853,,neutral
173fa696-64ac-4513-8154-48b16b633a3e_MasterBedroom-20647,bedroom,4.0,0.9611289993139444,7.268211243889122,0.37968964141754535,0.5503417368837582,,neutral
173fa696-64ac-4513-8154-48b16b633a3e_SecondBedroom-20716,bedroom,4.0,1.0919316407275492,7.09936712219493,0.6595767749370969,0.5634305046001494,,neutral
174948c4-2519-4d82-bb1b-7784330d2fed_Bedroom-5024,bedroom,5.0,1.9749773275828837,15.46209802306787,0.6728087436124068,0.3233713815900346,,sparse
174948c4-2519-4d82-bb1b-7784330d2fed_LivingDiningRoom-7707,livingroom,16.0,2.7861750902746527,22.163849674689292,0.4173633027801339,0.7218962515465761,,neutral
174948c4-2519-4d82-bb1b-7784330d2fed_MasterBedroom-7015,bedroom,6.0,1.905839759849256,14.010099564032727,0.3130843465566803,0.42826248111779547,,sparse
17671175-6e0d-4c7e-959b-afa223d8a43f_MasterBedroom-16433,bedroom,6.0,2.0120871125989717,18.11575312377219,0.44234169552810276,0.33120345364646026,,sparse
177baa22-21a7-4d8b-91df-a6934117160c_DiningRoom-18481,diningroom,7.0,1.261270932966306,5.714016312916857,0.4460393345159504,1.2250577556413524,,dense
177baa22-21a7-4d8b-91df-a6934117160c_LivingRoom-13599,livingroom,8.0,1.8647322962651143,15.265291729561287,0.5900318958093993,0.5240646652371519,,sparse
177baa22-21a7-4d8b-91df-a6934117160c_MasterBedroom-18383,bedroom,4.0,1.912911295890808,7.332652297509055,0.21164160645867605,0.5455052057164668,,neutral
177baa22-21a7-4d8b-91df-a6934117160c_SecondBedroom-18352,bedroom,4.0,0.966647699434661,7.190394922776858,0.970535318735471,0.5562976780773594,,neutral
177baa22-21a7-4d8b-91df-a6934117160c_SecondBedroom-18500,bedroom,4.0,1.1590344535376973,6.497235750101938,0.8243520691006129,0.6156464308590376,,neutral
1782eaf5-0c55-4e71-8b4e-5d7ba361774a_MasterBedroom-15527,bedroom,4.0,1.83577089605913,11.430764915041166,0.46134092273808647,0.3499328373673928,,sparse
1789dde5-03d6-44c7-b244-ed0d7fc234b7_LivingDiningRoom-18578,livingroom,15.0,2.5861849705564386,21.615165774238562,0.5933506349303385,0.6939572037831574,,neutral
1789dde5-03d6-44c7-b244-ed0d7fc234b7_MasterBedroom-18673,bedroom,4.0,1.7087503253579304,9.95594633311007,0.6251072665169893,0.4017699439276173,,sparse
17a063ee-a39b-4aba-9f3b-508684dffac0_MasterBedroom-1170,bedroom,5.0,1.3043109721866597,10.08561157053916,0.5241963012570906,0.49575575710305775,,sparse
17a063ee-a39b-4aba-9f3b-508684dffac0_SecondBedroom-555,bedroom,4.0,1.6440405746301014,4.07408518957697,0.5033314694383828,0.9818155030811561,,dense
17a0fd79-fcaf-463e-9b50-e0ef8bb60a3f_MasterBedroom-12178,bedroom,5.0,1.7820927899373231,7.473264766059925,0.2754917967471536,0.6690516335922772,,neutral
17a57d81-2837-4e39-becb-fab1548093da_MasterBedroom-31517,bedroom,4.0,0.8294816811879477,2.857470207941331,0.477487618821496,1.399839616484333,,dense
17b0d207-79c5-448b-b649-5c9c708abc7f_MasterBedroom-3903,bedroom,7.0,1.3080605949674333,5.8132183168516995,0.29462024395919184,1.2041522644535796,,dense
17b0d207-79c5-448b-b649-5c9c708abc7f_SecondBedroom-93585,bedroom,7.0,1.4272334726955103,12.198186232761145,0.9072333036207147,0.5738558066280236,,neutral
17bd5f4b-4fd5-4952-94df-7374101c3516_Bedroom-12508,bedroom,6.0,1.2876121771575655,8.952084939534735,0.754821661768264,0.670234927452759,,neutral
17bd5f4b-4fd5-4952-94df-7374101c3516_Bedroom-9783,bedroom,6.0,1.76416635359826,20.34452151791038,0.6754580300494193,0.2949196910194165,,sparse
17c88eb5-0b0d-4c01-8135-51bd3e7b7ce5_SecondBedroom-91744,bedroom,4.0,0.6571059226989747,2.4614803887232917,0.6672005608075405,1.6250383380363635,,dense
17e306e9-d763-405c-b6b6-a418dfadecfd_LivingDiningRoom-232,livingroom,3.0,1.3700967475217913,10.312445253904952,0.7562000262331938,0.29091063526994315,,sparse
17ebf486-2858-4fdd-8cf8-92779089a6ae_DiningRoom-35093,diningroom,6.0,0.7106832377561292,3.2284036517496886,0.5243108660293669,1.8585036591530917,,dense
17fefead-db2b-4184-8c9e-f0237b700073_MasterBedroom-24604,bedroom,6.0,1.3236395650549708,10.408804039289416,0.6540409313239286,0.576435100262451,,neutral
181ecd38-5ccd-45e9-a7ec-2c79f5b58e07_LivingDiningRoom-13945,livingroom,13.0,1.9574127261342529,24.983395821968365,0.8144563771058544,0.5203455964368486,,sparse
181ecd38-5ccd-45e9-a7ec-2c79f5b58e07_MasterBedroom-14015,bedroom,4.0,2.3095527109975174,14.62320462035262,0.33173273402936226,0.2735378532850992,,sparse
181fa1b2-dd7a-43c3-b09c-163924bb37de_LivingDiningRoom-758,livingroom,10.0,1.730288881285827,13.00460681662767,0.7595477986880309,0.7689582730955015,,dense
182180c7-c96f-44f6-9368-5bb43d7ace17_DiningRoom-96608,diningroom,7.0,1.2251756425914817,8.420720042044644,0.762035502620522,0.8312828315214149,,dense
184286fb-3558-40bc-b090-e79e5b8e6fec_LivingDiningRoom-9995,livingroom,8.0,1.77124021434036,18.193395139399115,0.7267111777145548,0.4397200159015631,,sparse
1843ffd3-4865-4d1f-a4df-f30d063b08b6_Bedroom-1448,bedroom,3.0,1.088244098833955,3.5380193826802446,0.6088808694459453,0.8479320420588919,,dense
1843ffd3-4865-4d1f-a4df-f30d063b08b6_Bedroom-699,bedroom,4.0,1.7175780214794802,12.482687245328066,0.5266353012131257,0.32044382122103493,,sparse
184bdd8c-cbe7-4f95-a444-65dc56d389e1_MasterBedroom-19310,bedroom,5.0,1.8442136620822136,13.976618939991402,0.6337829816664939,0.35774031054774363,,sparse
184bdd8c-cbe7-4f95-a444-65dc56d389e1_SecondBedroom-19291,bedroom,4.0,1.6936360914064528,5.48766471503436,0.36060429562257984,0.7289075057813467,,dense
185365a1-a174-49cc-a82d-d17f469c7d09_SecondBedroom-55429,bedroom,3.0,1.5514778547335712,5.518653817833835,0.2878800403164721,0.5436108331900317,,neutral
185d02b3-ca3f-40a9-a981-71ecb7944538_Bedroom-18055,bedroom,6.0,1.9410590001136545,7.359475122736825,0.40932778462656993,0.8152755325530244,,dense
185fd076-293f-489f-8072-2baffac5d879_LivingDiningRoom-5131,livingroom,14.0,2.6815004494330776,27.793332973554747,0.3531221191733485,0.5037179244864568,,sparse
185fd076-293f-489f-8072-2baffac5d879_MasterBedroom-4676,bedroom,4.0,1.4674799995605738,12.709717463978995,0.6940770472162853,0.3147198205889725,,sparse
18716b5c-cf26-4685-aa00-8896e8f5696d_Bedroom-21117,bedroom,7.0,1.9739005369523104,9.521220988219277,0.4746914654231553,0.735199824545737,,dense
189b1d9b-894e-43b5-87be-c1b76cba3df4_SecondBedroom-19262,bedroom,4.0,1.1674421576083944,5.835102150201338,0.6463180797624507,0.6855064225160106,,neutral
18abc0cb-4f4c-41fe-9faa-77bba613b781_LivingDiningRoom-698,livingroom,18.0,2.6139979217878806,25.04039674051652,0.4653495336736869,0.7188384507852132,,neutral
18abc0cb-4f4c-41fe-9faa-77bba613b781_MasterBedroom-604,bedroom,5.0,0.8575180343110824,4.304557353432898,0.6957158563491319,1.1615596191353994,,dense
18bc0787-1a02-44a9-921b-f75bbbf65b9a_SecondBedroom-106044,bedroom,3.0,0.6081442832946777,2.796547142272128,0.41798373437244013,1.0727514493328265,,dense
18bc0787-1a02-44a9-921b-f75bbbf65b9a_SecondBedroom-96865,bedroom,3.0,0.763606071472168,3.569809878235133,0.45937940553139267,0.8403808892711006,,dense
18e61c1d-d0e2-440b-a095-79acffaeebe4_LivingDiningRoom-15409,livingroom,17.0,3.391204936121732,34.385949429303935,0.5689248370991312,0.4943879777102355,,sparse
18e61c1d-d0e2-440b-a095-79acffaeebe4_MasterBedroom-15334,bedroom,6.0,2.0389306493577397,13.989851855770242,0.144473072263516,0.428882311396689,,sparse
19071359-17b4-4d4d-a15e-33b90449ff30_MasterBedroom-51516,bedroom,5.0,1.878327685453538,13.90244041743062,0.4511842395190192,0.3596490867697655,,sparse
190b2156-1fac-4905-93ea-5d823735a199_Bedroom-208700,bedroom,7.0,1.8932765749620342,16.298217511816812,0.4567323591091267,0.4294948202111513,,sparse
191931a4-ae27-44eb-a639-d8ee3de85a0b_SecondBedroom-10141,bedroom,4.0,1.5515581910079916,12.985067040341434,0.6689641787309795,0.3080461569873283,,sparse
191e6801-4ec6-4dd2-a922-17b81de51431_MasterBedroom-5490,bedroom,5.0,1.4921855199109118,11.198997651578319,0.2520065433069227,0.44646852830577477,,sparse
1928f513-0f29-4311-b8cd-bb9faa1d3be0_MasterBedroom-4104,bedroom,7.0,1.899422244168073,12.878024798373811,0.46887453721162736,0.5435616183068644,,neutral
19298a68-3ba3-42d7-b5a4-49a3dbb0fa50_MasterBedroom-9810,bedroom,10.0,2.1253405779483887,26.301654383467437,0.54161134069382,0.38020422039633184,,sparse
19532cd1-e49f-4ab7-9f46-ae5f4286a3f1_LivingDiningRoom-4473,livingroom,17.0,2.795560917704416,30.918061973018993,0.7417282031541057,0.5498404141512896,,neutral
195f3e27-09e0-4c6a-bb7b-795544e7e350_MasterBedroom-54633,bedroom,5.0,0.7015929958391921,6.811762897128231,1.0186862947857582,0.7340243745283542,,dense
1960c136-ed10-45b9-b19c-03765a6abdc8_SecondBedroom-37424,bedroom,5.0,1.6422326093716701,5.836748880606348,0.2738034456899107,0.8566412744967328,,dense
198eb9ec-9059-4e26-958e-dc8fb8187713_Bedroom-12864,bedroom,5.0,1.5880178873157311,10.442087655175206,0.5786711134981265,0.47883145259003346,,sparse
198eb9ec-9059-4e26-958e-dc8fb8187713_LivingDiningRoom-15286,livingroom,14.0,2.771422361293737,27.56912239998725,0.34842235189354637,0.5078144961192698,,sparse
198eb9ec-9059-4e26-958e-dc8fb8187713_MasterBedroom-15321,bedroom,5.0,2.071563866930947,7.7705304233085855,0.22255773820618974,0.6434567175751521,,neutral
19937077-943b-4751-ac40-4eb60941a9e1_Bedroom-8446,bedroom,9.0,1.2875746044831518,26.64520134620665,0.3543218350581364,0.33777188931924834,,sparse
199658c9-c2b1-4c98-aa80-807ab817c21f_SecondBedroom-66284,bedroom,6.0,1.7758574360090975,9.956237372495746,0.31339197660687224,0.6026372991643499,,neutral
19967e98-8617-4944-be87-91eb9adb0a36_MasterBedroom-32234,bedroom,5.0,1.80395884111879,11.40553422105473,0.49946789851963136,0.4383836743718633,,sparse
19b584e7-b54c-4d1b-a6d1-c6a674519311_Bedroom-25069,bedroom,5.0,1.8647322904862746,6.79373985745393,0.23990050545044328,0.735971659926619,,dense
19c91c8f-02fc-44d9-b275-84c32f0572ad_SecondBedroom-266050,bedroom,4.0,1.2348084052403767,4.58494748977569,0.7151075549214326,0.8724200242030891,,dense
19cccb78-90a9-4bcb-8fe0-76e92a94a35b_MasterBedroom-29148,bedroom,3.0,1.9595301557778153,5.249555075496133,0.20709280021348755,0.5714770026898844,,neutral
19cccb78-90a9-4bcb-8fe0-76e92a94a35b_SecondBedroom-33314,bedroom,5.0,1.344554628329157,8.487057320081696,0.6370858105019719,0.5891323472234862,,neutral
19d7bc6d-e05c-4bf2-867d-eacb70390961_MasterBedroom-515,bedroom,7.0,1.3546699815887882,8.722051637107388,0.7801636713608062,0.802563466858986,,dense
19dc4a0c-8b39-4339-9420-ab1ae4e95d48_SecondBedroom-23415,bedroom,6.0,1.5292828404452192,10.66830068751449,0.42145506492021506,0.5624138441300238,,neutral
19e48746-a5c1-4223-842d-43e28ace0f97_MasterBedroom-10107,bedroom,5.0,2.0492726576402474,14.272156310965363,0.4394591649685891,0.3503324859298575,,sparse
19e48746-a5c1-4223-842d-43e28ace0f97_SecondBedroom-7053,bedroom,6.0,1.2914506906692156,9.045759331376361,0.543103029776166,0.6632942332644469,,neutral
19ea6381-dbfe-4667-b1e0-5e3c71ddb12b_Bedroom-46146,bedroom,7.0,2.4858726877901893,23.540391716101066,0.6621751935389055,0.2973612369930177,,sparse
19eb807e-29b0-4a67-a4d8-2faf8f60ea58_MasterBedroom-53904,bedroom,6.0,1.2430411986447922,7.974514390358108,0.7752036254996382,0.7523969117485737,,dense
19f89243-8169-4b3c-90c9-2cda483580cd_LivingDiningRoom-11244,livingroom,18.0,2.289812853840784,24.118336964047877,0.7100091729539679,0.7463201143110237,,dense
19f89243-8169-4b3c-90c9-2cda483580cd_SecondBedroom-11216,bedroom,5.0,1.6896571482839238,6.771317870985902,0.4252079175135153,0.7384086961009854,,dense
19fe2f19-6a70-429f-ba6c-e2d02af52df1_SecondBedroom-26029,bedroom,6.0,1.5061362235423437,11.624872505804737,0.36313673655458784,0.5161346928324568,,sparse
1a0c2b43-bb99-48e3-91ff-cac02daa791c_MasterBedroom-1448,bedroom,5.0,1.7744418592621742,6.3009597702495705,0.36300387317542726,0.793529903747022,,dense
1a1e205b-3f54-49fb-8154-e2d61c3682ae_Bedroom-1276,bedroom,5.0,1.053009078367274,9.157239294101977,0.855408983042878,0.5460160905940741,,neutral
1a2853ed-7b80-419a-9707-7107959afeff_Bedroom-243932,bedroom,5.0,1.7593951470578417,6.1731251731470005,0.3956762382139863,0.8099625165143132,,dense
1a336564-b639-4d0c-b57e-f1e4f0ffeee6_MasterBedroom-28365,bedroom,7.0,1.8078603135618387,14.622090186417337,0.6354636559718388,0.47872772707300065,,sparse
1a73d0f5-0188-4b48-b50e-1f302b44fea4_MasterBedroom-102878,bedroom,5.0,1.7051055987687171,6.729936765137842,0.25111539454147563,0.7429490312451086,,dense
1a82a427-49cb-4394-b9d7-8ff02c42e18f_MasterBedroom-5463,bedroom,6.0,1.2823303418354446,11.814196501042172,0.7660826223963152,0.5078635690095995,,sparse
1a82a427-49cb-4394-b9d7-8ff02c42e18f_SecondBedroom-54345,bedroom,3.0,0.950702168312512,3.8691393351918646,0.7692951735587441,0.7753662352537725,,dense
1a8dbd8d-0025-4373-8b94-ee9dd9fa7295_MasterBedroom-40654,bedroom,10.0,1.7688620611193813,17.211527790525356,0.6809099180137729,0.5810059468111148,,neutral
1a8dbd8d-0025-4373-8b94-ee9dd9fa7295_SecondBedroom-34631,bedroom,4.0,1.5984977676603318,7.274593631495628,0.5433213627796936,0.5498588928296763,,neutral
1a8dbd8d-0025-4373-8b94-ee9dd9fa7295_SecondBedroom-40509,bedroom,5.0,1.026613495287157,6.044961162252717,1.3640941715598378,0.8271351735429014,,dense
1a93bbbb-3b94-41c1-bf0c-0c9f29fb6aba_Bedroom-19967,bedroom,6.0,1.6521548562821406,6.934494765894156,0.4265037889912308,0.8652396753559797,,dense
1a93bbbb-3b94-41c1-bf0c-0c9f29fb6aba_Bedroom-24070,bedroom,7.0,2.0479252816429416,13.209419533317373,0.4336379726595594,0.5299248753773241,,sparse
1aa91215-cba7-4c40-8b37-6b21584b5924_MasterBedroom-12352,bedroom,4.0,1.322171961080335,4.15492368691573,0.4896238263672405,0.9627132292697457,,dense
1aad0aaa-7604-45eb-91db-8482b861b803_LivingDiningRoom-20425,livingroom,15.0,1.4449481984338655,21.30626458210643,1.297332726576845,0.7040182920002506,,neutral
1ac5c316-3dc5-4ed2-8348-76715cfe4837_MasterBedroom-42154,bedroom,5.0,1.000204985316492,5.564028868296035,0.8022531281317622,0.8986294137491119,,dense
1ad8463f-62b5-4b08-a438-904c10bfd435_SecondBedroom-15946,bedroom,4.0,1.8855815391521642,10.497364272098329,0.5784349909895614,0.38104803227910045,,sparse
1af21af5-a873-492c-b201-c8d3eb4888b4_LivingRoom-728,livingroom,16.0,1.8425140070225035,23.004406059848897,1.2364337328408703,0.695518934867258,,neutral
1b09ec32-2b68-4fae-926f-eabe89582e58_Bedroom-32859,bedroom,5.0,1.7035741759008107,6.507362929176323,0.35986830638549083,0.7683604025806012,,dense
1b21fb55-10f7-47ac-bf69-4ea9b62b417f_Bedroom-43407,bedroom,5.0,1.0055481084726743,6.153459117560952,0.7034534926639658,0.812551104098641,,dense
1b21fb55-10f7-47ac-bf69-4ea9b62b417f_Bedroom-43442,bedroom,6.0,1.3164078250323037,8.754302466374284,0.8061470183679283,0.6853772785491822,,neutral
1b2b1023-3a1e-4540-b246-f6b57961df6d_MasterBedroom-10833,bedroom,4.0,1.5219629487388142,5.17811519270322,0.4370546149108897,0.7724818493100791,,dense
1b37464e-7502-4990-a740-b6eedc419c8f_SecondBedroom-53256,bedroom,6.0,1.026908464414318,9.072588024445224,0.8560255893676113,0.6613327954309809,,neutral
1b3ba9b2-797c-4fa5-9973-6d144bd5aa19_Bedroom-18499,bedroom,6.0,1.8471679136957415,15.186094847561474,0.43131004098804343,0.3950982830166807,,sparse
1b4adff8-aee8-4b13-8ea3-44306cb05df3_MasterBedroom-108544,bedroom,3.0,0.6287094751993815,3.7369253870581267,0.8698340313365334,0.802799009685803,,dense
1b5b1674-b4bb-4a39-85c2-60191dff763f_DiningRoom-18833,diningroom,6.0,0.6843652270734311,1.243490552988012,0.8658739202263902,4.825127127490002,,dense
1b628313-1254-4608-847f-b68d3d081799_LivingDiningRoom-63837,livingroom,14.0,3.4099764964772667,27.179836224179788,0.34525012669612276,0.5150877247577117,,sparse
1b628313-1254-4608-847f-b68d3d081799_MasterBedroom-63953,bedroom,8.0,2.50180027895275,20.622850810024026,0.3230396229848336,0.3879192102825807,,sparse
1b74b745-24a5-4119-96e8-2a852a9d1a05_Bedroom-32287,bedroom,6.0,1.8196380251184314,11.098681859764453,0.33618626351200687,0.5406047380952081,,neutral
1b7d49e1-a3c0-4138-b865-c0a897903500_Bedroom-275,bedroom,5.0,1.6282541937726918,6.156656338410519,0.27440311248376087,0.8121291371755962,,dense
1b7d49e1-a3c0-4138-b865-c0a897903500_LivingDiningRoom-553,livingroom,12.0,3.0945740221692875,27.507457408448303,0.49039401505990143,0.43624533601257043,,sparse
1b7fe9e0-7c21-4a87-8904-a146b0bc50bf_Bedroom-94555,bedroom,4.0,1.5613460806578725,8.19600509482374,0.27547720411336973,0.4880426444007747,,sparse
1b8df9c3-0d1f-429f-a278-6ee12808218c_Bedroom-936,bedroom,4.0,1.3172613779703777,4.045319924180021,0.3218905142612852,0.9887969493069928,,dense
1b992af9-4f3a-44e2-8544-fcfb3db76812_MasterBedroom-3857,bedroom,7.0,1.7729288324006038,12.11332450279042,0.39206500853343046,0.5778760404204051,,neutral
1ba9ae7f-5074-4b11-9b38-43ea7e5ff693_MasterBedroom-38133,bedroom,5.0,1.0175401127481036,6.094628213448541,0.7140121922708624,0.8203945876414397,,dense
1ba9ae7f-5074-4b11-9b38-43ea7e5ff693_SecondBedroom-38216,bedroom,6.0,1.8114310089513488,11.232036592393577,0.7463582854389816,0.5341862938786406,,sparse
1bae485f-bd6f-402f-9aae-e08a729a148b_MasterBedroom-7854,bedroom,6.0,1.5936965649212946,6.851788678764404,0.3250746438122166,0.8756837493537515,,dense
1bae485f-bd6f-402f-9aae-e08a729a148b_SecondBedroom-7873,bedroom,6.0,1.5099068554759218,6.4753203248927065,0.42000666504833073,0.9265950870313767,,dense
1bb912af-497d-4200-831b-be4ac6d86d1f_Bedroom-37589,bedroom,4.0,1.4939114369707156,10.018004614394421,0.5140117293517917,0.3992811097583824,,sparse
1bb912af-497d-4200-831b-be4ac6d86d1f_LivingDiningRoom-37551,livingroom,14.0,0.9860858202838303,12.769151403276846,1.4519099869018222,1.09639235669234,,dense
1bb9605f-fd81-45ef-a483-85c41038bc80_MasterBedroom-2035,bedroom,5.0,2.134650051319459,15.9011236257888,0.37802412075402664,0.3144431876430976,,sparse
1bba9cf8-9a17-4f76-9e40-b735f453aa32_Bedroom-60068,bedroom,7.0,2.3898849594894434,16.201795504963204,0.17231738700427043,0.4320508796605687,,sparse
1bc22c85-3159-417c-a8cb-4e3788a0a0eb_LivingDiningRoom-61800,livingroom,14.0,2.490079446128885,18.66205315855327,0.2536374310430767,0.750185409989761,,dense
1bc22c85-3159-417c-a8cb-4e3788a0a0eb_MasterBedroom-58737,bedroom,8.0,2.2270475772479434,20.030512707954788,0.43241418468736637,0.3993906754480095,,sparse
1bc22c85-3159-417c-a8cb-4e3788a0a0eb_SecondBedroom-59715,bedroom,6.0,1.6591782356051885,13.842324549569698,0.398180402181685,0.43345320928676795,,sparse
1bd03f57-711f-4152-82e4-a5968033fcac_Bedroom-29500,bedroom,3.0,1.591173135997452,3.5077804582692926,0.10917099348543627,0.8552416651183959,,dense
1bd5e2a8-54f7-4f90-ade4-2ea965db13c2_LivingDiningRoom-27644,livingroom,10.0,1.3907293561380443,28.525591454234934,1.3034511545788294,0.3505624069545941,,sparse
1c13c2e5-a73a-47ac-9706-bd565b761a53_MasterBedroom-9784,bedroom,7.0,1.4128782270720261,10.78514672430808,0.8525684507696555,0.6490407760724354,,neutral
1c15614e-3995-4ed4-9091-5e0dad0090b5_MasterBedroom-3635,bedroom,7.0,0.923042611143496,7.557010708481012,0.9336423204393837,0.9262921901306962,,dense
1c2e47d2-2ddb-4d62-bcc7-93a438f22b18_MasterBedroom-2061,bedroom,3.0,1.695013884463519,3.924308385946143,0.2474267077708914,0.7644659147440336,,dense
1c36e327-2733-4f9d-a270-06c172052031_MasterBedroom-12767,bedroom,5.0,0.4024353981018072,2.7624215928222986,0.7598007155626141,1.8100061239716934,,dense
1c5bf205-4c14-4e49-b6d0-b9b0684827ff_LivingDiningRoom-8814,livingroom,11.0,3.6615158092034883,33.67615151301865,0.44261450181710255,0.32664064941469273,,sparse
1c6e161b-ac01-411c-9a60-dd5f6da0ec08_Bedroom-34319,bedroom,3.0,0.7679446538289388,1.6599713289719873,0.6015740464343281,1.8072601301239861,,dense
1c6e161b-ac01-411c-9a60-dd5f6da0ec08_MasterBedroom-34278,bedroom,5.0,1.9399698538381767,6.405335742505455,0.3717618974667117,0.7805992068175717,,dense
1c79cb23-f69d-4766-b829-2747eb6152c5_LivingRoom-5401,livingroom,16.0,2.4757184554896257,21.955983322848017,0.6415381315387085,0.7287307411711298,,dense
1c815e3d-b8bc-42fa-944e-8278b7cd9acb_MasterBedroom-29660,bedroom,7.0,1.3626000450811593,9.75748625435726,0.9932728548252593,0.7173978848162978,,neutral
1c815e3d-b8bc-42fa-944e-8278b7cd9acb_SecondBedroom-29739,bedroom,3.0,1.1804334032894994,4.848765239528489,0.8439855641875379,0.6187142193528287,,neutral
1c8217ff-ad9c-4e34-9913-1935d3274de2_MasterBedroom-9661,bedroom,6.0,1.535448002844955,12.442340379285325,0.5710172309523052,0.48222439003429945,,sparse
1c924224-5cfa-4933-901f-596707001a91_MasterBedroom-112394,bedroom,5.0,0.6864648818969726,3.700571237376769,1.0452581188671142,1.3511427504755615,,dense
1c924224-5cfa-4933-901f-596707001a91_SecondBedroom-116295,bedroom,4.0,0.9638347894225826,6.192985016474598,0.8467004673449993,0.6458920842468031,,neutral
1c93896d-54d3-4fe2-b664-1b53c134e535_MasterBedroom-8778,bedroom,7.0,2.1677746855492264,9.388671759644238,0.4008296959049978,0.7455793725890412,,dense
1ca5a85e-9cac-41a6-b47f-bada85ea706f_LivingDiningRoom-13632,livingroom,17.0,2.4723491506414508,47.701279678060516,0.7236043658506561,0.3563845690248619,,sparse
1ca5a85e-9cac-41a6-b47f-bada85ea706f_MasterBedroom-10862,bedroom,4.0,1.02258856880892,5.406987285352197,0.7271423772501744,0.7397835039923625,,dense
1cc0fd55-1c5a-4885-a2de-f30c6d387353_DiningRoom-33249,diningroom,9.0,1.628909620199831,11.156143258470571,0.3673440777525569,0.8067304077658318,,dense
1cc0fd55-1c5a-4885-a2de-f30c6d387353_LivingRoom-33324,livingroom,7.0,1.8450781581203064,17.9667440090127,0.5726746627870857,0.3896087124349617,,sparse
1cc0fd55-1c5a-4885-a2de-f30c6d387353_MasterBedroom-29013,bedroom,5.0,1.7300265768718064,13.667723716455418,0.3010952197516625,0.36582536373486907,,sparse
1cc0fd55-1c5a-4885-a2de-f30c6d387353_SecondBedroom-33218,bedroom,4.0,1.5662094409470229,6.404482981947992,0.25536438323294725,0.6245625152373123,,neutral
1cc33f5b-a9f0-4f6c-a859-25ccf28ddfab_MasterBedroom-275,bedroom,4.0,1.0326094189514077,4.832403984360464,1.0402788490703014,0.8277453650285767,,dense
1cca0bcf-bc1b-4f18-ad75-fbf53fbc226a_SecondBedroom-1216517,bedroom,6.0,1.368763061932847,9.059666902183636,0.9209745740899198,0.6622760047120309,,neutral
1ccbcde4-189b-4865-8b04-659aba5e308b_MasterBedroom-43075,bedroom,5.0,1.7408250587317138,11.632672494328618,0.5995195368153451,0.42982384335480045,,sparse
1ccbcde4-189b-4865-8b04-659aba5e308b_SecondBedroom-43157,bedroom,6.0,1.6157577484726116,13.325913311530075,0.42730130654552306,0.45025056517579004,,sparse
1cd0db41-bcd9-4af7-a0be-cce5de62cc35_LivingDiningRoom-22096,livingroom,14.0,2.224555091574779,22.00678325632517,0.5048435853650135,0.6361674869486494,,neutral
1cd0db41-bcd9-4af7-a0be-cce5de62cc35_MasterBedroom-22056,bedroom,6.0,1.835947092498357,13.327684195372221,0.3084719962239344,0.4501907392196,,sparse
1cd0db41-bcd9-4af7-a0be-cce5de62cc35_SecondBedroom-18593,bedroom,6.0,1.7799620882848766,13.662416597886196,0.39389323322942155,0.4391609608016418,,sparse
1cdd5670-0523-46bb-8623-f9ad63f4c878_SecondBedroom-2103,bedroom,4.0,1.3078532218933105,2.0059692990355846,0.7795204235294229,1.9940484642128327,,dense
1cf0b184-ec22-4fc9-bd59-e7c6f4c4a31c_Bedroom-252,bedroom,3.0,1.0691130956013997,1.69305608476864,0.5887197566680192,1.7719436626991343,,dense
1cf13668-24ae-4095-9983-634d71d5e065_MasterBedroom-43761,bedroom,6.0,2.283755410351085,17.726702145991236,0.2491962271406652,0.3384724327506601,,sparse
1cf94f82-50bc-4805-94d5-a8b52b66be31_LivingDiningRoom-54997,livingroom,15.0,1.4087806581097626,23.277401234340807,1.0162727257401074,0.6444018320168284,,neutral
1cf94f82-50bc-4805-94d5-a8b52b66be31_MasterBedroom-53789,bedroom,6.0,1.3554528849301481,11.120504614056061,0.6075971915291899,0.5395438613834248,,neutral
1cf94f82-50bc-4805-94d5-a8b52b66be31_SecondBedroom-54537,bedroom,3.0,1.1582932619799136,3.330682844704334,0.49737097644626294,0.9007162014149418,,dense
1d127f82-0a20-4417-b879-08d73f208a0a_MasterBedroom-25773,bedroom,6.0,1.7566693904446182,13.404073551342233,0.4506340665524518,0.4476251176195003,,sparse
1d127f82-0a20-4417-b879-08d73f208a0a_SecondBedroom-26015,bedroom,6.0,1.8510153774737836,19.477161241529878,0.4246112928141431,0.3080531051520276,,sparse
1d19e06d-bbe7-4d3d-a65b-60b3fe01b8a2_MasterBedroom-304,bedroom,6.0,1.826500895314382,14.994788024357073,0.4501725633769878,0.400139034326713,,sparse
1d1d69da-23d2-45e6-a06f-1f5334e70bd5_Bedroom-14230,bedroom,5.0,2.1932123068120872,15.198219094096787,0.3600633933208303,0.3289859140102852,,sparse
1d1d69da-23d2-45e6-a06f-1f5334e70bd5_DiningRoom-14211,diningroom,7.0,1.1208434980280448,4.688511446657342,0.42274447544560134,1.4930111784179658,,dense
1d3e057a-fdb4-4414-883f-b68776ee0763_MasterBedroom-38660,bedroom,5.0,1.9991751398860633,9.05056135831223,0.3764496399227975,0.5524519200577424,,neutral
1d3e057a-fdb4-4414-883f-b68776ee0763_SecondBedroom-38751,bedroom,5.0,1.5851135625604953,6.782917933128559,0.4171309088815299,0.7371458787050068,,dense
1d4185fd-6736-4441-9bf8-f653312d7a3b_MasterBedroom-12892,bedroom,9.0,2.1879597883299606,19.727409270742193,0.4695666907317831,0.4562180404168904,,sparse
1d43e076-fc80-4d55-a07d-1b7a8c6dc6e7_MasterBedroom-2906,bedroom,6.0,1.4001208099572824,16.318052652139745,0.5325492834257469,0.367690932729846,,sparse
1d43e076-fc80-4d55-a07d-1b7a8c6dc6e7_SecondBedroom-3382,bedroom,5.0,1.790156380857519,14.459023040793062,0.7256097794544859,0.34580482968272214,,sparse
1d46c47d-28e5-466a-a9d3-9b350cb0f38f_SecondBedroom-89711,bedroom,3.0,2.333570561039498,5.65716584973606,0.2741407765480501,0.5303008749761098,,sparse
1d481334-3f7f-4a41-8d8c-8c6e05a9ac10_MasterBedroom-16040,bedroom,5.0,1.0332410787904212,8.237193991316104,0.8662442793599008,0.6070028222318363,,neutral
1d58e654-b0c2-4a5c-a1b1-ba34eb31b380_SecondBedroom-24855,bedroom,3.0,1.4671568870544434,1.8691602075708331,1.0010175518288231,1.6049988587649264,,dense
1d611ea0-440f-429e-aec2-840708b60211_MasterBedroom-149227,bedroom,6.0,1.9208799598249593,9.416135692713794,0.2716399938063307,0.637204071373228,,neutral
1d7907ee-aa5a-4cdf-ab8b-1f4bcfc43901_LivingDiningRoom-3480,livingroom,16.0,3.2120097431031924,29.64958624992166,0.586892028998443,0.5396365354016458,,neutral
1d7a01b8-4621-4ac0-8d81-b1c8f0cedc98_MasterBedroom-20476,bedroom,6.0,1.6581419552653156,10.167057175627999,0.7250195482146938,0.5901412666767453,,neutral
1d849540-8c29-45dc-a3c8-e086c1d31788_LivingRoom-30147,livingroom,16.0,3.9051860600447585,39.69245134064073,0.3849554660379089,0.4030993163583663,,sparse
1d849540-8c29-45dc-a3c8-e086c1d31788_MasterBedroom-25285,bedroom,5.0,1.8922783937400953,12.920850661081378,0.5267091987056147,0.3869714255780693,,sparse
1d89a45b-bb91-40af-9182-6dbb87517097_LivingDiningRoom-3831,livingroom,16.0,1.6946664746050084,26.56110241173398,1.633742282000741,0.6023846356968839,,neutral
1d89a45b-bb91-40af-9182-6dbb87517097_MasterBedroom-1862,bedroom,6.0,1.774918049196064,9.873630542174352,0.25934541537305916,0.6076792092201063,,neutral
1d89a45b-bb91-40af-9182-6dbb87517097_SecondBedroom-2259,bedroom,6.0,1.4693947094859745,7.389456273848089,0.49847506726024665,0.81196772504555,,dense
1d8ac394-b21f-488b-b6c6-eac45a063b2a_SecondBedroom-12024,bedroom,5.0,1.8276585671030947,12.745712898032666,0.5001443284588374,0.39228876721142547,,sparse
1d8cf1d2-5807-4ea9-bef4-956cf4bd17d4_Bedroom-740,bedroom,5.0,0.9389450644134467,7.644812797579374,0.9790329242724036,0.6540382521313252,,neutral
1da9156e-927b-42e0-a242-e13513e9fcad_SecondBedroom-59274,bedroom,5.0,1.6776095439301593,7.091430893616052,0.42344267562854393,0.7050763202813088,,neutral
1db2e62e-6516-47da-bc4d-6469ba619d2f_LivingDiningRoom-1654,livingroom,10.0,1.4971702757089211,15.30331559303036,1.7061071827512437,0.6534531643949324,,neutral
1db2e62e-6516-47da-bc4d-6469ba619d2f_MasterBedroom-1065,bedroom,3.0,1.4572832290437725,6.761868502508734,0.32096282147902117,0.4436643508945736,,sparse
1db5d7ab-dbd2-442f-a8a2-10d4192db2bc_DiningRoom-26825,diningroom,7.0,0.606501829056513,1.325707490498047,0.8265521581940383,5.280199478521625,,dense
1dc74c70-21d3-40c6-8bd4-afb94dab934c_Bedroom-13239,bedroom,4.0,1.1397193339190037,4.809078515085501,0.7854145543332922,0.831760177641617,,dense
1dc74c70-21d3-40c6-8bd4-afb94dab934c_DiningRoom-12526,diningroom,5.0,1.0651885809618395,6.1288790401576545,0.9018705223030596,0.8158098678794261,,dense
1dc74c70-21d3-40c6-8bd4-afb94dab934c_SecondBedroom-16593,bedroom,6.0,1.7838756832411506,8.32320373206667,0.3677211466877675,0.7208762626924412,,neutral
1e12ac7d-0584-47a4-8f90-b6086554e128_SecondBedroom-102,bedroom,3.0,1.4244575500488281,0.8911513659139274,0.49632562934875524,3.3664314669184465,,dense
1e14f65e-f86d-4d18-ad71-aa2456e9a7c1_LivingRoom-41606,livingroom,15.0,2.6741657595442803,34.47598348344268,0.8834061753063236,0.43508548515240614,,sparse
1e16532d-1ec8-42c6-a66f-ef21e31c22c1_MasterBedroom-7894,bedroom,4.0,1.5633603441999,6.375001088382903,0.26622223830860015,0.6274508732695211,,neutral
1e16532d-1ec8-42c6-a66f-ef21e31c22c1_SecondBedroom-8350,bedroom,4.0,1.311758279800415,2.0110769298440663,0.7775405041640475,1.9889840814344928,,dense
1e2d5644-9a07-4d9d-b801-e0a57c688856_MasterBedroom-52264,bedroom,5.0,1.634646530243191,8.686244102766336,0.5272159412379182,0.5756227825105253,,neutral
1e2d5644-9a07-4d9d-b801-e0a57c688856_SecondBedroom-52786,bedroom,4.0,1.3777437303816276,4.448144971668879,0.37382487732622544,0.8992512666463878,,dense
1e453f21-4757-48c0-9a50-6ffe47ef9925_SecondBedroom-100695,bedroom,3.0,1.4796820704050322,6.547853600228248,0.6845487747380969,0.4581654055147819,,sparse
1e4c1b89-895e-4663-9469-f2e837fb39fd_MasterBedroom-118594,bedroom,4.0,1.365594707087909,10.121894162805143,0.3582111956690462,0.3951829505092805,,sparse
1e4c1b89-895e-4663-9469-f2e837fb39fd_SecondBedroom-118528,bedroom,4.0,1.2792139693192899,7.751587961526989,0.36734871090433174,0.5160232999809806,,sparse
1e7966ed-1b5b-426b-aaef-395475df7dcd_LivingRoom-151420,livingroom,7.0,2.1604486265240204,9.007654215492776,0.4306872471034619,0.7771168644507137,,dense
1e7966ed-1b5b-426b-aaef-395475df7dcd_MasterBedroom-151442,bedroom,4.0,1.5720199942588806,2.3811434500338096,0.7388129383679988,1.679865192474315,,dense
1ecf4f03-a7cf-4d84-b332-4d58894afd6b_Bedroom-75674,bedroom,5.0,1.4488123267758497,6.0704572360692906,0.34805484224913125,0.8236611849089597,,dense
1ecf4f03-a7cf-4d84-b332-4d58894afd6b_LivingRoom-76893,livingroom,5.0,1.4418265931595429,12.860898967070636,0.49514007626159845,0.3887753113372653,,sparse
1ee30586-b6e2-4165-a2a3-7fafa7bc3284_MasterBedroom-30468,bedroom,7.0,1.3626000450811593,9.75748625435726,0.9932728548252593,0.7173978848162978,,neutral
1ee30586-b6e2-4165-a2a3-7fafa7bc3284_SecondBedroom-30547,bedroom,3.0,1.1804334032894994,4.848765239528489,0.8439855641875379,0.6187142193528287,,neutral
1f035474-4470-4bb1-b208-0d9339c23c2a_Bedroom-6915,bedroom,3.0,0.7707153371914016,5.281417624767537,1.076454602119169,0.5680293082545325,,neutral
1f077e24-2eca-43ca-bc92-1b36eab99467_MasterBedroom-181000,bedroom,6.0,2.360480783857492,20.081827903374126,0.382163327526253,0.2987775828410464,,sparse
1f19c3ef-19eb-49a1-b57f-3ac0c078a4e9_SecondBedroom-37944,bedroom,5.0,1.679614823450936,8.077870563049705,0.5687702658958503,0.6189750084473139,,neutral
1f397944-0127-417c-aebc-397096d2614d_MasterBedroom-5562,bedroom,12.0,1.4897304519363153,13.494816005379384,1.4662590935337745,0.8892303529901029,,dense
1f397944-0127-417c-aebc-397096d2614d_SecondBedroom-5581,bedroom,10.0,1.7653671292240802,17.0352049312924,1.300179024169589,0.5870196478605753,,neutral
1f44e5e7-2f9f-4a7e-a1f9-2424bf23e780_MasterBedroom-54208,bedroom,7.0,1.375086125873384,7.422360796516045,0.7780821989342805,0.9430961646711791,,dense
1f54e60e-c8c2-437d-af36-75ca36438019_SecondBedroom-24295,bedroom,3.0,1.5872119267781575,1.3973667109672763,0.8764350916732281,2.1468952827159873,,dense
1f564c0d-5012-4448-877e-52d8fe9d8cd2_SecondBedroom-12206,bedroom,5.0,1.8818274935817716,8.290229711279848,0.2432028518181969,0.6031195966978941,,neutral
1f5862f8-119a-455e-880d-f9bdb56a88e2_MasterBedroom-38741,bedroom,7.0,1.2775539631916426,16.57017083530202,0.6059422696244949,0.4224458558439729,,sparse
1f5872d3-0ec8-49f7-a821-d660c794ea4a_LivingDiningRoom-11325,livingroom,10.0,2.842854401816632,23.71118348516553,0.45868337555837196,0.42174191795429855,,sparse
1f5872d3-0ec8-49f7-a821-d660c794ea4a_MasterBedroom-11294,bedroom,3.0,1.690666675567627,2.0119440844858336,0.7444618676045673,1.491095116973229,,dense
1f5872d3-0ec8-49f7-a821-d660c794ea4a_SecondBedroom-11385,bedroom,4.0,1.4657706868646592,3.8449953363191742,0.4783821483640685,1.0403133554458903,,dense
1f5d59ce-7227-4643-9540-21f8d90618a2_Bedroom-652,bedroom,9.0,1.2630010408059327,7.1570008555494296,0.9932450213834458,1.2575099796196807,,dense
1f79806e-ecb3-4dbe-a569-74164ef37d2a_MasterBedroom-7150,bedroom,7.0,1.9569046659201181,9.907010468692526,0.34028552381271204,0.7065703647049666,,neutral
1f79806e-ecb3-4dbe-a569-74164ef37d2a_SecondBedroom-11643,bedroom,6.0,1.358911828131917,9.583373457332035,0.5646044823476803,0.6260843351992641,,neutral
1fac355b-d197-42b9-ab5b-0184d712a0ce_MasterBedroom-16919,bedroom,4.0,1.4871158003807068,6.086917559387267,0.4142262127867365,0.6571470635134832,,neutral
1fac355b-d197-42b9-ab5b-0184d712a0ce_SecondBedroom-22054,bedroom,4.0,1.5648290117581685,3.8920150466772885,0.3194537322923268,1.0277452558707092,,dense
1fb04296-436f-4676-bd6c-b56fa9e31f05_LivingDiningRoom-21638,livingroom,17.0,3.1339758394043686,34.3752793075935,0.5936634854565952,0.49454143624208163,,sparse
1fb04296-436f-4676-bd6c-b56fa9e31f05_MasterBedroom-15007,bedroom,7.0,2.469834765312162,17.619345376653577,0.5417654531451022,0.3972905831833749,,sparse
1fb8e3cb-c6be-4933-bcae-8e24c6c5fb61_DiningRoom-10302,diningroom,9.0,0.9826129874246438,6.194734627562716,0.9476360135354552,1.4528467385762738,,dense
1fb8e3cb-c6be-4933-bcae-8e24c6c5fb61_MasterBedroom-10340,bedroom,10.0,1.8072100574386092,16.906343228638494,0.7768864422244824,0.5914939655939614,,neutral
1fc77158-532c-4d98-b9c7-cedac33ccfda_LivingRoom-5067,livingroom,9.0,1.2681732218059114,22.85299392161419,1.412277252526852,0.3938214848728362,,sparse
1fc77158-532c-4d98-b9c7-cedac33ccfda_MasterBedroom-30165,bedroom,6.0,0.855938450038199,5.693198052279737,1.0444919970084028,1.0538892104056365,,dense
1fcf1995-3b40-4681-bffd-cdef049612a0_DiningRoom-6579,diningroom,6.0,1.4207739722410122,6.282332562271746,0.4612492068035841,0.9550592778282256,,dense
1fcf1b3d-d29b-478e-b944-9c8d58ca9aa2_Bedroom-17761,bedroom,3.0,1.6012299812120283,5.419656072973378,0.3788341390224227,0.5535406600725706,,neutral
1fdb9840-5925-48a0-a307-4be1bc9b402b_MasterBedroom-16628,bedroom,8.0,1.8089852268644229,17.857369800060038,0.4367322617991865,0.44799430652845096,,sparse
1fdb9840-5925-48a0-a307-4be1bc9b402b_SecondBedroom-4121,bedroom,5.0,2.06460116775119,8.997553773033479,0.3712663751370136,0.555706598274019,,neutral
1fdd678a-5034-4c5d-b4aa-20e43178a86d_Bedroom-26447,bedroom,6.0,1.1524255439195623,5.157275683524879,0.7745708918608127,1.163404938612694,,dense
1fdd678a-5034-4c5d-b4aa-20e43178a86d_Bedroom-8995,bedroom,3.0,1.3165159054481652,8.850719474475351,0.4879478436340935,0.3389554949348152,,sparse
1fea9ff4-18fe-4b4c-ba7e-2087d8124063_MasterBedroom-29281,bedroom,5.0,1.3663089003015751,6.329083417806031,0.5885592001873046,0.7900038078078048,,dense
200710c5-dab8-441c-b61c-bc1379424dfc_SecondBedroom-11300,bedroom,11.0,2.3422392372833833,27.17485657490749,0.5491481392604501,0.4047859450399858,,sparse
201dac8c-a9e2-44bb-9755-5eeda7b8f26a_MasterBedroom-6128,bedroom,3.0,1.7004081066131054,6.353946278058482,0.2768417958215795,0.47214752355707407,,sparse
201dac8c-a9e2-44bb-9755-5eeda7b8f26a_SecondBedroom-55438,bedroom,3.0,1.6059592045562223,5.139376099046476,0.3010246987427332,0.5837284413873892,,neutral
20205262-153b-49b2-ae45-43f01c22e12f_MasterBedroom-26081,bedroom,3.0,2.338837522763653,9.049904660653453,0.3943639704605315,0.3314952049211293,,sparse
2024f6da-9111-4685-b98a-04d8b262003a_MasterBedroom-42805,bedroom,4.0,1.315105367769734,10.194591947183689,0.7431306379613856,0.3923648951054899,,sparse
2024f6da-9111-4685-b98a-04d8b262003a_SecondBedroom-42887,bedroom,5.0,1.6093757157958533,12.06196822885151,0.5262140568979956,0.4145260462583791,,sparse
2029fb99-c3ee-4050-981b-b8b8c7e5077b_MasterBedroom-83298,bedroom,6.0,2.4461754850064596,26.970315815345707,0.4684275097668748,0.22246680539743957,,sparse
2029fb99-c3ee-4050-981b-b8b8c7e5077b_SecondBedroom-82001,bedroom,4.0,2.2097193589755157,13.950846070149334,0.3331586040777168,0.28672096157370786,,sparse
20365dbe-40b9-4cc9-b0ef-d7d6b89799ab_SecondBedroom-13159,bedroom,4.0,1.6877219044767113,5.746929017323387,0.19590044630452055,0.69602390910737,,neutral
2036d116-05fb-4c12-b9e9-8577f841e45d_MasterBedroom-6943,bedroom,7.0,1.6292799960054336,9.91662232212616,0.48642926641734346,0.7058855094623765,,neutral
20386b47-8566-46dd-9c18-516dfa55bff5_MasterBedroom-3138,bedroom,5.0,2.0119691584736894,9.925285144303212,0.3730367353263132,0.5037638644437169,,sparse
203e5f1e-3287-4675-9ad0-37b8810766d5_LivingRoom-16371,livingroom,16.0,3.754522181154709,34.193060884705,0.6242324962270828,0.4679311996650469,,sparse
203e5f1e-3287-4675-9ad0-37b8810766d5_SecondBedroom-16390,bedroom,7.0,1.8916371660220117,17.89900463779638,0.47365859593657106,0.39108319940978564,,sparse
203f67cf-e43d-4395-8bd6-75ce85fb2481_MasterBedroom-3935,bedroom,4.0,1.6091268197029465,5.560535380345229,0.3083054769095638,0.7193551926921932,,neutral
203f67cf-e43d-4395-8bd6-75ce85fb2481_SecondBedroom-26455,bedroom,5.0,1.6217942878019804,5.501787046340704,0.38095486126880224,0.9087956254732819,,dense
205197ab-2552-4466-aa07-fdb2beb1f7ab_MasterBedroom-6399,bedroom,5.0,0.93634487228409,6.6822668118033315,1.0241982655326431,0.7482490808610288,,dense
205197ab-2552-4466-aa07-fdb2beb1f7ab_SecondBedroom-3558,bedroom,4.0,1.1483464473523959,5.63867025630727,0.7488493023081699,0.7093871104673489,,neutral
206826dc-c962-4044-aa42-4709a4e1455c_MasterBedroom-20171,bedroom,6.0,1.184131312148633,8.35841854835028,0.8549137615231693,0.7178391420927628,,neutral
206d8aff-ccfc-4120-b5d8-d63c5578796e_MasterBedroom-994,bedroom,7.0,1.2305866566438277,9.608804401267975,0.6547879065567479,0.7284985423447982,,neutral
206d8aff-ccfc-4120-b5d8-d63c5578796e_SecondBedroom-1279,bedroom,7.0,1.188299882674813,12.387944961751584,1.0966374155291365,0.5650654746701619,,neutral
206ffdfc-12b9-4e0f-89f1-037aeb0e5007_SecondBedroom-11426,bedroom,6.0,1.226058003441005,11.581987988836948,0.5108169512554869,0.5180457798594655,,sparse
20a8c656-6fee-4f90-ac48-4aaeda4f2ce4_Bedroom-13067,bedroom,3.0,1.642209768295288,2.4992125459461545,1.1248751156648635,1.2003780970394644,,dense
20a90d60-1200-4a68-82dd-6fd1fd52655f_SecondBedroom-20455,bedroom,4.0,0.8223583135490129,3.604932617563715,0.6402910437388879,1.1095907813953203,,dense
20c675c6-5b9d-4f74-84af-adbe03e6897b_DiningRoom-18517,diningroom,4.0,1.9156658919194383,7.866174814941963,0.14878829015383485,0.508506369881574,,sparse
20c675c6-5b9d-4f74-84af-adbe03e6897b_MasterBedroom-18435,bedroom,4.0,1.573733067450424,4.219145108463447,0.293200689366632,0.9480593573271869,,dense
20c9fb05-a1e3-4e28-b010-7e3dabd76507_MasterBedroom-42928,bedroom,5.0,1.5162397615237553,10.901740632798022,0.47359310719672876,0.4586423552361389,,sparse
20e0f217-6f5a-4a9b-a9a2-5c1eef113c79_LivingDiningRoom-25199,livingroom,15.0,1.651039372826731,30.78637463817098,1.2575820055024953,0.4872285280840444,,sparse
20e5f2e7-ab26-4119-b16a-5b7282ee0a70_LivingRoom-24666,livingroom,7.0,1.6565332310871876,17.09392323399309,0.2590415512419422,0.4095022484996161,,sparse
20eacf16-7515-43f7-a452-72e4e8ecef45_LivingRoom-3973,livingroom,9.0,1.685766426117457,17.989838121233134,0.7710856376697184,0.5002824338578921,,sparse
20faca61-454a-4383-85dd-950e333f4114_DiningRoom-68994,diningroom,6.0,0.8223730007807414,1.1190904328556486,1.0797803951207585,5.361497001354438,,dense
211b121a-ce2c-4ea5-831e-2f8caff14cab_Bedroom-86259,bedroom,5.0,1.743063148648131,6.026197910025053,0.37874160781358046,0.829710552931245,,dense
21220c2d-5f56-4abe-bc4c-e938ac42f75b_MasterBedroom-41970,bedroom,4.0,0.8548710346221924,2.8888413263825186,0.3570626421148134,1.3846381812215705,,dense
21220c2d-5f56-4abe-bc4c-e938ac42f75b_SecondBedroom-36248,bedroom,5.0,1.297137923650995,6.486992243623231,0.49306836512141944,0.7707732354567007,,dense
213cf747-e1bc-45cc-aa5c-3f20450abdcb_MasterBedroom-20681,bedroom,8.0,1.656451437921896,13.598178513170165,0.46748260520941765,0.5883140887032632,,neutral
21465c7c-7ddc-4b9c-9c12-feebdbf9cd1e_Bedroom-1784,bedroom,6.0,2.0546279512514554,13.07715007778689,0.26980807739089707,0.4588155648830337,,sparse
21569333-a837-4228-9440-bfbaf37cd57e_DiningRoom-22384,diningroom,6.0,0.9230327605218496,2.776172936652427,0.5257522578733422,2.1612486458552316,,dense
21569333-a837-4228-9440-bfbaf37cd57e_MasterBedroom-69844,bedroom,6.0,1.9176803337951511,15.373176322069568,0.3792343222693841,0.39029019600760473,,sparse
21569333-a837-4228-9440-bfbaf37cd57e_SecondBedroom-15424,bedroom,4.0,1.421899155887358,7.147949142815167,0.21414517257345214,0.5596010715913725,,neutral
2160a773-b01f-4521-9771-c8dcb024f203_Bedroom-4046,bedroom,6.0,2.096169691283764,11.400665819058732,0.21920143595529198,0.5262850517001976,,sparse
2160a773-b01f-4521-9771-c8dcb024f203_DiningRoom-11145,diningroom,7.0,0.7196214539664132,0.9777522386372488,0.9754692391338164,7.159277906391004,,dense
217a37c6-075b-4f4c-a0ab-196e07bb5f3d_MasterBedroom-52550,bedroom,9.0,1.3827583735859397,10.690816799484821,1.0304147677483362,0.8418440020816463,,dense
217a37c6-075b-4f4c-a0ab-196e07bb5f3d_SecondBedroom-52584,bedroom,3.0,1.232988794799253,3.9733334675979575,0.31995210157599463,0.7550335315333154,,dense
2197e2a4-b267-4eb5-973c-e82e5304abb6_MasterBedroom-5933,bedroom,3.0,0.5259265899658203,2.764141242581517,0.5179616422018987,1.0853280410512622,,dense
219a8aab-25f7-4ea0-a9d2-345fd362ad9b_SecondBedroom-3496,bedroom,6.0,1.8231184309981934,11.887015884521665,0.15050532225030158,0.5047524171152767,,sparse
21a0379d-e657-4b7b-80f1-2aa4554d7d80_MasterBedroom-142318,bedroom,6.0,1.3344197727328815,11.062737958052452,0.43353026015500923,0.5423612149859034,,neutral
21a2b6a2-7126-4727-bf72-68e5f6b57c6b_MasterBedroom-871,bedroom,8.0,1.2794917357442535,13.120964937327443,0.7154372979927954,0.6097112550953503,,neutral
21a2b6a2-7126-4727-bf72-68e5f6b57c6b_SecondBedroom-860,bedroom,5.0,1.243566256511048,6.371482153531828,0.8631602046336522,0.7847467637068417,,dense
21b83dd7-a159-4471-aa41-8ca48a4ace1e_MasterBedroom-10120,bedroom,5.0,1.0219902992248535,4.963934906065733,1.001508453403187,1.0072654244297599,,dense
21b83dd7-a159-4471-aa41-8ca48a4ace1e_SecondBedroom-10142,bedroom,6.0,1.7719237426209338,14.64486615363704,0.36671526342435257,0.4096998864349406,,sparse
21bce930-fd0c-4ef3-be2d-6cdd5bb3a8c7_SecondBedroom-8820,bedroom,4.0,1.7981421101966613,7.2440189820767475,0.4091300459314805,0.5521796684819373,,neutral
21bce930-fd0c-4ef3-be2d-6cdd5bb3a8c7_SecondBedroom-8848,bedroom,5.0,1.7888675175880935,7.525509282431577,0.2527605517183918,0.6644068610309977,,neutral
21c3b027-c6b7-480c-9933-d519eefab02d_LivingDiningRoom-2575,livingroom,13.0,2.545190741155295,28.22505772437597,0.31905425355048417,0.4605836461681645,,sparse
21c3b027-c6b7-480c-9933-d519eefab02d_MasterBedroom-2401,bedroom,7.0,1.6088250148364505,6.93573895752951,0.4089956003043252,1.0092652048850148,,dense
21c3b027-c6b7-480c-9933-d519eefab02d_SecondBedroom-1901,bedroom,5.0,1.714875080003079,5.965023725426318,0.1933382071519787,0.8382196333414671,,dense
21e417a7-6b31-4ce8-9e37-5423b081777f_MasterBedroom-15724,bedroom,3.0,1.7473436765336128,9.992618260934726,0.49963816882195894,0.30022161576293166,,sparse
21e417a7-6b31-4ce8-9e37-5423b081777f_SecondBedroom-15655,bedroom,4.0,1.4845689139371334,8.629875551789928,0.48014744658437053,0.4635061045776445,,sparse
21ed5c27-b951-407a-a450-754d4af932b8_SecondBedroom-258,bedroom,5.0,1.4778750568628312,5.145185597277111,0.3744117376229818,0.9717822429274573,,dense
22029510-ee86-4d46-9182-b4f56a0d8f91_Bedroom-6820,bedroom,5.0,1.9167536104361254,7.048998326540393,0.36297808656063824,0.7093206393842302,,neutral
22029510-ee86-4d46-9182-b4f56a0d8f91_DiningRoom-10559,diningroom,10.0,1.5268889902210339,9.326977028689969,0.6343037572553691,1.0721587465306068,,dense
222602e0-a430-45a8-9b70-928d8bf3ba71_DiningRoom-26294,diningroom,5.0,0.8913525038720694,3.0634340502469986,0.40903640234984845,1.6321552604002885,,dense
225aa50d-aac7-4eb5-8a24-800a80d27d50_MasterBedroom-4030,bedroom,8.0,1.5244164905370907,8.985542793584683,0.6238001880109854,0.8903190584893412,,dense
22690830-2a2d-4265-87ae-0a3f4957d085_Bedroom-63480,bedroom,6.0,1.8646830640583734,13.071476689165564,0.42339776428576736,0.4590147037459942,,sparse
22690830-2a2d-4265-87ae-0a3f4957d085_DiningRoom-70428,diningroom,8.0,1.343209198692067,11.123225393945404,0.264275067338664,0.7192158494203095,,neutral
228237d8-0328-42e7-af23-e400fe003092_Bedroom-36219,bedroom,4.0,1.264890348166901,5.591110857303796,0.2483045444547933,0.7154213361329991,,neutral
228237d8-0328-42e7-af23-e400fe003092_Bedroom-40470,bedroom,11.0,2.0730926696493195,19.188246736598114,0.6303051892065296,0.5732675919274838,,neutral
228237d8-0328-42e7-af23-e400fe003092_LivingDiningRoom-40391,livingroom,15.0,2.6165064600514065,26.5688338307811,0.7759981449292108,0.5645712602794736,,neutral
22843330-f141-4cb6-8ce6-8b32b56388ba_SecondBedroom-9822,bedroom,5.0,1.5628889112547593,8.172392753871044,0.5185295014286677,0.6118159210632202,,neutral
228b0998-2bb2-4c11-844d-de1382aa9182_Bedroom-17082,bedroom,6.0,0.7193417549133302,3.209064463207361,1.6977956272779022,1.869703793361379,,dense
228b0998-2bb2-4c11-844d-de1382aa9182_Bedroom-17101,bedroom,6.0,0.6559825897216797,2.7392234896259637,1.3142801965516164,2.1904017772639977,,dense
22915111-742a-4bf0-8fb3-021b97bbe614_DiningRoom-1436,diningroom,4.0,1.4445209537883796,5.143875679812328,0.4292816579040339,0.7776237702824766,,dense
22957273-2fd9-4ef8-a4bc-6146cf737218_Bedroom-27284,bedroom,4.0,0.9701687097549438,3.1216653375307324,0.554053156732418,1.281367336821582,,dense
22957273-2fd9-4ef8-a4bc-6146cf737218_Bedroom-27600,bedroom,7.0,1.576168168054507,11.70400676075064,0.45300091325457353,0.5980857789209831,,neutral
22957273-2fd9-4ef8-a4bc-6146cf737218_Bedroom-28183,bedroom,4.0,1.6484482685724895,6.1622521878988135,0.4798295720066137,0.649113323835568,,neutral
22993c56-81b4-49c2-b0d5-3d5a0565067b_DiningRoom-85692,diningroom,6.0,1.370157559599661,5.0901934264566435,0.3759942198970989,1.1787371318375786,,dense
22993c56-81b4-49c2-b0d5-3d5a0565067b_MasterBedroom-85470,bedroom,4.0,0.8954572540399831,4.8372037277064726,0.5908570719488386,0.8269240299077858,,dense
22a9347f-33e4-4e68-94d6-fddd0786f95b_MasterBedroom-14005,bedroom,7.0,0.9891139911002738,7.853201711334356,1.0244996081718425,0.8913561955115773,,dense
22a9347f-33e4-4e68-94d6-fddd0786f95b_SecondBedroom-14024,bedroom,3.0,0.7003333369890848,1.971494622181495,1.157860589508852,1.5216881477873092,,dense
22ab3b63-db92-4737-bdca-6aeaa111e541_LivingDiningRoom-11122,livingroom,15.0,1.2265181428134693,22.375994467872456,1.1546432830422926,0.670361266916519,,neutral
22ab3b63-db92-4737-bdca-6aeaa111e541_MasterBedroom-11265,bedroom,5.0,1.6517249328324684,11.770126813554736,0.4486254181274973,0.42480425905368246,,sparse
22ab3b63-db92-4737-bdca-6aeaa111e541_SecondBedroom-11179,bedroom,3.0,1.1838470436413562,6.395725420227813,0.757521994652963,0.4690632888197288,,sparse
22ab9439-07b3-40d1-81bd-efb6114ba00e_SecondBedroom-5013,bedroom,4.0,1.3914660703733392,4.2417732147838105,0.39771029660575813,0.9430018526353176,,dense
22c65012-8fca-41cd-a317-051b9658a950_MasterBedroom-1154,bedroom,4.0,2.1630792075157093,16.58162683355652,0.38080401554286986,0.2412308538933666,,sparse
22c65012-8fca-41cd-a317-051b9658a950_SecondBedroom-1143,bedroom,4.0,1.5175901921806687,4.779769398512324,0.4901889350118109,0.8368604563318425,,dense
22d37dff-09dc-491d-bcc0-f0283e81f04b_MasterBedroom-3732,bedroom,7.0,0.9891139911002738,7.853201711334356,1.0244996081718425,0.8913561955115773,,dense
22d37dff-09dc-491d-bcc0-f0283e81f04b_SecondBedroom-5378,bedroom,3.0,0.7003333369890848,1.971494622181495,1.157860589508852,1.5216881477873092,,dense
22de98d5-60fc-4c5f-92e3-d589af0c57df_MasterBedroom-514,bedroom,3.0,0.7270818551381429,2.203234802596117,1.2772540828743104,1.3616342645209845,,dense
22eb02bc-5982-4ebe-9575-47902632e022_LivingDiningRoom-23611,livingroom,6.0,1.5182027429476253,7.751172913135954,0.5271959540991198,0.7740763968549544,,dense
22eb02bc-5982-4ebe-9575-47902632e022_LivingRoom-8582,livingroom,4.0,1.4669072690697942,8.95432055475698,0.7145722790289007,0.4467117270974849,,sparse
22eb02bc-5982-4ebe-9575-47902632e022_SecondBedroom-8475,bedroom,5.0,0.9518306115532633,7.907192709038954,0.9897640502690279,0.6323356700645916,,neutral
22faf1bf-263a-444d-971e-2931dd27acc9_DiningRoom-5313,diningroom,6.0,1.3256608491637634,4.18472146032072,0.6698250134336415,1.4337871843781345,,dense
22ff7a9f-b05a-445f-9b6d-61fa00adcf09_MasterBedroom-12040,bedroom,4.0,1.4658010895600737,5.000820192820528,0.4440938025602774,0.7998687906721054,,dense
22ff7a9f-b05a-445f-9b6d-61fa00adcf09_SecondBedroom-8043,bedroom,3.0,1.231508557577739,4.485027127620325,0.5126532863024219,0.6688922752607176,,neutral
2311eda9-dcda-45fb-89c3-0c068ed74b9c_MasterBedroom-23692,bedroom,6.0,2.002134623978369,12.99801806189525,0.18146882707582285,0.46160883693410837,,sparse
23172eea-a923-4c67-ad1a-0738bedef84d_LivingDiningRoom-22775,livingroom,14.0,4.0370456856159835,32.135348411918926,0.5916467042169659,0.43565732726916484,,sparse
2318608d-bfb7-4c3e-ba13-4c0dbd615260_SecondBedroom-1684,bedroom,5.0,1.6470186062885674,13.432619777028853,0.2966431745022002,0.37222820886738034,,sparse
231936d0-34da-479b-a958-cad27e9db00f_LivingDiningRoom-3047,livingroom,7.0,1.6990432340372956,9.57896314240262,0.3428451371639107,0.730768027388426,,dense
23332f94-e456-4e6e-b308-aa13e69b9c47_SecondBedroom-11204,bedroom,5.0,1.7880952848329652,11.99852575516051,0.39188413176811593,0.41671786201313304,,sparse
23444087-afa2-4072-977e-ae4d446a727c_SecondBedroom-4739,bedroom,5.0,1.7635862382646708,9.175862925654846,0.3246204385198385,0.5449078784754372,,neutral
234635d0-a5cd-4544-85cf-ab9acd974978_Bedroom-75221,bedroom,3.0,0.768433136575784,4.605403846914675,0.8583521817780531,0.6514086711439665,,neutral
234635d0-a5cd-4544-85cf-ab9acd974978_DiningRoom-77348,diningroom,6.0,1.4396069668939033,3.9113960950567606,0.4498390169784297,1.5339791353738954,,dense
234635d0-a5cd-4544-85cf-ab9acd974978_LivingRoom-77421,livingroom,4.0,1.7164064258863654,8.99601010249669,0.41039766530981353,0.44464156380725584,,sparse
234f5661-8d9e-499b-ae27-ee5dfe702e56_LivingDiningRoom-40062,livingroom,12.0,1.2426725561047323,11.341267705798378,1.1806595698794649,1.0580827744560546,,dense
234f5661-8d9e-499b-ae27-ee5dfe702e56_MasterBedroom-33779,bedroom,5.0,1.027587422478636,7.135583663874918,0.9584883216366,0.7007135275160928,,neutral
234f5661-8d9e-499b-ae27-ee5dfe702e56_SecondBedroom-40147,bedroom,4.0,1.1482566503296265,8.054806514722117,0.6658666371076101,0.4965978999854345,,sparse
23608ced-9c2c-4d17-b7a8-4e3656d2acca_LivingDiningRoom-21234,livingroom,13.0,2.5848510648106697,24.141353381376362,0.48777088475071706,0.5384950791544577,,neutral
23608ced-9c2c-4d17-b7a8-4e3656d2acca_MasterBedroom-20130,bedroom,4.0,1.2288182576497395,4.053932403512201,0.2849609004054171,0.9866962745936573,,dense
23608ced-9c2c-4d17-b7a8-4e3656d2acca_SecondBedroom-21651,bedroom,6.0,0.6908887587317015,6.5338881302933345,0.8246721508369852,0.9182893677322012,,dense
236523ba-f956-45c5-b527-94ac5de67aea_Bedroom-2092,bedroom,4.0,1.6536315904073617,6.668973786002204,0.2419713820128026,0.5997924310927375,,neutral
236523ba-f956-45c5-b527-94ac5de67aea_Bedroom-5817,bedroom,3.0,1.3286473372660172,3.7681339217343877,0.25524489183766585,0.7961500472942764,,dense
2383a24b-483b-4011-87fb-8e2c89202f78_MasterBedroom-12108,bedroom,5.0,0.997266852866186,6.364133447879295,0.9247777004191345,0.7856529158209493,,dense
2383a24b-483b-4011-87fb-8e2c89202f78_SecondBedroom-12073,bedroom,4.0,0.8003938098748525,2.5520296143835175,0.37323979259288154,1.5673799306464014,,dense
23a588bb-3870-405a-a226-293c1c170611_Bedroom-4604,bedroom,4.0,0.8523696381609364,4.620700937010701,0.7838413183635746,0.8656695281793643,,dense
23a5fa77-0aa5-45f4-8399-3265005b1def_Bedroom-102143,bedroom,5.0,0.9097799405024812,6.849213899002326,0.88416411617349,0.7300107828036022,,dense
23a5fa77-0aa5-45f4-8399-3265005b1def_LivingDiningRoom-106046,livingroom,13.0,1.19178710593827,17.575426575933886,0.8524806303913925,0.7396691024160381,,dense
23aae785-c0bc-4645-9e64-fdea78c42e2d_MasterBedroom-89411,bedroom,6.0,1.991385906758121,17.681955310064875,0.28282338126265544,0.3393289879306898,,sparse
23aae785-c0bc-4645-9e64-fdea78c42e2d_SecondBedroom-88275,bedroom,5.0,1.1927441255670383,5.501597248266237,0.6938965576070106,0.9088269777609931,,dense
23b0def1-e853-43de-89c8-be709b6f9f1c_LivingRoom-3203,livingroom,7.0,1.607317961661901,15.727408014422435,0.8723239295458646,0.4450828765668711,,sparse
23b1facb-b178-4875-86c3-1a2a853a3dae_LivingDiningRoom-14508,livingroom,12.0,0.9984927964334611,13.937219476875795,1.9086368918070566,0.8610038766993682,,dense
23b1facb-b178-4875-86c3-1a2a853a3dae_MasterBedroom-14546,bedroom,8.0,2.019483169040883,11.33964080498741,0.3655236038155205,0.7054897185527635,,neutral
23b1facb-b178-4875-86c3-1a2a853a3dae_SecondBedroom-14527,bedroom,4.0,1.2416854542497564,5.037502563939365,0.2408387589114937,0.7940442608672281,,dense
23c4cd36-eee4-4bd4-93c8-0b07d192d1ef_DiningRoom-20887,diningroom,11.0,1.1913724923157356,14.053335849326244,0.6391937975072599,0.7827323076838992,,dense
23c4cd36-eee4-4bd4-93c8-0b07d192d1ef_MasterBedroom-20776,bedroom,10.0,1.4959187562234044,12.29386882792499,0.8486650075643996,0.8134135917641673,,dense
23f42f25-fdc1-4897-8905-c60a4545e404_MasterBedroom-4089,bedroom,5.0,1.0640488383999789,8.378874103924915,0.7738180986686012,0.5967388861539107,,neutral
23f42f25-fdc1-4897-8905-c60a4545e404_SecondBedroom-6278,bedroom,5.0,0.9058113713678668,5.022176249024802,0.3960431956430811,0.9955843347733748,,dense
2439fa78-a76a-4e6b-acfc-26758a938472_LivingDiningRoom-13186,livingroom,13.0,2.3972134098061506,24.93350034439558,0.5667499701460796,0.5213868819233827,,sparse
244bbf54-71c0-4572-9ea6-765e6faee099_LivingDiningRoom-39494,livingroom,6.0,1.3293889468791646,4.24021493137051,0.4919632708169804,1.415022610200728,,dense
2450e37d-483a-4504-8379-063a0e9035d2_MasterBedroom-16095,bedroom,7.0,1.567805283325927,9.064158146682372,0.7152254954401448,0.7722724920198036,,dense
245f332a-ca6e-43e4-9d9f-fb3e03598b4e_LivingRoom-61164,livingroom,6.0,1.403383257934517,10.145539111665544,0.7897530029465689,0.5913929199781094,,neutral
2463f2a4-6b9d-4410-9d93-a2415fdffd86_MasterBedroom-21684,bedroom,7.0,1.6196354312421262,11.348136058366416,0.471574439299336,0.616841388224214,,neutral
247908e3-d84d-4743-9e31-a783464dd4ec_Bedroom-42376,bedroom,5.0,1.5378672660120674,5.308472885478893,0.20967722482738435,0.9418904660278651,,dense
247908e3-d84d-4743-9e31-a783464dd4ec_LivingDiningRoom-45341,livingroom,11.0,1.3170672747990817,25.348393849091476,0.8248604345823277,0.43395254411333267,,sparse
2479eff0-7d6e-4657-8de9-f0f9358f342a_MasterBedroom-52196,bedroom,5.0,1.302829623222351,5.453276114190357,0.36497925013281995,0.9168800360189253,,dense
249bbe46-04df-4781-ad1a-dd7a60bfccb0_SecondBedroom-8497,bedroom,4.0,1.631241608953829,5.965576078326283,0.4862485065969067,0.670513618044789,,neutral
24caaf37-afd3-4cc9-84b5-f27e9cf84d8a_LivingDiningRoom-35029,livingroom,17.0,1.6567211531853512,24.869498424465796,1.311495049005773,0.6835682694459152,,neutral
24caaf37-afd3-4cc9-84b5-f27e9cf84d8a_SecondBedroom-34979,bedroom,6.0,1.9657990430221781,11.33892809629381,0.18207362247439196,0.5291505465989447,,sparse
24cbb52c-4daf-417f-a324-0e9a055272a9_Bedroom-13369,bedroom,6.0,1.4185759730670668,6.275307272473973,0.46425180955198425,0.9561284793683997,,dense
24dda742-a73b-48ec-af54-f30e11a17e55_SecondBedroom-130,bedroom,5.0,1.2836532955135245,6.111485645327247,0.5483345776510057,0.8181316770044167,,dense
2509242c-0b79-417b-9c1b-9ce1f735ac2f_SecondBedroom-20952,bedroom,4.0,0.9977604525807185,4.428919227498089,0.8736989864354687,0.9031548769652349,,dense
2513701f-f5ab-41b5-9d0b-af10956551bf_DiningRoom-12866,diningroom,7.0,1.6484452115433503,10.368968796967806,0.16390967244971466,0.6750912397428573,,neutral
251ddd5b-6646-414d-9361-7a93ff46ed46_LivingDiningRoom-4316,livingroom,3.0,1.3886679057407976,2.699109333585059,0.25307151443000236,1.1114777614492877,,dense
25235b9f-c9cc-4dca-ac4c-69614e46e9a9_MasterBedroom-196,bedroom,5.0,1.0631004707923422,6.470123294387059,0.705445570782066,0.7727828006519728,,dense
25529ba8-ec0f-43ce-8b82-47f57df67d80_SecondBedroom-10802,bedroom,5.0,1.007051367032183,8.07529418859525,1.011050687977647,0.6191724887325477,,neutral
256d7c62-a550-4dd1-a57b-541a2260bff2_DiningRoom-9824,diningroom,7.0,1.1186253711683163,5.4237916083601565,0.280186615129476,1.2906100575859696,,dense
256d7c62-a550-4dd1-a57b-541a2260bff2_LivingRoom-7264,livingroom,10.0,2.060555963658647,18.2883754146906,0.5204665549305374,0.5467954245934413,,neutral
256dea7e-cb60-4f23-abb9-fd0104445c00_MasterBedroom-6844,bedroom,5.0,1.7645978261348152,8.10299938695121,0.4324526708264222,0.6170554582605334,,neutral
256dea7e-cb60-4f23-abb9-fd0104445c00_SecondBedroom-6797,bedroom,4.0,1.4655090552971017,6.37400784194951,0.16557144815375924,0.6275486474419818,,neutral
257c8ee4-5e27-4da9-b54c-48a476bedb5b_MasterBedroom-13519,bedroom,4.0,0.863947331905365,2.585400352524081,0.7489027916903331,1.5471491663157197,,dense
257c8ee4-5e27-4da9-b54c-48a476bedb5b_SecondBedroom-13353,bedroom,4.0,1.1013581772929264,2.9599075729046067,0.3010655818524355,1.3513935491150264,,dense
257d6d2c-8251-4f06-8880-7ec5cfff78fa_SecondBedroom-36965,bedroom,9.0,0.9786369068607763,6.088771605615446,0.8097095525710536,1.4781306613142848,,dense
25886cb8-4b26-4354-b331-d3ccbbb37b10_MasterBedroom-1288,bedroom,3.0,0.8811065214173682,4.07352093837732,0.8227171083828944,0.7364636257878289,,dense
25886cb8-4b26-4354-b331-d3ccbbb37b10_SecondBedroom-1018,bedroom,4.0,0.9936431128377979,5.309647494395475,0.9472937844582762,0.7533456795808281,,dense
258948d9-50d8-4c90-a6f4-d9d1072e45bb_DiningRoom-71866,diningroom,7.0,1.0038404028493952,8.54477553853478,0.12414191044512807,0.8192140294887521,,dense
258948d9-50d8-4c90-a6f4-d9d1072e45bb_LivingRoom-9117,livingroom,8.0,1.1682171175507823,16.810260955730435,0.5587903135391811,0.47589981030442524,,sparse
258948d9-50d8-4c90-a6f4-d9d1072e45bb_SecondBedroom-9070,bedroom,7.0,1.5392494199388118,12.481246650536939,0.3447811131490968,0.5608414124000075,,neutral
258b12fb-08e1-43df-a3dd-d88793d32621_LivingDiningRoom-35273,livingroom,12.0,1.3454290265368478,20.719187157894485,1.6445755989470934,0.5791733000214598,,neutral
25a7b45c-961d-475a-8969-9c00b0e7d021_Bedroom-116156,bedroom,8.0,2.142035491529969,15.145163651323243,0.5670632184213094,0.5282214299018839,,sparse
25b989a3-3bc5-45fb-93a9-7d9c52217e15_MasterBedroom-12220,bedroom,5.0,1.9245679184702318,8.347359165375167,0.3462303836087847,0.5989918369320913,,neutral
25b989a3-3bc5-45fb-93a9-7d9c52217e15_SecondBedroom-12283,bedroom,4.0,1.6939608778275559,5.772496319139819,0.1486250281543101,0.6929411088123578,,neutral
25ce1678-b167-4e71-8cd6-f7d4425e6d35_MasterBedroom-22264,bedroom,8.0,1.6043916876141362,19.464056141463235,0.523859052350235,0.41101402204435844,,sparse
25d44eea-b095-4d54-9b55-775a600d57bb_SecondBedroom-27194,bedroom,4.0,1.62746358915987,8.931546837384825,0.40702634169519725,0.4478507556224391,,sparse
25eb39fd-8bd2-4fa9-96ea-5f626dbd04a4_MasterBedroom-1683,bedroom,8.0,2.1125346662428632,18.656775321473976,0.5606879262207325,0.4287986461836193,,sparse
25f3c57b-baa1-41d3-95eb-bf0b176823f9_MasterBedroom-9119,bedroom,7.0,1.2257305582364402,5.944898495955255,0.5064514844142276,1.1774801545833973,,dense
25f3c57b-baa1-41d3-95eb-bf0b176823f9_SecondBedroom-9100,bedroom,5.0,1.7010609746918246,7.891384457892858,0.41155325143795873,0.6336023832927143,,neutral
26018cad-b5fe-42cb-9032-9e5a14b45c55_Bedroom-23685,bedroom,5.0,1.7850783599388778,7.188446701749213,0.3865584840446624,0.6955605581360597,,neutral
26018cad-b5fe-42cb-9032-9e5a14b45c55_Bedroom-24236,bedroom,4.0,1.2504379470399758,5.490785314124373,0.18079823410676332,0.7284932429811979,,neutral
261105e5-46ab-4e38-8f70-ac07107cdb2c_Bedroom-1720,bedroom,3.0,1.197220261016531,3.7316341169625935,0.26468500093296116,0.8039373384338881,,dense
26146707-fd21-4520-b1fb-2ff93b2560e3_LivingDiningRoom-15610,livingroom,10.0,2.4100659863710683,18.79348374281331,0.3938995968230997,0.5320993242577514,,sparse
26146707-fd21-4520-b1fb-2ff93b2560e3_MasterBedroom-15661,bedroom,5.0,2.1362822820167104,8.21869865507919,0.2732391102586179,0.6083688196683034,,neutral
2615ddc5-6763-47c0-84a9-b2fe790662c2_LivingRoom-2294,livingroom,13.0,1.7102993084351472,29.589181154089825,1.2847546217776502,0.4393497722123728,,sparse
2615ddc5-6763-47c0-84a9-b2fe790662c2_MasterBedroom-537,bedroom,4.0,1.0795945242281861,6.039831555481774,0.6253651904757881,0.6622701251278416,,neutral
2615ddc5-6763-47c0-84a9-b2fe790662c2_SecondBedroom-2279,bedroom,5.0,0.9605413543497251,6.122289279469732,0.9467932939738111,0.8166879694441788,,dense
261774c0-9480-40b3-a85a-4804c96ea443_MasterBedroom-132469,bedroom,3.0,1.5792858174732245,4.004530314733279,0.13518033891592313,0.7491515269499999,,dense
261774c0-9480-40b3-a85a-4804c96ea443_SecondBedroom-131661,bedroom,4.0,1.9412644125788237,8.389413080818189,0.2165891166027349,0.47679139904860834,,sparse
26387a08-3ebc-4638-83cd-33150de9f17a_LivingDiningRoom-29614,livingroom,12.0,2.062602160392736,27.359477489907217,0.5901368702138071,0.43860486752448924,,sparse
26387a08-3ebc-4638-83cd-33150de9f17a_MasterBedroom-26153,bedroom,7.0,1.4335233333418973,11.3175061403416,0.6011192293273406,0.6185108197156867,,neutral
263d93fc-42cc-45b2-9149-aa9feda6654d_MasterBedroom-11787,bedroom,6.0,1.6694163905685147,5.510331187117572,0.4419681936008744,1.0888637717506362,,dense
26771dc0-2868-4ef9-833f-36d046a91df9_MasterBedroom-30872,bedroom,7.0,1.3626000450811593,9.75748625435726,0.9932728548252593,0.7173978848162978,,neutral
26771dc0-2868-4ef9-833f-36d046a91df9_SecondBedroom-30951,bedroom,3.0,1.1804334032894994,4.848765239528489,0.8439855641875379,0.6187142193528287,,neutral
267ab0f0-2d01-4539-a5b8-d32b78bbb0f3_MasterBedroom-12753,bedroom,4.0,1.506841350034512,4.156085122096638,0.42863799065778174,0.9624441950751247,,dense
267ab0f0-2d01-4539-a5b8-d32b78bbb0f3_SecondBedroom-12671,bedroom,3.0,0.7976119837971769,3.6154171394342463,0.5971408916436851,0.8297797693323573,,dense
26978a48-eab2-444c-9a0b-2fbfb1ace40c_MasterBedroom-1003,bedroom,5.0,1.3055275769535815,12.010454055674018,0.8062870319953768,0.4163039945719524,,sparse
26978a48-eab2-444c-9a0b-2fbfb1ace40c_SecondBedroom-2176,bedroom,4.0,1.293704965283585,5.877968762528899,0.570075419336564,0.680507189064929,,neutral
26abcff9-1d9d-4a8f-8ae8-71d542b54548_LivingDiningRoom-4154,livingroom,14.0,2.3848740415465133,20.84350373722266,0.39435571620832593,0.6716721035244462,,neutral
26b72959-5261-49ef-ba2f-566c0982dce4_Bedroom-10941,bedroom,6.0,1.9222205661208278,17.126857251018027,0.3577464844214458,0.3503269696279717,,sparse
26b72959-5261-49ef-ba2f-566c0982dce4_Bedroom-13131,bedroom,6.0,1.299492737907229,10.685656543715323,0.79958499669576,0.5615003603619328,,neutral
26bc9037-7ff2-477b-b80a-08befb9d261e_Bedroom-19384,bedroom,6.0,1.9417569398777357,16.92466774261831,0.261840422251569,0.35451212935136633,,sparse
26bc9037-7ff2-477b-b80a-08befb9d261e_LivingDiningRoom-18908,livingroom,16.0,4.681019558287507,41.95981216589844,0.407910802532131,0.3813172455763163,,sparse
26c70049-0c0a-4726-a1d0-f488da44d1ef_Bedroom-33048,bedroom,5.0,1.06591040559858,5.675154860559162,0.999947047004632,0.8810332269078134,,dense
26c70049-0c0a-4726-a1d0-f488da44d1ef_Bedroom-35061,bedroom,4.0,0.6419531504313151,4.58594119098077,1.352864240357118,0.872230984528727,,dense
26cdfa24-043c-4bef-94d1-04d37481505f_MasterBedroom-6737,bedroom,6.0,1.3343115648177115,11.055164200451046,0.5896936315055329,0.5427327800120059,,neutral
26de08c8-c3d4-4e30-bb73-94468c9750e2_Bedroom-7232,bedroom,3.0,1.3948552309769937,9.038831537983274,0.6128398844658023,0.3319013068661919,,sparse
26ede85c-343c-47a4-a84d-6afa5dbae091_Bedroom-12129,bedroom,4.0,1.5816227865762542,5.09831834331222,0.4787703291625621,0.7845724277392461,,dense
26ede85c-343c-47a4-a84d-6afa5dbae091_LivingDiningRoom-12169,livingroom,14.0,3.104422204104625,23.661803214206625,0.549098669976817,0.5916708829525872,,neutral
26eef880-4f22-4cb1-9166-5f52a331834c_DiningRoom-3460,diningroom,15.0,2.7135232269738316,25.534947699480682,0.30768739519004107,0.5874302221619613,,neutral
26eef880-4f22-4cb1-9166-5f52a331834c_MasterBedroom-627,bedroom,5.0,1.6729848178804603,6.27213483821621,0.24285306668672077,0.7971767394946496,,dense
27127091-beea-4597-807f-83a71d05b3ac_Bedroom-6033,bedroom,5.0,1.6713674396436438,6.596286130507494,0.3904508603989484,0.7580022911491437,,dense
272aba14-9733-4bc1-8ee1-88c4d289fd80_SecondBedroom-1427,bedroom,4.0,2.075620208150072,5.39428317038813,0.28567920918864015,0.7415257734258307,,dense
274ef293-2cf8-4c9a-8125-814f91d0bc83_SecondBedroom-879,bedroom,5.0,1.881198280424071,7.107327084423392,0.34024857525474883,0.7034993522330123,,neutral
27530db7-0db0-437d-9ca9-12e753d201ab_MasterBedroom-11589,bedroom,3.0,1.3116571596087778,4.298816762474321,0.2678344327136819,0.697866451575213,,neutral
276db613-fc04-47be-b52f-f417d86ec465_MasterBedroom-3943,bedroom,7.0,1.9652598821669496,19.65724754678798,0.6096550686272164,0.35610275463737595,,sparse
27871446-7da7-4557-b554-dca744d3ea87_LivingDiningRoom-4585,livingroom,11.0,2.299187416829599,16.173469727644022,0.5239187054020801,0.6801261686723027,,neutral
27871446-7da7-4557-b554-dca744d3ea87_MasterBedroom-37895,bedroom,7.0,1.4704985644163637,13.690308559781245,0.8957358072834473,0.5113106084814096,,sparse
27871446-7da7-4557-b554-dca744d3ea87_SecondBedroom-90886,bedroom,5.0,0.7177915765016457,5.601127228369587,1.0138305704749746,0.8926774551156612,,dense
27c7f794-45cd-48b8-a5fa-78f8780131f7_SecondBedroom-38398,bedroom,8.0,1.9444239750209817,13.042090822891065,0.6886572746469399,0.6133985806906553,,neutral
27d57b61-d1f5-4551-9fcd-c5a36529f170_MasterBedroom-86447,bedroom,6.0,1.6553920625455958,9.060951462669635,0.7086546754010754,0.6621821146178191,,neutral
2815915a-e5d6-4c4b-9d38-f1e4c72ab476_Bedroom-6294,bedroom,5.0,0.8915342707760603,6.474759857254053,0.9800613742537782,0.7722294124002462,,dense
282c3591-6893-4980-a521-98a540d9c3d0_LivingDiningRoom-2166,livingroom,10.0,1.8351096106632707,12.065799374220564,0.5648738250843105,0.8287888510201578,,dense
285b3ba8-3c18-44ae-8d99-6601d44d1ab7_MasterBedroom-15131,bedroom,6.0,1.386251320835932,8.636616280130326,0.6397846510025348,0.6947165192233665,,neutral
285c4223-33b2-4309-a265-59e3e1430a6c_Bedroom-5993,bedroom,4.0,1.9545483985056464,7.908619315585525,0.1796271726670882,0.5057772843000795,,sparse
2882c0c9-cf09-446e-83b3-9c0fe19601f5_LivingDiningRoom-57605,livingroom,12.0,1.8919875929907992,9.782582506517102,0.5836564424458979,1.2266699505990026,,dense
2882c0c9-cf09-446e-83b3-9c0fe19601f5_MasterBedroom-54753,bedroom,6.0,1.5844274237811276,4.911545172414804,0.5651707959841153,1.2216114866861845,,dense
2882c0c9-cf09-446e-83b3-9c0fe19601f5_SecondBedroom-52968,bedroom,4.0,0.7632541656494141,2.3936159452352257,0.545283872286201,1.6711118623530525,,dense
288e0e0d-63cb-4aa4-83ce-836128375eaa_MasterBedroom-20327,bedroom,6.0,1.4330692748228708,6.427902391375028,0.6815187126969529,0.9334304777326444,,dense
28a0cc8c-1f94-483f-9664-a49f7a804c40_LivingDiningRoom-118815,livingroom,4.0,0.35932421187559765,0.5101801044263767,0.6376237410699938,7.8403684606584525,,dense
28b5e0bd-6017-4298-88da-7af8d5a521a1_Bedroom-32115,bedroom,7.0,2.1893873517271647,18.000888505850213,0.25748231448879694,0.38886969372234204,,sparse
28b5e0bd-6017-4298-88da-7af8d5a521a1_MasterBedroom-136536,bedroom,10.0,1.366431106542408,10.101548897010034,1.153567508561407,0.9899471954206853,,dense
28b6a05c-0f26-4af4-8c3c-4ac7a0448c72_MasterBedroom-13651,bedroom,4.0,2.2025516472117546,14.987455820504506,0.6513436188262869,0.26688986095475625,,sparse
28d091d1-a89f-45b5-b978-4b0c77a0dd14_MasterBedroom-1762595,bedroom,3.0,1.9557822733495973,13.692087021362465,0.4839004053911622,0.2191046547775649,,sparse
28d091d1-a89f-45b5-b978-4b0c77a0dd14_SecondBedroom-1762446,bedroom,5.0,2.0278378687477407,18.014386716786042,0.4900756876076834,0.277555937851658,,sparse
28d29c60-ea18-4761-92d5-58a57b52f2c9_Bedroom-3313,bedroom,8.0,2.005501582208162,16.9451852612303,0.5498428002295827,0.472110506711519,,sparse
28d8d63b-95bb-4993-bdf1-e1da13115118_MasterBedroom-104323,bedroom,3.0,1.6863436892248818,3.930542054068436,0.3854520454589625,0.7632535051736062,,dense
29008880-a914-4152-9397-c417745998d7_Bedroom-29259,bedroom,5.0,1.7805154324964398,6.055877409775377,0.32956721883935064,0.8256441902091705,,dense
291a73b2-97b3-4089-8f0c-6751ac724bb2_MasterBedroom-294,bedroom,4.0,1.5674260479013196,6.308261687384021,0.20496985885069524,0.6340891038175628,,neutral
29281ba9-137b-491f-a9ea-1b51822c4caf_MasterBedroom-42455,bedroom,5.0,1.5094606469259417,8.359788645510164,0.5493046114987349,0.5981012453808119,,neutral
292d569e-d219-4460-957d-4652a488aaa9_Bedroom-1853,bedroom,4.0,0.8103735148906708,2.6300585918086803,1.1663602143910303,1.520878665006933,,dense
296674d1-43cb-468f-a25c-9c1b82ab4318_MasterBedroom-1851,bedroom,6.0,1.590682440892169,5.238900283502942,0.3932154664903303,1.1452785270400596,,dense
29aa7167-1c46-4ce0-8c58-3cfb7a7d15af_SecondBedroom-69556,bedroom,6.0,2.1701009266112776,14.136992166312778,0.19108783516864647,0.4244184285747486,,sparse
29ac53f9-61fe-4397-96ae-b33522d292ae_MasterBedroom-22041,bedroom,5.0,1.2417408070751759,5.825778302964532,0.37836372814276475,0.8582544236974615,,dense
29ac53f9-61fe-4397-96ae-b33522d292ae_SecondBedroom-22098,bedroom,5.0,1.4250089935620784,6.676320567729855,0.28324888487802746,0.748915506569234,,dense
29c77527-8237-4bd3-8110-788c03a1f1cc_Bedroom-396,bedroom,4.0,2.248393000553389,7.129154879586215,0.31547285863436814,0.561076322167399,,neutral
29d13cd2-df94-4a2c-b690-725301e3f32a_MasterBedroom-53935,bedroom,6.0,1.9998066875106568,14.281959786432664,0.3822055957613032,0.4201104112966191,,sparse
29d3b19f-69dc-4a57-a700-43cb0e3a08be_Bedroom-62638,bedroom,5.0,1.7605290893762322,7.803222755971192,0.29270526126257207,0.6407608953843966,,neutral
29d6297d-aa35-4a6e-afef-534b89943229_MasterBedroom-20766,bedroom,3.0,1.9661295770498946,4.186960365154293,0.31343056320858537,0.7165102457064811,,neutral
29de9cfc-57d4-46d9-a40c-bdc7991f6902_LivingDiningRoom-2143,livingroom,15.0,2.9309211079086275,25.580549578366806,0.4207145452453384,0.5863830233219594,,neutral
29de9cfc-57d4-46d9-a40c-bdc7991f6902_MasterBedroom-1054,bedroom,7.0,2.0575014984496782,8.702128553821122,0.3675665532044174,0.8044008953333935,,dense
29df2f75-d808-4034-9eac-37333ee86e20_LivingDiningRoom-8288,livingroom,16.0,2.7958536813575616,31.658066690015634,0.9477922532735594,0.5054004136344215,,sparse
29f0cde3-b19e-4b18-92b0-1e33ed59b304_Bedroom-1093,bedroom,8.0,1.5729928153217916,9.346940566752357,0.600375549177373,0.8558950324833018,,dense
29f0cde3-b19e-4b18-92b0-1e33ed59b304_DiningRoom-6376,diningroom,7.0,1.4406799909598476,6.9413767147522325,0.34516724200740595,1.0084454838941643,,dense
29f92b53-a723-41c9-992c-1d146ce542a7_Bedroom-6993,bedroom,3.0,1.399967907565007,5.0978712981466225,0.25951149199688295,0.5884809216526665,,neutral
29fa37ed-8b21-43fc-a3bf-c079b1833f6f_LivingDiningRoom-33482,livingroom,7.0,1.1755713485431427,8.055522051070918,0.3213748536028859,0.8689691314381549,,dense
29ff87b6-35d4-4333-b2ad-17f37ee8bdae_LivingDiningRoom-113137,livingroom,15.0,2.523561578922926,23.51465886636365,0.45861669237022146,0.6378999621149778,,neutral
2a001497-73d9-4172-a89a-90ce19d94ed2_MasterBedroom-2355,bedroom,4.0,0.8623813081797104,5.351342796243244,0.6032435824672783,0.7474759424509462,,dense
2a11bfd4-f3df-4ef2-9d0b-6536b0c6510a_Bedroom-14136,bedroom,5.0,2.192080759286046,12.66810070467552,0.22547182309797206,0.3946921576140146,,sparse
2a23f8b0-9cf7-4655-be69-10508912fc99_Bedroom-563,bedroom,5.0,1.5609076105740674,12.166631303311409,0.4291508135545842,0.4109600985968189,,sparse
2a28ddb9-f126-4480-a098-de099efdc87a_MasterBedroom-4847,bedroom,6.0,2.359117414532677,18.940305877488544,0.6198096475459439,0.316784746709465,,sparse
2a4d6f1a-5f28-4cba-8895-a0221e4f3dee_MasterBedroom-23537,bedroom,7.0,2.1659650445983725,19.3020690586462,0.3662287189906168,0.3626554220032908,,sparse
2a655d00-ddf8-4b46-a3d6-bb8c60971e68_MasterBedroom-39199,bedroom,4.0,0.8548710346221924,2.8888413263825186,0.3570626421148134,1.3846381812215705,,dense
2a655d00-ddf8-4b46-a3d6-bb8c60971e68_SecondBedroom-33477,bedroom,5.0,1.3208548576658146,6.523881262219458,0.5225121079470298,0.7664149298601695,,dense
2a6c3151-0e15-42e4-878a-e890e9a9d946_LivingDiningRoom-1243,livingroom,16.0,1.4305238858890585,28.249064979426098,1.3074186975013153,0.5663904278478902,,neutral
2a6c3151-0e15-42e4-878a-e890e9a9d946_MasterBedroom-11867,bedroom,4.0,0.8288628260294596,3.103580204844976,0.5746541594033674,1.2888340999712622,,dense
2a6c3151-0e15-42e4-878a-e890e9a9d946_SecondBedroom-12408,bedroom,3.0,0.5652958552042643,3.091769051249599,0.5746613936301095,0.9703182709547763,,dense
2a6d5f03-79ed-4fde-83c4-1548ef7082d0_SecondBedroom-7017,bedroom,6.0,1.6714921831514962,10.11600013324858,0.22957065948749322,0.5931198023890499,,neutral
2a77be2c-c48a-4fd1-b27e-c0153673f884_MasterBedroom-19001,bedroom,5.0,0.973421589771767,6.356860222200663,0.9947339495272483,0.7865518235776253,,dense
2a77be2c-c48a-4fd1-b27e-c0153673f884_SecondBedroom-14518,bedroom,3.0,1.2218696188199358,4.962981010671636,0.8249251120393614,0.6044754137783841,,neutral
2a8a1191-d4cc-46e4-b5ea-65e01954dbfa_SecondBedroom-214733,bedroom,5.0,1.5170823762403995,6.367137661041897,0.3369293432382278,0.7852822203912923,,dense
2a954c43-f0a7-446d-8f1b-769b28adfdf8_LivingDiningRoom-7363,livingroom,15.0,3.5055517540778185,36.09653627760172,0.4203551966521031,0.4155523367849468,,sparse
2aabe005-d9d1-4b73-80a2-21fa2fad8c6f_LivingRoom-29294,livingroom,9.0,1.2570932282178597,12.792308552842634,0.8949568774540371,0.7035477578439172,,neutral
2aabe005-d9d1-4b73-80a2-21fa2fad8c6f_SecondBedroom-84778,bedroom,5.0,1.0968573093414307,3.8403927087111125,0.3750272164067177,1.3019501856303823,,dense
2aaecec7-63e5-46cc-bc6e-5a78282af3b4_LivingRoom-60895,livingroom,8.0,1.6756489859632229,17.8356967157112,0.6700680053878076,0.448538687751565,,sparse
2ad0682d-77c6-420a-bc7c-157447bc6481_MasterBedroom-76652,bedroom,4.0,2.2596613501897815,7.2880643855260585,0.28537974918578557,0.5488425716907654,,neutral
2b1ad3e7-91ce-4447-a950-656a6204d756_DiningRoom-154097,diningroom,6.0,1.425898684392901,5.813173696835767,0.24673712594128155,1.0321384346842977,,dense
2b1ad3e7-91ce-4447-a950-656a6204d756_SecondBedroom-154355,bedroom,7.0,1.6295174161853634,11.283352769175453,0.8161809173411284,0.6203829786411557,,neutral
2b212f2f-0b17-42da-9977-ab31ded5c699_Bedroom-343,bedroom,3.0,1.6708029112370368,1.5958462377472002,0.5942682319645629,1.879880360049596,,dense
2b2d0238-534a-46bd-95f6-2e45a098de5e_MasterBedroom-935,bedroom,9.0,2.1566685777623493,18.766996818052153,0.42333067305307837,0.4795652755342727,,sparse
2b49ac86-df1a-4cf4-b9d7-44b588d1d594_Bedroom-522,bedroom,5.0,1.8738672166668793,8.3923109196025,0.3413100796397075,0.5957834555820799,,neutral
2b49ac86-df1a-4cf4-b9d7-44b588d1d594_LivingDiningRoom-201,livingroom,11.0,2.545325456132525,24.072206482644106,0.6731016659990625,0.45695852633745576,,sparse
2b4ad8be-6aad-48a7-b7cb-5f48463a5aea_Bedroom-86755,bedroom,6.0,1.1783951860419764,7.536466561761042,1.096439543073603,0.7961290547540071,,dense
2b7bbd2f-8e66-45af-bfda-8ccec86cf64d_MasterBedroom-12325,bedroom,4.0,0.9036966774053022,6.331763269562985,0.9078632840774934,0.6317355576491851,,neutral
2b7bbd2f-8e66-45af-bfda-8ccec86cf64d_SecondBedroom-12420,bedroom,5.0,1.9578167106228137,12.701686623611819,0.5386444979363718,0.3936485089078834,,sparse
2b7bdb1f-48bf-4987-a420-b3887e7c4a2c_LivingDiningRoom-46222,livingroom,3.0,4.559254095512117,12.867616336421184,0.06476415559557872,0.23314341378897355,,sparse
2b7bdb1f-48bf-4987-a420-b3887e7c4a2c_MasterBedroom-24725,bedroom,6.0,2.065576362436681,12.395498518568205,0.6407704488451277,0.48404668767553977,,sparse
2b7bdb1f-48bf-4987-a420-b3887e7c4a2c_SecondBedroom-25948,bedroom,4.0,1.6703946887533225,9.895479082242224,0.41285838666092983,0.4042249967642433,,sparse
2b9f82e4-d37a-44bc-949a-c61464bb5b12_Bedroom-32665,bedroom,3.0,0.8514272733111848,4.233335314740913,0.7686494100718606,0.7086610856346978,,neutral
2b9f82e4-d37a-44bc-949a-c61464bb5b12_Bedroom-33188,bedroom,3.0,1.4227676885329998,6.319879567032055,0.5460981727844163,0.47469258997428354,,sparse
2be2628f-bec8-4217-9660-805b1c8a1baa_LivingDiningRoom-142185,livingroom,12.0,3.0814172547827816,23.38489565947532,0.3953731606396257,0.5131517443883793,,sparse
2be2628f-bec8-4217-9660-805b1c8a1baa_MasterBedroom-141734,bedroom,5.0,1.63139980793509,6.995112313198906,0.35685355746231856,0.7147848063233556,,neutral
2be2628f-bec8-4217-9660-805b1c8a1baa_SecondBedroom-140986,bedroom,5.0,1.7153274127824414,7.498728823792876,0.4996471808256446,0.6667796792618228,,neutral
2befd25c-4ad6-4d8d-a817-85f69d9e1197_MasterBedroom-78759,bedroom,5.0,1.4985540742948111,11.274897378650136,0.5411195118038609,0.4434630162991882,,sparse
2befd25c-4ad6-4d8d-a817-85f69d9e1197_SecondBedroom-78718,bedroom,3.0,0.9898255285944647,5.073512988724376,0.49677188090868646,0.5913062618874431,,neutral
2bfba6fb-59bf-4cde-a606-6a5a95017905_MasterBedroom-5048,bedroom,8.0,1.6055524127970695,6.882727326730586,0.5051007857444029,1.1623299340844493,,dense
2c1a198e-8bc6-490c-ada7-bc66729b7151_Bedroom-125104,bedroom,4.0,1.9712086567944773,7.838090479672541,0.2940207660007688,0.5103283778585714,,sparse
2c1b1eb9-e5ce-4cdb-815e-32d3b6e8ca4f_MasterBedroom-50988,bedroom,3.0,2.2896881255943686,6.182708751739019,0.2507086723938023,0.4852242148971008,,sparse
2c1b1eb9-e5ce-4cdb-815e-32d3b6e8ca4f_SecondBedroom-50464,bedroom,4.0,1.6486423207189678,7.294854704424422,0.6704274208679417,0.5483316888510403,,neutral
2c213709-c572-4f58-92c8-d2a42199314a_SecondBedroom-2311,bedroom,4.0,1.4320149093059689,5.896472341993491,0.47566100297987624,0.6783717056574325,,neutral
2c324317-0e3e-488a-a456-37fcd2cd90df_Bedroom-88515,bedroom,7.0,1.8080466023421542,17.18493050504634,0.33968208482915124,0.40733362278913243,,sparse
2c324317-0e3e-488a-a456-37fcd2cd90df_LivingRoom-88888,livingroom,13.0,1.8741822750964896,21.978198076336763,0.5259205744450932,0.5914952606600035,,neutral
2c36d890-0d02-438e-9dfc-b817f31c3f44_Bedroom-17400,bedroom,4.0,1.924215885286339,8.987814126601027,0.24519670914330324,0.44504703186521094,,sparse
2c36d890-0d02-438e-9dfc-b817f31c3f44_Bedroom-17464,bedroom,4.0,1.7395747575532248,5.881176594837331,0.35990941496217516,0.6801360128364989,,neutral
2c36d890-0d02-438e-9dfc-b817f31c3f44_Bedroom-17515,bedroom,3.0,1.5709441538071196,4.86421550286152,0.23878936552652782,0.6167489903017579,,neutral
2c36d890-0d02-438e-9dfc-b817f31c3f44_DiningRoom-17537,diningroom,10.0,1.6928666631162936,15.242319420313065,0.42204874200283543,0.6560681300690527,,neutral
2c36d890-0d02-438e-9dfc-b817f31c3f44_MasterBedroom-17448,bedroom,4.0,1.7535652610656667,7.283811828581586,0.4976042145785656,0.5491630061479692,,neutral
2c3e8bd4-73ff-47eb-8d50-29fd2a20325e_DiningRoom-39386,diningroom,4.0,1.3245428754152302,4.01712107624623,0.3038384334219253,0.9957379735583601,,dense
2c55e5c8-0ec5-4f98-b0cc-1c6dd0418815_MasterBedroom-13916,bedroom,5.0,0.9031664717533424,5.815048828257577,0.6595470417822705,0.8598380078432121,,dense
2c55e5c8-0ec5-4f98-b0cc-1c6dd0418815_SecondBedroom-14044,bedroom,4.0,1.0092665788036763,5.659282584110535,0.6268816980576626,0.7068033696056683,,neutral
2c6130fe-0d6d-4b7c-a496-e211c5c8a75a_MasterBedroom-20798,bedroom,5.0,2.75553831466184,18.64015018044742,0.2688582575224638,0.2682381821818554,,sparse
2c64981c-1d61-49a9-9e5b-2c49888a9099_Bedroom-83360,bedroom,6.0,2.1294425694946195,14.681265522936702,0.1999353382313554,0.40868411450131015,,sparse
2c693484-0e24-48ef-9b64-b41633a35bf6_MasterBedroom-470,bedroom,4.0,1.166651157835078,6.098023096804195,0.7690491770229644,0.6559502869210662,,neutral
2c6d0cdd-d4f0-4937-8401-3c13680aaa61_Bedroom-933,bedroom,4.0,0.959484169364785,5.327799677879112,0.8863509546387242,0.750778978535529,,dense
2c987637-94e6-47e2-829b-4816f919a3dc_MasterBedroom-9477,bedroom,4.0,0.8471254110336321,2.8214872436187957,0.46008940418523486,1.4176920377884332,,dense
2c987637-94e6-47e2-829b-4816f919a3dc_SecondBedroom-8018,bedroom,3.0,0.7731520334879557,2.3227530024046246,1.0838299340655309,1.2915708200115368,,dense
2cc4bb7c-edb2-45bc-a958-26b9ac800a4e_MasterBedroom-10209,bedroom,4.0,1.0116619365481392,3.8564554100605677,0.460462873497097,1.0372218980063814,,dense
2ccbadbd-5c68-4b09-90fb-0c79585cef29_SecondBedroom-16072,bedroom,5.0,1.387260089529572,4.983059992422568,0.3882432636935719,1.0033995190913196,,dense
2ce51e58-c45f-424d-b333-5b56d1641f68_MasterBedroom-26907,bedroom,6.0,1.6058589410740325,10.031275802326586,0.3045962568186067,0.5981293026165625,,neutral
2ce51e58-c45f-424d-b333-5b56d1641f68_SecondBedroom-26863,bedroom,3.0,1.4392095190113323,7.446920800353416,0.3710599887886327,0.4028510683043153,,sparse
2cfba055-1bf9-49ee-a012-e7729b2e3c7f_LivingDiningRoom-126850,livingroom,13.0,1.9846560737966292,19.059276095985275,0.6373759563984808,0.6820825688515197,,neutral
2d2070db-89e5-4ade-84e5-0f446ee02e27_Bedroom-10640,bedroom,4.0,1.8480124514847578,5.719549874579312,0.36570240352253275,0.6993557338800566,,neutral
2d38c33c-6311-4497-b68e-018b544912a2_Bedroom-10660,bedroom,4.0,1.9847502620410433,6.789629578105381,0.24325767269195445,0.5891337596529359,,neutral
2d38c33c-6311-4497-b68e-018b544912a2_Bedroom-10786,bedroom,4.0,2.010898422595058,11.8543454093763,0.5292776391506054,0.3374290069898051,,sparse
2d424221-26f3-472e-9ea1-c7c11a1fb796_LivingDiningRoom-1446,livingroom,18.0,3.7881149940535876,31.480394291121936,0.6381602718343138,0.5717844520478684,,neutral
2d424221-26f3-472e-9ea1-c7c11a1fb796_MasterBedroom-2763,bedroom,5.0,1.8660688896880466,14.770695619550398,0.34902016056444357,0.3385080925628196,,sparse
2d424221-26f3-472e-9ea1-c7c11a1fb796_SecondBedroom-1891,bedroom,3.0,1.8492387232967182,7.155364293894218,0.35747446764387214,0.41926586499026275,,sparse
2d485e95-fb65-44eb-ba85-0de22a0b80f6_Bedroom-151327,bedroom,4.0,1.4434703593381115,5.40764265467872,0.24340549289966862,0.7396938472883705,,dense
2d485e95-fb65-44eb-ba85-0de22a0b80f6_LivingDiningRoom-152170,livingroom,10.0,1.8232809781553752,19.20754070771447,0.5119583929431779,0.5206288588514418,,sparse
2d4dceda-1875-4f72-9bbf-d12cb8d9c7a6_Bedroom-124,bedroom,5.0,2.0852976437695823,10.261194552029922,0.3430036963564608,0.4872727024760362,,sparse
2d4dceda-1875-4f72-9bbf-d12cb8d9c7a6_Bedroom-517,bedroom,4.0,1.7070778995323879,8.833605651195274,0.30675081356565603,0.4528162290625641,,sparse
2d50e51d-fb9f-4464-836c-f9f2b269cbea_SecondBedroom-10368,bedroom,4.0,1.4815536424729707,5.233088997561141,0.4132216161309407,0.7643668972310969,,dense
2d5c6029-ecfd-454a-969a-af5bafd30e3f_LivingDiningRoom-23254,livingroom,14.0,2.137714564914697,18.694780628338236,0.49853681480449646,0.7488721198888145,,dense
2d5c6029-ecfd-454a-969a-af5bafd30e3f_MasterBedroom-24185,bedroom,6.0,1.8721789314999158,7.189438269971887,0.2685135011654731,0.8345575516045793,,dense
2d728150-ecd3-4648-b584-68de8e9f9a89_MasterBedroom-120616,bedroom,5.0,1.8557812513870267,6.788639911442682,0.3192502429850644,0.7365245564980083,,dense
2d728150-ecd3-4648-b584-68de8e9f9a89_SecondBedroom-119762,bedroom,7.0,2.107851865451455,20.677315974989583,0.4950181559139821,0.3385352338991631,,sparse
2d734555-b563-4d64-8d48-a5bf8cef7d75_MasterBedroom-36745,bedroom,3.0,2.101508299509684,2.267969235918884,0.6992480336690932,1.3227692653355276,,dense
2d734555-b563-4d64-8d48-a5bf8cef7d75_SecondBedroom-30670,bedroom,3.0,2.1307238257591785,6.526850799734687,0.2504847799023459,0.4596397392938641,,sparse
2d821cac-8858-4661-bdce-4ef65f59af0e_SecondBedroom-5349,bedroom,3.0,0.7590000629425049,1.1674959381407841,1.0051956299037814,2.5696020876761634,,dense
2da2523f-1852-4a2a-9809-37dba6c8b959_Bedroom-13499,bedroom,3.0,0.6886836687723795,1.5025429270985362,0.6259525406599404,1.9966151687879605,,dense
2da2523f-1852-4a2a-9809-37dba6c8b959_MasterBedroom-14596,bedroom,3.0,1.1699093452798988,3.4434384101401605,0.3961258082559219,0.8712222037036199,,dense
2db22595-4053-4976-93c3-244fc17a0cbf_MasterBedroom-46100,bedroom,8.0,2.2666898648678306,20.01088550721858,0.45103445302635314,0.39978240828543743,,sparse
2dc39940-b53e-4451-84f8-ce8cf3aa9171_Bedroom-10751,bedroom,7.0,1.6277863276150473,9.622251235261466,0.6543475186806413,0.7274804854759946,,neutral
2dcff54f-32ee-4427-9187-5dc5ac80f26c_SecondBedroom-8016,bedroom,5.0,0.8439500386252508,5.559707984653725,0.88989785126787,0.8993278089067505,,dense
2de27e8e-9388-4c17-8760-a8bdbe23931b_MasterBedroom-30887,bedroom,3.0,0.6146159172058123,3.386263704113428,0.6763000792256607,0.8859321842996993,,dense
2deeee08-d427-4827-93cf-4314c594d488_LivingDiningRoom-20192,livingroom,19.0,2.560310285608151,28.02478478703536,0.7066911047891817,0.6779713080540641,,neutral
2df891e0-29c2-49c5-9260-db814a9e397c_MasterBedroom-19265,bedroom,5.0,2.3345171752529255,15.22943068863697,0.2035332906234527,0.32831168165272356,,sparse
2e03c81c-fc03-472c-91c8-025217a1ef58_Bedroom-207892,bedroom,8.0,2.1320237026184268,18.771774916623407,0.2658724719741169,0.4261717411130672,,sparse
2e03c81c-fc03-472c-91c8-025217a1ef58_Bedroom-208237,bedroom,4.0,2.025499712173571,7.378779669035371,0.3801636526213252,0.5420950589954288,,neutral
2e173d63-1462-4df1-938a-11415d0662f9_MasterBedroom-5264,bedroom,6.0,1.4492588362888634,9.71932625034333,0.8645264576359915,0.6173267411193294,,neutral
2e173d63-1462-4df1-938a-11415d0662f9_SecondBedroom-5283,bedroom,6.0,1.709345150658286,15.204757873938474,0.9122000125990906,0.39461332102395563,,sparse
2e1c9079-14c8-4459-8831-b63eef7883c8_Bedroom-14501,bedroom,6.0,1.3150516620409478,9.759778037370218,0.46725915061943635,0.614768079461027,,neutral
2e1c9079-14c8-4459-8831-b63eef7883c8_LivingDiningRoom-14772,livingroom,5.0,1.3871644119933852,9.679221116449611,0.625564268643603,0.516570490522488,,sparse
2e3dc383-7463-471b-a083-5c74edc8cc8b_Bedroom-70215,bedroom,7.0,1.9493801922074927,11.350485238533068,0.1720734160162022,0.6167137221795707,,neutral
2e410f39-cbe5-4403-a7bc-3b683ba72a07_LivingDiningRoom-6157,livingroom,15.0,3.258584222753172,30.975953497804706,0.4685297274067997,0.4842465947355927,,sparse
2e4fd266-4688-4343-896d-61b28ad746f0_Bedroom-13247,bedroom,5.0,1.9275734291970295,8.592415559344305,0.2887539081259205,0.5819085407900773,,neutral
2e6f78b9-74f5-4273-adfe-6d07f1cf115c_DiningRoom-19847,diningroom,9.0,1.6321968619160563,11.946653712905352,0.8351512734373264,0.753349031141479,,dense
2e6f78b9-74f5-4273-adfe-6d07f1cf115c_MasterBedroom-19652,bedroom,7.0,1.6406447413026026,14.667674756723969,0.460415618121295,0.477239924943867,,sparse
2e6fc977-82f9-4a00-9501-9d6a0c30911b_SecondBedroom-2743,bedroom,5.0,2.2300522538487444,15.285678495410929,0.6115558114322972,0.3271035696257187,,sparse
2e82690f-7099-4b37-9375-f62598968df1_SecondBedroom-2658,bedroom,4.0,1.6121130595496027,6.575452178759255,0.24956381088515264,0.6083231831449155,,neutral
2ea5c247-dd92-4e06-a1c1-3cb9ee376c13_Bedroom-766,bedroom,5.0,1.2448014961879632,5.034171910699646,0.2543228299342226,0.9932120095805594,,dense
2ea863a1-3dc9-4c00-8cb4-dc4b19c40589_MasterBedroom-13158,bedroom,7.0,1.4687413303201249,12.58147834555893,0.5837283647218782,0.5563734092083776,,neutral
2ec90c50-4ece-40be-bb69-a2150a4678a9_MasterBedroom-78468,bedroom,6.0,1.3691398518873314,11.919549287309401,0.6526190091419006,0.5033747380354496,,sparse
2ec90c50-4ece-40be-bb69-a2150a4678a9_SecondBedroom-78515,bedroom,8.0,1.1005344901766099,5.9780670530733016,1.086940342349396,1.3382252037282236,,dense
2ed23edd-aebf-4fdc-bbe5-660409e5ae00_LivingDiningRoom-11161,livingroom,11.0,2.340673271085637,25.794701246444887,0.8213024330169075,0.42644417141741686,,sparse
2ed33be0-a360-4da2-99cd-fe2437967071_MasterBedroom-16950,bedroom,4.0,2.092765436716963,12.604447112551426,0.6128723601213305,0.31734831082093445,,sparse
2ed67650-9178-4ba8-b112-94a8893cb278_Bedroom-25908,bedroom,6.0,1.333198680343783,11.223220815728169,0.7031772328433606,0.5346058942003198,,neutral
2eda727a-ae93-4af9-bf12-4104825a19d6_LivingRoom-6833,livingroom,11.0,1.4656285693390139,16.14674110589546,1.2862298169306459,0.6812520203215313,,neutral
2eda727a-ae93-4af9-bf12-4104825a19d6_MasterBedroom-6887,bedroom,4.0,2.204952405298656,7.902846712434718,0.3325995882654577,0.5061467273186773,,sparse
2eeb434c-855e-4298-a8d5-29b1ca838608_SecondBedroom-5811,bedroom,4.0,1.6127808195959668,10.94008392977243,0.31132789365702596,0.3656279079463338,,sparse
2ef0b2f0-4df2-4bc3-8312-f378e49d89a7_MasterBedroom-16935,bedroom,5.0,2.3122594990618226,10.502712043484815,0.12597097587687844,0.47606751278129805,,sparse
2ef0b2f0-4df2-4bc3-8312-f378e49d89a7_SecondBedroom-16870,bedroom,4.0,1.5960673736520483,5.809903995936121,0.1723281723920681,0.6884795347389384,,neutral
2f02d9e6-8490-47a6-bcdb-2f2f99ac8294_MasterBedroom-5710,bedroom,9.0,1.5618778383713523,10.042224461555785,0.8393765485783965,0.896215777137258,,dense
2f0b781b-d111-40ad-8881-68e7f9a68e67_LivingDiningRoom-61958,livingroom,12.0,1.2968356240545813,15.438459543895746,1.143787069264675,0.7772796220944668,,dense
2f0f2f3a-5c75-47fe-8a44-494e9a5598a6_Bedroom-28090,bedroom,3.0,0.6875726381937662,2.617837262542233,1.5441593053518663,1.1459841461216886,,dense
2f2433ee-e2cc-416e-8127-f5abd01550b2_MasterBedroom-267972,bedroom,6.0,1.3400758982608032,9.261114862670878,0.591948301250091,0.6478701634707528,,neutral
2f2433ee-e2cc-416e-8127-f5abd01550b2_SecondBedroom-268980,bedroom,3.0,1.1736995379130046,0.7937901234143749,0.6705202490897215,3.7793365166801625,,dense
2f2aea48-6acc-4236-bf29-b2b9e450557c_LivingDiningRoom-132916,livingroom,7.0,2.203924468585423,19.809719108701454,0.2653751387648859,0.3533619008724479,,sparse
2f2aea48-6acc-4236-bf29-b2b9e450557c_MasterBedroom-132843,bedroom,3.0,1.3359186748033334,6.980726644156799,0.6936974605577864,0.4297546878606317,,sparse
2f2aea48-6acc-4236-bf29-b2b9e450557c_SecondBedroom-127291,bedroom,4.0,1.6135780776512672,5.968304393060942,0.4085796663182396,0.6702071034866462,,neutral
2f47a9b4-2f26-4c54-9e85-fb78df28c1b1_SecondBedroom-17691,bedroom,3.0,2.1974223925709926,6.107753676293044,0.23886817915720998,0.49117894384712296,,sparse
2f51aa40-46cb-43e4-b929-b18926ef86af_SecondBedroom-8325,bedroom,4.0,2.0101501818681733,8.49852052236887,0.33020297185260655,0.47067015834951986,,sparse
2f5fc1b6-c9d2-4388-a8ed-b2144f30781f_Bedroom-56759,bedroom,4.0,1.4653965805967648,2.60393799577059,0.8898998364059709,1.5361348874270218,,dense
2f66749c-c9a5-4cac-95e0-16672d074cde_Bedroom-4142,bedroom,8.0,1.946284327711671,10.426708959437892,0.5548655422562349,0.767260314939421,,dense
2f9fc349-3878-448e-8f34-c3660a3bf106_MasterBedroom-4381,bedroom,7.0,1.3785284757614136,7.543453005529071,0.7137024442572847,0.9279569972622962,,dense
2f9fc349-3878-448e-8f34-c3660a3bf106_SecondBedroom-4103,bedroom,5.0,1.3029496669769292,4.21506578316351,0.2870859162818332,1.1862211071466071,,dense
2fca4177-ee2b-4165-aad6-3ad38d344655_MasterBedroom-9481,bedroom,6.0,1.7727728351089038,14.624687810425423,0.3950021589972512,0.41026516789799866,,sparse
2fca4177-ee2b-4165-aad6-3ad38d344655_SecondBedroom-10225,bedroom,7.0,1.840072985767825,15.643988397676251,0.3786311471169767,0.44745622548785424,,sparse
2fe35e65-12fe-4cef-a2ab-e77718407d40_SecondBedroom-12268,bedroom,5.0,1.5852383859779673,5.383740354102965,0.3740632015511356,0.9287223512161921,,dense
2fee88c4-7d23-4a57-ac24-ad3c1eefb992_LivingDiningRoom-6295,livingroom,13.0,2.714427398647421,22.86065125694515,0.5588100046872235,0.5686627145432067,,neutral
2fee88c4-7d23-4a57-ac24-ad3c1eefb992_MasterBedroom-9934,bedroom,4.0,2.0588458202745703,14.566480951208568,0.33467879925371863,0.2746030433430199,,sparse
2fee88c4-7d23-4a57-ac24-ad3c1eefb992_SecondBedroom-4082,bedroom,7.0,1.849585925261452,10.044587641198985,0.36932016482785124,0.696892719745779,,neutral
30054695-4a17-4698-a482-06047262a526_LivingDiningRoom-6746,livingroom,11.0,1.9409259038110596,20.524876495821623,0.6420727283182076,0.5359350153575511,,neutral
30054695-4a17-4698-a482-06047262a526_SecondBedroom-6800,bedroom,5.0,1.573937359307702,13.216992864993419,0.35257048646868455,0.37830087759546427,,sparse
300a30a0-69d3-46c3-99ae-98cc2665ea28_Bedroom-35152,bedroom,4.0,2.031669193364177,9.04238541629472,0.45238934595055297,0.4423611487287247,,sparse
300a30a0-69d3-46c3-99ae-98cc2665ea28_MasterBedroom-35272,bedroom,7.0,1.759593429320234,11.626642824315491,0.6013212394973699,0.6020654548155967,,neutral
30157c7f-112e-4fdc-870a-2e48a372c3a1_MasterBedroom-31461,bedroom,6.0,0.6889904715276137,6.2342180735561685,0.7634911521509766,0.9624302405221182,,dense
30157c7f-112e-4fdc-870a-2e48a372c3a1_SecondBedroom-8691,bedroom,4.0,1.0248879836501892,5.9339431255944035,0.408030363016953,0.6740880246639236,,neutral
3016ecbb-ddfd-4a33-a2db-0245e539ac6e_LivingRoom-20182,livingroom,8.0,1.3589285204503079,11.609617685983649,0.44577767165733706,0.6890838455135729,,neutral
3016ecbb-ddfd-4a33-a2db-0245e539ac6e_SecondBedroom-25516,bedroom,7.0,1.6862907042891133,10.426354060177395,0.5378385227635791,0.6713756275298501,,neutral
30249602-dae4-41e3-9abf-2b505492787b_MasterBedroom-5452,bedroom,8.0,1.5900509414140138,11.43206238693211,0.539356391767797,0.6997862440940429,,neutral
30365113-99d7-4c1c-b4a4-19a20b566ba3_MasterBedroom-3269,bedroom,7.0,0.7244934692631226,7.671553445076751,1.0100527648337496,0.9124618697002336,,dense
3036ad25-dfe4-469b-9ab9-3fec36c348e8_MasterBedroom-10543,bedroom,5.0,1.7050960581029302,7.087459265002857,0.37488395408755837,0.7054714267903428,,neutral
3036ad25-dfe4-469b-9ab9-3fec36c348e8_SecondBedroom-10500,bedroom,4.0,1.9549351252059515,5.887922679204573,0.2606457127257655,0.6793567473512371,,neutral
305d3251-8f1e-4cca-9227-011187146d89_LivingRoom-69073,livingroom,7.0,1.5805894274861678,15.280126581466515,0.6819024779007452,0.4581113881929748,,sparse
305d3251-8f1e-4cca-9227-011187146d89_MasterBedroom-69048,bedroom,8.0,2.061565206313006,19.205903386582797,0.48601120243224566,0.41653859435681545,,sparse
305d3251-8f1e-4cca-9227-011187146d89_SecondBedroom-69136,bedroom,6.0,1.6119502780797414,11.700994404546991,0.5129734694431034,0.5127769309648083,,sparse
30676bda-6d34-4efc-a32d-3f13f19ba2d7_Bedroom-12002,bedroom,6.0,1.7031540870666504,8.076344716142305,0.5037537331261842,0.7429103401205392,,dense
3080f4d4-c02f-4a2c-82b0-d24677fd59a9_Bedroom-28795,bedroom,5.0,1.381255428510681,5.984508402958884,0.39425297482971566,0.8354905137283926,,dense
30b4457b-420a-4c1b-b951-b589e741229c_MasterBedroom-27377,bedroom,5.0,1.6261299163771916,6.383693471862039,0.3077596985537921,0.7832456276353078,,dense
30b4457b-420a-4c1b-b951-b589e741229c_SecondBedroom-83138,bedroom,5.0,1.405246611142856,5.787232256990146,0.3384817122037234,0.8639708548003612,,dense
30c0c5d6-30c7-43fc-95b1-e7424df97d77_Bedroom-35027,bedroom,7.0,2.752558087738012,22.66541085501357,0.42981343694400714,0.3088406402503666,,sparse
30c0c5d6-30c7-43fc-95b1-e7424df97d77_Bedroom-46399,bedroom,6.0,1.3456873045388273,8.233966692610792,0.7880866362901328,0.7286888839840017,,neutral
30c0c5d6-30c7-43fc-95b1-e7424df97d77_Bedroom-46540,bedroom,5.0,2.2771468804084356,10.560392393777212,0.28605499892664865,0.47346725515107624,,sparse
30c0c5d6-30c7-43fc-95b1-e7424df97d77_Bedroom-47437,bedroom,3.0,2.024375915653429,2.0851135594491703,0.6758848365606156,1.4387705582771797,,dense
30f12fbf-3033-4c68-878c-497d0251b75a_LivingDiningRoom-58272,livingroom,15.0,2.834829490084787,15.391408284918626,0.40005504393702446,0.9745696899417482,,dense
30f12fbf-3033-4c68-878c-497d0251b75a_SecondBedroom-58235,bedroom,4.0,1.5345111555413873,9.050588683028467,0.4959594617985106,0.4419602017160212,,sparse
30f2574f-dd2d-4e97-a937-dce8be2af98e_LivingDiningRoom-118911,livingroom,14.0,3.0349742277198577,21.90599739995526,0.259299763337172,0.6390943879153657,,neutral
30f2574f-dd2d-4e97-a937-dce8be2af98e_MasterBedroom-118964,bedroom,3.0,1.7174344719018082,5.208029398848672,0.16249827172916717,0.5760336146841267,,neutral
30f2574f-dd2d-4e97-a937-dce8be2af98e_SecondBedroom-118939,bedroom,7.0,1.9146674566397752,9.226191236775836,0.2972504991513435,0.7587096148731255,,dense
31067a38-bcda-4496-9cbf-f0d8e538ed7e_DiningRoom-12114,diningroom,6.0,0.7638331890106201,1.1241827996870235,1.1718632274750729,5.337210284368718,,dense
31067a38-bcda-4496-9cbf-f0d8e538ed7e_LivingRoom-12203,livingroom,8.0,1.882202351176595,14.372668659401615,0.5777076535455858,0.5566120105862837,,neutral
31067a38-bcda-4496-9cbf-f0d8e538ed7e_MasterBedroom-15309,bedroom,5.0,1.7001587696784686,6.175272673811889,0.2883264241305693,0.8096808455445235,,dense
31067a38-bcda-4496-9cbf-f0d8e538ed7e_SecondBedroom-7004,bedroom,5.0,1.6377370745454811,6.39636197611355,0.4492033872841445,0.7816943472980271,,dense
31134f8d-e819-4619-bb54-a19e5f54073f_Bedroom-3651,bedroom,7.0,1.4315188730617454,8.38487980447448,0.9678439999687832,0.8348360576694901,,dense
311508e8-72de-4e63-bb1c-439f85f11bbd_MasterBedroom-2605,bedroom,6.0,1.4293480904207798,9.53022254296517,0.5802023053231111,0.6295760642472049,,neutral
312b2349-10f9-4ff3-bbee-ae179761c21d_DiningRoom-7217,diningroom,6.0,1.2757540944013848,4.74244066803218,0.3109549487500848,1.265171336869804,,dense
312b2349-10f9-4ff3-bbee-ae179761c21d_MasterBedroom-7098,bedroom,5.0,1.1326514752838266,6.590785243499107,0.7826962336197454,0.7586349448924624,,dense
312c3afe-ae86-4823-b67e-292660fc85f8_SecondBedroom-739,bedroom,4.0,0.8799531857172648,1.4893303639522415,0.9360062164459083,2.685770797947868,,dense
3148a6a4-60e2-441e-a1d8-5d1ba681f11e_Bedroom-171,bedroom,4.0,1.5614207657855494,9.273794521210693,0.5300304249074503,0.4313229057265979,,sparse
315408d8-5cf4-4e47-a59d-f054282e8119_LivingRoom-104297,livingroom,12.0,2.6383895738073977,18.987650018035016,0.545528821194942,0.631989740099594,,neutral
315c503f-8ff6-4359-9c0a-321b144e89b9_MasterBedroom-144863,bedroom,5.0,1.0020339642452774,5.164813727214272,0.8347850585135842,0.9680891246191823,,dense
31669d15-2f3f-4f8e-b155-569ccba2c33b_Bedroom-67513,bedroom,9.0,2.1091858334342075,16.199454562585508,0.8281243409016187,0.555574261172134,,neutral
31669d15-2f3f-4f8e-b155-569ccba2c33b_Bedroom-68021,bedroom,5.0,1.6159911054183944,13.541513809114978,0.5258546317026498,0.3692349371334268,,sparse
3186dc14-6778-4412-8792-68bbc2dae22a_MasterBedroom-2363,bedroom,6.0,1.7089578502761098,13.76003800336176,0.3885006728870201,0.4360453073264856,,sparse
3187cbc7-4da1-4ae6-811a-96adc72cb1d2_LivingDiningRoom-18022,livingroom,11.0,2.5647846289118568,28.34923918850095,0.3414745976461416,0.38801746765965534,,sparse
3187cbc7-4da1-4ae6-811a-96adc72cb1d2_MasterBedroom-18110,bedroom,5.0,2.068295469032679,12.154232217314096,0.1921791303284092,0.41137933771557683,,sparse
3187cbc7-4da1-4ae6-811a-96adc72cb1d2_SecondBedroom-18044,bedroom,5.0,1.6235130819973123,7.7784651445968045,0.46187348670037676,0.6428003349058106,,neutral
31bc6da9-67c9-4b81-b046-bc5752296b30_Bedroom-110,bedroom,6.0,1.9137280217672055,16.756847705306836,0.518688966862027,0.3580625727176491,,sparse
31c76e1b-92f5-402a-8685-63a845bc6c6c_MasterBedroom-2224,bedroom,8.0,1.6202055230141743,12.166154216744529,0.938881493030689,0.6575619425396922,,neutral
31c76e1b-92f5-402a-8685-63a845bc6c6c_SecondBedroom-714,bedroom,5.0,1.1268478670891267,5.222264401956643,0.7595143385184212,0.9574390753035471,,dense
31d93b50-3d5d-4962-ab4e-d92c0249ec74_MasterBedroom-10211,bedroom,11.0,2.6021902436494195,23.167479335024318,0.4535182659316877,0.47480348815377305,,sparse
31d93b50-3d5d-4962-ab4e-d92c0249ec74_SecondBedroom-27170,bedroom,5.0,1.886104418939846,8.004012963485005,0.3191804736936151,0.6246866444132999,,neutral
320753f3-80d9-4237-9f59-38c4201a2782_Bedroom-2207,bedroom,4.0,1.0986614419025285,7.751947041342469,0.7367576263217981,0.5159993971407842,,sparse
320753f3-80d9-4237-9f59-38c4201a2782_Bedroom-4256,bedroom,4.0,1.8944349272743457,7.940591904756917,0.482276546469004,0.5037407850671367,,sparse
320753f3-80d9-4237-9f59-38c4201a2782_Bedroom-6012,bedroom,8.0,2.3203755952343883,17.359672941507263,0.2284073285747231,0.46083817517505576,,sparse
320753f3-80d9-4237-9f59-38c4201a2782_DiningRoom-5417,diningroom,7.0,1.0451341771098837,7.366142553896623,0.7070281591079125,0.9502938544539928,,dense
320753f3-80d9-4237-9f59-38c4201a2782_SecondBedroom-591,bedroom,6.0,2.223017870433771,15.834311460269689,0.18892226532989145,0.3789239598485079,,sparse
320dc0a4-0acf-4880-97c5-33273d37bd93_Bedroom-21192,bedroom,5.0,1.2848109157403294,6.055413612568164,0.3684658938437771,0.8257074280809445,,dense
32216876-8786-4e76-a06c-bce05e2192e2_MasterBedroom-1629,bedroom,6.0,1.338300683348431,10.654605410679725,0.7080491986559543,0.5631367628111177,,neutral
32216876-8786-4e76-a06c-bce05e2192e2_SecondBedroom-1309,bedroom,6.0,0.9869683362867225,6.2024523702346315,0.77750115454746,0.9673593027161008,,dense
32320a79-b44d-45cf-8742-a654a5348bba_LivingDiningRoom-53384,livingroom,11.0,1.8222498191613306,26.80705558466091,0.7004782900091221,0.41033973183889083,,sparse
32320a79-b44d-45cf-8742-a654a5348bba_MasterBedroom-53441,bedroom,6.0,1.1798855145772298,5.549895182446951,0.3588940579840208,1.0811014988132799,,dense
324e4fe5-cbcb-46f7-9dd3-64549d0eb3a1_SecondBedroom-116,bedroom,4.0,1.5794836488972335,8.754121589634998,0.15211450686750003,0.45692762649493646,,sparse
324e817c-96c3-43c0-a96d-70b8c8a35f6f_MasterBedroom-91485,bedroom,5.0,1.4938022566392353,11.167592484683803,0.5795079373641887,0.44772407364052996,,sparse
326567e9-39d0-4dd4-ad64-acd6e6b1d97d_MasterBedroom-17579,bedroom,4.0,1.546267355465733,4.994240710642149,0.3489415187242153,0.8009225489425175,,dense
326567e9-39d0-4dd4-ad64-acd6e6b1d97d_SecondBedroom-17713,bedroom,5.0,0.835344394091068,3.292811098873725,0.679748840143212,1.518459410474595,,dense
328ada87-9de8-4283-879d-58bffe5eb37a_LivingDiningRoom-5343,livingroom,16.0,3.0969751642467447,28.3412780590076,0.6489498444159819,0.5645475820351997,,neutral
32923405-da99-421f-bdd4-d7ad943c9630_MasterBedroom-8726,bedroom,4.0,1.8107991090500821,6.132447741456973,0.5239383256455362,0.6522680940204251,,neutral
329d1cda-829b-48bb-8636-e5336b0a1a89_LivingDiningRoom-88963,livingroom,11.0,1.563386140554146,31.399635403500728,0.7986327057063249,0.35032253905641264,,sparse
329d1cda-829b-48bb-8636-e5336b0a1a89_MasterBedroom-87130,bedroom,3.0,0.5463112195332845,3.0319351447288523,0.5525451288904724,0.9894670752491613,,dense
329e33f3-ed03-4147-9389-c3573e7e54b7_MasterBedroom-2118,bedroom,3.0,1.335814962367068,6.42133043545468,0.6236729841768283,0.46719290186903095,,sparse
329e33f3-ed03-4147-9389-c3573e7e54b7_SecondBedroom-1059,bedroom,4.0,1.6097013208967834,5.597656495015115,0.46140486038657386,0.7145847558817021,,neutral
32b648a3-a703-4639-ab84-deb1da43793e_MasterBedroom-1709,bedroom,5.0,1.6104618586748587,10.541859247144714,0.7129408906532401,0.4742996356505387,,sparse
32b648a3-a703-4639-ab84-deb1da43793e_SecondBedroom-3549,bedroom,4.0,1.597572482523099,5.173879383893815,0.407586705536907,0.7731142732959569,,dense
32d5a1b3-0c2e-4c94-8f41-b9da95f8118a_Bedroom-22265,bedroom,5.0,1.8413924371434334,12.35370942888535,0.39237946147631086,0.4047367334307732,,sparse
32df6926-37aa-4cb3-81fc-09861a386136_MasterBedroom-28468,bedroom,4.0,1.580053319533666,3.080029837122226,0.6695188860837126,1.2986887178136342,,dense
32e2ecf8-5bf6-47d2-8b7d-6a57655d2dd8_MasterBedroom-18875,bedroom,5.0,1.649546900146809,10.432501296060805,0.6969865202536326,0.47927144776755926,,sparse
3302e0fc-33e4-47b4-8303-88616dca641b_Bedroom-5673,bedroom,7.0,1.8633364194993225,15.074621408649188,0.2782084057111747,0.46435660374088683,,sparse
3302e0fc-33e4-47b4-8303-88616dca641b_Bedroom-6144,bedroom,8.0,1.7824885114971694,13.316315157111397,0.6802705838038421,0.6007667966410144,,neutral
33107872-d240-44a2-93dd-66cd02757db6_LivingRoom-5732,livingroom,12.0,2.5390829803340877,22.756459707268785,0.808359127286678,0.5273227977622109,,sparse
33253f91-fb29-4a9e-aec7-42e3cf96b25a_LivingDiningRoom-107,livingroom,9.0,1.946877401265286,14.518179669750095,0.6957467488345717,0.6199124273652772,,neutral
3332e155-0105-4d97-937a-b7a64daedb40_MasterBedroom-71406,bedroom,7.0,1.9260396454632362,11.74145875889341,0.3517110541709118,0.5961780511044205,,neutral
33353657-e2ec-4ebd-8eac-362c0d3ecfcc_MasterBedroom-6536,bedroom,6.0,2.487604232753328,13.07261634408381,0.2309884945481819,0.4589746873980113,,sparse
333c205b-df97-4ff8-a657-2314392bb5be_Bedroom-4321,bedroom,3.0,1.5012106782335433,4.23091373688383,0.08655287390518354,0.7090666902156159,,neutral
333c205b-df97-4ff8-a657-2314392bb5be_MasterBedroom-5794,bedroom,5.0,1.9139588447742721,11.519869219949454,0.24071653788356354,0.4340327051058257,,sparse
334e4726-e94f-4689-8a73-85e93072f13a_Bedroom-53458,bedroom,5.0,1.7216689807286023,7.325515601766054,0.3083153000956549,0.6825458127199384,,neutral
334e4726-e94f-4689-8a73-85e93072f13a_LivingRoom-52940,livingroom,15.0,1.442758535048855,24.54312053469541,1.4079705006477603,0.6111692267817058,,neutral
33635b59-7c01-4e50-8c68-a401b3563182_LivingDiningRoom-10681,livingroom,14.0,2.8677305549925034,24.851307988539432,0.71761528093513,0.5633506295304986,,neutral
337b9770-f524-48fb-914c-89dd9f2d927e_MasterBedroom-6351,bedroom,4.0,1.4417683487512951,4.422595198389766,0.44100908266630046,0.9044463308458278,,dense
337ca42e-c680-4e47-b36e-16a4cc7090ff_Bedroom-98387,bedroom,5.0,1.6647610575831557,10.216068116541134,0.38560320708237816,0.48942508438293925,,sparse
337ca42e-c680-4e47-b36e-16a4cc7090ff_LivingRoom-100708,livingroom,11.0,2.3213738101888985,20.02826981389763,0.4569334763558794,0.5492236774425264,,neutral
337dfa6c-11ad-4710-853a-24db35898c81_LivingDiningRoom-6485,livingroom,11.0,2.0777926827125595,21.654973100073228,0.41429057439376044,0.5079664587513527,,sparse
339e454d-b3a8-4de8-97e8-cfc8aa37cca4_SecondBedroom-2080,bedroom,5.0,1.8783493092047727,8.212526880048042,0.26362311394785415,0.6088260133610365,,neutral
339e4d0f-096a-4453-be12-5a730e71e6aa_LivingDiningRoom-15731,livingroom,14.0,2.2124022540891253,41.35886758823573,0.2641592579268373,0.33850056387864474,,sparse
339e4d0f-096a-4453-be12-5a730e71e6aa_MasterBedroom-15718,bedroom,3.0,1.325290523665255,4.483269886306852,0.3151371963791784,0.6691544511212298,,neutral
33aa8461-e8c8-44ef-b237-d0a83d077c4e_MasterBedroom-4651,bedroom,8.0,2.048442609409133,11.882556937729069,0.27159774181902985,0.6732557682596653,,neutral
33c06ec4-aaa3-40cf-8498-e8549285ab8d_SecondBedroom-14072,bedroom,5.0,0.8180791959852977,5.5125389350517535,1.0356079139172123,0.9070230721106115,,dense
33e62338-9681-4fa0-9ffd-edb64d988f63_LivingRoom-2104,livingroom,10.0,1.5988603783331257,12.66318687237879,0.6818990090719973,0.7896906284951233,,dense
33e62338-9681-4fa0-9ffd-edb64d988f63_MasterBedroom-1114,bedroom,3.0,0.9898796876271566,2.057087972864056,0.48063029815347136,1.4583722424973105,,dense
33ed8cde-22ec-495f-bbe9-fe35fe87c76b_Bedroom-3895,bedroom,6.0,1.7084981005633622,10.090973052163372,0.49278332666107216,0.594590825779054,,neutral
33ed8cde-22ec-495f-bbe9-fe35fe87c76b_Bedroom-3920,bedroom,8.0,2.0213792323710438,14.009527544960047,0.4860161681837023,0.5710399565100263,,neutral
33fabe16-27bd-473f-b361-5904fb1c8baa_LivingDiningRoom-11695,livingroom,13.0,1.3037177930538888,18.057339642895222,1.3669763077733754,0.7199288631154996,,neutral
33fabe16-27bd-473f-b361-5904fb1c8baa_MasterBedroom-11742,bedroom,6.0,1.7435551058109777,15.001718626971885,0.31786844097132194,0.39995417519779913,,sparse
34162b32-057e-4069-98ad-eaa186cd5370_MasterBedroom-6682,bedroom,3.0,0.6019865671793619,2.6981439021481273,0.5055664044516439,1.111875462836341,,dense
3436d038-1d66-4ee8-bbbe-89ed6a9f8ed9_LivingDiningRoom-13536,livingroom,10.0,2.3805929313277803,17.12870714340972,0.3903477879996867,0.5838152241307661,,neutral
3436d038-1d66-4ee8-bbbe-89ed6a9f8ed9_MasterBedroom-13508,bedroom,3.0,1.1507688276016095,4.476853583772287,0.34936327358024716,0.6701134946370392,,neutral
347d6023-0450-4d6f-afa4-05345777cff2_MasterBedroom-1409,bedroom,7.0,1.4406812832175508,10.726434402440187,0.39687962029755025,0.6525933723519113,,neutral
347dcefd-c4ad-4d24-b9fa-88bd5573ed5e_MasterBedroom-1071,bedroom,5.0,1.8060185132702806,6.639333618022483,0.2787315063135383,0.7530876271117769,,dense
34881046-5866-4a55-bc9e-93445a22c8bf_MasterBedroom-8184,bedroom,7.0,1.8389528727000677,16.14409348741888,0.5075436816524673,0.43359511052479427,,sparse
34acd8e3-faf2-4be5-84a9-f92ab7e52a62_SecondBedroom-86509,bedroom,6.0,1.7423558355759228,13.910175835869941,0.22819719573124708,0.43133890403656144,,sparse
34b6d12a-ce09-450f-be92-9c59ecf1c10a_Bedroom-931,bedroom,8.0,1.272065679691519,11.926466479693723,0.6416912554910601,0.6707770498178136,,neutral
34dd0565-e998-4953-b094-2adb6b90e240_SecondBedroom-3449,bedroom,3.0,1.4979994091015392,4.788023912505343,0.2594111372814815,0.6265632868216491,,neutral
34e89b75-9f56-41ba-8e65-d0a8002e5fe1_Bedroom-37409,bedroom,7.0,1.9134213594643004,18.56613308188458,0.44178967439829203,0.3770305840816183,,sparse
34ea0f40-d9c2-4207-862f-7d3cc641728f_LivingRoom-22322,livingroom,8.0,1.4836831474731755,21.59746658498798,0.31622155089699505,0.37041381536669027,,sparse
34fa0d95-9e58-49dc-9f98-2c4554be7700_MasterBedroom-6803,bedroom,7.0,0.7404290134143404,4.983162775281241,1.1368617700588088,1.4047303521215866,,dense
34ffd30a-32a4-4db0-aeaf-0fc61afec7e0_MasterBedroom-37219,bedroom,8.0,2.430505264571777,23.8204843040339,0.2732662766415047,0.3358453966716887,,sparse
3500ee27-9a9d-451f-b191-46e5540d8374_SecondBedroom-1494,bedroom,5.0,1.9358488243477125,8.303781091850777,0.2727548514263813,0.6021353338549513,,neutral
35033c21-ccdb-4e41-b701-f5df9e0d90d7_Bedroom-12109,bedroom,4.0,1.3422427290046874,5.529558081020505,0.2508523427999139,0.7233851134920681,,neutral
35033c21-ccdb-4e41-b701-f5df9e0d90d7_LivingDiningRoom-12058,livingroom,10.0,1.696267867056291,14.041836453194646,0.6199109295801506,0.7121575609666717,,neutral
350388e2-7c93-45e9-bcc8-6a0a5165dab0_LivingDiningRoom-34640,livingroom,15.0,1.3465533936726468,31.42951639384872,1.6449644046937104,0.4772583775083396,,sparse
350388e2-7c93-45e9-bcc8-6a0a5165dab0_MasterBedroom-34763,bedroom,8.0,1.7204016440042158,12.892834922999757,0.6577628186599578,0.6204996843423984,,neutral
350388e2-7c93-45e9-bcc8-6a0a5165dab0_SecondBedroom-34703,bedroom,5.0,0.9358639676721671,7.128398816407543,1.068727079790064,0.7014197898820453,,neutral
35069402-d79f-47f6-99a4-3e77fbf443e0_MasterBedroom-5754,bedroom,9.0,2.2301143435998725,19.46822045804585,0.721438743615586,0.46229186788772314,,sparse
350aa72e-963e-4ce5-914b-5dfb81427b0e_MasterBedroom-7997,bedroom,5.0,1.430132913211203,12.46604228098333,0.5903910114563516,0.4010896070541481,,sparse
352181fb-3bbc-471f-9b64-626e174dbc4b_Bedroom-13343,bedroom,5.0,0.6685065269470215,4.3188501046437064,0.878267508820377,1.157715567535884,,dense
354509b3-76e3-4e5b-b554-9237d47aec90_Bedroom-222,bedroom,3.0,1.0172046987552588,0.03620771434380705,0.8237813652210138,82.85527143508077,,dense
3547f90d-d3b7-41d2-b368-e25153afbaca_Bedroom-137551,bedroom,8.0,1.6434884360379522,14.836732309737059,0.354251272555755,0.5392022874706552,,neutral
3547f90d-d3b7-41d2-b368-e25153afbaca_LivingDiningRoom-137481,livingroom,19.0,1.5321009929169556,40.70175407813361,1.5008401623107497,0.46681034835811797,,sparse
35602a52-6ddc-4137-ab5e-45296190513c_LivingDiningRoom-9921,livingroom,10.0,2.4041582405663964,20.861955984231138,0.4893491289319562,0.4793414389119922,,sparse
35602a52-6ddc-4137-ab5e-45296190513c_MasterBedroom-9984,bedroom,5.0,2.04071404469292,7.197736672731085,0.2139324965014598,0.6946628124008345,,neutral
35602a52-6ddc-4137-ab5e-45296190513c_SecondBedroom-9959,bedroom,4.0,1.564878153532556,5.547213143351255,0.26781143369293525,0.7210828025950825,,neutral
35667e9d-d406-4e6d-9569-b626b176cd36_LivingRoom-3695,livingroom,12.0,1.6360737639532428,12.643477060942507,0.5008444725270084,0.9491060047927561,,dense
356e8e40-f891-48e8-a393-aee1a9412275_SecondBedroom-6070,bedroom,3.0,1.4049512545267742,2.112637510235459,1.1320901695456902,1.420025908593113,,dense
35716a6a-7c4e-4bf6-8c3b-3f0cd8203549_SecondBedroom-6754,bedroom,5.0,1.562854564189911,2.6389327505439253,0.7595024356038051,1.8947053497173894,,dense
35970ff6-4588-4bcf-8461-16448f1d0650_LivingDiningRoom-233,livingroom,14.0,3.104461555035392,31.309202995927116,0.563443554376874,0.44715287073328575,,sparse
35970ff6-4588-4bcf-8461-16448f1d0650_SecondBedroom-332,bedroom,5.0,1.8636301178350259,5.917718299491512,0.2755454047195214,0.8449202457693249,,dense
35a32930-bc32-4455-aaa0-d6bcc50b718a_MasterBedroom-5719,bedroom,5.0,1.7373012238741352,10.577666080216805,0.5760587241900057,0.4726940671110236,,sparse
35a3b63f-83c0-4bdd-aef5-4f7c5df8c5d7_SecondBedroom-4278,bedroom,5.0,0.8846550976889631,5.331822902445598,0.5736845900924389,0.937765580643461,,dense
35b18265-6de3-44f9-be6a-81583a53bcbf_MasterBedroom-244,bedroom,7.0,1.8024661409549307,8.861106298146856,0.5295410266437693,0.7899690811139379,,dense
35ba774d-2155-4e86-9bff-a0b7f81919dd_Bedroom-6778,bedroom,11.0,2.2460377646864904,22.751671291108018,0.6457112881252679,0.4834809653873254,,sparse
35bf7966-2494-446b-9f96-c0c11efc701f_LivingRoom-9544,livingroom,11.0,1.3832656505027394,18.44043993897334,0.7750015566173845,0.596515052591116,,neutral
35c715da-b871-4059-8115-7d06e7395a54_LivingDiningRoom-9340,livingroom,11.0,3.192318372905372,23.157298867415612,0.24591270751167468,0.47501222240897806,,sparse
35c841f6-d045-4b15-8309-bf183790880e_Bedroom-279,bedroom,7.0,1.8326368028401017,19.101738825762276,0.5194847557477653,0.36645878492272066,,sparse
35ebe516-1aa0-4694-aa9f-e7dec5aab07d_MasterBedroom-19255,bedroom,5.0,1.6916994973018809,11.921989043286878,0.4507784141988807,0.4193931047785551,,sparse
35f27849-c5f6-4a81-8fa7-d527f9963b96_MasterBedroom-28264,bedroom,3.0,1.505175745946583,9.581969667725945,0.5378727366534859,0.3130880292915788,,sparse
35f27849-c5f6-4a81-8fa7-d527f9963b96_SecondBedroom-25444,bedroom,3.0,1.3584482172833194,4.249117993359172,0.2837701208071781,0.7060288758016644,,neutral
360e8f1f-c0cf-40b7-892a-2d4d6c76561b_MasterBedroom-10472,bedroom,5.0,1.8896936206130186,8.26685638148666,0.2642783415238643,0.6048248293265779,,neutral
360e8f1f-c0cf-40b7-892a-2d4d6c76561b_SecondBedroom-7228,bedroom,4.0,1.3183089040904636,5.034801168134651,0.2342475422505609,0.7944703010947232,,dense
360ff522-f387-4714-b1f1-c4092d5167b4_MasterBedroom-17635,bedroom,5.0,1.8442136620822136,13.976618939991402,0.6337829816664939,0.35774031054774363,,sparse
360ff522-f387-4714-b1f1-c4092d5167b4_SecondBedroom-17616,bedroom,4.0,1.8160140791025958,7.180749173625581,0.4120708487300922,0.5570449410336927,,neutral
362f04f5-4219-44ef-bcf0-c557a180b70c_Bedroom-11435,bedroom,6.0,1.7229369759559632,7.010868862480047,0.2163197162564138,0.8558140392712382,,dense
36449723-a4a8-4ee1-9f0c-0baada1ab3d8_MasterBedroom-7524,bedroom,4.0,1.5566085819458149,5.789788035682814,0.4856968154625798,0.6908715786049089,,neutral
364d3557-c189-4bb6-a5cd-4b1c2cab4706_MasterBedroom-5328,bedroom,4.0,1.1896754400931155,6.909830816815489,0.6911592409622699,0.5788853744820726,,neutral
364f3f00-fcd3-4c11-b807-69757ddffe26_Bedroom-5020,bedroom,4.0,1.8131601186300828,6.133096316462288,0.3365257121686888,0.6521991166620538,,neutral
3657101a-8373-4753-a960-17be0bfea8fd_Bedroom-2412,bedroom,5.0,1.3208381295204163,5.131820741116427,0.4764583088563397,0.9743130659143504,,dense
3657101a-8373-4753-a960-17be0bfea8fd_LivingDiningRoom-2077,livingroom,13.0,2.555501764457134,25.898016413298503,0.8631382323474354,0.5019689459044656,,sparse
36672c0e-419c-476e-83c0-5b04654d3690_MasterBedroom-146184,bedroom,10.0,2.112964784847271,13.831655925685734,0.3537270943425254,0.7229792335587055,,neutral
36678f29-129a-40ef-b197-a2c3fde6778c_DiningRoom-3929,diningroom,7.0,1.4670870546682129,8.41475259312731,0.27480268224532844,0.83187234829901,,dense
36678f29-129a-40ef-b197-a2c3fde6778c_LivingRoom-2873,livingroom,10.0,2.2489459472009776,20.929686077013226,0.39458400245155784,0.47779025271587117,,sparse
36678f29-129a-40ef-b197-a2c3fde6778c_MasterBedroom-2856,bedroom,7.0,1.697589618677221,8.475714016043312,0.43055129719948837,0.825889121170205,,dense
36678f29-129a-40ef-b197-a2c3fde6778c_SecondBedroom-1670,bedroom,4.0,1.73884613155761,12.077677574504733,0.36747886959189513,0.33118950024330546,,sparse
369cda7c-e402-4382-8d9d-8c79133487d1_LivingDiningRoom-70537,livingroom,9.0,2.2474667847951673,15.515184318147268,0.29861773023837307,0.5800768985691771,,neutral
369cda7c-e402-4382-8d9d-8c79133487d1_MasterBedroom-72370,bedroom,3.0,1.9299294153849285,2.0855702416982074,0.8128351843021421,1.4384555072847627,,dense
36a434a5-ed7a-4f92-ba94-57685e289b37_LivingRoom-14482,livingroom,9.0,4.406513782778102,36.61531684171654,0.28931617020403955,0.24579877429180472,,sparse
36a434a5-ed7a-4f92-ba94-57685e289b37_MasterBedroom-7728,bedroom,8.0,2.001416446950134,16.98003030563819,0.2937173591605471,0.47114167972619064,,sparse
36a85283-c600-43fe-8d24-1a3987cc6f98_SecondBedroom-62784,bedroom,3.0,2.054679994138708,6.606208859530509,0.1751271094628878,0.45411824902750725,,sparse
36a9e2d2-2165-4ea7-ba91-f20ec6f76553_Bedroom-35912,bedroom,7.0,1.761581644477327,12.882675736725487,0.42569873150783416,0.5433653802249049,,neutral
36a9e2d2-2165-4ea7-ba91-f20ec6f76553_Bedroom-35975,bedroom,5.0,1.5731653965524692,6.887133224682171,0.2098264367331254,0.7259914737936177,,neutral
36aba4dc-b636-4f9e-9fdd-d76717918c3b_Bedroom-22219,bedroom,3.0,1.3424826496115292,4.483504172181459,0.3011074302317398,0.6691194844010467,,neutral
36aba4dc-b636-4f9e-9fdd-d76717918c3b_Bedroom-28379,bedroom,5.0,1.7820406417364505,11.764388895312061,0.5152740948334369,0.4250114514653989,,sparse
36b29e71-bdce-40c6-948e-ed904eb94282_MasterBedroom-6203,bedroom,3.0,0.989511335537998,4.46171176363763,0.5668504577062147,0.672387675163064,,neutral
36c17dc7-820d-47d6-8526-77b8ec0ea7a4_MasterBedroom-1903,bedroom,5.0,2.0332809053327034,10.769010894113327,0.37074032359989617,0.4642951937891672,,sparse
36c2c33b-73f2-47d5-881e-2fa359198b9a_LivingDiningRoom-35401,livingroom,9.0,2.169679538396852,14.051952885965088,0.4958037102037611,0.6404803711652838,,neutral
36c2c33b-73f2-47d5-881e-2fa359198b9a_MasterBedroom-35458,bedroom,5.0,1.465179944038391,5.505800258540989,0.2620277681044675,0.9081331986651067,,dense
36c2c33b-73f2-47d5-881e-2fa359198b9a_SecondBedroom-35477,bedroom,5.0,1.4817273616790771,5.903740792757623,0.2547007964061912,0.8469206517558695,,dense
36cf5620-674c-4a4b-b4de-1a1038e6e287_MasterBedroom-67870,bedroom,5.0,1.4917146356291688,8.064691302873953,0.5152190741473234,0.6199865329275762,,neutral
36cf981f-f4fd-41dd-a0c3-52d8f4511855_SecondBedroom-28815,bedroom,5.0,0.8656834578496888,6.916348643560892,0.5528758724916094,0.7229248058012505,,neutral
36e41e39-505b-48f5-ac9c-ae7f3898ef3a_SecondBedroom-16777,bedroom,5.0,1.620799941312275,6.367169440966945,0.23908965975615157,0.7852783008772386,,dense
36ff476f-9fa4-4bc8-a545-75954191b1a3_Bedroom-2241,bedroom,3.0,1.7403935194161377,4.555447651659799,0.448803476841495,0.6585521839784364,,neutral
370938e1-1b18-46cb-874d-a23ceeb0cd1e_DiningRoom-15022,diningroom,8.0,1.2433761698859078,2.566271349729404,0.6302747696261383,3.117363251880416,,dense
370938e1-1b18-46cb-874d-a23ceeb0cd1e_MasterBedroom-13327,bedroom,8.0,2.12345545063669,18.732706071572284,0.34553768087504433,0.42706056292317296,,sparse
370d8ff2-386a-4570-ab49-5f3db0891cf2_MasterBedroom-7982,bedroom,6.0,1.9827343949410074,18.98473959107845,0.6946512834940203,0.31604331316820355,,sparse
3712c1c1-69f8-4217-814a-60dc38c11e65_LivingRoom-89400,livingroom,12.0,2.756220163834393,20.873428677854587,0.5554664279651772,0.5748935733175095,,neutral
37148fed-ae60-40b4-a86e-1bbe500862a5_MasterBedroom-7154,bedroom,5.0,1.3044613518909929,8.624193822322864,0.6689998379308658,0.5797643354278518,,neutral
371c2846-ec26-43ca-a9dd-05e49db6ba62_LivingDiningRoom-60564,livingroom,16.0,3.494772531405256,28.208487928325752,0.5656909801776037,0.5672051632350519,,neutral
3729c734-fa3d-41bb-9f0d-d44a0db14889_MasterBedroom-32352,bedroom,5.0,0.9863336635692544,6.3693890846629175,1.049121543949567,0.7850046422881719,,dense
37301a61-1ddf-4bd9-b965-ecbebc50ba71_MasterBedroom-28791,bedroom,9.0,1.6954439463955981,11.524472575718871,0.7445262115137633,0.7809468017618671,,dense
37301a61-1ddf-4bd9-b965-ecbebc50ba71_SecondBedroom-28690,bedroom,9.0,1.5301444724384439,9.956361341217914,1.188861722044775,0.9039446934033305,,dense
373c2f60-29b0-471d-98ac-45f1c172f21b_MasterBedroom-52711,bedroom,5.0,1.2608361667322872,7.289041264602098,0.95077180841333,0.6859612695954391,,neutral
373c2f60-29b0-471d-98ac-45f1c172f21b_SecondBedroom-52686,bedroom,5.0,1.7656501871487933,6.275790491022526,0.3599145908065968,0.7967123834284245,,dense
3740868d-5ec9-4831-bd4b-4d033ac9576f_LivingDiningRoom-44165,livingroom,14.0,2.8293949010138477,39.11313646152423,0.5017424982386394,0.35793600990735847,,sparse
374305fa-c4ea-4d78-8321-4e1414d2535d_Bedroom-13743,bedroom,4.0,0.8305436360339323,3.5126220542791198,1.4755979994125576,1.1387504656605882,,dense
374ff983-9a4f-4f8a-a756-b28108d72bc0_SecondBedroom-4803,bedroom,4.0,0.8811351645193559,6.290798657829622,0.6061521017564266,0.6358493122366172,,neutral
375cd4a6-4b0a-4551-be5a-fd2832a0c457_MasterBedroom-27269,bedroom,8.0,1.5717134593956084,12.161373880488407,1.0508207663344393,0.6578204139283247,,neutral
3782eee0-b0fe-452e-aefe-55bd5e96237e_Bedroom-6656,bedroom,6.0,1.3517602479667643,11.59833627326498,0.6803400783442599,0.5173155751511053,,sparse
3785b6c6-307c-45ea-b672-367f2451aa56_SecondBedroom-58428,bedroom,4.0,1.5026945430894,5.085421967301803,0.4094896180603693,0.786562064213975,,dense
378b868d-2e1b-4922-9cac-ffd0e9362e90_MasterBedroom-101780,bedroom,6.0,1.6421430947889877,12.76567912791168,0.5354392904690684,0.4700102469974531,,sparse
378f3bf9-7837-4b18-962e-a44d03d0db15_Bedroom-191,bedroom,4.0,1.0293394526842046,3.4531125443454376,0.305379215265558,1.1583752190614538,,dense
37c295c0-9bbc-4b31-89a6-d4339588dbef_SecondBedroom-8653,bedroom,3.0,1.4033377282559758,3.5531447951707484,0.017762305780341,0.8443224728914638,,dense
37c69656-88ac-4e59-80a3-263c841262a1_LivingDiningRoom-41202,livingroom,10.0,3.7348573794249456,33.51919587382847,0.33053815346709925,0.29833651253572946,,sparse
37d9c4da-b8b9-45ca-bd51-26df71083b10_SecondBedroom-140603,bedroom,5.0,1.9480921087810175,8.783142061150492,0.3331900925268915,0.5692723589335928,,neutral
37f27a08-ff20-42f3-baf2-9ff1f155eaeb_MasterBedroom-4716,bedroom,5.0,1.5191161254999057,13.165111974082246,0.33727452685141596,0.3797916804538653,,sparse
37f27a08-ff20-42f3-baf2-9ff1f155eaeb_SecondBedroom-3545,bedroom,4.0,1.385967036736016,5.8667914493605755,0.15974155726574565,0.6818036800056975,,neutral
37fee753-1c40-4784-ab50-4f5d72df6f65_DiningRoom-19325,diningroom,6.0,1.3672725826375385,3.763218358679006,0.3239302388672165,1.5943799769583837,,dense
37fee753-1c40-4784-ab50-4f5d72df6f65_MasterBedroom-18464,bedroom,5.0,1.952905236491945,7.253344740692696,0.21175742396320815,0.6893371511695857,,neutral
38330463-78e6-4d25-bd89-9daf92d0cfb9_SecondBedroom-22370,bedroom,5.0,0.8180791959852977,5.5125389350517535,1.0356079139172123,0.9070230721106115,,dense
38363d0e-7fc5-415e-aad1-248515d01ac5_Bedroom-71694,bedroom,5.0,1.7083836689657865,11.30499896110168,0.6187426392570338,0.44228221667282197,,sparse
38415404-fab1-4911-ae90-96cc538d398b_MasterBedroom-682,bedroom,4.0,1.1402839503289257,5.392988503956963,0.315934750507834,0.7417037876244508,,dense
384a185c-6d2b-41c5-9f35-9b33c1aad421_Bedroom-1983,bedroom,7.0,2.143064367234179,12.794802154821756,0.2224446746547436,0.5470971661224188,,neutral
384a185c-6d2b-41c5-9f35-9b33c1aad421_LivingRoom-2328,livingroom,16.0,2.9427948718304835,32.44745569923055,0.5255011442260348,0.4931049185585118,,sparse
384a185c-6d2b-41c5-9f35-9b33c1aad421_MasterBedroom-1247,bedroom,5.0,1.7657383650355296,10.589530329305763,0.47081489508691055,0.47216447231496755,,sparse
386553cb-c7ee-47e6-926a-679a9e65fa1a_Bedroom-23021,bedroom,6.0,1.391667539519158,9.120368233125552,0.47153954682150223,0.6578681744677538,,neutral
386553cb-c7ee-47e6-926a-679a9e65fa1a_DiningRoom-23106,diningroom,7.0,1.5202476086082815,13.064596496220679,0.2104273314947235,0.5357991731336638,,neutral
386553cb-c7ee-47e6-926a-679a9e65fa1a_LivingRoom-22971,livingroom,11.0,1.9797003690354806,24.544636237859514,0.5372330304300937,0.44816308921428477,,sparse
386553cb-c7ee-47e6-926a-679a9e65fa1a_MasterBedroom-23131,bedroom,6.0,1.3693031503068624,11.599023570440648,0.59310448087834,0.517284921748983,,sparse
387a6322-efff-41e8-a11a-f4d04321ce10_Bedroom-7832,bedroom,4.0,1.9851429691087346,6.334299193410161,0.1834325329176848,0.6314826435987376,,neutral
387a6322-efff-41e8-a11a-f4d04321ce10_LivingRoom-6512,livingroom,10.0,1.9637269181522934,12.791029662804618,0.5328632716626956,0.781797889897736,,dense
388fb15c-a095-43c7-8eeb-07329df221e5_LivingRoom-30957,livingroom,9.0,1.3148233633292192,19.322647672547713,0.7449163544275625,0.4657746781144584,,sparse
38989644-ba58-47b8-abad-1bd9d4271fe9_SecondBedroom-57811,bedroom,7.0,1.450718425035786,9.367234860872886,0.41496883118293065,0.7472856295339759,,dense
38adcc1b-67d2-458a-bab4-b099b1ee7230_Bedroom-38944,bedroom,4.0,1.6543347369371737,5.004052970728678,0.4191400310681744,0.7993520499079629,,dense
38adcc1b-67d2-458a-bab4-b099b1ee7230_LivingRoom-41411,livingroom,5.0,0.639413068658002,4.868757186211546,0.5648996494043437,1.0269561222235803,,dense
38c0246d-e94c-4cee-9848-38b04f312ebb_MasterBedroom-8375,bedroom,8.0,1.7020942731839541,18.36062160320141,0.3998576878797195,0.4357150957571664,,sparse
38d3ebcf-aa8a-457f-b520-f526c2b311e1_LivingDiningRoom-74331,livingroom,14.0,3.652205445869103,33.75633358071153,0.5093093952769991,0.4147369845876758,,sparse
38d90d55-8add-4c08-b054-4fe57e4768e5_LivingDiningRoom-15208,livingroom,12.0,1.9769085651212381,16.70522535228028,0.4449597356275659,0.7183381096000593,,neutral
38d90d55-8add-4c08-b054-4fe57e4768e5_SecondBedroom-15281,bedroom,4.0,1.6884192448664066,8.383909986057121,0.16790662670439235,0.4771043590224857,,sparse
38e3cf4a-a67b-42d8-b467-2d1a3e5407a8_SecondBedroom-15551,bedroom,3.0,2.1818040370731704,6.897533502763752,0.25298575164155584,0.43493808312753235,,sparse
39126660-a386-4470-8e2d-ece852ffdb62_Bedroom-39542,bedroom,6.0,1.050851874168282,7.3614528482398445,1.0160033078270136,0.8150565008963722,,dense
39126660-a386-4470-8e2d-ece852ffdb62_Bedroom-39649,bedroom,8.0,1.2899517701161145,11.06492191438429,1.2011179370579066,0.7230055541196435,,neutral
391a4b30-fa2e-42bf-9271-497b8c105736_MasterBedroom-74238,bedroom,6.0,1.8047325251958304,20.26692861541311,0.5890369692709412,0.2960488051177605,,sparse
3922ab15-7973-4443-ab72-b7ebd0a89b6e_MasterBedroom-19801,bedroom,6.0,1.3471343332048469,8.048419313891898,0.807925160306166,0.7454879978288105,,dense
3922ab15-7973-4443-ab72-b7ebd0a89b6e_SecondBedroom-19972,bedroom,7.0,1.0194315618564163,8.068662563258158,0.9800917340092198,0.8675539403364728,,dense
3935a020-6a26-4e14-ba45-39062fc8aed0_MasterBedroom-37265,bedroom,8.0,1.9913711428298622,13.625875753920264,0.24898514916611475,0.5871182259751886,,neutral
393e9998-9fdf-40a3-8943-aa818e3d3216_SecondBedroom-12975,bedroom,4.0,1.8144400555419307,5.747560872767946,0.14944199640568648,0.6959473920410443,,neutral
39549a42-25c9-4b10-bbdd-9c3ea5c47186_MasterBedroom-246,bedroom,6.0,2.1184769706754936,15.722545162251766,0.22871866274479974,0.3816176031349804,,sparse
3954bd6b-b726-4a2f-a2c1-a32f6806db6b_DiningRoom-12574,diningroom,8.0,1.6913041189415345,13.825051746313068,0.7356513357013177,0.5786596785891581,,neutral
3954bd6b-b726-4a2f-a2c1-a32f6806db6b_LivingRoom-53762,livingroom,8.0,1.865542947180171,11.573756442033378,0.5070772759717315,0.6912189694044132,,neutral
39629e24-b405-420b-8fb0-72cef0238f70_DiningRoom-6513,diningroom,6.0,0.46458893418312075,0.6463747201657314,1.786853407861344,9.282541245520232,,dense
39629e24-b405-420b-8fb0-72cef0238f70_MasterBedroom-4105,bedroom,4.0,1.5638573644793545,5.007120321472679,0.5298759101826996,0.7988623686245934,,dense
39629e24-b405-420b-8fb0-72cef0238f70_SecondBedroom-1255,bedroom,4.0,1.3776045510488915,3.8350943432258005,0.3709940435192444,1.0429991134547927,,dense
3969c802-3f40-4ec5-b69c-ac570a8a5797_MasterBedroom-29105,bedroom,6.0,0.966682898579862,7.293307305385736,1.3651574335469705,0.8226720401002856,,dense
397425d0-cb5b-4d48-87eb-4b0929c3e3b6_MasterBedroom-62315,bedroom,3.0,2.0192576734273477,12.154435149732995,0.553130987057636,0.24682348155569395,,sparse
39b05074-7903-4cac-acda-ca1f62e8dfa6_Bedroom-1433,bedroom,5.0,0.9328101219349019,5.983929516891482,0.8881500592487326,0.8355713391820477,,dense
39b05074-7903-4cac-acda-ca1f62e8dfa6_Bedroom-2730,bedroom,5.0,1.4385747352669196,7.271955595794591,0.3394041615150882,0.6875729553260096,,neutral
39cc2839-b317-41cc-90fe-c829d91c800b_MasterBedroom-26273,bedroom,4.0,0.85283895333608,2.8200974952012174,0.46383770424694154,1.4183906786224763,,dense
39df2bf1-e376-4782-8485-6bf38b6ef694_SecondBedroom-19247,bedroom,8.0,2.0773245932392777,18.375102874044973,0.441157047894416,0.4353717121932462,,sparse
39ea30b1-4302-4a07-885b-bd498facd30d_MasterBedroom-13100,bedroom,6.0,1.9975579006753523,15.142640210033607,0.264635833522421,0.3962320914172129,,sparse
39ea30b1-4302-4a07-885b-bd498facd30d_SecondBedroom-14861,bedroom,5.0,1.076357122784192,7.240985800707602,0.6062222303812849,0.6905137142392119,,neutral
39ebc63e-060d-457c-aa76-5293bfb804ac_Bedroom-14550,bedroom,6.0,1.3451882698572653,9.705140417882637,0.5400808301231946,0.6182290767214902,,neutral
39f0bc7a-73d8-48a7-b724-948643cdd7ae_DiningRoom-6877,diningroom,7.0,1.2405803381682938,10.526010801224395,0.7525979608751466,0.6650192681909232,,neutral
39ffe480-646b-4a22-a4e9-b1118ed2cfdf_MasterBedroom-11106,bedroom,9.0,1.6372815886245433,15.825705872541802,0.8842915428428012,0.5686950125627787,,neutral
3a0265cf-f63d-4f8d-b167-751cd9bedeb2_LivingDiningRoom-3395,livingroom,12.0,2.7184951392965293,24.655867660896092,0.6083599169939292,0.4866995623533401,,sparse
3a0683d2-399c-47fa-99f2-cbb3bff5e156_Bedroom-12351,bedroom,5.0,1.9990381333079044,7.910179777221024,0.2644161649669154,0.6320968853828733,,neutral
3a19c7bb-bc35-44e3-8d48-4fb00b9789ff_SecondBedroom-24604,bedroom,5.0,1.036315487113924,8.693105204044377,0.8921339795380451,0.5751684677270213,,neutral
3a3f479b-3fc5-4bf5-a60b-637492422f45_MasterBedroom-8645,bedroom,7.0,1.1611028034394173,9.5693946909394,0.9673363912627573,0.731498723386111,,dense
3a55f775-fc7c-4c6f-ab9f-59e31c04e093_DiningRoom-35823,diningroom,9.0,1.5666079732996299,8.404837208447228,0.3839280308562601,1.0708119356499384,,dense
3a55f775-fc7c-4c6f-ab9f-59e31c04e093_LivingRoom-35085,livingroom,8.0,1.7502093180732803,13.470188620981641,0.8685610138895268,0.5939040814572498,,neutral
3a5d9f83-9aeb-4e53-a25c-fa164589c3a9_LivingDiningRoom-19536,livingroom,14.0,3.8685526857937216,34.01938829936372,0.5188238290941855,0.41153003330932464,,sparse
3a757643-3a34-41ce-ac90-f54ad79b0117_MasterBedroom-21362,bedroom,5.0,0.880243300175306,11.604212188477526,0.714057432162555,0.4308780224619454,,sparse
3a757643-3a34-41ce-ac90-f54ad79b0117_SecondBedroom-21312,bedroom,6.0,1.2761297542965473,8.98350302683646,0.7697629833838332,0.667890908710797,,neutral
3a7b704b-fdf3-4d01-8437-a9519e9d76e2_MasterBedroom-41963,bedroom,7.0,1.6273855684736256,14.610361723318222,1.0520047997755553,0.47911202559947297,,sparse
3a8ee0ff-5ff4-47df-81ab-c3a522237eef_DiningRoom-10922,diningroom,6.0,0.529017448425293,1.3785841763658226,1.0813951484089221,4.352291360123543,,dense
3a9bdb50-7fe5-45a5-8071-f5ab3c8e2a44_MasterBedroom-59071,bedroom,6.0,2.0120157520729665,20.20354729790147,0.3487492785895093,0.2969775510968421,,sparse
3a9bdb50-7fe5-45a5-8071-f5ab3c8e2a44_SecondBedroom-58832,bedroom,6.0,2.282994058718908,20.638824204053282,0.46197678615258897,0.29071423549514286,,sparse
3aa40ca2-8d84-4fc1-b2b8-ce2234c45f60_Bedroom-20168,bedroom,4.0,1.6546786454840214,5.344495170257972,0.34828513443611103,0.7484336448201757,,dense
3aa40ca2-8d84-4fc1-b2b8-ce2234c45f60_MasterBedroom-20604,bedroom,4.0,1.7115036180243806,5.919044620073548,0.39915235043130376,0.6757847349950029,,neutral
3aad7ee0-e494-4a55-b296-d55005b8ebc8_MasterBedroom-13614,bedroom,3.0,1.5449398358662922,0.34005675064063734,0.689436259380112,8.82205689005809,,dense
3aafcdbc-bdc5-45f8-9da7-4cccc696a373_LivingDiningRoom-60587,livingroom,16.0,1.4669473078941426,29.43353812905105,1.3740271889599314,0.5435975766776037,,neutral
3abf3ff3-5ba9-439d-b4c8-49a9e3c11556_Bedroom-28121,bedroom,9.0,1.4453192203609326,10.451642564906884,0.9143745794278815,0.861108667284412,,dense
3abf3ff3-5ba9-439d-b4c8-49a9e3c11556_LivingRoom-25582,livingroom,10.0,1.0634246740076276,5.161062508209665,1.5074869996204965,1.9375855231540158,,dense
3ac0cfbc-2f34-4859-bb3e-3d0be859c778_SecondBedroom-2501,bedroom,5.0,1.8060302524649603,8.805462725707482,0.18067238380937262,0.5678293300138035,,neutral
3ace00f7-61e2-4f23-8295-eed2410787ef_MasterBedroom-9875,bedroom,6.0,1.6596673247004328,9.693850644939918,0.2911829235744561,0.6189490863604272,,neutral
3b26ced4-665b-45c8-b5a2-dcfb76143567_DiningRoom-5361,diningroom,7.0,1.2036413562074135,8.547134632127438,0.382460025733535,0.8189879183238808,,dense
3b349315-8f84-4027-b654-f8ecd6d3cf67_SecondBedroom-13841,bedroom,3.0,0.8295320868822426,5.647056908104541,0.7696146288974484,0.5312501801946534,,sparse
3b5a9dae-0314-490c-b0ff-5ee9edfa4741_MasterBedroom-31582,bedroom,7.0,1.1812204823308516,6.0804554899253525,0.5794501344067993,1.1512295438389823,,dense
3b5a9dae-0314-490c-b0ff-5ee9edfa4741_SecondBedroom-31401,bedroom,4.0,1.0146131412549406,5.404116279820257,0.7751647662986361,0.7401765233913585,,dense
3ba16a91-d753-4a16-a316-12f29948cef9_Bedroom-5699,bedroom,9.0,1.4632804235695975,11.239503052219959,0.9520654060657715,0.8007471467541774,,dense
3bb5bb6d-b566-4218-bead-cba9a146413f_MasterBedroom-30488,bedroom,6.0,2.0935704396825994,24.285386335639423,0.5562966807789756,0.24706215981398028,,sparse
3bb5bb6d-b566-4218-bead-cba9a146413f_SecondBedroom-20466,bedroom,5.0,1.9056929080066212,15.585684853593873,0.3302741677741341,0.32080720526355694,,sparse
3bb97ab1-bbc0-45f1-9b38-47496e555b1d_SecondBedroom-14409,bedroom,5.0,1.618141716559156,9.6884621189055,0.6017080012564081,0.5160777777355697,,sparse
3bc4f880-3a82-4006-aa18-2a8597970923_Bedroom-6958,bedroom,4.0,1.9481278679384646,11.640331942298108,0.6090453068417495,0.3436328121765138,,sparse
3bc5a441-247a-42fb-8da0-dcfbfe89a631_SecondBedroom-16823,bedroom,5.0,1.4637012885330052,8.716184855079074,0.5966794501855321,0.5736454748417149,,neutral
3bc6c458-c350-4da0-a441-c882bbb05731_LivingDiningRoom-20064,livingroom,12.0,2.2200449777270976,23.278959960354094,0.2704117526525324,0.5154869470301485,,sparse
3bc6c458-c350-4da0-a441-c882bbb05731_SecondBedroom-16096,bedroom,5.0,1.7589433695567571,8.213270384670944,0.34782596258402826,0.6087708995106119,,neutral
3bc9ad8f-554f-4dec-93ec-53459445e20e_Bedroom-21497,bedroom,5.0,1.8942457323349244,13.20113757986547,0.20116250761104415,0.3787552375505925,,sparse
3bcd937b-c084-40c8-9d5b-adf7ef20f842_Bedroom-32536,bedroom,5.0,1.6784050968988287,8.112009840177409,0.4196273297965533,0.6163700609971955,,neutral
3bcd937b-c084-40c8-9d5b-adf7ef20f842_Bedroom-33448,bedroom,6.0,1.7113489921679181,13.72743866547918,0.27780917056274884,0.43708080918899955,,sparse
3bcd937b-c084-40c8-9d5b-adf7ef20f842_LivingRoom-32091,livingroom,9.0,2.1846025362363646,16.31999563693894,0.5979459839487851,0.5514707356679223,,neutral
3bdc611f-0626-4f7c-bb3d-1907ce0c7cbc_SecondBedroom-13950,bedroom,5.0,0.9049311365406856,5.733261837698709,0.8027006748696849,0.8721038985386659,,dense
3be4d516-8479-4e89-b5b5-f19ede2006a8_SecondBedroom-1083,bedroom,3.0,1.41856526515957,3.824450792485601,0.0711723328608525,0.7844263563004896,,dense
3bea1f8a-0b4b-4a99-9750-17334bde24df_MasterBedroom-6532,bedroom,3.0,1.7528464396794636,2.0858883552111487,0.8463272565812986,1.4382361321041646,,dense
3bf3db41-ef01-4ef1-82be-5b97ffddd4a3_LivingDiningRoom-16427,livingroom,15.0,1.3850378340384848,27.09314847175043,1.0649127551044886,0.5536455098838088,,neutral
3bf54310-1dd3-45a3-b6ce-e192f4d8ff43_Bedroom-18,bedroom,4.0,0.9725364396969477,3.0417281322711567,0.4249682832467896,1.3150419189545826,,dense
3bf54310-1dd3-45a3-b6ce-e192f4d8ff43_MasterBedroom-10364,bedroom,6.0,1.4698369935334625,9.357123353806646,0.6843815530858384,0.6412227105629736,,neutral
3c29e2e4-4b96-4124-91b6-00580ba3414d_Bedroom-67985,bedroom,4.0,1.7870028255736121,9.039308460463783,0.28091165518581795,0.44251172725161886,,sparse
3c3866c8-a167-4e66-8b73-ee663bd79f07_Bedroom-5988,bedroom,10.0,2.3673637120183484,25.78464119914134,0.4463807992292485,0.38782777401350893,,sparse
3c44be55-28a1-4e89-93a9-5de2828aeabf_LivingDiningRoom-13678,livingroom,17.0,2.671987768323748,31.618680097607225,0.47969582750906037,0.5376568518205316,,neutral
3c44be55-28a1-4e89-93a9-5de2828aeabf_MasterBedroom-13622,bedroom,5.0,1.0634898397051145,8.169440689519014,0.8389606733571038,0.6120370035141759,,neutral
3c47589f-313d-4bac-abee-830161a278f0_Bedroom-109970,bedroom,5.0,1.7176838039515654,14.567544396913478,0.46937576084126786,0.3432287462984759,,sparse
3c47589f-313d-4bac-abee-830161a278f0_LivingDiningRoom-109935,livingroom,12.0,2.0489877494487274,19.070666677138306,0.6132343837273355,0.6292386209227526,,neutral
3c7b86d5-3af6-4748-b9a1-cf45b85b1d1b_Bedroom-25641,bedroom,4.0,0.980872312489452,6.477557920844355,0.8045370917007121,0.6175166704612958,,neutral
3c7b86d5-3af6-4748-b9a1-cf45b85b1d1b_DiningRoom-27933,diningroom,6.0,1.3762765117663076,6.239545432231894,0.11157929417925987,0.9616085122171779,,dense
3c80262f-e275-43d4-a0f0-a99c234524dd_MasterBedroom-18842,bedroom,5.0,1.9369900147347767,8.990522177462887,0.31310506569073265,0.556141223090892,,neutral
3ca68de1-56b8-4aa8-8995-968f6df2e52d_LivingDiningRoom-64294,livingroom,13.0,3.2640996584738824,29.966876838190732,0.5763598679596529,0.4338123078422504,,sparse
3cb1b735-8b88-42ee-ab06-4592c359b291_MasterBedroom-480,bedroom,5.0,1.4913556645695736,6.468282346036816,0.46427391658295736,0.7730027436207314,,dense
3cb1b735-8b88-42ee-ab06-4592c359b291_SecondBedroom-127,bedroom,3.0,0.7711141109466553,1.7510628125729684,0.8280818711969613,1.7132452236775415,,dense
3cb92d64-e832-4c05-be86-a286b92a1ac6_LivingRoom-5774,livingroom,17.0,2.7471849756989113,25.746662739751887,0.39608762117989527,0.6602797485575727,,neutral
3cb92d64-e832-4c05-be86-a286b92a1ac6_MasterBedroom-8229,bedroom,7.0,1.9841690609022373,19.735955324119278,0.40443060706625245,0.354682602642767,,sparse
3cb92d64-e832-4c05-be86-a286b92a1ac6_SecondBedroom-1622,bedroom,8.0,1.5652850344079692,13.970820976164314,0.69192900351863,0.5726220394384008,,neutral
3d00a520-dfe2-460a-98d6-c0cf07c0fe02_MasterBedroom-13199,bedroom,4.0,1.5736954138823984,5.5840436202513155,0.18865281590013097,0.716326782529678,,neutral
3d00a520-dfe2-460a-98d6-c0cf07c0fe02_SecondBedroom-7785,bedroom,4.0,1.4640519352605066,5.744441849536127,0.21862449243115292,0.6963252661915286,,neutral
3d14c3d3-63af-4354-b828-da3be8367a90_LivingDiningRoom-13700,livingroom,4.0,1.579482288395328,6.91798950783729,0.18057113445837925,0.5782026693547971,,neutral
3d14c3d3-63af-4354-b828-da3be8367a90_MasterBedroom-12524,bedroom,8.0,1.648859813846072,14.587765630455769,0.5209463324325714,0.548404752493275,,neutral
3d21db7b-a4e8-45d1-9389-abce40c98016_SecondBedroom-22595,bedroom,7.0,1.4161315162075483,7.290493462258776,0.6866835856280225,0.9601544855965383,,dense
3d258450-f746-4153-ba85-90c309d71720_MasterBedroom-12805,bedroom,5.0,1.3194264075454203,6.954564372555624,0.5434025480826168,0.7189522926455605,,neutral
3d43fc39-ad02-49ec-84ec-ef943021d3c1_SecondBedroom-1906,bedroom,3.0,2.102300088432626,7.142258779923726,0.28571083697095784,0.4200351866881023,,sparse
3d47d5ba-5b4c-4f9d-a5cb-bc16dc65ca44_DiningRoom-100009,diningroom,8.0,1.3145056372685224,7.591176055390082,0.6572656573808755,1.0538551525648827,,dense
3d55bab4-6fa8-4498-8c18-b62786ba7887_Bedroom-10773,bedroom,9.0,2.1434910395869458,20.298017076721525,0.6349473910120207,0.443393064750227,,sparse
3d6e9a53-0cf3-473d-ac27-8e7a5007e637_MasterBedroom-5579,bedroom,5.0,2.0678503748989305,18.515713232354784,0.3222995985356179,0.27004090726912344,,sparse
3d746247-8cd0-4b3c-8186-2ee990b66efa_DiningRoom-31843,diningroom,8.0,1.2500880329733286,9.648386093929687,0.2541051761394345,0.8291542152353568,,dense
3d746247-8cd0-4b3c-8186-2ee990b66efa_SecondBedroom-31776,bedroom,5.0,1.6898869799056915,6.933247085701885,0.3276006150880684,0.7211628171035861,,neutral
3d746247-8cd0-4b3c-8186-2ee990b66efa_SecondBedroom-31811,bedroom,4.0,1.4295233592345393,6.163390337994363,0.15616605969165914,0.6489934566275816,,neutral
3d81afec-001f-460c-a85f-54c5fcfec008_MasterBedroom-5851,bedroom,4.0,1.5277493548157273,4.819290805875932,0.33361232480003455,0.8299976409647225,,dense
3d81afec-001f-460c-a85f-54c5fcfec008_SecondBedroom-5959,bedroom,6.0,1.5407510514850138,5.287751647410214,0.48866781176510254,1.134697769502587,,dense
3d83fdb3-1e74-4c3f-adfb-8e722d772705_SecondBedroom-339,bedroom,6.0,1.3615593791007996,4.717544552842589,1.1573078293905006,1.2718480838479118,,dense
3d848cc4-94db-4a9e-b592-b78bc13ed199_LivingDiningRoom-56499,livingroom,13.0,3.541639892182268,28.510973729089677,0.41415819335688386,0.45596478477113994,,sparse
3d848cc4-94db-4a9e-b592-b78bc13ed199_MasterBedroom-14654,bedroom,3.0,1.7252280348701527,6.015480114304657,0.2127862975773551,0.4987133101589144,,sparse
3d9f406a-4032-44ed-9f55-064f14fe2250_MasterBedroom-67795,bedroom,4.0,1.531838035565208,5.213696515906722,0.3882150511507017,0.7672099800585255,,dense
3d9f406a-4032-44ed-9f55-064f14fe2250_SecondBedroom-67719,bedroom,4.0,0.8041617274284363,3.4404057360901117,0.6384199001577278,1.1626535667115372,,dense
3da510a3-8db8-425e-bd0c-99e5a12af2ca_MasterBedroom-45724,bedroom,5.0,1.485149097442627,6.594080859242486,0.2762552627052346,0.7582557913271312,,dense
3da510a3-8db8-425e-bd0c-99e5a12af2ca_SecondBedroom-38516,bedroom,4.0,0.6190744042396545,2.147283795634962,1.3156564167944536,1.8628185096591672,,dense
3dae8246-5f5e-4a15-96fb-c001b3496fc1_Bedroom-217,bedroom,3.0,0.8596569697062174,2.0170792490750498,0.4906013375329902,1.4872990247535776,,dense
3dae8246-5f5e-4a15-96fb-c001b3496fc1_Bedroom-373,bedroom,5.0,1.7606985087038616,7.028512125528685,0.22949982742430125,0.7113881161048576,,neutral
3db40bf1-6f2c-45a1-9c26-386014ba6e24_MasterBedroom-36842,bedroom,6.0,2.6623454262741455,24.658082000601212,0.18598003763256238,0.24332792793266356,,sparse
3dbb1b3e-f774-4f93-9bb7-b2c3dd5fb8cc_MasterBedroom-5561,bedroom,6.0,1.7541075012070395,12.341717344473464,0.61734829339682,0.4861560050787226,,sparse
3dbc0dcf-2035-49da-8b9e-ba7189feb9ac_SecondBedroom-2906,bedroom,4.0,1.9968911465868082,9.638767554992574,0.1334116025169721,0.41499081466365767,,sparse
3dc195aa-0a30-440e-bf84-5f1995ec1c3f_LivingDiningRoom-1419,livingroom,14.0,1.4884359674029453,21.576486715134447,1.563425883817013,0.6488544768588274,,neutral
3dc195aa-0a30-440e-bf84-5f1995ec1c3f_MasterBedroom-1150,bedroom,5.0,1.087751986208104,6.870339640247429,0.6203116347966477,0.7277660584215208,,neutral
3dc195aa-0a30-440e-bf84-5f1995ec1c3f_SecondBedroom-22,bedroom,6.0,1.5478824725995755,8.287612558150308,0.479288620576267,0.7239720676975187,,neutral
3dc5baed-a3ec-448e-b564-9afe4915b667_LivingDiningRoom-24410,livingroom,20.0,1.869603769348286,30.913084052812632,1.5328200379018944,0.646975240834319,,neutral
3dc5baed-a3ec-448e-b564-9afe4915b667_SecondBedroom-24856,bedroom,5.0,1.5007849603512562,9.07297677317171,0.8047749780835864,0.5510870494879611,,neutral
3e038beb-1cf4-4a16-8775-cf225873aca9_LivingDiningRoom-8049,livingroom,6.0,1.3487583150399236,5.210037355382703,0.2738677280872725,1.1516232208587054,,dense
3e038beb-1cf4-4a16-8775-cf225873aca9_MasterBedroom-8131,bedroom,3.0,1.417461870800011,7.69416947173762,0.6558611305124087,0.389905630623248,,sparse
3e038beb-1cf4-4a16-8775-cf225873aca9_SecondBedroom-7904,bedroom,3.0,1.0582282266185123,3.3032810755208426,0.5730453063276054,0.9081879293384009,,dense
3e2a08c1-5a26-453c-bc8f-a6058ddd6952_Bedroom-55636,bedroom,5.0,0.8557723603797743,7.884121473163765,0.8289887960655999,0.6341860684185506,,neutral
3e40b128-6291-41ff-89aa-0ae707a594c6_MasterBedroom-11237,bedroom,8.0,1.4139556715445276,13.246085945931936,0.6788052739311918,0.6039519925096754,,neutral
3e40b128-6291-41ff-89aa-0ae707a594c6_SecondBedroom-11303,bedroom,5.0,1.2527324282366756,7.545910374430625,0.825911302037809,0.6626105733964901,,neutral
3e521f51-ad75-4071-9138-2369bd8d1ae1_Bedroom-10139,bedroom,5.0,1.90483157059646,13.232565948699847,0.5057427780031952,0.3778556645312824,,sparse
3e71a867-177e-439a-9c80-432d0e0900d4_Bedroom-1447,bedroom,5.0,1.5893757343292236,6.244670302460322,0.30336873695856403,0.8006827835298307,,dense
3e73871a-0b33-44cb-99ab-6a76a7d6e12d_LivingDiningRoom-17558,livingroom,13.0,1.5058624773691993,18.047489109600964,1.3887642956509731,0.7203218088151784,,neutral
3e73871a-0b33-44cb-99ab-6a76a7d6e12d_MasterBedroom-8283,bedroom,4.0,1.0845469327464305,6.023079984356622,1.0240378743703151,0.6641120507097624,,neutral
3e81e810-e8a3-4afa-b737-5cb99895ab82_LivingDiningRoom-9479,livingroom,14.0,1.683965282713423,26.23882610249163,1.2116992244505622,0.5335604552320489,,sparse
3e9c8a6e-dec6-4002-a1b9-7d1f95e14977_MasterBedroom-8571,bedroom,6.0,1.5949017450465988,8.329305446596809,0.46520326649870875,0.7203481777044787,,neutral
3e9f2a5c-2530-42c4-981e-c134bd7b8591_Bedroom-14516,bedroom,8.0,1.7310550297732248,15.181716900241495,0.5032864125374099,0.526949623192667,,sparse
3e9f2a5c-2530-42c4-981e-c134bd7b8591_Bedroom-14560,bedroom,5.0,1.2098716198428228,4.653005342382989,0.28629574166779465,1.0745743088786788,,dense
3ec1f433-e612-4509-9e52-8fa062b2aaa2_LivingDiningRoom-1050,livingroom,9.0,2.569033230688376,23.907337162154022,0.30206775348847065,0.37645346861327783,,sparse
3ec1f433-e612-4509-9e52-8fa062b2aaa2_MasterBedroom-2442,bedroom,5.0,2.207417328414133,10.487896296457746,0.3006994483337252,0.4767400304757718,,sparse
3ec24496-80f4-4ea1-b889-b3cb902d2a47_MasterBedroom-1362,bedroom,6.0,1.7915670382685505,10.181539081441413,0.38164384685769476,0.5893018680188156,,neutral
3ec24496-80f4-4ea1-b889-b3cb902d2a47_SecondBedroom-5466,bedroom,5.0,1.6988051681800578,7.159973706168812,0.4180206716645057,0.6983265868270095,,neutral
3ed02f51-4e42-4b78-9829-44ac6f2f52da_LivingDiningRoom-108722,livingroom,14.0,2.9159187604190695,22.455557824421245,0.3160109829026452,0.6234536727818217,,neutral
3ed02f51-4e42-4b78-9829-44ac6f2f52da_MasterBedroom-108697,bedroom,3.0,1.7174344719018082,5.208029398848672,0.16249827172916717,0.5760336146841267,,neutral
3ed02f51-4e42-4b78-9829-44ac6f2f52da_SecondBedroom-107545,bedroom,7.0,1.9146674566397752,9.226191236775836,0.2972504991513435,0.7587096148731255,,dense
3ed8823a-0603-49ed-9a51-302cf15adf53_Bedroom-1889,bedroom,4.0,1.367346051690902,6.301479391171041,0.5586867824707564,0.6347715753231491,,neutral
3edff452-4f84-497e-8af5-0e36a1d22ca5_Bedroom-22290,bedroom,5.0,1.838805060192047,9.837330368365796,0.4556684576891207,0.5082679764500593,,sparse
3ee9fe04-c35f-4b40-bcd5-de3e4d0f8243_Bedroom-6002,bedroom,5.0,0.922126471838282,5.519283390463239,0.5906672120320231,0.9059147078114329,,dense
3eee21b6-9b7c-4c64-b79b-e67bcc80c3e2_SecondBedroom-4947,bedroom,7.0,1.803283051198304,13.327382648821766,0.38970285041123703,0.5252344128213989,,sparse
3f00a056-ba0a-467a-9565-0326eca9cc5d_MasterBedroom-87312,bedroom,4.0,0.517591635386149,4.049182262893334,0.6043287968860903,0.9878537789360485,,dense
3f00a056-ba0a-467a-9565-0326eca9cc5d_MasterBedroom-87369,bedroom,8.0,1.4471505971173093,10.341109561528286,0.7860662805895413,0.7736113762648986,,dense
3f2629fe-a957-4e83-893a-28d476318740_Bedroom-28486,bedroom,6.0,2.12076076920973,18.15989210593728,0.28180329555402206,0.3303984387681649,,sparse
3f399a35-6dec-4245-8356-dd37726f2d5a_LivingRoom-4260,livingroom,6.0,1.615441124389569,15.688826595386466,0.7409575710362956,0.382437779111179,,sparse
3f3d9b08-0047-4e38-9c18-6a77a30d7f95_MasterBedroom-1647,bedroom,3.0,1.5473672001781396,4.315908796065589,0.1835027872184493,0.6951027331103058,,neutral
3f3e99f9-be5f-4d9a-a796-7211d0a08b41_SecondBedroom-7253,bedroom,5.0,1.8390095949172973,6.8582192278210234,0.349594548359663,0.7290522268108638,,dense
3f4239b6-b737-436b-a0e5-136eb9692c1e_SecondBedroom-18175,bedroom,4.0,0.46258747577667236,2.1983882330303937,1.4500989380731388,1.8195148335952263,,dense
3f48e194-1e88-4dc1-b1d2-03114248c15f_LivingDiningRoom-22011,livingroom,8.0,2.9113487024904106,13.719452907752833,0.2820615476403743,0.5831136309727932,,neutral
3f4bdfd2-1c63-435d-9482-6dce589f6a5f_MasterBedroom-22801,bedroom,4.0,2.0415138903877734,7.9874712532437,0.20950432277825826,0.5007842749200012,,sparse
3f5dea2c-eda3-4cd1-adff-fc2317af1fcb_Bedroom-20594,bedroom,10.0,2.2222343315269746,18.950468475379726,0.5299474837702519,0.5276914400819118,,sparse
3f5dea2c-eda3-4cd1-adff-fc2317af1fcb_Bedroom-48241,bedroom,7.0,1.9441840125502377,22.11888331650603,0.41031599463966784,0.3164716726353138,,sparse
3f5df315-6fc7-46c2-84eb-862e27012530_Bedroom-366,bedroom,3.0,1.1740368212891026,3.262260467153288,0.3620859944942065,0.9196077475131403,,dense
3f5df315-6fc7-46c2-84eb-862e27012530_LivingDiningRoom-174,livingroom,6.0,1.3231808517326453,6.487409989470257,0.13592625121736412,0.9248683233738311,,dense
3f60d6b9-49ba-45d9-bf03-966069127e75_MasterBedroom-21751,bedroom,6.0,1.5385593421951154,7.081491221328914,0.4933015974597152,0.8472791693829197,,dense
3f60d6b9-49ba-45d9-bf03-966069127e75_SecondBedroom-34317,bedroom,5.0,1.598930378146385,5.546576600111161,0.39935167777631064,0.9014569455147872,,dense
3f6df3ff-611d-4259-a65f-57641b3e993e_Bedroom-10372,bedroom,3.0,1.8819721597808592,11.97616073983984,0.5432308986654594,0.2504976398671917,,sparse
3fc1b9bb-5392-41ee-b8dc-3ab622be9c13_LivingDiningRoom-26031,livingroom,15.0,1.4882363040376725,30.447753861896487,0.728425499224536,0.4926471774580255,,sparse
3fc88ba8-7ea3-4653-892f-83667812c78a_LivingDiningRoom-76396,livingroom,17.0,1.975138464972046,35.940548996086726,1.3485237245240191,0.4730033478857263,,sparse
3fc88ba8-7ea3-4653-892f-83667812c78a_MasterBedroom-76324,bedroom,6.0,1.3397041886306036,9.529875421719929,0.7362951088358404,0.6295989962602402,,neutral
3fcbe74d-fbfa-469a-908f-668b33f99dcc_Bedroom-99976,bedroom,4.0,2.192899970703022,9.763657673618123,0.16776147984852174,0.4096825322756034,,sparse
3fde61aa-d606-4c6a-8c79-0762d11cd33b_LivingDiningRoom-61638,livingroom,17.0,1.6684590482255177,25.702159093363672,1.265114822173839,0.6614230321369935,,neutral
3fde61aa-d606-4c6a-8c79-0762d11cd33b_MasterBedroom-57730,bedroom,5.0,0.9466124569018322,6.285807286319828,0.7983566028221528,0.7954427764404731,,dense
40023299-f0a9-4017-a1fa-1972bddaaeea_MasterBedroom-10891,bedroom,9.0,1.4963673434821692,13.023264301151887,0.6900277896432286,0.6910709782035188,,neutral
400cce14-4ff3-4c67-9e51-c1c1fd089aac_Bedroom-64012,bedroom,4.0,1.3628269636781198,5.237486786652168,0.27992247977317813,0.76372507711028,,dense
400cce14-4ff3-4c67-9e51-c1c1fd089aac_Bedroom-67585,bedroom,5.0,2.000292224413777,7.184676559557993,0.3596189853789677,0.6959255519092712,,neutral
401a9c00-571c-491d-a2c6-2201b964ca79_LivingDiningRoom-18728,livingroom,13.0,2.690874491530816,27.214797872571307,0.5551628612290789,0.47768129900763195,,sparse
401a9c00-571c-491d-a2c6-2201b964ca79_MasterBedroom-18800,bedroom,6.0,1.8672940644167417,16.01423940619587,0.5567539178822793,0.3746665606659168,,sparse
40415a21-d863-4c54-a088-c078346ba939_Bedroom-4098,bedroom,5.0,0.9389450644134467,7.644812797579374,0.9790329242724036,0.6540382521313252,,neutral
408949e0-59c3-4e26-90d7-b65237f491b4_SecondBedroom-22416,bedroom,7.0,1.2961015059376755,10.292164230334691,0.7310268798493532,0.6801290616184004,,neutral
408ac41a-18b0-4c87-82ec-881b39e06b37_MasterBedroom-11336,bedroom,5.0,2.1628698546663285,16.610920161431572,0.34703618275584996,0.30100680464465535,,sparse
40ae8003-7d89-4e10-a98d-991f8918220a_MasterBedroom-21566,bedroom,3.0,1.7673348806350848,5.979115799802643,0.2259979355566744,0.5017464288112673,,sparse
40ae8003-7d89-4e10-a98d-991f8918220a_SecondBedroom-22431,bedroom,5.0,1.8587830922256845,11.400760400440717,0.22108787178433809,0.43856723800692415,,sparse
40b522ad-fa7b-44b2-aed5-81f65a369d88_MasterBedroom-28439,bedroom,6.0,1.7100999091422797,14.671748041149964,0.22568082852296073,0.4089492256254506,,sparse
40b522ad-fa7b-44b2-aed5-81f65a369d88_SecondBedroom-28376,bedroom,5.0,1.4252667440267133,10.668649739395129,0.5445038680536965,0.4686628694479458,,sparse
40c54a07-55c4-4c83-9624-957261e07ab8_DiningRoom-65753,diningroom,9.0,1.4838491707247532,12.1434023204356,0.7268005993318016,0.7411431954991966,,dense
40c54a07-55c4-4c83-9624-957261e07ab8_LivingRoom-65671,livingroom,11.0,1.656469010072542,16.87044194343493,0.6301555820206324,0.6520279692068535,,neutral
40c54a07-55c4-4c83-9624-957261e07ab8_MasterBedroom-65728,bedroom,5.0,1.3297828393859101,8.233706322060915,0.7731023199732466,0.6072599391361931,,neutral
40c54a07-55c4-4c83-9624-957261e07ab8_SecondBedroom-65696,bedroom,3.0,1.1396043556965398,5.6638640206288136,0.7386283014745141,0.5296737331746418,,sparse
40dcaad6-b0b5-4030-bd90-13ceadc84ce1_Bedroom-5265,bedroom,7.0,1.3348851859458324,9.698460020214936,0.7969786867591186,0.7217640723794897,,neutral
40de1b9b-b29b-4e8d-a403-b6dfeb1c77d4_MasterBedroom-6663,bedroom,8.0,1.808417335267134,14.902184030833828,0.3673353560429017,0.5368340629432136,,neutral
40e1119e-c7fa-4319-9887-236dee57ffea_Bedroom-297,bedroom,5.0,1.5951283165789427,6.832422858795538,0.35634527357990375,0.7318048228767607,,dense
40eb416e-d9ae-4c25-8d4c-a2a2306e8a21_Bedroom-6601,bedroom,6.0,1.0130156297562114,10.240367300569277,0.9733002970130972,0.5859164836466805,,neutral
41053719-a949-4424-841b-a29c5d6a079a_LivingDiningRoom-8276,livingroom,11.0,1.6890033936148252,25.603964064676493,1.2859277987382667,0.4296209747917792,,sparse
410f4975-e3ff-42c5-975f-cd1878d41070_Bedroom-9794,bedroom,4.0,1.217694654878936,6.263144305192687,0.6473938735318562,0.638656847916414,,neutral
41102cdc-f833-4edf-8d5b-4dcd24607969_LivingDiningRoom-18581,livingroom,14.0,2.647394907535648,28.392855871785038,0.3554742390576183,0.493081783080239,,sparse
41102cdc-f833-4edf-8d5b-4dcd24607969_SecondBedroom-15642,bedroom,4.0,0.9421880843801164,4.749639199150588,0.7853141621376428,0.8421692327104233,,dense
4126063a-3bca-45a7-b20c-d668b139eefd_SecondBedroom-14726,bedroom,3.0,2.0633879740212975,5.221427421311271,0.18553912832719172,0.5745555301133731,,neutral
41352a15-a73f-46ae-b996-5abd61ed9871_Bedroom-47196,bedroom,4.0,1.990270528685274,6.980635839029635,0.19780317957936763,0.573013704229561,,neutral
4135af07-0edb-47c3-92b2-852b30c3c93c_DiningRoom-5692,diningroom,7.0,0.9575207320771465,7.303283524623367,0.6875706712776805,0.9584729904568496,,dense
4135af07-0edb-47c3-92b2-852b30c3c93c_MasterBedroom-6438,bedroom,5.0,1.8170771639762164,7.146331274048832,0.28618971009564786,0.699659700657453,,neutral
41530c87-2f3d-45fc-a696-9e3b276024a8_MasterBedroom-22121,bedroom,7.0,2.1995605438705153,18.02095627183231,0.3325105489907648,0.3884366564354503,,sparse
41530c87-2f3d-45fc-a696-9e3b276024a8_SecondBedroom-1791,bedroom,5.0,1.6765985514201152,9.033863463467942,0.7477293248634996,0.5534730539397136,,neutral
416f3a24-3c1b-4c05-baa9-dd26451e6401_LivingDiningRoom-37172,livingroom,17.0,2.5659895736850746,23.373357474830197,0.7660487314248247,0.7273238351959747,,neutral
4184f131-20fd-40ab-ad3e-d4ac14c0aae6_SecondBedroom-15677,bedroom,6.0,1.6550339706081787,12.24362604296485,0.33008411826772666,0.4900509031348259,,sparse
41a6ff52-5596-4560-97c4-14f827d12914_LivingDiningRoom-11510,livingroom,8.0,1.3301404544285371,4.340142219684019,0.7213643086620455,1.8432575696983577,,dense
41a6ff52-5596-4560-97c4-14f827d12914_LivingDiningRoom-11830,livingroom,3.0,2.2716618038907854,7.413606316968528,0.26864108983564994,0.40466135801323744,,sparse
41bc5800-56a9-4a47-80ff-d1bd57ec3cd7_MasterBedroom-22333,bedroom,5.0,1.7610352824714262,11.212030268670398,0.5748254430781103,0.4459495631198412,,sparse
41c070fc-dc7a-40b8-9ce2-c65606f4b728_MasterBedroom-9070,bedroom,7.0,2.0769523776186083,15.199355709169671,0.3708356556393708,0.46054583720130626,,sparse
41c070fc-dc7a-40b8-9ce2-c65606f4b728_SecondBedroom-9038,bedroom,5.0,1.7557632027516945,5.805426202265524,0.2295708124525375,0.8612632089008017,,dense
41c1a866-1f75-4f21-9408-a4444e8135b2_LivingDiningRoom-12401,livingroom,13.0,2.655772517829623,24.926098848455652,0.4367707049647611,0.5215417012921555,,sparse
41c4da34-e8fa-4082-ac62-199a94f0aad5_MasterBedroom-245977,bedroom,3.0,2.73542804138577,9.255870485719907,0.07442022641886925,0.3241186233783677,,sparse
41cc9bf6-a51f-4c28-92f8-98e7a2fc6136_Bedroom-1971,bedroom,4.0,1.0469905120777183,3.8706485945205693,0.15968423433976578,1.0334185349872747,,dense
422161aa-6b12-4d29-b4cc-729da721f2a7_MasterBedroom-52585,bedroom,6.0,1.8694156274565021,7.015842957963926,0.2702309630050342,0.8552072838502168,,dense
42249ee6-a641-4938-99e1-9e7514b79ab7_MasterBedroom-7113,bedroom,5.0,0.9060065165691314,5.943384924895977,0.9822849180983374,0.8412714409688873,,dense
423a87ad-9f80-426b-8faf-9015764a0978_MasterBedroom-30716,bedroom,6.0,1.71751194860844,12.688579679704459,0.24923614859664234,0.4728661640196873,,sparse
423a87ad-9f80-426b-8faf-9015764a0978_SecondBedroom-30625,bedroom,6.0,1.8113257714149822,11.020778715777904,0.17987449950174186,0.5444261385459175,,neutral
4252f77a-ff14-44a0-b4b5-f18c7db19bc2_MasterBedroom-1502,bedroom,9.0,2.0579487174460267,18.823052830534056,0.49127947151064705,0.4781371056559186,,sparse
4252f77a-ff14-44a0-b4b5-f18c7db19bc2_SecondBedroom-3914,bedroom,4.0,1.5148672144031508,7.836949008084492,0.31559844489080247,0.5104027084868937,,sparse
4279081f-e8fe-49a3-9060-5f098e3b17e8_MasterBedroom-3786,bedroom,3.0,1.7847109200098628,7.8833695895011635,0.4339245617208538,0.38054793270067033,,sparse
427e4499-9d2d-4a29-a950-76f9aea81ffe_LivingRoom-2933,livingroom,14.0,2.736237257463362,34.391803443275705,0.5387239775554548,0.4070737384589607,,sparse
42814d0f-6903-4fc3-a79f-db2db6bc9a62_MasterBedroom-17415,bedroom,4.0,0.936164140701294,3.2347895245215774,0.5306605305292118,1.2365564960804047,,dense
42986cef-25a2-462f-a127-44a0c99eb0f3_MasterBedroom-33464,bedroom,6.0,1.9504271526574217,12.762455898914112,0.2886494968505621,0.4701289506912621,,sparse
429f2605-0d94-4311-b6b8-5c68e5a6c9d3_Bedroom-225,bedroom,5.0,2.000483806390639,10.577709029978722,0.16244317027344155,0.4726921477825958,,sparse
429f8691-ba52-4558-ab75-8cfc15c17e91_Bedroom-30790,bedroom,7.0,2.179770417553933,18.72961837421479,0.3242777423428561,0.37373959576437255,,sparse
42a59e9c-16cb-4596-bd68-395d74ef03ae_MasterBedroom-19750,bedroom,4.0,1.7592321852986619,11.000160725227783,0.15751857337735645,0.36363105048332567,,sparse
42c087e2-924a-406b-aee9-8aa9c57d9d8b_Bedroom-2075,bedroom,5.0,1.6021959564906747,9.633540894748295,0.5168378173224893,0.5190199589774659,,sparse
42c087e2-924a-406b-aee9-8aa9c57d9d8b_MasterBedroom-61,bedroom,4.0,1.6824297828008081,5.171073289871214,0.27427739782319016,0.7735338054161712,,dense
42da194b-3b73-4d6b-b7bf-2e1e53e64355_MasterBedroom-5861,bedroom,3.0,0.8911794821421317,3.3604741827877262,0.33752094796130355,0.892731155432151,,dense
42da194b-3b73-4d6b-b7bf-2e1e53e64355_SecondBedroom-3873,bedroom,3.0,0.4299933910369873,1.7753784282624192,1.1665704430460706,1.689780585503751,,dense
42dac4e2-8940-4ea3-9039-030961b73776_SecondBedroom-8208,bedroom,7.0,0.44936464329630577,5.570786241973467,1.053513847482669,1.2565551245276698,,dense
430331c7-7d91-42c1-83d7-47774a4e1b41_MasterBedroom-3673,bedroom,5.0,1.5180416717152903,11.78557970823294,0.62406584794275,0.4242472685927531,,sparse
43064174-6fa4-480a-8e69-3c4e903b6e56_SecondBedroom-147166,bedroom,5.0,1.958049713756202,8.585329807295764,0.33607420617264555,0.5823888088435495,,neutral
43069995-70b6-4ad2-a934-5f8ea67be7bc_MasterBedroom-14970,bedroom,4.0,1.8753941300029753,5.101626127109541,0.3113539471373891,0.7840637279835918,,dense
431d8692-e07a-4729-8555-62d5f028153e_Bedroom-7187,bedroom,5.0,1.820107052504632,7.217487669737549,0.3190543088847539,0.6927618346983356,,neutral
432b6cf3-0c02-4e07-81b8-69cbd98ae00d_MasterBedroom-4249,bedroom,4.0,1.6041916876699576,6.564673525099477,0.27831139383513037,0.6093219997470303,,neutral
4331de47-48f4-4954-88d5-2752e0030845_SecondBedroom-56385,bedroom,3.0,1.5984122641750975,4.559948430161814,0.07194012821736159,0.6579021771729866,,neutral
43362117-720e-48f6-bab0-d3cd0f0ccdff_DiningRoom-17793,diningroom,5.0,1.0099067940050381,3.3839950287517686,0.45406168162588506,1.4775435417363234,,dense
4350baf8-0e3e-471e-bccd-4a6695158579_LivingDiningRoom-15211,livingroom,11.0,2.449362053966986,22.487284247083966,0.457825491993036,0.48916533802548534,,sparse
436db6a9-8e9e-408d-95bc-bcdb6202cf05_MasterBedroom-56375,bedroom,7.0,2.2508353199710465,17.98578999698704,0.549954078490258,0.389196137682728,,sparse
43907bbc-4b39-4f1a-8747-3287c8bce690_LivingDiningRoom-46747,livingroom,15.0,2.626709075426049,17.767824195674592,0.5469001796052868,0.8442226709813804,,dense
43907bbc-4b39-4f1a-8747-3287c8bce690_MasterBedroom-48054,bedroom,5.0,1.89331877144062,7.52160066075407,0.2634007974047044,0.6647521219903119,,neutral
43907bbc-4b39-4f1a-8747-3287c8bce690_SecondBedroom-47691,bedroom,5.0,1.7285621776412163,8.316418694936239,0.4631502534293505,0.6012203309393785,,neutral
43921e8e-fbe4-4eca-b1be-99969dda2224_LivingDiningRoom-31684,livingroom,13.0,2.765772742288019,26.067446395938767,0.41814047103850827,0.4987063098756525,,sparse
43921e8e-fbe4-4eca-b1be-99969dda2224_MasterBedroom-26672,bedroom,4.0,1.9592847003257674,7.954700803221473,0.2752506540271736,0.5028473224763012,,sparse
43b74fcd-363a-4cf5-9bb3-4444768c589c_SecondBedroom-42190,bedroom,4.0,1.0387132250702675,4.6853406067387695,0.6480576417997209,0.8537266200555266,,dense
43b74fcd-363a-4cf5-9bb3-4444768c589c_SecondBedroom-42209,bedroom,6.0,0.6963334798812866,2.7900642028612133,0.7904879781791686,2.150488147852295,,dense
43b85f54-1a49-413f-8b9d-2858c270c442_Bedroom-2457,bedroom,6.0,1.6626757194542292,13.626046317170777,0.4246214377063073,0.44033315756744035,,sparse
43b85f54-1a49-413f-8b9d-2858c270c442_LivingDiningRoom-1524,livingroom,15.0,1.7442470864459274,26.951480687489287,1.6552830255418518,0.556555692576954,,neutral
43b85f54-1a49-413f-8b9d-2858c270c442_MasterBedroom-3073,bedroom,9.0,1.3029291477515135,12.938671172361992,1.0015358922055058,0.6955892054220143,,neutral
43c9cf5d-4c59-4130-bbc5-dd9c6ec4c4d0_LivingDiningRoom-34404,livingroom,13.0,2.296874712744444,30.855305740842187,0.6725691659123644,0.42132138016031107,,sparse
43d5ff43-aa14-4d56-8092-cc6ba1ae01e7_Bedroom-1681,bedroom,5.0,1.7754448772031701,13.370664919189412,0.6481405561160313,0.3739529806647134,,sparse
43d5ff43-aa14-4d56-8092-cc6ba1ae01e7_Bedroom-2257,bedroom,4.0,1.5503629162639336,12.88419444948796,0.5937942306824951,0.3104579037270713,,sparse
43dce6e3-e13c-4ad8-87cc-a0141569311d_MasterBedroom-12942,bedroom,5.0,1.8123632712062605,7.785979071214258,0.35966037069681583,0.6421799948686772,,neutral
43f250b1-17a4-4ac7-af2d-ba722f3a8bcb_Bedroom-41242,bedroom,7.0,0.885168780397702,12.159689495565566,1.0943544543071768,0.5756725944813625,,neutral
43f250b1-17a4-4ac7-af2d-ba722f3a8bcb_Bedroom-43042,bedroom,5.0,1.7506104837344978,12.239159798696619,0.5943845677698849,0.40852477475884114,,sparse
43f7c2b8-5eed-4aa6-ae66-8cb06a47148e_MasterBedroom-2827,bedroom,7.0,1.757497498486608,15.053079182247908,0.6113672451184802,0.46502113722055605,,sparse
43f8cf3d-030c-45d1-82b2-2c28746f58c5_DiningRoom-20627,diningroom,7.0,0.9740306063248622,9.272232858252975,0.19347532699228076,0.7549422137052437,,dense
44077407-784d-4f64-9af1-790a19a5aef0_SecondBedroom-19446,bedroom,8.0,2.1524215039539363,20.25192156464054,0.2905920732706812,0.3950242437225238,,sparse
4409ab36-f1e1-442c-8fbc-ff49638af1e8_DiningRoom-26150,diningroom,6.0,0.8280838648478192,0.9713051322163813,1.7168705374293114,6.177255530719627,,dense
4409ab36-f1e1-442c-8fbc-ff49638af1e8_MasterBedroom-29958,bedroom,4.0,1.5397745550134143,4.899370396326108,0.3950303812339655,0.8164314343327626,,dense
4409ab36-f1e1-442c-8fbc-ff49638af1e8_SecondBedroom-21695,bedroom,4.0,1.4873707806223138,5.187260091735195,0.4034924847926485,0.7711199996262298,,dense
440fd8de-71b4-48ae-b886-174e70742f5e_MasterBedroom-78206,bedroom,5.0,1.6006599873294032,6.312359040603025,0.3263599646830108,0.7920968956040793,,dense
44194524-916d-4e20-be22-47837f922661_MasterBedroom-14299,bedroom,7.0,1.6508643803905547,12.928096621345809,0.8289581956263151,0.5414563493006523,,neutral
4431da97-8901-416b-8011-ed50913cef8e_Bedroom-8518,bedroom,11.0,1.3415767185629688,18.0545810136069,0.9990492420666759,0.6092636540116777,,neutral
4437505e-b0f4-4dc9-ae75-1186ca6d6d2e_Bedroom-14,bedroom,4.0,1.2102827004487275,9.922091800405852,0.5871003905680344,0.40314079737060937,,sparse
4448c201-24bc-4eb1-b534-87f656f3094f_DiningRoom-11196,diningroom,8.0,1.4181263908805863,7.768520938059899,0.2617625090337692,1.0297970570956472,,dense
4448c201-24bc-4eb1-b534-87f656f3094f_MasterBedroom-13842,bedroom,5.0,1.2871321641738462,6.526243328224296,0.36006021330073956,0.7661375386321113,,dense
4448c201-24bc-4eb1-b534-87f656f3094f_SecondBedroom-10635,bedroom,3.0,1.1581249147931558,3.474247531939781,0.26533618227567024,0.8634963319165132,,dense
4448c201-24bc-4eb1-b534-87f656f3094f_SecondBedroom-10954,bedroom,7.0,1.5522580456937756,14.67961945764212,0.31876885546940714,0.47685159824465634,,sparse
447ddf50-7fdb-43f4-ba37-b6735a1871f1_SecondBedroom-2399,bedroom,4.0,0.8432784038161474,3.4734462173519067,0.9316260524553535,1.1515940508932159,,dense
4481c4f2-8355-415c-9787-c9a12dc948ee_Bedroom-29834,bedroom,6.0,2.360489629107426,14.419559469345996,0.2274210147298615,0.41610147749348214,,sparse
44903efe-45ea-42a0-954e-bacb917bd7dc_LivingDiningRoom-648,livingroom,12.0,2.522634790230831,23.515958923252754,0.5687392000171857,0.5102917571494102,,sparse
44903efe-45ea-42a0-954e-bacb917bd7dc_MasterBedroom-573,bedroom,5.0,1.6599837028478013,11.036681169495086,0.6445079656356233,0.4530347414420003,,sparse
44903efe-45ea-42a0-954e-bacb917bd7dc_SecondBedroom-712,bedroom,4.0,1.553024545034356,5.5154129513002115,0.27756884642029284,0.7252403465196625,,neutral
44b61eec-c68a-4691-aa5d-2557b46a3f79_Bedroom-2976,bedroom,4.0,1.4819504247514557,4.949154432638821,0.2787169437162032,0.8082188693932623,,dense
44b61eec-c68a-4691-aa5d-2557b46a3f79_Bedroom-583,bedroom,5.0,1.912707743786235,6.894182088510182,0.33612717424862815,0.7252491935675707,,neutral
44b61eec-c68a-4691-aa5d-2557b46a3f79_MasterBedroom-1672,bedroom,3.0,1.6875081976235193,6.323282040307121,0.2693309425875928,0.47443716425691657,,sparse
44d15f42-a914-4d48-8add-393c57addfb4_Bedroom-16110,bedroom,5.0,1.0386105191684425,6.076241971039585,0.7983417140097546,0.8228770387734492,,dense
44d15f42-a914-4d48-8add-393c57addfb4_LivingDiningRoom-16072,livingroom,14.0,2.2497061830031453,21.412371112309984,0.44694540431646734,0.6538276366764161,,neutral
44d15f42-a914-4d48-8add-393c57addfb4_MasterBedroom-16160,bedroom,4.0,1.0202626761149214,9.979893869308643,0.9032478124589475,0.4008058655113834,,sparse
44e6ed20-9ddf-4f53-a6c9-5bdbedb31aa3_MasterBedroom-27760,bedroom,5.0,1.2473800659179688,6.50382600655488,0.35594122924394717,0.7687782537479863,,dense
44e6ed20-9ddf-4f53-a6c9-5bdbedb31aa3_SecondBedroom-22780,bedroom,5.0,0.8983032408116056,6.2861870003865,1.0160399854609208,0.7953947281066536,,dense
44fcec4c-fe76-4397-b4de-4d0717c52760_SecondBedroom-629,bedroom,4.0,0.46258747577667236,2.1983882330303937,1.4500989380731388,1.8195148335952263,,dense
44fe868a-6c2c-4a95-8928-dfe4c7ea534a_SecondBedroom-1228,bedroom,6.0,1.9182287212998517,13.589745770228564,0.13601697620487532,0.44150936312174194,,sparse
453652dc-fd47-48b7-8a51-a762b22b5c2a_SecondBedroom-35011,bedroom,6.0,2.0851869074427496,14.615510141642913,0.23292041179021844,0.4105227899575421,,sparse
4557a700-5a64-4734-839c-bacf8f2bd27e_SecondBedroom-152,bedroom,8.0,1.4431562355610263,13.840694396156335,0.5840642503523908,0.578005681725164,,neutral
4563570e-14ba-4e61-8f4e-39086aef3ef9_SecondBedroom-47313,bedroom,6.0,1.4260347381939629,4.287343561230465,0.5959286808923299,1.3994679722559962,,dense
4563a93a-fffd-4829-b768-2cbe398c5cf1_SecondBedroom-13315,bedroom,4.0,1.6808296654955015,4.960830930723176,0.3177420940998223,0.8063165336329837,,dense
45bea9b9-7cc5-400f-a5f8-57eb3779ee15_MasterBedroom-364,bedroom,4.0,1.5694580604126391,7.351045373412412,0.3076681234335501,0.5441402952656744,,neutral
45c3dc01-a2eb-41ce-a395-69ebf0325ac6_Bedroom-16767,bedroom,3.0,0.9098570685347891,3.374221180093507,0.29906122888722536,0.8890940575261469,,dense
45d900c6-5d73-47b9-a119-4b219110ebba_SecondBedroom-19046,bedroom,4.0,1.9748410228776416,13.488558882302115,0.6653962275156365,0.29654761749591096,,sparse
45d95f40-c4c6-4fd5-8e0e-f9b26cb0e04f_MasterBedroom-2824,bedroom,5.0,1.9245679184702318,8.347359165375167,0.3462303836087847,0.5989918369320913,,neutral
45d95f40-c4c6-4fd5-8e0e-f9b26cb0e04f_SecondBedroom-2049,bedroom,4.0,1.69392288611208,5.847944248463745,0.15228362301213436,0.6840010489242951,,neutral
45dddc0b-2505-4dcd-b07e-f0ff4e5c90d4_DiningRoom-4528,diningroom,7.0,1.0142363172401798,5.890545687389213,0.5389996976471849,1.1883449125920482,,dense
45e7004e-bcb4-4f00-b475-4771e68d28da_MasterBedroom-102831,bedroom,5.0,1.5608759243309063,6.582519600005802,0.38262848281458406,0.7595875597538051,,dense
45f0c9b3-a06b-4e38-838f-1829297ee000_MasterBedroom-107799,bedroom,5.0,1.6316182518729516,7.980049851565351,0.280820153256993,0.6265625018644727,,neutral
45f0c9b3-a06b-4e38-838f-1829297ee000_SecondBedroom-108917,bedroom,5.0,1.8289842222020165,6.8597408480729385,0.3287027950225786,0.7288905092390796,,dense
45f82c57-4293-48eb-b0dd-378f97cda662_MasterBedroom-32217,bedroom,8.0,2.488072490833573,9.626380429299289,0.37938119907999607,0.8310496410105336,,dense
45f82c57-4293-48eb-b0dd-378f97cda662_SecondBedroom-32099,bedroom,4.0,1.3242179947769093,5.871471047671439,0.2585008825030731,0.6812602783056141,,neutral
45fb7506-342f-4dc6-b2c3-2e041fe69faa_Bedroom-10566,bedroom,3.0,1.4413194860861307,3.4254314941418835,0.199332120122031,0.8758020719814571,,dense
45fb7506-342f-4dc6-b2c3-2e041fe69faa_DiningRoom-10547,diningroom,6.0,1.3325078803531696,6.482002240443963,0.1669399328583095,0.925639914556563,,dense
45fbfece-d854-42cc-a8f3-96175fd6644b_MasterBedroom-6613,bedroom,6.0,1.1788782995440552,7.5096333214316235,0.7355882229357242,0.7989737638556459,,dense
460f4136-0bf7-4403-87a8-8473751c4067_Bedroom-76307,bedroom,5.0,1.7661342751487807,6.52595664942209,0.4681113042680118,0.7661711942942155,,dense
462782c3-a2da-4641-b152-1d2841215d33_Bedroom-12602,bedroom,7.0,1.8326368028401017,19.101738825762276,0.5194847557477653,0.36645878492272066,,sparse
463b244a-42b5-4340-8da3-7a291f989c80_SecondBedroom-107766,bedroom,5.0,1.087083472172478,9.393730169474308,0.8561167230675281,0.5322699193817497,,sparse
464570ce-bc6e-4914-a2af-846492c41560_Bedroom-18123,bedroom,6.0,1.5691111440243417,10.703210116029,0.4644288101827801,0.560579483627484,,neutral
4657306e-53a2-45b6-ac45-628f9c37099d_SecondBedroom-1977,bedroom,6.0,1.8491638674373552,13.931067066835858,0.2911582182628171,0.43069206193713133,,sparse
4693ef91-67c6-4e65-87c5-46b53aa23445_LivingDiningRoom-3328,livingroom,12.0,2.167208710164899,11.301487443485426,0.44976038946941255,1.0618071346809503,,dense
4693ef91-67c6-4e65-87c5-46b53aa23445_MasterBedroom-1762,bedroom,4.0,2.504331869146452,15.285786215637184,0.31923804452675913,0.2616810115993933,,sparse
46962cd9-1433-4c4a-ad4e-3a700ed010c0_MasterBedroom-1762236,bedroom,5.0,2.1764758165387503,17.323681920533186,0.16604506320825252,0.28862224687199234,,sparse
46987366-9a63-4f9f-97fd-1bafb4769ef7_Bedroom-47558,bedroom,3.0,2.6887285413897715,8.430850949872768,0.09101322480488544,0.3558359669548272,,sparse
46987366-9a63-4f9f-97fd-1bafb4769ef7_Bedroom-47615,bedroom,4.0,1.6858308272672382,6.206141541909779,0.24555398455655672,0.6445228445062346,,neutral
46a7ff72-6a76-43a0-b7b6-8499d6878532_Bedroom-42930,bedroom,5.0,1.4997420546832136,6.259834596591446,0.26714927896690077,0.7987431493353768,,dense
46a7ff72-6a76-43a0-b7b6-8499d6878532_Bedroom-43109,bedroom,9.0,1.7673597509218648,17.444507788026062,0.8370565283917497,0.5159216934843879,,sparse
46bc8223-0661-44c7-8f95-29beadbe62d2_DiningRoom-33429,diningroom,5.0,0.8263975143432617,0.6977572113721577,1.3065975754118098,7.165816301872924,,dense
46bc8223-0661-44c7-8f95-29beadbe62d2_SecondBedroom-28725,bedroom,4.0,1.5070784394825338,5.548927271972576,0.30888894607442385,0.7208600516723026,,neutral
46bd67dc-caae-4fcb-b660-525c940af26f_LivingRoom-46192,livingroom,6.0,1.2427571929708425,9.763057297268967,0.7186067446320632,0.614561588374411,,neutral
46cb6551-b67b-4bdf-a830-747dc3e235d8_SecondBedroom-1070,bedroom,4.0,0.9029247649977289,7.123163280587906,0.6512878158750072,0.5615482675935322,,neutral
46d37cd0-5b76-4fdd-ad97-efc7ea3ef346_MasterBedroom-8686,bedroom,9.0,1.545193267230343,13.861454537900393,0.9304913942425659,0.649282510388209,,neutral
46d37cd0-5b76-4fdd-ad97-efc7ea3ef346_SecondBedroom-9463,bedroom,6.0,1.2523555442245635,6.596365306059103,0.6707184500161456,0.9095918315028262,,dense
46d93d61-5f50-4431-b92e-9f9bd4da5b7c_Bedroom-47481,bedroom,5.0,1.8364383428732993,7.1017626461266605,0.2477264654900867,0.7040505645069717,,neutral
46d93d61-5f50-4431-b92e-9f9bd4da5b7c_LivingDiningRoom-48528,livingroom,13.0,1.5998768393915366,24.05056797426416,0.9703061711104575,0.5405277752238923,,neutral
46db808a-d7e7-452c-95bb-d0677d21b13c_MasterBedroom-5540,bedroom,10.0,2.1304111203342666,18.848338842931742,0.5185346835355352,0.5305507335862688,,sparse
46e18f9a-ebed-492e-b2de-e21865579a35_SecondBedroom-22968,bedroom,5.0,1.0403873846099174,5.2443648393740165,0.8586915728796061,0.9534043021684234,,dense
46e6bd47-6594-4cad-9cc0-b94f7bd116e3_SecondBedroom-9110,bedroom,5.0,1.7010609746918246,7.891384457892858,0.41155325143795873,0.6336023832927143,,neutral
46f087a2-fbbc-4db8-ad18-075652edb693_MasterBedroom-23485,bedroom,8.0,1.9277306506465324,15.505915393422425,0.47237660774573687,0.515932132803561,,sparse
4704fc8f-c4e8-4a68-92f6-5abdc54d327d_LivingDiningRoom-22101,livingroom,15.0,2.120188415191004,18.769989654446338,0.5483081812003291,0.7991480163893814,,dense
4704fc8f-c4e8-4a68-92f6-5abdc54d327d_MasterBedroom-22674,bedroom,4.0,2.0014020999272675,5.697024271641951,0.3001207220694846,0.7021209335390723,,neutral
47198989-4f6e-4221-a833-e858a0e44793_LivingRoom-2351,livingroom,13.0,1.714832845923761,31.80846978230847,1.0529894774303208,0.408696177117909,,sparse
47198989-4f6e-4221-a833-e858a0e44793_MasterBedroom-199,bedroom,6.0,1.3986315070257431,9.336605258385855,0.6848642700108302,0.64263185964845,,neutral
47230ba1-5a12-450a-80da-80527cc31c35_Bedroom-6059,bedroom,5.0,0.9919293465809945,9.203144392040398,0.9882114760995271,0.5432925733865909,,neutral
47230ba1-5a12-450a-80da-80527cc31c35_LivingDiningRoom-6087,livingroom,14.0,2.933464338591941,30.777203505928167,0.522642418510885,0.45488213369688973,,sparse
472b168a-54af-48ae-8a25-07f280742ac5_SecondBedroom-750,bedroom,5.0,0.8439500386252508,5.559707984653725,0.88989785126787,0.8993278089067505,,dense
47356158-6664-49f4-bb64-fa36d102e310_DiningRoom-69458,diningroom,8.0,1.027198072803178,11.286186204104034,0.6442201371452998,0.7088311193280625,,neutral
473633df-9854-4d60-8fb7-290a68f31bb0_LivingDiningRoom-14571,livingroom,13.0,2.8723806850546914,25.485852765148277,0.29117576580552323,0.5100869144852554,,sparse
473633df-9854-4d60-8fb7-290a68f31bb0_MasterBedroom-12445,bedroom,4.0,1.676139315278812,11.081686025482421,0.47369745933866636,0.3609559042551801,,sparse
473f4a9e-505e-4864-9ffd-59a793b26d5a_Bedroom-1705,bedroom,3.0,2.0243585641662034,7.961627750604265,0.3475428028939265,0.3768073682887659,,sparse
473f4a9e-505e-4864-9ffd-59a793b26d5a_Bedroom-6801,bedroom,5.0,1.8595436549284536,6.8332577853152126,0.4383683856766345,0.7317154067778747,,dense
473f4a9e-505e-4864-9ffd-59a793b26d5a_Bedroom-6984,bedroom,3.0,1.0704361433648184,5.506474003539736,0.42005843564547024,0.5448132503797357,,neutral
473fb8fd-a6d4-4fc1-bd5d-1afd61a9617e_MasterBedroom-6488,bedroom,5.0,1.3324044141453564,4.842540045505033,0.5578812737299048,1.0325159839702565,,dense
474b594c-a474-48fc-bcc3-f9df10f63bb9_MasterBedroom-15002,bedroom,8.0,1.8273393035458088,17.145026984348508,0.5859061813053509,0.4666076062349219,,sparse
474b594c-a474-48fc-bcc3-f9df10f63bb9_SecondBedroom-12046,bedroom,4.0,1.4295233592345393,6.163390337994363,0.15616605969165914,0.6489934566275816,,neutral
47664f37-b639-45fd-a436-20fa2ab72ec7_SecondBedroom-1044,bedroom,4.0,0.4225753943125407,4.1271287545648505,0.9606250719363228,0.9691968043341903,,dense
4786f6aa-41fe-44fc-a3d7-37843334fd4d_Bedroom-34622,bedroom,7.0,1.4638845452532958,9.447558138944649,1.1835709038693176,0.740932196134857,,dense
479c05de-800f-4eec-a64e-961eae9f568e_DiningRoom-19388,diningroom,6.0,0.5994836370150248,1.7916153787382427,0.7540269466210218,3.348933075259457,,dense
479c05de-800f-4eec-a64e-961eae9f568e_LivingRoom-19435,livingroom,11.0,2.3730238196037505,22.484341676112443,0.5534546061091405,0.48922935607612184,,sparse
479d2d66-4d1a-47ca-a023-4286fc547301_Bedroom-89166,bedroom,3.0,1.8702127443538938,5.099927868282686,0.22795509224395047,0.5882436139258964,,neutral
479d2d66-4d1a-47ca-a023-4286fc547301_LivingDiningRoom-91005,livingroom,13.0,1.5889674923411348,15.396759048953871,0.6567889695767527,0.8443335353022415,,dense
47aaee3b-ff6e-443f-b5fc-fce9c92a8947_DiningRoom-15868,diningroom,6.0,0.9377169775717559,4.103357596563352,0.38045521446114516,1.4622171864877498,,dense
47ad7aa0-ebce-404b-88c9-34505ce20068_MasterBedroom-24397,bedroom,5.0,1.0054421366770037,7.650987711857371,0.8022945962209879,0.6535103947757078,,neutral
47b97fea-9b61-4047-a9b5-6d03faa8b7d7_Bedroom-4530,bedroom,5.0,1.6023136267997014,9.643581997387301,0.6367405750528418,0.5184795443596198,,sparse
47bd68ea-d161-4260-bed2-6f039c2a512a_LivingDiningRoom-58936,livingroom,13.0,1.5030767278556207,21.778614325241055,0.9561405447272011,0.5969158462452413,,neutral
47bdd0ae-6956-469e-954b-680655c6252b_LivingDiningRoom-59355,livingroom,16.0,2.3798619123358393,21.6975833974208,0.5271158743151284,0.7374093099189067,,dense
47bdd0ae-6956-469e-954b-680655c6252b_MasterBedroom-1376,bedroom,5.0,2.0723957232135657,11.085289526494524,0.26166211441203996,0.4510482101572261,,sparse
47bdd0ae-6956-469e-954b-680655c6252b_SecondBedroom-6146,bedroom,5.0,1.6929767342421478,6.484087685728089,0.4491879201555093,0.7711185046132758,,dense
47e2088c-7842-4123-b47f-2b03056b5297_Bedroom-473,bedroom,6.0,1.9431232438806136,7.872401455570706,0.457342137062372,0.762156253572949,,dense
47ed8915-d698-4d0b-9537-41f6d16e5065_DiningRoom-28390,diningroom,8.0,1.1769038429144452,9.088036488930019,0.8916197533419571,0.8802781557649623,,dense
47ed8915-d698-4d0b-9537-41f6d16e5065_SecondBedroom-28256,bedroom,5.0,1.088083298711562,5.7260009608300235,0.9218382500777312,0.8732097731389858,,dense
47f0a907-5b60-4511-82c4-9f56aa4e1010_MasterBedroom-28784,bedroom,4.0,1.686991793951522,5.769171876598386,0.342829687407817,0.6933404109912698,,neutral
47f1e226-bb51-4a8e-aaad-64156c826c8a_Bedroom-146,bedroom,5.0,1.4961537667323745,8.35010614408839,0.4518906759322879,0.5987947834100099,,neutral
47f1e226-bb51-4a8e-aaad-64156c826c8a_Bedroom-2160,bedroom,4.0,1.7578997625442618,7.0445587836212225,0.2804137613828424,0.5678141275930725,,neutral
47f45b86-8dd6-4cee-bd43-9c32a777dd20_MasterBedroom-8822,bedroom,9.0,2.0660867460726844,17.257463128798506,0.5397256572240218,0.5215135001494623,,sparse
48005d2a-cb97-4128-b068-20a03b678bde_LivingDiningRoom-34204,livingroom,13.0,1.3623537975622275,29.081493143241286,0.9343106802730071,0.44701968829345606,,sparse
48005d2a-cb97-4128-b068-20a03b678bde_MasterBedroom-21019,bedroom,11.0,1.5821077024517265,13.178273839584772,0.7021308518561794,0.8347071956388026,,dense
4801e1fe-d026-4e42-9c7b-68961ab25943_SecondBedroom-259226,bedroom,6.0,1.4399145651942604,8.648689782878131,0.43962894232974603,0.6937467004399025,,neutral
48171257-b69e-42e8-8e03-8b5d0d49241f_LivingDiningRoom-18089,livingroom,11.0,2.5647846289118568,28.34923918850095,0.3414745976461416,0.38801746765965534,,sparse
48171257-b69e-42e8-8e03-8b5d0d49241f_MasterBedroom-18177,bedroom,5.0,2.068295469032679,12.154232217314096,0.1921791303284092,0.41137933771557683,,sparse
48171257-b69e-42e8-8e03-8b5d0d49241f_SecondBedroom-18111,bedroom,5.0,1.6235130819973123,7.7784651445968045,0.46187348670037676,0.6428003349058106,,neutral
48199d67-e001-405f-847f-2c5c6c7b3b36_LivingDiningRoom-112491,livingroom,14.0,1.9548511092469503,22.25170861572958,0.5038934658588192,0.6291651684717593,,neutral
482cacdd-b522-4acb-980b-191a0551d9b6_MasterBedroom-7314,bedroom,6.0,1.962766087738182,14.776822472753679,0.39755463846067896,0.40604128601146366,,sparse
483eb8ef-60ad-4f4b-85ee-9ee629e7fd85_MasterBedroom-73294,bedroom,4.0,2.1571723450723077,9.703395954180342,0.19248626358634127,0.4122268140853049,,sparse
483eb8ef-60ad-4f4b-85ee-9ee629e7fd85_SecondBedroom-73206,bedroom,3.0,1.954541610757307,4.512784101297992,0.19197066840859006,0.6647780910097435,,neutral
4846c351-6019-4a91-80ee-4888147cb903_LivingDiningRoom-17826,livingroom,14.0,2.1303972245603235,23.19356301071817,0.499133342269779,0.6036157529367241,,neutral
4846c351-6019-4a91-80ee-4888147cb903_MasterBedroom-13945,bedroom,5.0,1.6762194502601389,7.104889719543397,0.35303236505193913,0.7037406909000313,,neutral
4846c351-6019-4a91-80ee-4888147cb903_SecondBedroom-17873,bedroom,5.0,1.8792403536544797,12.49070462138231,0.35620918663910944,0.4002976734747783,,sparse
486ba848-916f-48ae-8f44-858c2fb95c85_SecondBedroom-10210,bedroom,8.0,1.791436235501084,14.893929360980763,0.333994011770169,0.5371315927520419,,neutral
4879b8e7-75aa-46b7-a835-bc5fcd5f9b23_SecondBedroom-9825,bedroom,5.0,2.043256318265796,9.687070411212442,0.26419873815194767,0.5161519208338443,,sparse
48812187-9207-4686-9f6e-e8e1e97eeabd_DiningRoom-9630,diningroom,8.0,1.4532423088568827,8.532592741952284,0.5856836239272648,0.9375813708612062,,dense
48812187-9207-4686-9f6e-e8e1e97eeabd_MasterBedroom-9786,bedroom,5.0,1.8313614721391804,6.731567975137047,0.3077653722399464,0.7427689980205846,,dense
48812187-9207-4686-9f6e-e8e1e97eeabd_SecondBedroom-8840,bedroom,5.0,1.722049044396973,8.148524359089594,0.2670622413167675,0.6136080325295404,,neutral
48831a32-7fed-41a1-a132-18ff65aeba93_LivingDiningRoom-1898,livingroom,16.0,2.5247974904546444,30.26393194572636,1.0319676291387938,0.5286821298928872,,sparse
48831a32-7fed-41a1-a132-18ff65aeba93_SecondBedroom-7863,bedroom,5.0,1.5968608390346288,6.400261504913117,0.5524359584268993,0.7812180793178192,,dense
488518b2-894d-47a8-bb81-ac58a802d015_LivingDiningRoom-39432,livingroom,17.0,2.5659895736850746,23.373357474830197,0.7660487314248247,0.7273238351959747,,neutral
48ba8b9e-31c8-49ec-b757-f5853fd562ff_LivingDiningRoom-22,livingroom,10.0,2.315156864426173,17.85802256063173,0.46546569534043525,0.5599724138575759,,neutral
48bbf3cf-fc51-4b2c-a4fb-377c9f0918ae_Bedroom-13201,bedroom,9.0,1.8767459753882305,14.944490388099315,0.6000570056554986,0.6022286318419351,,neutral
48f4336c-cf23-4023-bb5d-f339e7e1770c_Bedroom-30978,bedroom,4.0,1.807795415321986,4.039277038132577,0.45089357971333394,0.9902762207786728,,dense
48f4336c-cf23-4023-bb5d-f339e7e1770c_LivingRoom-30927,livingroom,13.0,1.0544473207913911,12.737124585042956,1.8560023571905957,1.0206385211357465,,dense
48f46060-74e1-4c5e-befd-7d3ac5a6d9b1_SecondBedroom-9498,bedroom,5.0,1.1011030673980713,5.020967848182778,0.685627438086821,0.995823942949492,,dense
490f9a57-79fd-4854-901d-023d0a56fadc_MasterBedroom-30669,bedroom,9.0,1.5264709845742654,18.38051965724047,0.5505474269060252,0.4896488329944857,,sparse
491af85e-3c8f-40f2-a204-392483bb4308_LivingRoom-2602,livingroom,13.0,2.9175822948692285,32.326385331112114,0.5676326705756327,0.4021482719717604,,sparse
491af85e-3c8f-40f2-a204-392483bb4308_MasterBedroom-7347,bedroom,7.0,2.4748098578866213,19.06848151424645,0.46457351201577757,0.3670979251688268,,sparse
491ceb63-5cbd-4c24-b0e6-da8aec15eebc_SecondBedroom-37249,bedroom,4.0,0.9921321687236855,4.550445446511374,0.8337087538959415,0.8790348213198828,,dense
492f7d99-2d61-4c57-a95b-f83d9bb4f2eb_MasterBedroom-11013,bedroom,7.0,1.5176573873339758,11.218002218968572,0.6805451138740297,0.6239970240123208,,neutral
492f7d99-2d61-4c57-a95b-f83d9bb4f2eb_SecondBedroom-11311,bedroom,7.0,1.2325538031703618,5.783054974804622,0.6771883495396152,1.210432899306217,,dense
493cdab0-045a-40cb-be8d-9227bdc08184_Bedroom-5165,bedroom,5.0,1.053009078367274,9.157239294101977,0.855408983042878,0.5460160905940741,,neutral
49779fa2-226f-4e40-8f8c-1205e9a36475_MasterBedroom-8111,bedroom,4.0,1.5169034566172421,4.954045475334066,0.45690785227075825,0.8074209289994998,,dense
49832d73-cd59-4b63-87b8-2a2c945b526e_MasterBedroom-5547,bedroom,5.0,1.812445995550989,12.472737105091712,0.48131997315368913,0.4008743195556382,,sparse
4984b901-9b48-447d-a39a-570b86d46795_MasterBedroom-95497,bedroom,5.0,1.0140553820895761,6.612430582338392,0.9047962747080214,0.7561516053347846,,dense
49b97a8d-f594-4e76-b347-6455da1eb950_Bedroom-13135,bedroom,6.0,0.6937048034768026,6.448641391599735,0.9082329424533057,0.9304285407800542,,dense
49b97a8d-f594-4e76-b347-6455da1eb950_LivingDiningRoom-15929,livingroom,12.0,1.1921155441439513,15.284515110542728,1.4141578744893133,0.7851083212788881,,dense
49cd3dea-ee43-46d9-b699-3a2f57607ae0_Bedroom-47580,bedroom,4.0,1.5984729786154783,5.348370030356554,0.37949415527753994,0.7478914094007322,,dense
49d213b4-57e6-4422-84de-ee107e179d19_SecondBedroom-5222,bedroom,9.0,1.4883413164461505,16.283678287245607,1.0076951680418096,0.5527006761764239,,neutral
49e4ea38-fc5a-4356-80ad-9160b04c55fa_SecondBedroom-54811,bedroom,4.0,1.4466968576196955,4.440498360012147,0.2637971304043507,0.9007997922082461,,dense
49e7d085-8a30-4a62-b6ec-2a52ae5153b4_LivingDiningRoom-2476,livingroom,13.0,2.8042272592338184,29.40527679732482,0.467368008072863,0.44209752180202877,,sparse
49e7d085-8a30-4a62-b6ec-2a52ae5153b4_SecondBedroom-6500,bedroom,5.0,1.6184881556382031,7.221339502543821,0.4142327526779241,0.6923923183834076,,neutral
49f40cbd-7adb-43c0-8974-0e51735545cf_MasterBedroom-13827,bedroom,4.0,1.668428981535417,10.138531921064803,0.351560097726321,0.3945344386290494,,sparse
4a2af13b-ca75-4c80-b52e-e47a55b7b636_LivingDiningRoom-13703,livingroom,10.0,3.1373267845263886,28.285878245551338,0.5417798012669289,0.35353330425838025,,sparse
4a577e5e-fbdc-4da3-906d-23e3456d166d_LivingRoom-42021,livingroom,15.0,2.2471959005991176,21.637598647566417,0.487721848999679,0.6932377406717012,,neutral
4a7ba61f-f066-48f2-bf13-44c132c5dd89_Bedroom-13336,bedroom,6.0,0.9941533187670665,6.798394498782696,1.3101412893073872,0.8825613166570939,,dense
4a7da40a-e901-4bb0-938d-d50bd0a474d7_Bedroom-22145,bedroom,8.0,1.3758078248254224,13.376931652262149,0.8250947019949167,0.5980444699847991,,neutral
4a87a708-9bb4-41ed-806c-b8b62b090992_SecondBedroom-168,bedroom,3.0,0.6149029731750488,1.8528483342362279,1.2245588681014632,1.6191287460323327,,dense
4a97a190-268c-4b0a-adb2-62e3eb5a29ec_MasterBedroom-35072,bedroom,5.0,1.0054421366770037,7.650987711857371,0.8022945962209879,0.6535103947757078,,neutral
4a97a190-268c-4b0a-adb2-62e3eb5a29ec_SecondBedroom-35198,bedroom,3.0,1.0336097852951989,3.857073983711736,0.869475133052446,0.7777916660838957,,dense
4a9d830e-7de9-470f-a2f5-90b7cd1c233e_MasterBedroom-12936,bedroom,7.0,2.1108086316074495,19.927730384443194,0.5532145716030467,0.3512693048810329,,sparse
4a9d830e-7de9-470f-a2f5-90b7cd1c233e_SecondBedroom-6087,bedroom,5.0,2.3816794680765954,11.595767083045066,0.16968789106364168,0.43119182751702806,,sparse
4abcb667-c57f-4d8f-940a-d964152329d5_Bedroom-11746,bedroom,7.0,1.6595872403542595,13.744866980767243,0.40068996505289584,0.5092810290412325,,sparse
4abcb667-c57f-4d8f-940a-d964152329d5_LivingDiningRoom-11771,livingroom,15.0,2.5939981077226246,20.712022764252193,0.4870698345208654,0.7242170487514706,,neutral
4ac2c1b3-798f-488d-b93f-4fae52366cba_MasterBedroom-21002,bedroom,4.0,1.3537609933470591,5.852223249261238,0.19071178015405849,0.683500924286329,,neutral
4acbe2b1-077a-4f34-a51d-2763f3a815a2_SecondBedroom-5730,bedroom,4.0,2.0599458176678183,12.437313750733146,0.24534605458367992,0.32161285629416647,,sparse
4ad6d9bd-5131-4926-a8e5-801140c7127d_SecondBedroom-11003,bedroom,3.0,2.0135426253794244,4.668485912476229,0.3243205511561674,0.642606630124489,,neutral
4ad70f20-a808-4d83-ad8f-4556cbc58760_Bedroom-604596,bedroom,5.0,1.8017683813458292,13.391231926988276,0.44184733059020764,0.3733786426268336,,sparse
4ae3d49f-5e7a-4de8-b5d6-5bfd00bf6303_MasterBedroom-64477,bedroom,7.0,1.6560201261765546,7.172759883471034,0.2419960571951217,0.9759144476773657,,dense
4ae64ebd-5968-4246-bc51-d1bcefab622b_SecondBedroom-22522,bedroom,8.0,2.0335891257418806,19.121780391768013,0.3872026699977406,0.4183710844960873,,sparse
4af35004-7b2b-4ef5-b148-b5e63b48b569_Bedroom-32729,bedroom,6.0,1.2656357596920111,9.581493528977628,0.5497766033905189,0.626207175515383,,neutral
4af35004-7b2b-4ef5-b148-b5e63b48b569_DiningRoom-32785,diningroom,8.0,1.6476717250589417,16.803475345533435,0.7776499604208533,0.4760919890376425,,sparse
4af67e06-6f16-46b8-ac12-dd8f0d481906_Bedroom-1621,bedroom,6.0,2.016576815037323,16.832826789993824,0.2904019771399554,0.3564463696357088,,sparse
4af7572c-6b2f-45fa-8321-71e5e33e66fe_SecondBedroom-5878,bedroom,3.0,0.9821292093205879,6.686065060800002,0.6183788033987764,0.4486944073561025,,sparse
4afc655d-557d-4e0b-9bcd-47e65fe0ad02_Bedroom-19320,bedroom,8.0,2.0364932882180335,17.42321558199999,0.4262885305468057,0.45915749376738696,,sparse
4afc655d-557d-4e0b-9bcd-47e65fe0ad02_Bedroom-6853,bedroom,8.0,2.088784427004272,10.843303575733632,0.7600109133435069,0.7377825350111291,,dense
4b048449-ce93-4461-9113-2969ee735a95_Bedroom-6314,bedroom,5.0,2.082911824166156,13.466296143997598,0.5822772216551639,0.3712973446101344,,sparse
4b1513de-23df-43b3-866f-ef10c1c09d58_LivingDiningRoom-14482,livingroom,14.0,3.1511759064375466,43.1413764813685,0.39183079867829645,0.32451444858385986,,sparse
4b1513de-23df-43b3-866f-ef10c1c09d58_MasterBedroom-13936,bedroom,4.0,1.7974367294748361,6.94370577355837,0.1874688628320225,0.5760612748356936,,neutral
4b1513de-23df-43b3-866f-ef10c1c09d58_SecondBedroom-13267,bedroom,4.0,1.8241499372410213,7.765954833624913,0.2569182218585907,0.5150686664672399,,sparse
4b18584d-3740-40f7-b344-5fbd98858ed8_LivingRoom-88425,livingroom,15.0,3.2285427298774896,35.63879532393249,0.310625364452705,0.42088964746591934,,sparse
4b18584d-3740-40f7-b344-5fbd98858ed8_MasterBedroom-88517,bedroom,4.0,1.718115162673463,5.87731983775663,0.34863808093181653,0.6805823250086723,,neutral
4b18584d-3740-40f7-b344-5fbd98858ed8_SecondBedroom-88577,bedroom,7.0,2.109479715674805,10.46198344338068,0.40355847640368264,0.669089187330813,,neutral
4b1f7e33-328b-4555-83cf-c8b872430dd9_MasterBedroom-4992,bedroom,3.0,2.3145552921047634,5.908601561940448,0.2506931403837461,0.5077343544916182,,sparse
4b2324a4-5910-4719-b6dd-b47d20b6b06d_Bedroom-160646,bedroom,5.0,1.9512289831937792,10.993305919360036,0.4417098416999737,0.45482223788520476,,sparse
4b2324a4-5910-4719-b6dd-b47d20b6b06d_Bedroom-161064,bedroom,5.0,1.8445480430107732,9.017343368226042,0.39598523510049444,0.5544870363502235,,neutral
4b24b149-9426-437c-894d-1d94b7fa3207_Bedroom-27692,bedroom,9.0,1.6880014148108766,13.006879406383549,0.5756233668411368,0.6919415271570026,,neutral
4b34d274-a89f-438d-aae1-1867f8e25e61_MasterBedroom-16874,bedroom,6.0,1.680362284581057,11.744685271864189,0.6932403665228344,0.5108693729217014,,sparse
4b3afc35-94ce-4154-ba53-dc10e83bde73_Bedroom-8008,bedroom,5.0,1.6551838141207842,13.198776565307641,0.37613047907353736,0.3788229897869673,,sparse
4b3afc35-94ce-4154-ba53-dc10e83bde73_Bedroom-8024,bedroom,4.0,1.3912701975735258,4.396099561348371,0.3742395538977799,0.9098974998585156,,dense
4b41ef33-c496-455c-b8f2-aa32d5152878_SecondBedroom-10891,bedroom,7.0,2.0334430734822213,16.971423605248575,0.39933826928279875,0.41245803315139595,,sparse
4b5269e4-7e4a-45a3-88fc-3a13f1cae1c5_MasterBedroom-952,bedroom,8.0,2.0494073418904515,20.864327106753063,0.47073576776451054,0.3834295713956036,,sparse
4b54eac7-33c2-4f5a-9fa4-44bda75d881e_LivingDiningRoom-19270,livingroom,11.0,2.9094738487113476,17.075892385592464,0.2963668399137852,0.6441830243250473,,neutral
4b601463-1cc6-4a9a-9fde-37844b0a2556_MasterBedroom-147840,bedroom,4.0,1.0033578864169412,6.098294562345484,0.5570339187324549,0.6559210872984704,,neutral
4b9140b1-ff90-4f44-aab1-35d08d1b1511_Bedroom-15482,bedroom,3.0,0.8705663870383575,3.7835000570235935,0.8528639252652948,0.7929165996524504,,dense
4b9140b1-ff90-4f44-aab1-35d08d1b1511_LivingRoom-16096,livingroom,9.0,1.9246456682457298,11.44556126898466,0.43313190458117307,0.7863310316103348,,dense
4b95d149-431c-4f94-aa7c-2e1a8bb20599_LivingDiningRoom-4247,livingroom,8.0,0.6665557271103981,3.412496715565804,0.7133481126309186,2.3443246006680982,,dense
4b95d149-431c-4f94-aa7c-2e1a8bb20599_MasterBedroom-928,bedroom,6.0,1.88130676222319,7.518785705649541,0.3662933095220766,0.7980011979183899,,dense
4b9ec5a5-811d-446d-bda5-3acb0ecbe2c1_Bedroom-18203,bedroom,5.0,1.9504968547049621,13.72880607804638,0.3633312061661877,0.36419772932734906,,sparse
4ba8a28c-b40f-45f8-8329-b13bcb70ff02_Bedroom-23580,bedroom,5.0,2.0740994705606295,8.752519449861385,0.23445839790337364,0.5712640832896619,,neutral
4ba8a28c-b40f-45f8-8329-b13bcb70ff02_Bedroom-23724,bedroom,5.0,1.9017375210862966,7.708391476788744,0.34575007305199756,0.6486437559711175,,neutral
4bb9db06-ef22-45ff-ab61-398469d8dbea_LivingRoom-26266,livingroom,16.0,2.4730809574097607,21.2071071154641,0.625985750317398,0.7544640536253476,,dense
4c12b98a-472b-4a5b-9941-615a3d22b960_LivingDiningRoom-5178,livingroom,12.0,3.3989803071329256,28.235186810415094,0.31874436691233826,0.42500161520353635,,sparse
4c12b98a-472b-4a5b-9941-615a3d22b960_SecondBedroom-5067,bedroom,7.0,1.438647002370654,9.047697184094948,0.3472339363372499,0.7736775289413289,,dense
4c1802b8-1d72-487b-be98-d7cfb29b3d0d_MasterBedroom-168,bedroom,4.0,1.598094369197141,6.79141731446465,0.3289680822533591,0.5889786792339545,,neutral
4c1ba4df-e772-4f76-bd59-5d293258e17c_LivingDiningRoom-2610,livingroom,18.0,3.302853590917713,37.30932251129737,0.5043790812886657,0.48245314544507073,,sparse
4c1ba4df-e772-4f76-bd59-5d293258e17c_SecondBedroom-884,bedroom,9.0,2.163295287407457,11.352958300337939,0.4083194016258813,0.7927449182766839,,dense
4c2c82a1-1589-4326-be92-03187ba0b459_Bedroom-2235,bedroom,5.0,1.9790006993714595,7.666387334767671,0.41534317360837636,0.6521976756019887,,neutral
4c2eb1df-64de-4320-aad6-f26c0ac97646_Bedroom-17188,bedroom,7.0,0.9168274383601508,7.954796447766889,1.0932365817194747,0.8799722338545917,,dense
4c364533-a3af-4a9c-9ed9-2f40f528fa04_Bedroom-1989,bedroom,5.0,1.6920158008282933,16.47858652513018,0.33503347309954906,0.3034240826647904,,sparse
4c7d3c24-b50c-4a53-84b8-d7620fc6b252_DiningRoom-31660,diningroom,7.0,1.2867273317339825,6.244950440850237,0.8821165473531822,1.120905612670797,,dense
4c7d3c24-b50c-4a53-84b8-d7620fc6b252_MasterBedroom-30313,bedroom,6.0,1.2662354435150822,8.676201207412396,0.9387634123976837,0.6915468943797639,,neutral
4c8e35c2-1f5a-4012-bae6-ae42d5f42756_SecondBedroom-1419,bedroom,6.0,1.52086113581541,17.34485298587946,0.4768291428811274,0.3459239467111444,,sparse
4c95f715-4ed9-43a1-9577-03980090b077_MasterBedroom-2364,bedroom,3.0,1.4065816594026928,4.020810067197926,0.07500271576404759,0.7461183069735693,,dense
4c95f715-4ed9-43a1-9577-03980090b077_SecondBedroom-1849,bedroom,4.0,1.3322700812372787,3.856464541939307,0.5137649213482095,1.0372194419265977,,dense
4cab8354-8d8e-4200-b1cf-da003b6d6d73_LivingDiningRoom-1965,livingroom,13.0,1.7626811412868022,19.019523191966236,0.5899323538888499,0.6835081967507547,,neutral
4cab8354-8d8e-4200-b1cf-da003b6d6d73_MasterBedroom-956,bedroom,5.0,1.80372752937216,7.3775165306719614,0.2945125909713537,0.6777348419637615,,neutral
4cab8354-8d8e-4200-b1cf-da003b6d6d73_SecondBedroom-307,bedroom,4.0,1.6682308275814688,9.373386930086017,0.4565237146088291,0.4267400919043564,,sparse
4cb1cfaf-4f72-4f09-bf11-895130c18555_MasterBedroom-77618,bedroom,4.0,1.5075870865503245,5.3840446047523045,0.3674085899829332,0.7429358955290494,,dense
4cb91329-7845-4b04-99ee-aa8912184fc7_MasterBedroom-32113,bedroom,3.0,1.7839333216349285,1.8959621627458323,0.7573409264019819,1.5823100581581448,,dense
4cb91329-7845-4b04-99ee-aa8912184fc7_SecondBedroom-31059,bedroom,3.0,1.131345910846022,3.455940484951254,0.30037704554487804,0.8680705044150421,,dense
4d10e9a9-1df6-499e-80dd-987053e36daf_MasterBedroom-52661,bedroom,3.0,1.8437657554944356,1.9315239970232285,0.8109318413742008,1.5531777004186618,,dense
4d2efc7c-8898-4ab3-a473-a421dc72eb58_LivingDiningRoom-11292,livingroom,12.0,2.372609155433075,13.749126206019017,0.5489938070570831,0.8727827368947058,,dense
4d8b6b63-f624-42c9-8442-4e7bfeb7e2f9_LivingDiningRoom-20298,livingroom,11.0,2.333198902847573,19.169193210450675,0.44208890560422665,0.5738374004182404,,neutral
4d8b6b63-f624-42c9-8442-4e7bfeb7e2f9_MasterBedroom-20760,bedroom,5.0,2.0412311894875463,7.539143013260975,0.2037868840925253,0.6632053525454088,,neutral
4d8b6b63-f624-42c9-8442-4e7bfeb7e2f9_SecondBedroom-20743,bedroom,5.0,1.3192499160766602,4.60163994553497,0.4056449752460645,1.0865691490816365,,dense
4d926be3-62aa-4e42-84ad-649a8fe1e345_MasterBedroom-7968,bedroom,6.0,1.911626160205799,12.872342591385285,0.3648326037020755,0.4661156240524124,,sparse
4d94c89f-b5fa-4649-aff1-5ae51ce0e63a_DiningRoom-12832,diningroom,6.0,1.3996643417475596,6.027659618986862,0.082355513400286,0.9954112174981257,,dense
4d94c89f-b5fa-4649-aff1-5ae51ce0e63a_LivingRoom-12351,livingroom,10.0,1.5697160443257787,16.361955176361352,0.8441131920930388,0.6111739026425964,,neutral
4db96e52-b5ff-4722-a0eb-9d4384480744_Bedroom-40071,bedroom,6.0,1.7963274339903108,17.59484931910389,0.43576483467541566,0.341008887952533,,sparse
4dc7b28c-95ea-44c5-b222-6f0979ffdbbd_Bedroom-41872,bedroom,5.0,1.934289579654105,7.711454229475611,0.2960218513426952,0.6483861346007116,,neutral
4de376c9-ddb7-4f68-9980-e6bba9a093a6_Bedroom-47682,bedroom,4.0,1.663048676150745,5.938878823760718,0.176968362163976,0.673527801913805,,neutral
4df0b21c-821f-4e15-b7d3-226a9d80ade8_MasterBedroom-20614,bedroom,8.0,1.656451437921896,13.598178513170165,0.46748260520941765,0.5883140887032632,,neutral
4e09a8e0-2843-4826-9113-b3d18489331d_Bedroom-12479,bedroom,8.0,1.7122463957476464,13.391059516850524,0.5672413707657459,0.5974135198139676,,neutral
4e09a8e0-2843-4826-9113-b3d18489331d_Bedroom-12495,bedroom,5.0,1.964810581798633,14.22064011023972,0.6116478399366544,0.35160161295409603,,sparse
4e112013-af55-4fc9-8603-b9690b1e3a64_Bedroom-50410,bedroom,4.0,1.270750601980973,6.815651625460732,0.3516938815008087,0.5868844565143987,,neutral
4e112013-af55-4fc9-8603-b9690b1e3a64_MasterBedroom-50869,bedroom,4.0,1.785844750002352,7.147276975346447,0.2753678641322598,0.559653699415519,,neutral
4e16983f-11ec-4345-aca0-3841f58f99e8_MasterBedroom-1512,bedroom,6.0,0.8506513622931706,5.010140139465578,0.797031264549044,1.1975712920157975,,dense
4e2798bd-14ff-43f4-9521-a9928cb981dc_MasterBedroom-44897,bedroom,4.0,1.9870455142250962,11.975774764312451,0.47274015122086593,0.33400761777182997,,sparse
4e29b979-61ea-4b91-865f-7c45b6a6f4cd_SecondBedroom-262,bedroom,5.0,1.5231163862202846,8.3906849942836,0.4460903696081011,0.5958989049650174,,neutral
4e307a7e-f510-4aca-ba9e-8328b05abe3f_LivingRoom-5633,livingroom,10.0,2.381038101085767,29.013536858162563,0.8662957084756692,0.3446666998541626,,sparse
4e307a7e-f510-4aca-ba9e-8328b05abe3f_SecondBedroom-9823,bedroom,4.0,1.6265491527502711,5.36128878062707,0.1355124305607,0.7460892639198872,,dense
4e31e0ef-fdf9-4083-9d90-127cab47b445_MasterBedroom-4329,bedroom,4.0,1.6948211416411647,5.616694231495837,0.32670702665364765,0.7121626770369376,,neutral
4e75f6db-1188-4917-b4cb-afc15ca67b8c_SecondBedroom-9802,bedroom,5.0,1.623270154403101,7.0227726359273,0.4246767210246561,0.7119695110761323,,neutral
4e8acec6-a626-47bf-8a90-053e425e6522_MasterBedroom-3452,bedroom,4.0,1.3292583773533508,6.232010657083606,0.4904477307634605,0.6418474261518481,,neutral
4e8ec957-32f1-4fff-840b-5cc2db6a8716_SecondBedroom-12618,bedroom,4.0,2.0587120267322456,5.345129830934818,0.2068963194328514,0.7483447786151218,,dense
4e90cfdc-f6e6-4097-bf15-0bb61288ca1c_DiningRoom-18090,diningroom,6.0,0.9440580736998292,2.6059137747884837,0.4077371479255057,2.3024553068671687,,dense
4e90cfdc-f6e6-4097-bf15-0bb61288ca1c_LivingRoom-18071,livingroom,8.0,0.7695721967944077,14.287803294735259,1.7276579542839783,0.5599181228193297,,neutral
4ed421c9-f5d9-4b17-9769-371ea078f6f5_Bedroom-402,bedroom,3.0,1.4474383499633034,4.125526906700553,0.11858630251774585,0.7271798409864915,,neutral
4ee3b02e-5d9d-43bb-a0a5-2384f7f5e483_Bedroom-19853,bedroom,5.0,1.1874865705684832,6.2092435177942775,0.7178187223928979,0.8052510721589737,,dense
4efedd5d-31d9-46c2-8c26-94ebdd7c0187_SecondBedroom-39528,bedroom,5.0,1.7995168330887747,8.0126948252378,0.34408828554939946,0.6240097880991756,,neutral
4f1cc012-96d5-4669-b631-1ccb3003e77e_MasterBedroom-102651,bedroom,3.0,1.714192787806193,2.01126034002967,0.8081877782954587,1.491602026993554,,dense
4f1cc012-96d5-4669-b631-1ccb3003e77e_SecondBedroom-102751,bedroom,3.0,1.7887033025423686,2.5120361391977046,1.0580119989199348,1.1942503346938875,,dense
4f2012c0-ec3b-4fff-9cd4-68c37fe42ea1_LivingDiningRoom-54384,livingroom,14.0,1.0761960781991873,22.023376287042396,1.7443615984797705,0.6356881804828897,,neutral
4f2012c0-ec3b-4fff-9cd4-68c37fe42ea1_MasterBedroom-52705,bedroom,8.0,1.1521636524956722,9.052454081624708,0.7560945064635065,0.8837382579204626,,dense
4f2012c0-ec3b-4fff-9cd4-68c37fe42ea1_SecondBedroom-49725,bedroom,6.0,1.6844921399640844,10.463054150863616,0.38142327801237713,0.5734463296746641,,neutral
4f51046e-37c1-4308-9e81-2408fb164852_Bedroom-71736,bedroom,3.0,1.4257685613024689,3.0332419856182855,0.03886483883593575,0.989040773609261,,dense
4f51046e-37c1-4308-9e81-2408fb164852_LivingRoom-72876,livingroom,11.0,1.9818392374944163,20.27564413848711,0.4780075523457186,0.5425228379856926,,neutral
4f847ca8-17e6-4256-9737-9fd7befeebf3_LivingDiningRoom-460,livingroom,6.0,1.3771558159344934,7.102550480426325,0.47542188445312744,0.8447669631543195,,dense
4f847ca8-17e6-4256-9737-9fd7befeebf3_MasterBedroom-273,bedroom,7.0,1.6690734793211075,10.896267059441872,0.6756505265764786,0.6424218461068587,,neutral
4f96ac65-dfa8-4186-bf66-48b3b01f9e6d_Bedroom-9169,bedroom,3.0,1.4803841070739754,4.359172659029183,0.238918176032935,0.6882039860903605,,neutral
4f96ac65-dfa8-4186-bf66-48b3b01f9e6d_LivingDiningRoom-10362,livingroom,6.0,1.0977110299844313,11.89479640954805,0.8249904286526767,0.5044222526737617,,sparse
4fa56715-fad5-4f60-a57e-e628df21a914_LivingDiningRoom-17107,livingroom,16.0,3.3117148220770147,28.337631104549093,0.4862331800546919,0.5646202373433922,,neutral
4fa56715-fad5-4f60-a57e-e628df21a914_MasterBedroom-17233,bedroom,7.0,2.166908762883435,20.082215361168902,0.31997731848123223,0.34856712141107915,,sparse
4fad04b4-6651-41ff-bacc-b96090d4d66e_LivingDiningRoom-5677,livingroom,7.0,2.4106348455950846,16.996964290715376,0.3927654359159308,0.4118382483055379,,sparse
4fcbcf8c-3e21-45a7-aa3c-c2a879f916b2_Bedroom-559,bedroom,4.0,0.7119023005167643,2.904404216395406,0.3836142893729033,1.3772187691437505,,dense
4fcf48c3-1191-4ddf-9a93-d8771a6928de_SecondBedroom-14607,bedroom,3.0,1.6670490105946858,1.8127458233557256,0.952683234906957,1.6549479586975127,,dense
4fcffea9-2794-489a-a20e-cbae6c6e71b5_Bedroom-20550,bedroom,7.0,1.9739005369523104,9.521220988219277,0.4746914654231553,0.735199824545737,,dense
4fd6bf82-bb9e-45c1-8d10-91f3e3fb0557_MasterBedroom-100198,bedroom,5.0,0.839081281482849,12.811942843349211,1.0949012617147535,0.3902608730880768,,sparse
4fd6bf82-bb9e-45c1-8d10-91f3e3fb0557_SecondBedroom-100095,bedroom,3.0,0.8833826599493494,3.7783011978804337,0.7752117664277415,0.794007635411108,,dense
4fdb87d5-1a09-45f2-bbc7-da8a5c4c5642_MasterBedroom-8404,bedroom,5.0,0.8679190292292273,6.170258903841794,0.7019415073180919,0.810338768262519,,dense
5034f033-eb73-461c-b75c-dfc1d1e2fa5d_MasterBedroom-62487,bedroom,6.0,1.5358263294248025,9.371876374510027,0.4652119113755755,0.6402133105723652,,neutral
50359138-c356-4b6a-89ab-b69f1ceb8167_MasterBedroom-1640,bedroom,6.0,2.2498905970276266,11.157433709738653,0.37628892681601284,0.5377580683955093,,neutral
503ebcb6-9815-4412-90ea-f0bbd59ddbe9_LivingRoom-472,livingroom,13.0,1.6238482904762055,28.268717950019973,0.9016346190762262,0.4598722879114797,,sparse
503ebcb6-9815-4412-90ea-f0bbd59ddbe9_MasterBedroom-221,bedroom,5.0,1.5558758262656303,9.573843082501723,0.42937782324507195,0.5222563140959127,,sparse
503ebcb6-9815-4412-90ea-f0bbd59ddbe9_SecondBedroom-143,bedroom,7.0,1.7611769254427652,10.709781015033048,0.7142657531655061,0.6536081354207222,,neutral
5050ddf5-f2db-463d-9b3b-148b57482892_LivingRoom-35924,livingroom,8.0,1.425812273861259,7.3499125210461465,0.3366919017921579,1.0884483287511733,,dense
50519e1e-1355-41f3-b092-6256d2ce205f_MasterBedroom-5636,bedroom,6.0,1.6080151175204356,11.795625599844236,0.3942431996567911,0.508663143740272,,sparse
50526848-e51d-48e0-bb9b-3c5c90d76c4d_MasterBedroom-12940,bedroom,6.0,1.98433919762936,16.03467450379896,0.5904170876628375,0.37418907372135746,,sparse
50526848-e51d-48e0-bb9b-3c5c90d76c4d_SecondBedroom-13044,bedroom,3.0,2.325726540585263,5.224363730793308,0.2327963497060489,0.574232606033435,,neutral
50526848-e51d-48e0-bb9b-3c5c90d76c4d_SecondBedroom-13085,bedroom,4.0,1.9189321778726403,5.659749610316708,0.3485326151349789,0.7067450462311473,,neutral
50a6a1f8-b0ae-43ae-aa8c-ae41fcd0fe87_SecondBedroom-14981,bedroom,5.0,1.066037759538542,6.491980607730574,0.9506362403895788,0.7701809820636338,,dense
50e738a6-b80c-4ce3-a2b1-51515535afc3_MasterBedroom-19994,bedroom,5.0,1.7871908464297364,8.175500181107926,0.4325227139132023,0.6115833758470312,,neutral
50ed6947-ae41-4a06-9bae-d4eb36e17a0e_LivingRoom-140697,livingroom,5.0,2.067490044924596,14.787473797406054,0.626910776001422,0.33812401418267096,,sparse
50ed6947-ae41-4a06-9bae-d4eb36e17a0e_SecondBedroom-140641,bedroom,5.0,1.384385236164136,5.092934124339092,0.35530777094373556,0.9817523411710823,,dense
50efaf87-0d30-4ace-9cba-19c04f464b62_MasterBedroom-12928,bedroom,6.0,2.286701881308575,20.92732056822912,0.36108474737896457,0.2867065556929882,,sparse
5106576d-57df-4753-ade6-c87be45f462e_Bedroom-15868,bedroom,4.0,1.4597316009071586,7.142425286426522,0.1983425544262868,0.5600338595913082,,neutral
510e1d36-b89a-4e57-91fe-87671d00977e_LivingDiningRoom-13574,livingroom,14.0,2.4095005921237402,21.478374532193705,0.5167993968796815,0.651818412935092,,neutral
510e1d36-b89a-4e57-91fe-87671d00977e_MasterBedroom-13590,bedroom,5.0,1.866127376322951,8.604688694035408,0.345427806335709,0.5810785465679771,,neutral
5113fd61-0a51-4309-9ca3-9461623f92d1_MasterBedroom-184809,bedroom,5.0,2.0200092767698754,8.806445300673866,0.30711465167373764,0.5677659747250575,,neutral
5113fd61-0a51-4309-9ca3-9461623f92d1_SecondBedroom-185607,bedroom,4.0,1.3507711644129365,11.982774728921285,0.7318456055191747,0.3338125009014576,,sparse
5130545c-cb6d-4547-b120-5815531c8589_DiningRoom-116178,diningroom,5.0,0.6301218748092652,2.044474727956711,0.8319573678629482,2.4456159480127693,,dense
5130545c-cb6d-4547-b120-5815531c8589_MasterBedroom-116419,bedroom,6.0,1.6533347447713216,6.045252790424092,0.2802779424651803,0.9925143262005893,,dense
5130545c-cb6d-4547-b120-5815531c8589_SecondBedroom-116485,bedroom,8.0,1.4562303344322274,9.714178385618675,0.6853098318051444,0.8235385106622681,,dense
51375fc5-dd6a-4e5b-bd10-be734156418f_SecondBedroom-44058,bedroom,4.0,1.4466247359911601,4.8894651356665975,0.2865717213089353,0.8180853915537055,,dense
5140bbfa-680e-4a3d-904b-e6b4a4dd9d79_Bedroom-2662,bedroom,7.0,1.746891770651608,20.99164531946376,0.2597454447167514,0.3334660000904978,,sparse
5150b934-a2fd-4afb-b738-b6a20703d00d_MasterBedroom-6537,bedroom,5.0,1.900216770172119,7.042674288091597,0.3326094985383663,0.7099575808091056,,neutral
517d8fd1-543e-4772-9889-391c6da7e674_MasterBedroom-7940,bedroom,6.0,1.9542642753036998,16.69756138280689,0.26787687903089324,0.35933390885318545,,sparse
519b86db-47ec-41aa-9375-34d6aa714349_MasterBedroom-19867,bedroom,7.0,2.368004492886315,17.256286858036738,0.17253077478907505,0.4056492603297159,,sparse
519b86db-47ec-41aa-9375-34d6aa714349_SecondBedroom-21482,bedroom,7.0,2.5804150207981706,16.663090742254735,0.09019120872077831,0.42009013263362976,,sparse
51a789b5-f6cc-4437-ba6b-bfdc41e2e46d_SecondBedroom-7317,bedroom,3.0,1.694045066833496,1.6888762641788062,0.939522100080137,1.7763290678128574,,dense
51c7e12f-a8ee-4c53-9ec8-85311bb81075_SecondBedroom-8279,bedroom,5.0,1.5860489340181576,6.435864768342376,0.3381907854191372,0.7768963736768822,,dense
51e57a7d-86ec-4f96-a1dd-1e312fa6ebd7_MasterBedroom-7232,bedroom,3.0,1.3948552309769937,9.038831537983274,0.6128398844658023,0.3319013068661919,,sparse
51e5a27e-717c-4194-b4c7-ebb8ed877c12_Bedroom-6922,bedroom,3.0,1.5621418813213637,7.392736409317965,0.3279068228056957,0.40580372867328734,,sparse
51e5a27e-717c-4194-b4c7-ebb8ed877c12_LivingDiningRoom-6843,livingroom,14.0,3.883881680680697,36.50464210701068,0.5401379489100852,0.38351286828014985,,sparse
51e5a27e-717c-4194-b4c7-ebb8ed877c12_MasterBedroom-3247,bedroom,4.0,1.3223244143911537,5.343468809392207,0.22884597005833548,0.7485774021866107,,dense
51e5a27e-717c-4194-b4c7-ebb8ed877c12_SecondBedroom-6900,bedroom,3.0,1.4549213391459255,7.769568802745948,0.3749748637048792,0.38612181398531786,,sparse
5241d1cf-ef42-4093-8c13-ef34d601b738_MasterBedroom-5522,bedroom,4.0,1.9255521557941828,7.686258297562713,0.17822945746983154,0.520409260936285,,sparse
5245da59-db94-49fc-99a3-76e3a2efcbff_LivingDiningRoom-84890,livingroom,13.0,3.633335911318654,33.671491631357476,0.41863814887654993,0.3860832820335587,,sparse
5245da59-db94-49fc-99a3-76e3a2efcbff_MasterBedroom-76124,bedroom,3.0,1.6836511294047039,1.5308018726515034,0.73312423159878,1.9597572054205141,,dense
524e8d0e-dda1-4e7b-8560-ce96d67b415b_MasterBedroom-45577,bedroom,5.0,1.2627582788467406,4.622925048115102,0.34938186516973957,1.0815663130940534,,dense
525c4166-1792-4f4a-a9c2-1ea260cf6e39_Bedroom-8490,bedroom,6.0,1.6901572704315186,8.787475217853125,0.24934674004657467,0.6827899767853758,,neutral
52657fac-1e38-494f-86fe-e221b95e0043_LivingDiningRoom-27589,livingroom,16.0,3.036712443642593,24.012099625980493,0.5073375064935938,0.6663307353051459,,neutral
52657fac-1e38-494f-86fe-e221b95e0043_MasterBedroom-27974,bedroom,7.0,2.015979781495136,10.058131461870621,0.2477821354259934,0.6959543158226064,,neutral
52657fac-1e38-494f-86fe-e221b95e0043_SecondBedroom-26550,bedroom,3.0,0.939614784648516,3.298207491521828,0.3020665853279631,0.9095849814517789,,dense
5284e23d-d23e-446e-a814-4d52515078fb_MasterBedroom-19029,bedroom,4.0,1.6339069282261602,5.735366368830966,0.4412852518178811,0.6974271114986009,,neutral
52871dba-aa08-4845-8cd2-c514060c698d_Bedroom-13686,bedroom,6.0,1.1496684948603313,5.098089698560138,0.5376437026941868,1.1769114226637853,,dense
52898c59-72fd-413a-b6e9-d388cb9624ba_MasterBedroom-76318,bedroom,10.0,1.996156209725728,19.786043797566567,0.5483971060986297,0.5054067453964635,,sparse
52982a7b-ed79-44e6-bb37-f878754c07d3_Bedroom-186,bedroom,4.0,1.5983430563181447,4.83107833424263,0.463785803695327,0.8279724987376098,,dense
52982a7b-ed79-44e6-bb37-f878754c07d3_MasterBedroom-424,bedroom,5.0,1.8515783821676521,6.872142121752408,0.26488366381389156,0.7275751740019298,,neutral
52982a7b-ed79-44e6-bb37-f878754c07d3_SecondBedroom-46,bedroom,5.0,1.8835146599618162,10.471155730915806,0.18808028931767481,0.4775022097358016,,sparse
529be18a-a998-40c9-89ea-074be3172e1b_Bedroom-85414,bedroom,5.0,0.9993986482253929,4.878443013806364,1.0906673080849596,1.0249171684182066,,dense
52b488f2-ce9d-4d54-94c8-97c639b347f7_Bedroom-790,bedroom,4.0,1.9134879370960352,14.663733432958647,0.2822866429633703,0.2727818272398133,,sparse
52b6a7c2-509f-4253-a562-27347f318b05_Bedroom-233,bedroom,4.0,1.6026524757210503,8.142548835186496,0.18207047066122414,0.49124666992658994,,sparse
52b6a7c2-509f-4253-a562-27347f318b05_LivingRoom-288,livingroom,7.0,1.1375193122541767,11.847763154316182,0.6461224020606964,0.5908288264059258,,neutral
52b847da-e47c-49b8-aa7a-0b66f16ae1af_SecondBedroom-624,bedroom,5.0,1.034097516497236,9.914325072362022,0.4342351916394101,0.5043207645004909,,sparse
52cedb89-ed69-45ca-b04e-e60d822e8230_Bedroom-16403,bedroom,4.0,1.6408950801269746,7.194178598399263,0.1925030639650849,0.5560051012481144,,neutral
52e1f54c-3d9b-4d69-bebc-decfdc950f7c_Bedroom-803,bedroom,5.0,1.2268503241940345,6.854612061683514,0.8862947597157649,0.7294358827320688,,dense
52f5e304-6cf7-4900-829b-de79d530b0d3_Bedroom-169,bedroom,6.0,2.0346259282592274,10.865093638157916,0.2541928801545535,0.5522271781375323,,neutral
5300b059-7b34-450e-8eec-f9de1b5e030e_MasterBedroom-3510,bedroom,4.0,1.6109611532259889,5.112493079661577,0.4451317321815584,0.782397147081279,,dense
53028f10-0798-41c6-b3db-1412990b79da_SecondBedroom-10153,bedroom,5.0,1.7150571881618706,6.606971322639463,0.2561072428713552,0.7567764041697878,,dense
530c8183-fd58-4d2f-a5dd-fc61906cc108_MasterBedroom-21731,bedroom,7.0,1.5233210082476638,11.152003061619816,0.8472925771859423,0.6276899281072523,,neutral
5314ce59-d69e-4471-8ca4-bd418e06fcda_SecondBedroom-31129,bedroom,4.0,0.9797108162084059,3.925354475109528,0.9247804869517375,1.0190162507268568,,dense
531c8742-d3b6-43eb-a56a-39b620e70500_LivingDiningRoom-1744,livingroom,14.0,2.0494875030644604,21.34106269628672,0.6426447379507563,0.6560123176263363,,neutral
531c8742-d3b6-43eb-a56a-39b620e70500_MasterBedroom-17461,bedroom,3.0,0.882065107425054,1.9304251037509346,0.8219780998457126,1.5540618458446358,,dense
531c8742-d3b6-43eb-a56a-39b620e70500_SecondBedroom-4296,bedroom,4.0,0.855368971824646,2.7651965953787077,0.4492163580920149,1.4465517593522785,,dense
532db1c8-603c-4921-bf67-822b142eb500_MasterBedroom-22134,bedroom,3.0,1.5232510964075725,1.8426249045424963,0.8788786787179514,1.6281121527253357,,dense
532db1c8-603c-4921-bf67-822b142eb500_SecondBedroom-22112,bedroom,3.0,1.6171953245511796,10.019121461529085,0.6020644748371794,0.29942745095158774,,sparse
532f51b0-9e98-4f27-9bef-8d8726fa8161_Bedroom-32636,bedroom,7.0,1.7639853975975441,8.965983315069922,0.36584654175687875,0.7807286444794606,,dense
532f51b0-9e98-4f27-9bef-8d8726fa8161_MasterBedroom-31477,bedroom,4.0,1.561688736857468,4.586266890198415,0.3340972970126206,0.8721690420042146,,dense
533de1da-215e-41c7-a79c-105de6a823fd_MasterBedroom-42449,bedroom,5.0,1.6280546457285747,6.778170316721694,0.35518295619827883,0.7376621958974738,,dense
5346b2c0-e86e-480a-93d8-ad31e5b07856_MasterBedroom-16138,bedroom,7.0,2.0472985641713715,13.806965101135281,0.7384222501240589,0.5069904898524313,,sparse
5358e585-649f-471f-81a6-2bcb67a815b9_DiningRoom-14960,diningroom,10.0,1.4166546383356518,9.446556937376542,0.83401373324042,1.05858674925609,,dense
53608c94-9c21-4beb-a7c4-fb19b05a1a34_DiningRoom-9557,diningroom,8.0,1.3773082442969433,10.346023359992301,0.5232318018386187,0.7732439529312983,,dense
53608c94-9c21-4beb-a7c4-fb19b05a1a34_MasterBedroom-9682,bedroom,5.0,2.1658956993064433,12.279935168982234,0.4558933478480717,0.4071682733822122,,sparse
53608c94-9c21-4beb-a7c4-fb19b05a1a34_SecondBedroom-9632,bedroom,9.0,2.0458536012208817,13.541882101784198,0.7093903593018565,0.664604811380998,,neutral
5385105a-4574-4afe-a14c-4f520b27494c_LivingDiningRoom-60607,livingroom,14.0,1.4296007983206112,21.8727929715195,1.0820998190524296,0.6400645778629807,,neutral
5385105a-4574-4afe-a14c-4f520b27494c_MasterBedroom-56793,bedroom,5.0,1.4020397487115543,8.872395417378707,0.3094403964697358,0.5635456677467626,,neutral
5391bad9-ae5e-4930-8e81-326e082fbe5c_MasterBedroom-51218,bedroom,5.0,1.5850511958778368,5.917137427327894,0.4068039774336677,0.8450031897024805,,dense
5391bad9-ae5e-4930-8e81-326e082fbe5c_SecondBedroom-51336,bedroom,4.0,0.9532616148342338,5.021866182792067,0.2916633271871845,0.7965166442917984,,dense
53992538-a81a-4f27-ae40-f743549c0325_DiningRoom-10103,diningroom,12.0,2.864565515852747,24.037692731927834,0.6239437601362222,0.49921596610065305,,sparse
53992538-a81a-4f27-ae40-f743549c0325_MasterBedroom-6344,bedroom,3.0,1.3334979413074362,6.603683523487205,0.702736328072797,0.45429190986060325,,sparse
53992538-a81a-4f27-ae40-f743549c0325_SecondBedroom-7736,bedroom,4.0,1.569446123447861,5.091952487403963,0.31477816888186194,0.7855532843039794,,dense
5399de83-ec0c-4ef3-a97e-9bef301222d5_LivingDiningRoom-5218,livingroom,16.0,1.5815204617820788,16.453997900595894,0.845076490724324,0.972408049196393,,dense
53a2b4d8-dee2-401f-99a3-c76ebe17be2b_Bedroom-3183,bedroom,5.0,1.1243379142758454,9.766280583763239,1.0061093747767884,0.5119656308372569,,sparse
53ac3d02-ed9a-4d4e-8982-e1b44dc8d5ec_LivingDiningRoom-19339,livingroom,4.0,1.3076095418316889,10.655177184473946,0.765951446174135,0.37540436266311444,,sparse
53cf7da8-7c02-419d-bc4a-acf5d4337cac_Bedroom-7405,bedroom,6.0,0.6535113016764323,5.493202228718227,1.3059502049531153,1.0922590777073993,,dense
53cf7da8-7c02-419d-bc4a-acf5d4337cac_LivingDiningRoom-6226,livingroom,13.0,1.4931311022101086,19.38174363642739,1.099645566923779,0.6707342870621248,,neutral
53d89581-b092-4bee-a49f-8aa637b2b586_Bedroom-22896,bedroom,5.0,1.1173418963940285,9.643838137430276,0.902804733215062,0.5184657735589405,,sparse
53d89581-b092-4bee-a49f-8aa637b2b586_SecondBedroom-22972,bedroom,5.0,1.5868166023694446,9.586099518254947,0.6216694073607458,0.5215885763003428,,sparse
53db8493-091d-439b-b73c-18156bafe3bd_Bedroom-20037,bedroom,5.0,1.3260242430492077,8.319331147982318,1.0023308085493834,0.6010098541650968,,neutral
53dd8916-335c-4370-b51f-dfe318b63aee_DiningRoom-3653,diningroom,7.0,1.4892441472188436,9.315493534935717,0.7024424446224181,0.7514363005833276,,dense
53dd8916-335c-4370-b51f-dfe318b63aee_MasterBedroom-5467,bedroom,4.0,1.6459993958323933,6.806416896478229,0.16681753819092163,0.5876807225942444,,neutral
53e64f48-d7e7-46ef-a3cd-da63ff4a6dcb_Bedroom-7835,bedroom,5.0,0.7956807374954223,4.672473491032055,0.8938470336804786,1.0700970288213665,,dense
53e64f48-d7e7-46ef-a3cd-da63ff4a6dcb_MasterBedroom-1408,bedroom,7.0,1.7115256318868006,16.258971235022027,1.0086673605832213,0.43053154463561094,,sparse
53edc8f5-4846-4993-b8fe-5999b6b95d7c_LivingDiningRoom-98328,livingroom,15.0,2.765134256435239,31.98754700604108,0.43868233990406763,0.46893248791997527,,sparse
53edc8f5-4846-4993-b8fe-5999b6b95d7c_MasterBedroom-97964,bedroom,5.0,1.7659400367455518,7.20880225207361,0.34757490337381614,0.6935964984421304,,neutral
540c8131-452b-4702-a8db-5ab76f658c55_MasterBedroom-10386,bedroom,8.0,1.8192305571499838,13.660028567687858,0.3330054733947729,0.5856503125420701,,neutral
54234f8f-0f41-47d8-911f-506320aa75c0_DiningRoom-22156,diningroom,6.0,0.8895075956980387,1.055278386415277,0.9514777091351143,5.685703485676108,,dense
54234f8f-0f41-47d8-911f-506320aa75c0_MasterBedroom-19575,bedroom,5.0,1.850326130492142,7.767527681075095,0.3160459218504862,0.6437054627023814,,neutral
54234f8f-0f41-47d8-911f-506320aa75c0_SecondBedroom-24608,bedroom,5.0,1.9067539426441147,7.635230383746146,0.23937235471168045,0.6548590872443069,,neutral
542c1605-f5d0-4e21-bc49-9169ed52802a_MasterBedroom-40855,bedroom,5.0,1.8405714897898207,7.492627610633577,0.22159380655768318,0.6673226349730732,,neutral
542c1605-f5d0-4e21-bc49-9169ed52802a_SecondBedroom-40748,bedroom,7.0,0.5835970015752883,3.8141489814062908,0.9990149230891011,1.835271782545598,,dense
5442e552-4595-4772-bf9e-eb10f8476e5c_Bedroom-18329,bedroom,10.0,1.6739515430709693,14.542016363768816,0.9528053980161063,0.6876625462281027,,neutral
544a06d5-aa97-4740-8ef3-ed8520b5226e_LivingDiningRoom-2349,livingroom,5.0,1.787979268193562,22.030580636867747,0.7070742492438753,0.2269572501249739,,sparse
545a2079-3533-45e3-8893-4bd9b90cbf10_MasterBedroom-31680,bedroom,7.0,1.3626000450811593,9.75748625435726,0.9932728548252593,0.7173978848162978,,neutral
545a2079-3533-45e3-8893-4bd9b90cbf10_SecondBedroom-31759,bedroom,3.0,1.1804334032894994,4.848765239528489,0.8439855641875379,0.6187142193528287,,neutral
545bd0a0-fac4-40f6-84fc-6ee05ac27255_MasterBedroom-1505,bedroom,6.0,1.3174524118753723,10.54156097769591,0.5598692398384758,0.5691756669334783,,neutral
545bd0a0-fac4-40f6-84fc-6ee05ac27255_SecondBedroom-1056,bedroom,4.0,0.9275154056159653,4.486304395600045,0.5053912147406022,0.8916024521035646,,dense
54602e77-2ebd-4198-af5b-be0e1f75b806_LivingDiningRoom-15430,livingroom,15.0,4.085427593076475,39.665447542113505,0.2836815580596896,0.3781628830501467,,sparse
54647521-1e76-42a3-bfea-f7aac8f9221b_MasterBedroom-4026,bedroom,4.0,2.167948778744865,6.190069357423108,0.2700607622156021,0.6461963136492509,,neutral
54647521-1e76-42a3-bfea-f7aac8f9221b_SecondBedroom-6105,bedroom,3.0,1.6301437616348267,1.4330220146045844,0.8037776331721717,2.093477957369548,,dense
546dcbbf-7a5c-436b-9153-95541bfe31ca_Bedroom-1265,bedroom,4.0,1.6148778540359618,5.147376351307509,0.15803838901278947,0.7770949172939223,,dense
546dcbbf-7a5c-436b-9153-95541bfe31ca_Bedroom-1683,bedroom,3.0,1.8427611937858261,6.997960202307141,0.13586846247308348,0.4286963505466832,,sparse
54843f72-a34a-41b9-9483-56ac743082cc_MasterBedroom-41297,bedroom,5.0,0.9753383482637169,6.134284871723143,0.9086985488104246,0.8150909363613369,,dense
54881cd5-4441-4fc0-887c-d4579dd06803_MasterBedroom-271962,bedroom,3.0,1.2700348597642621,4.337019859258136,0.20906242469014086,0.6917192213441147,,neutral
5493b6a0-cd82-4236-8814-1001e9c5b9cf_LivingDiningRoom-77544,livingroom,17.0,1.5196737391116548,30.90534479575009,0.8588480297275174,0.5500666668613816,,neutral
549659d7-3221-4642-991f-2e25264efb21_SecondBedroom-10577,bedroom,9.0,2.0811707990677153,19.147608908188744,0.42889329740814036,0.47003257916715774,,sparse
549abbb2-a523-4004-a217-d6bab54f94dc_Bedroom-12972,bedroom,4.0,1.727266371176417,10.478993982529076,0.3076157320033416,0.3817160317745131,,sparse
549abbb2-a523-4004-a217-d6bab54f94dc_Bedroom-12991,bedroom,4.0,1.8877370226291506,11.124873954160103,0.5429877956056183,0.35955463553851913,,sparse
54a23d09-17fe-4e6a-9960-e45dafca32d5_MasterBedroom-50482,bedroom,5.0,1.6940319388179947,7.00467626628551,0.30900001631935053,0.7138088628115052,,neutral
54ac6cd3-5c5a-40dd-823e-c4d159673810_MasterBedroom-70575,bedroom,3.0,1.5732215264234153,4.966772014805082,0.2159698426437116,0.6040140338750244,,neutral
54ac6cd3-5c5a-40dd-823e-c4d159673810_SecondBedroom-81245,bedroom,5.0,1.699617533860517,7.380280850495002,0.2687659306367181,0.6774809931067387,,neutral
54b6b469-8aa3-4d5d-a285-977f75fc4212_LivingDiningRoom-14976,livingroom,7.0,1.730424341090131,15.617432615677082,0.6426666161931036,0.44821707717651776,,sparse
54b6b469-8aa3-4d5d-a285-977f75fc4212_MasterBedroom-14876,bedroom,4.0,1.6836416429870245,5.083050847261875,0.3524468602053639,0.7869289763557471,,dense
54b8104f-05e8-49a4-a8df-004a3ed42064_Bedroom-34195,bedroom,3.0,1.9382328217059668,4.906181544156051,0.4163227020001211,0.6114734999102143,,neutral
54b8104f-05e8-49a4-a8df-004a3ed42064_LivingDiningRoom-34577,livingroom,12.0,2.3167474793758545,17.772139914696712,0.5041329611508061,0.6752141305210282,,neutral
54b8104f-05e8-49a4-a8df-004a3ed42064_MasterBedroom-33231,bedroom,6.0,1.5174351028832325,6.991175858897714,0.3971134416685756,0.8582247280139237,,dense
54bdf809-f190-48e7-9b25-a9986077fc0f_SecondBedroom-32238,bedroom,5.0,2.28301627728498,10.249109331628574,0.20983750563139936,0.4878472692812522,,sparse
54c575b5-da65-4938-8b93-1e91c5e36d09_Bedroom-42001,bedroom,3.0,1.5479084650675456,1.6170560969125434,0.8320049337161051,1.8552232082287814,,dense
54d29e13-6e4f-4930-9418-fcdcf6e2071a_MasterBedroom-3391,bedroom,4.0,1.4455472230996735,4.29342240038218,0.31471258337877517,0.931657690993539,,dense
54f2ad1d-ba3f-4c61-a8b3-68bc90ae15b9_MasterBedroom-25762,bedroom,5.0,1.4170487642288208,5.124143535070522,0.2591515404692363,0.9757728224783591,,dense
54f2ad1d-ba3f-4c61-a8b3-68bc90ae15b9_SecondBedroom-25677,bedroom,4.0,1.3603067831279014,6.913581169046357,0.3801099653121284,0.5785713514016283,,neutral
54f911eb-26a7-410f-b212-185745f55515_Bedroom-22018,bedroom,5.0,1.8467017870119193,7.579947081077723,0.24407412694076483,0.6596352120296196,,neutral
54f911eb-26a7-410f-b212-185745f55515_LivingDiningRoom-20518,livingroom,10.0,0.9267495631265759,8.581376277770218,1.8214830065077532,1.1653142428802103,,dense
5530455f-bf14-464b-88c0-7eaee2d2d85b_LivingDiningRoom-3064,livingroom,13.0,1.2873634480645229,17.76484970201534,1.599689232837253,0.73178215510178,,dense
55483029-ddcf-40cb-931e-bf9083cdf0e9_MasterBedroom-65092,bedroom,4.0,1.9694349353422969,10.885184681838139,0.3037045201035046,0.36747194622007423,,sparse
5549a237-e795-4893-870c-33c27eb02bc3_Bedroom-12659,bedroom,7.0,1.6886713447486756,8.849992564694595,0.37113169672673896,0.7909611165014084,,dense
5549a237-e795-4893-870c-33c27eb02bc3_LivingDiningRoom-15128,livingroom,15.0,2.354292486742105,24.290976593096968,0.549182325016977,0.6175132540477073,,neutral
55527c3b-b4be-4a79-bfc8-58fc522e2901_MasterBedroom-27362,bedroom,6.0,1.4260373999215368,12.913302436062585,0.7618031489311441,0.4646371468265146,,sparse
555d38a7-689e-4340-ae91-a9a1dd650216_Bedroom-29707,bedroom,6.0,1.182538072128591,8.904311935739884,0.6941217670593003,0.6738308409791176,,neutral
555d38a7-689e-4340-ae91-a9a1dd650216_LivingDiningRoom-26885,livingroom,14.0,3.471424124550635,33.09653263879101,0.27786756145063535,0.42300503659380945,,sparse
558583ba-0ee1-486b-b040-f844997ea3a8_Bedroom-157258,bedroom,5.0,1.3417685589551678,7.374174588827092,0.357167509003671,0.6780419882620763,,neutral
558ba1f7-b9eb-460b-a906-4551b446d2f0_LivingDiningRoom-7124,livingroom,14.0,2.0394549486731335,31.15012256813347,0.7842417143701649,0.4494364338175022,,sparse
558ba1f7-b9eb-460b-a906-4551b446d2f0_MasterBedroom-7162,bedroom,6.0,1.2850286192926719,11.778855329237478,0.65757822749887,0.5093873583035525,,sparse
55963844-bffe-4151-b0c0-9eb62e8aa454_SecondBedroom-258160,bedroom,6.0,1.4399145651942604,8.648689782878131,0.43962894232974603,0.6937467004399025,,neutral
55b2d6ae-86e5-40de-a739-95ce5b824d67_MasterBedroom-192,bedroom,8.0,1.9977593325867287,25.973262091898768,0.5086639389290573,0.3080090583806665,,sparse
55b2d6ae-86e5-40de-a739-95ce5b824d67_SecondBedroom-1360,bedroom,5.0,1.6837240749519442,13.159241535668412,0.8923191216706233,0.37996110843070935,,sparse
55bb9324-8a55-4e77-8672-ba135f7f9ae3_LivingDiningRoom-45270,livingroom,15.0,1.569521480986926,22.00077557388537,1.3071131018895357,0.6817941462847702,,neutral
55bb9324-8a55-4e77-8672-ba135f7f9ae3_MasterBedroom-45301,bedroom,8.0,0.915344819160522,8.025595916568452,1.6802917851108388,0.9968107145145931,,dense
55c71d40-878a-417e-bbc8-ab1a0b9004bc_Bedroom-77815,bedroom,6.0,1.8537174385947341,15.358563183939316,0.331097258583949,0.39066154354036786,,sparse
55d056ca-b357-4db4-b3d6-ebe64ce90821_Bedroom-42175,bedroom,3.0,1.5479084650675456,1.6170560969125434,0.8320049337161051,1.8552232082287814,,dense
55edb089-573a-4701-9290-1ed05a2590e4_MasterBedroom-32242,bedroom,4.0,1.9415928517148016,10.977095145287386,0.3380113644656675,0.36439512886223396,,sparse
55f96837-a873-45b3-8feb-6c25ae7991d1_MasterBedroom-142285,bedroom,4.0,2.323672743892907,16.202913606188748,0.5887682429979867,0.24686918027336693,,sparse
55f96837-a873-45b3-8feb-6c25ae7991d1_SecondBedroom-145304,bedroom,4.0,2.1495684155839974,6.811200931141334,0.24000196192705203,0.5872679488446292,,neutral
560b2876-65ae-498c-99a6-8ca691cd42dd_MasterBedroom-7727,bedroom,6.0,1.8993110174919123,15.660659700124524,0.2169315347115897,0.38312562273173534,,sparse
560b2876-65ae-498c-99a6-8ca691cd42dd_SecondBedroom-13764,bedroom,5.0,1.7295684116509782,11.183255899048412,0.44457978264116554,0.447096985451746,,sparse
561797bf-0be3-4b73-bade-ed9c50df36f1_MasterBedroom-19983,bedroom,4.0,1.7054074650632247,6.469469964802901,0.3863271710450497,0.61828867306935,,neutral
562d5f5b-3a15-4570-b1b1-0bf1f4df12f7_MasterBedroom-35310,bedroom,5.0,1.7318699359893799,7.116593189318166,0.3712974400103528,0.7025833663648048,,neutral
56400f40-07af-405b-b3f5-577245b13ce9_DiningRoom-78525,diningroom,6.0,1.3083985908864866,7.385544525275761,0.6143671296539168,0.8123977831920216,,dense
56400f40-07af-405b-b3f5-577245b13ce9_LivingRoom-98034,livingroom,9.0,1.9990740359694652,17.84260671070908,0.5179658289470624,0.5044106024372675,,sparse
56400f40-07af-405b-b3f5-577245b13ce9_MasterBedroom-93966,bedroom,6.0,1.7340689440533121,12.203753111177777,0.588445160037273,0.491652030759654,,sparse
56539026-2d77-4f19-88ee-ca390f01e145_SecondBedroom-37984,bedroom,6.0,1.3752215926361722,11.128763760850113,1.0136548240271521,0.5391434420692265,,neutral
5661c826-341e-4a5b-8901-c1a84b96298a_MasterBedroom-3270,bedroom,5.0,1.6937315006455065,6.610322049693802,0.35563655797267196,0.7563927993843517,,dense
5661c826-341e-4a5b-8901-c1a84b96298a_SecondBedroom-1310,bedroom,4.0,2.0646100127043323,13.593765308760073,0.4610348073923558,0.29425254218728686,,sparse
5669e7d6-ad0f-47ad-be4a-c511786ad433_MasterBedroom-21810,bedroom,6.0,1.3552827931974447,10.951153790279797,0.6773553590828955,0.547887475137604,,neutral
5669e7d6-ad0f-47ad-be4a-c511786ad433_SecondBedroom-21866,bedroom,5.0,0.7982390345940561,4.896961534644239,0.961752457922037,1.0210413058437973,,dense
5673b8fc-be93-4fda-af1e-bd63bb02b8a6_Bedroom-1285,bedroom,5.0,2.2709004364859284,13.27691931734609,0.7950115419581294,0.37659338589695107,,sparse
5673b8fc-be93-4fda-af1e-bd63bb02b8a6_SecondBedroom-2827,bedroom,3.0,0.5384555000508846,2.4579704091988512,1.1338731471221126,1.2205191684865797,,dense
5681f6fb-9437-4732-86fc-a493a7241035_Bedroom-32464,bedroom,7.0,1.749989113260959,13.373376290935383,0.7527118712398317,0.5234280295204641,,sparse
56827f79-da49-49a3-8683-b64b8646b3fe_LivingDiningRoom-7023,livingroom,6.0,1.769788973693007,16.85883983935432,0.6146454798215572,0.35589637585819756,,sparse
568879d9-c6df-424b-9776-71321681b4ea_MasterBedroom-9069,bedroom,11.0,2.112713982616927,16.9761484327914,0.6858453855027214,0.6479679441746765,,neutral
5688d36e-44d9-4420-9a4a-501418b5f2b8_Bedroom-59236,bedroom,7.0,0.732636283462671,7.122165842384582,1.2699762684609275,0.9828470938351977,,dense
5688d36e-44d9-4420-9a4a-501418b5f2b8_LivingDiningRoom-62089,livingroom,16.0,2.134028906782167,29.53165026740425,1.5812121814704256,0.5417915983401749,,neutral
569234db-5f65-499a-9704-fa1135305cfd_MasterBedroom-8427,bedroom,9.0,2.1696411653817838,21.96706758910349,0.6178929476051763,0.4097042066945861,,sparse
56b05fc4-f06e-43ee-ac96-1a531da87e84_Bedroom-2042,bedroom,5.0,1.814396666370261,9.873999787069858,0.19286616679197227,0.5063804038711416,,sparse
56b05fc4-f06e-43ee-ac96-1a531da87e84_LivingRoom-704,livingroom,6.0,2.083641950183574,6.014163808211065,0.3920828165901752,0.9976449247704681,,dense
56b06767-5d8d-4a9d-9f2d-148ee5c2c4ae_SecondBedroom-15421,bedroom,4.0,1.8321075411594554,7.049972441711788,0.4691041009962598,0.5673781043928122,,neutral
56c0b91b-90d1-4d15-9a3f-5ebd47dda561_MasterBedroom-4955,bedroom,5.0,1.1198235058300237,8.73631745539315,0.38676920685697147,0.5723235248180425,,neutral
56c0b91b-90d1-4d15-9a3f-5ebd47dda561_SecondBedroom-5683,bedroom,5.0,1.3053948875169197,13.67397681031699,0.8272724119338682,0.3656580722169654,,sparse
56ef3577-9ca2-43b9-8971-47d6c88e1008_LivingDiningRoom-35769,livingroom,15.0,1.3465533936726468,31.42951639384872,1.6449644046937104,0.4772583775083396,,sparse
56ef3577-9ca2-43b9-8971-47d6c88e1008_MasterBedroom-35892,bedroom,8.0,1.7204016440042158,12.892834922999757,0.6577628186599578,0.6204996843423984,,neutral
56ef3577-9ca2-43b9-8971-47d6c88e1008_SecondBedroom-35832,bedroom,5.0,0.9358639676721671,7.128398816407543,1.068727079790064,0.7014197898820453,,neutral
56fedd11-b226-4c51-8d89-552caf24487b_MasterBedroom-19251,bedroom,5.0,1.8442136620822136,13.976618939991402,0.6337829816664939,0.35774031054774363,,sparse
56fedd11-b226-4c51-8d89-552caf24487b_SecondBedroom-19232,bedroom,4.0,1.6918970355599434,5.537019813866631,0.27621213624922425,0.7224102738412825,,neutral
57184c2b-7ec2-44ac-b842-e3320ea99486_LivingDiningRoom-3715,livingroom,13.0,2.707861097636689,33.57423675360165,0.528662185354798,0.38720165391713435,,sparse
571bb2c3-d9fa-4a25-9fb4-7d67106dcb6c_MasterBedroom-1352,bedroom,7.0,2.2817065491171267,14.072841148479199,0.23550649390973502,0.4974119956407285,,sparse
571bb2c3-d9fa-4a25-9fb4-7d67106dcb6c_SecondBedroom-2230,bedroom,5.0,1.9312545706868967,8.153961111234779,0.28814231861780154,0.6131989019558661,,neutral
572ac6d8-8391-4ff1-9997-958b465ec352_MasterBedroom-16178,bedroom,3.0,0.8679024318203541,4.7769383401707115,0.9591098614862131,0.6280173170275399,,neutral
57363672-24cd-4509-988f-80aa45214d5b_DiningRoom-2180,diningroom,6.0,1.0568315956889032,7.280441479497335,0.26598523261693924,0.8241258468867274,,dense
573a0513-8b6e-4fa9-80ab-edd333fefdd9_MasterBedroom-191839,bedroom,6.0,2.0759308920118986,11.01523509933714,0.28823706945718097,0.5447001308543165,,neutral
573a0513-8b6e-4fa9-80ab-edd333fefdd9_SecondBedroom-184694,bedroom,6.0,1.8685595448650703,10.124049181829681,0.3022058221782047,0.5926482469848732,,neutral
574e5085-0f12-43c4-8254-59d8408c0c27_MasterBedroom-48394,bedroom,4.0,1.4557407120375572,6.338040863610727,0.5226432606520509,0.6311098470452642,,neutral
574e5085-0f12-43c4-8254-59d8408c0c27_SecondBedroom-37702,bedroom,5.0,1.8483235150303756,13.003751423802779,0.3467439977517439,0.3845044277644162,,sparse
57634f22-de21-482d-bbc5-2a8556cd911b_MasterBedroom-951,bedroom,7.0,1.6530891988115368,10.19602577880432,0.9826193103797802,0.6865420068426784,,neutral
57634f22-de21-482d-bbc5-2a8556cd911b_SecondBedroom-2293,bedroom,5.0,1.5406439499773374,9.544840333515301,0.7195811418515228,0.5238432310327116,,sparse
57638f14-c201-43bd-86f8-56fffa63e917_SecondBedroom-28138,bedroom,6.0,2.3615319541990862,12.94204271386499,0.35728650458127525,0.463605331295354,,sparse
57713c25-228a-422e-9399-3a2c9ffcbd1a_MasterBedroom-23296,bedroom,5.0,1.7552959672916035,7.668005395470313,0.3569012566856258,0.6520600524034096,,neutral
57713c25-228a-422e-9399-3a2c9ffcbd1a_SecondBedroom-23318,bedroom,5.0,1.6648196787340204,6.2017775864781495,0.35091984281565536,0.8062204634525418,,dense
577c772f-369a-46ae-85ed-bf392426180f_LivingRoom-1097,livingroom,17.0,2.051105778198281,24.46361173410837,0.5984300040379144,0.6949096554004642,,neutral
578810bc-9d89-4852-921f-fb51ca7fbc53_MasterBedroom-5468,bedroom,3.0,1.5370859058229744,3.679696973742221,0.09856464016129038,0.8152845251681214,,dense
578810bc-9d89-4852-921f-fb51ca7fbc53_SecondBedroom-6685,bedroom,3.0,1.2954372026095724,3.4638668904905545,0.13961622051798514,0.8660840889226948,,dense
5796d41e-a117-42ac-a92a-331cd02f72c5_SecondBedroom-1652,bedroom,6.0,2.1112670395619966,12.593976264895186,0.3709670018898263,0.47641823946616235,,sparse
5799a8da-0d93-4c2d-bc54-f1c2b7bca9af_LivingDiningRoom-2316,livingroom,13.0,1.9687030535575571,24.76716792296316,0.7941317613744503,0.524888434577411,,sparse
5799a8da-0d93-4c2d-bc54-f1c2b7bca9af_MasterBedroom-2303,bedroom,4.0,2.337230367877899,14.10322117587892,0.2620189977446239,0.2836231489329045,,sparse
57a02a22-1219-421b-a6e6-d2f46224f6c5_MasterBedroom-7635,bedroom,7.0,1.8389528727000677,16.14409348741888,0.5075436816524673,0.43359511052479427,,sparse
57aca5c1-cbe5-4df7-922e-6c6cf9ba2a0e_DiningRoom-22308,diningroom,6.0,1.2888704646323643,2.9889252274869906,0.4012521023442151,2.007410538350818,,dense
57b41cf3-b6ec-46ec-987c-b0434321b674_DiningRoom-27196,diningroom,6.0,0.5860549132029217,1.6261462094295356,0.7116998857402793,3.6897051231972835,,dense
57b41cf3-b6ec-46ec-987c-b0434321b674_LivingRoom-27249,livingroom,8.0,1.7147324283884147,21.86783994547542,0.3771007202504073,0.3658340293301463,,sparse
57b535e1-49e2-46f0-a54d-a3e50fe9c413_LivingDiningRoom-2729,livingroom,13.0,1.6786910511868496,20.333129851672254,0.9898518752600525,0.6393506604656264,,neutral
57b535e1-49e2-46f0-a54d-a3e50fe9c413_MasterBedroom-2435,bedroom,3.0,0.8376287915683064,4.588263971149756,1.0759551832952372,0.6538420672532146,,neutral
57cb9c1c-82b6-4708-9514-472c1a05b919_LivingRoom-36683,livingroom,7.0,1.267023122749272,9.447383947701688,0.8871422130699157,0.7409458574723138,,dense
57e1c8e3-02cb-4f09-b5bf-abfd43013610_MasterBedroom-122777,bedroom,8.0,1.6229680280639833,11.300425209688228,0.565415009851273,0.7079379626477538,,neutral
57e1c8e3-02cb-4f09-b5bf-abfd43013610_SecondBedroom-113391,bedroom,4.0,0.9135454843769356,5.331360227625545,0.6802992904778798,0.7502775706794624,,dense
58064c7d-8e8b-4149-9b3a-672cf22d4733_DiningRoom-11336,diningroom,6.0,1.2888704646323643,2.9889252274869906,0.4012521023442151,2.007410538350818,,dense
58064c7d-8e8b-4149-9b3a-672cf22d4733_MasterBedroom-9298,bedroom,4.0,1.5113909547204225,4.8496515270970715,0.3834449093543941,0.8248015300996977,,dense
580a48e3-61e3-4d09-958a-2b8ac4deb65b_MasterBedroom-10043,bedroom,4.0,2.428893238159112,7.117518327032886,0.24087691938686145,0.5619936354512345,,neutral
580a48e3-61e3-4d09-958a-2b8ac4deb65b_SecondBedroom-10895,bedroom,3.0,2.1767704504464374,5.832143919075084,0.22569787672287844,0.5143905983163337,,sparse
580bb871-f446-438a-9cde-3d970affe421_LivingDiningRoom-9462,livingroom,16.0,1.4825686514377594,25.522964153356913,2.078409514387485,0.6268864346579274,,neutral
5820a6a9-14a6-4066-b431-14a8da7ef88b_MasterBedroom-34508,bedroom,7.0,1.3626000450811593,9.75748625435726,0.9932728548252593,0.7173978848162978,,neutral
5820a6a9-14a6-4066-b431-14a8da7ef88b_SecondBedroom-34587,bedroom,3.0,1.1804334032894994,4.848765239528489,0.8439855641875379,0.6187142193528287,,neutral
582e09c9-b6ab-41da-bd7e-f8275890dfc1_MasterBedroom-68509,bedroom,4.0,0.8799546162287394,2.5822393186000214,0.3817063892918072,1.549043100377167,,dense
582e09c9-b6ab-41da-bd7e-f8275890dfc1_SecondBedroom-64303,bedroom,3.0,0.7558611234029134,1.4871744668834304,1.0281456447403616,2.0172481889679656,,dense
58345886-a399-4359-a218-ad0a3b43f44c_MasterBedroom-10505,bedroom,6.0,1.7563031377929645,12.409539173573707,0.45520643013465145,0.48349901765708486,,sparse
58345886-a399-4359-a218-ad0a3b43f44c_SecondBedroom-10078,bedroom,3.0,1.6794446309407551,1.8394257497419912,0.7346338018769483,1.630943787984265,,dense
5839632c-bad1-4129-865c-342a3b72ec92_MasterBedroom-52003,bedroom,4.0,0.5024323312797216,3.674697703700094,0.762155065260364,1.0885249134840005,,dense
583eba18-07cb-439d-a095-3118a9281de8_SecondBedroom-176067,bedroom,5.0,1.8770987687095055,8.76327616035297,0.28230562525946884,0.5705628703818697,,neutral
58698c8a-6340-4dd2-a71c-d9cbdc244f4c_Bedroom-9500,bedroom,5.0,1.9445580704845562,12.426314100715087,0.3566327557126903,0.4023719310066586,,sparse
587c2748-01e8-4586-9428-ca9ce053d413_LivingDiningRoom-451,livingroom,3.0,0.5626265207926432,0.5649095172374086,0.7192945259984481,5.310584984779468,,dense
5894e989-ba18-4007-a1ca-6dc2c517c212_MasterBedroom-198576,bedroom,7.0,1.8293349023113483,14.954181682595781,0.5136654537633532,0.4680964929125379,,sparse
58994de5-69bb-4378-a995-3ca66f4fdad9_SecondBedroom-12582,bedroom,3.0,1.5914936065673828,1.599587996903968,0.784228316979256,1.8754829404862723,,dense
58a87ed9-d8a5-46ce-b02d-a8d3e9875cb3_SecondBedroom-19500,bedroom,5.0,1.1069250470992347,6.461565774440673,0.5555195543486007,0.7738062529329914,,dense
58aa41c3-736f-47df-880d-e2ba6b639149_Bedroom-2706,bedroom,3.0,1.7152732396744295,5.236451203791613,0.2073851162519821,0.5729070859722245,,neutral
58bc5a5b-c6b3-4228-8a1f-718788f40ecc_LivingDiningRoom-27164,livingroom,15.0,3.9146859326012335,41.15805403165299,0.4646259833523906,0.3644487173388739,,sparse
58c205ff-e76d-4941-80a4-44d46b10bf8e_LivingDiningRoom-262051,livingroom,14.0,1.3897112230399615,26.9920104818507,0.8998637115634631,0.518671997753318,,sparse
58c874ab-3398-4a1d-80e9-de1af9b00752_MasterBedroom-34488,bedroom,3.0,1.585617184638977,1.5975479813696458,0.751938808775155,1.8778778697012732,,dense
58d58c41-da61-4322-8b7d-478b9d4b04da_MasterBedroom-28111,bedroom,9.0,2.288137686906425,22.96560845488594,0.5694823098340769,0.39189033539780865,,sparse
58e81b5b-7564-4873-9189-2cd5817f6a83_LivingDiningRoom-2663,livingroom,16.0,1.96538252729999,38.87097166040952,0.7933856349298293,0.41161821576732444,,sparse
58ff6eaa-c53f-4f88-8e83-352de9374778_MasterBedroom-244289,bedroom,5.0,1.5637221747790502,11.604127236782746,0.4604410929103597,0.4308811768412024,,sparse
58ff6eaa-c53f-4f88-8e83-352de9374778_SecondBedroom-244311,bedroom,5.0,1.6674432642537584,7.899815453701984,0.49182865442175744,0.6329261777446861,,neutral
5909d95e-ee06-4fa3-bb01-5b0f43185a6a_Bedroom-11072,bedroom,4.0,1.8356187525200027,11.75515091798838,0.5096280195156058,0.34027636292435676,,sparse
590a815e-df76-4dfe-bc5f-b4ee2c0d5740_LivingDiningRoom-139436,livingroom,12.0,1.8249158205503688,24.27215883700144,1.1767300382136407,0.4943936005274786,,sparse
590a815e-df76-4dfe-bc5f-b4ee2c0d5740_SecondBedroom-147398,bedroom,4.0,0.908578969228825,3.672095811979809,0.5554221447542032,1.0892961961805134,,dense
590e12f4-ad43-40a2-a1f7-ba85b9118e66_Bedroom-152,bedroom,3.0,1.3322198562344987,4.1886724919943585,0.3636025357741657,0.7162173709531551,,neutral
590e12f4-ad43-40a2-a1f7-ba85b9118e66_Bedroom-314,bedroom,4.0,1.5427622706893203,5.4109338483323866,0.33549664342364216,0.7392439294434866,,dense
591b9224-4c2c-4f24-95f2-c4e7213ed482_MasterBedroom-4067,bedroom,7.0,1.7932742369892476,6.952140138122596,0.3956463535014944,1.006884191188115,,dense
591b9224-4c2c-4f24-95f2-c4e7213ed482_SecondBedroom-3942,bedroom,3.0,1.079950748760581,4.801567067685705,0.24135310641639535,0.6247960213218394,,neutral
591bd837-693c-4f91-bef7-fabf1c0ea146_SecondBedroom-24334,bedroom,5.0,0.981181264331626,9.455259102721557,0.9974842746428951,0.5288062384838109,,sparse
5921e046-ab2d-4451-85bd-6a31b71c2f4e_MasterBedroom-2924,bedroom,6.0,1.94070742382903,15.699687857265253,0.3473532446144846,0.3821732033496077,,sparse
5921e046-ab2d-4451-85bd-6a31b71c2f4e_SecondBedroom-18314,bedroom,6.0,1.7828581074910363,13.052596694146972,0.2971884409995214,0.45967864790386975,,sparse
594abe36-d4a7-4cfc-a3cb-5de355ca999d_Bedroom-23540,bedroom,5.0,1.4650660704511727,6.207480118370754,0.44158521625031233,0.8054798250908172,,dense
594abe36-d4a7-4cfc-a3cb-5de355ca999d_MasterBedroom-18427,bedroom,3.0,1.8534817695617676,2.0374485466563788,1.148922989174076,1.47242982156445,,dense
5952a518-03dc-40f1-8990-89a0b312e0f9_LivingDiningRoom-837,livingroom,15.0,3.246869585799014,28.442462628525366,0.6171847451053621,0.5273804942950432,,sparse
5952a518-03dc-40f1-8990-89a0b312e0f9_MasterBedroom-462,bedroom,6.0,2.075765034041601,17.47237793408627,0.5785822076041096,0.343399165393212,,sparse
5952a518-03dc-40f1-8990-89a0b312e0f9_SecondBedroom-551,bedroom,4.0,1.7220348746908902,5.944348871664041,0.4204403531042809,0.6729080150506465,,neutral
595304a6-d670-40cd-b62c-29f3eb4b40db_SecondBedroom-23506,bedroom,5.0,1.6646059712613348,6.157192720616617,0.2889939469935699,0.8120583887618302,,dense
59787c5e-881c-4ba3-b469-7fcc910268e7_Bedroom-649,bedroom,5.0,1.6297836118669937,7.740843373929967,0.6739565610660152,0.6459244501496144,,neutral
597ab527-f011-4680-87a1-342a8f0223da_LivingDiningRoom-11815,livingroom,14.0,2.294332071107023,20.696755824381253,0.42099282558298495,0.6764345155730966,,neutral
5993e12c-fc44-455b-a974-f3a456cd68d5_MasterBedroom-24481,bedroom,5.0,1.69963199866721,10.682659187589424,0.562990528659355,0.46804825579465725,,sparse
5998124a-5ffc-4422-b94d-a4855a2d4fca_MasterBedroom-14879,bedroom,9.0,2.2831385085856795,19.459285817959394,0.7803294057900995,0.4625041270370625,,sparse
59a66d75-9b75-41e1-b7be-1acab85a4ad0_MasterBedroom-534,bedroom,4.0,1.0511776364504908,6.225619285768657,0.5905242014286787,0.6425063622415409,,neutral
59aed3cf-93be-4630-97b2-bc707ca491c2_Bedroom-33711,bedroom,5.0,1.8854109037998832,8.126670893341888,0.37966477679145705,0.6152580885361627,,neutral
59aed3cf-93be-4630-97b2-bc707ca491c2_LivingRoom-33692,livingroom,17.0,4.091629831601629,35.38369882332512,0.5234391431786122,0.48044722754630476,,sparse
59ef9f91-1628-4697-8a89-b4bec5320820_MasterBedroom-13112,bedroom,3.0,1.7462660278631503,5.287194441393625,0.1924887664273022,0.5674086764263667,,neutral
59f8aa98-b884-4b42-ada2-44650fe1893f_Bedroom-51813,bedroom,3.0,0.8261869710383868,3.593371522348634,0.6710191547302264,0.8348705335203399,,dense
5a2857c7-b831-4e4a-b56c-24bea08a9aaa_MasterBedroom-142,bedroom,7.0,1.5168170203470368,11.322674418350626,0.3822009047222581,0.6182284980883245,,neutral
5a2857c7-b831-4e4a-b56c-24bea08a9aaa_SecondBedroom-1238,bedroom,4.0,1.2016710473160634,5.664599351771387,0.32903470478523905,0.7061399671186194,,neutral
5a46fbf6-0235-478a-b155-3994daab55e2_MasterBedroom-289120,bedroom,5.0,1.4716950142722551,12.386515493982328,0.6806660224795436,0.4036647758144025,,sparse
5a5372e5-d820-434d-885d-710887b2b0ee_Bedroom-71031,bedroom,5.0,2.045537366478038,17.65864767319165,0.23764869127000238,0.28314739002300354,,sparse
5a6650a5-b713-4d8f-9c82-5fc49a5f6ea3_Bedroom-12297,bedroom,3.0,1.679207381624993,5.7649496630084665,0.34835677342812416,0.5203861569251649,,sparse
5a676e0c-f469-413b-b5b3-8176f2fc63bc_MasterBedroom-21338,bedroom,7.0,1.5644761744206246,6.958952293260092,0.43840475643935994,1.0058985469378292,,dense
5a6ad201-c801-4ea3-bd67-4d7bdff0b77a_SecondBedroom-65636,bedroom,4.0,0.8278919259707133,3.023147147653882,0.3425921186360688,1.3231244807597957,,dense
5a6cc890-9073-420c-ad20-d8a99f9d4968_Bedroom-38939,bedroom,7.0,1.3510366863983365,9.430360412195283,0.7651755973405282,0.7422834010614954,,dense
5a6cc890-9073-420c-ad20-d8a99f9d4968_DiningRoom-38885,diningroom,7.0,0.8318036751416116,3.96192611163258,0.9813009754104512,1.7668174021336125,,dense
5a6e4200-430f-4d0a-8f7a-deb7d98567be_Bedroom-10342,bedroom,3.0,1.6963856220245361,2.054838426844177,0.9211521627181812,1.4599688037795766,,dense
5a6e5b9c-9962-4637-839b-8084eca3dba3_SecondBedroom-12952,bedroom,6.0,1.3695134694925801,11.1496527121418,0.6369177906359518,0.5381333531102805,,neutral
5a6ed75c-d1a9-489c-8fd0-e11e2287e7a5_MasterBedroom-23353,bedroom,4.0,1.8332500731124586,6.912997835176127,0.16956975104216393,0.5786201725171073,,neutral
5a6ed75c-d1a9-489c-8fd0-e11e2287e7a5_SecondBedroom-21947,bedroom,4.0,1.6609321994730877,7.107183871494755,0.19333544093030838,0.5628108224472791,,neutral
5a70accd-61ca-45d0-86cb-ded3e35c85f3_LivingDiningRoom-19784,livingroom,12.0,2.7058759314051355,19.982730840243438,0.3631333166048515,0.6005185225151044,,neutral
5a74379c-00fc-4e6b-8641-e577a8f0bcc2_Bedroom-27855,bedroom,4.0,1.2231400667090544,4.958591971869472,0.39852065807541764,0.8066806106839102,,dense
5a74379c-00fc-4e6b-8641-e577a8f0bcc2_Bedroom-27871,bedroom,4.0,1.40186475441389,6.502207904618339,0.19303676632699782,0.6151756539742309,,neutral
5a81f6c1-4742-45b0-9a1c-61fefae41430_Bedroom-35352,bedroom,5.0,1.7464426575808811,11.10045130235762,0.3055593509112166,0.4504321368391619,,sparse
5a8a69a6-6c69-45a2-a0c6-75693d542b4c_Bedroom-30450,bedroom,5.0,2.020457285635577,7.918344945388176,0.23487912143518583,0.6314450853662436,,neutral
5a92fb82-10da-4b31-962a-2f8db50ff99b_MasterBedroom-369,bedroom,3.0,0.942047119140625,2.52349014057815,0.5319396469070004,1.1888296893891086,,dense
5a93c134-d34e-445a-b15c-6fa37df0b992_MasterBedroom-18785,bedroom,5.0,1.8722026907150244,9.286080199785767,0.43905246818483,0.53844032061185,,neutral
5abdcc3b-e1c0-42ce-ad5e-cb51e87b2e61_SecondBedroom-12923,bedroom,4.0,1.9018398920694988,7.000588908084842,0.5338237879627108,0.5713805013433197,,neutral
5ac451ba-b3f0-4734-ac59-e7ac821e3c83_MasterBedroom-110518,bedroom,5.0,1.411791706085205,7.638093884156015,0.696263995318329,0.6546135823718648,,neutral
5ac451ba-b3f0-4734-ac59-e7ac821e3c83_SecondBedroom-110415,bedroom,5.0,0.9865750436956622,5.237391779018371,0.8237799470505853,0.9546736640994872,,dense
5ad33e93-7c6b-4c7d-b0a1-93edeed0d5ad_MasterBedroom-707,bedroom,4.0,1.552493736126017,8.765637458793451,0.7687380541232753,0.4563273371507406,,sparse
5afd67e5-1ba5-473b-8446-a2ea1e22133f_LivingDiningRoom-2122,livingroom,11.0,3.8261378386280582,34.547599441391874,0.4286752343373216,0.3184012833847082,,sparse
5b00b25e-578c-4eea-b736-2c98d456ea44_MasterBedroom-1261,bedroom,5.0,1.4547661410914425,12.050703803415493,0.7599147681504664,0.41491352551399246,,sparse
5b1f505c-446a-4198-ad24-50f27c9125ae_SecondBedroom-26731,bedroom,5.0,1.6710357339571729,14.79699258391814,0.41022631513831376,0.3379065017194214,,sparse
5b274239-637c-451f-ade5-f71c97d6d86c_LivingDiningRoom-13620,livingroom,15.0,2.5103621774577376,20.810840146316078,0.562306925111193,0.7207782047499554,,neutral
5b274239-637c-451f-ade5-f71c97d6d86c_MasterBedroom-13692,bedroom,9.0,2.2616658450763274,17.85053361237356,0.6602058692229987,0.5041866083914386,,sparse
5b43279a-d844-4bde-b881-1e01f9097c06_Bedroom-39641,bedroom,5.0,1.6702343896101326,11.100877315250802,0.47663945398752267,0.45041485082722355,,sparse
5b548a2b-4e7c-4d2c-9655-c54818ffe934_MasterBedroom-26687,bedroom,5.0,1.0274112998541516,9.509738880538542,1.0062979423183351,0.5257767918562288,,sparse
5b548a2b-4e7c-4d2c-9655-c54818ffe934_SecondBedroom-27519,bedroom,5.0,1.286121782215318,6.808297741329133,0.6441545134566682,0.7343979640678711,,dense
5b60eded-8082-4efe-a33f-9e3c00768f20_SecondBedroom-25309,bedroom,9.0,2.249825867000421,21.338405283922523,0.3969069735594428,0.4217747240362462,,sparse
5b69a767-6a05-4cd5-b4d1-77ae696dadc5_MasterBedroom-18730,bedroom,10.0,2.073825441660887,20.843926979062225,0.6308850725759729,0.4797560464515647,,sparse
5b6fc618-8dec-4fcf-b326-08436f643d93_Bedroom-9232,bedroom,5.0,1.9898383504237134,7.946740003679441,0.30519973485415847,0.6291888243084506,,neutral
5b6fc618-8dec-4fcf-b326-08436f643d93_Bedroom-9314,bedroom,5.0,1.8702676052187281,8.141585250080537,0.26041913105093684,0.614131013361377,,neutral
5b7a930b-0088-421f-a3a1-f2c3e7c69751_Bedroom-69096,bedroom,5.0,1.6120908942248804,6.962166098656672,0.4831497535247629,0.7181672958024852,,neutral
5b7e4dbe-32c5-46f4-afc5-85b4884068a0_SecondBedroom-16269,bedroom,5.0,0.8596356015533505,5.147586094676956,1.0054953480750988,0.9713290672632805,,dense
5b80db18-446e-401e-909b-747de26f6c54_SecondBedroom-46845,bedroom,6.0,1.9924200557304392,14.802559298617982,0.28549392934573997,0.40533531256045574,,sparse
5b8a2b9a-e7bc-492a-8deb-412f60e05148_Bedroom-7011,bedroom,3.0,1.399967907565007,5.0978712981466225,0.25951149199688295,0.5884809216526665,,neutral
5b903de7-1d5e-4b42-adf5-b474942abf5d_MasterBedroom-44572,bedroom,5.0,2.1302859182306286,16.067225652336944,0.25421312095584947,0.31119249260514126,,sparse
5b90a853-b47f-4e37-9819-102fe25575fe_LivingDiningRoom-74225,livingroom,16.0,3.0569297814369683,26.58904826184074,0.6297262098758483,0.601751512217998,,neutral
5b90a853-b47f-4e37-9819-102fe25575fe_MasterBedroom-74514,bedroom,4.0,1.6433600016528633,5.659116322761088,0.21976175439255358,0.7068241350530141,,neutral
5b991136-5594-403a-8c89-af34b8e21cb0_Bedroom-241,bedroom,5.0,0.9919293465809945,9.203144392040398,0.9882114760995271,0.5432925733865909,,neutral
5ba554c9-9edf-4d8c-9816-0e28fa909982_SecondBedroom-13869,bedroom,5.0,0.8276420499877764,6.555097682863456,0.8266409116711331,0.7627651397279949,,dense
5bb3120d-3ad7-4456-b332-5bc1d60dd53c_SecondBedroom-1213,bedroom,7.0,1.7079094450038665,8.67809099310814,0.4711840234373503,0.8066290161694748,,dense
5bb4911d-eeb7-4fbc-8ce1-1cd3826eba60_SecondBedroom-13794,bedroom,4.0,1.8220342354344252,5.834742434499006,0.5290219595975383,0.6855486844370802,,neutral
5bd22e7d-960b-4e14-93bd-f955001f799e_DiningRoom-6151,diningroom,9.0,1.0784149759103916,6.911456158205438,1.059775317872679,1.3021857903728427,,dense
5bd22e7d-960b-4e14-93bd-f955001f799e_MasterBedroom-4284,bedroom,4.0,2.1424687638323587,6.837444524088419,0.30706556997650863,0.585013887265621,,neutral
5bd22e7d-960b-4e14-93bd-f955001f799e_SecondBedroom-5468,bedroom,4.0,1.8219947903913765,8.894541875803485,0.675324497292251,0.4497139994226697,,sparse
5bd2dd31-7aed-4024-99fd-f2e98eb4f814_LivingRoom-8148,livingroom,17.0,3.932997720083973,40.54482138035348,0.4389879768974326,0.41928905890401996,,sparse
5bdb0b90-f92c-4893-b1bf-b0d2957818ac_SecondBedroom-3031,bedroom,4.0,1.628617896789459,10.891993073411038,0.4419910531160619,0.36724224602791844,,sparse
5bf68c41-3c78-42f5-a77c-bc6c95e051fe_MasterBedroom-38249,bedroom,5.0,1.4638117076585784,9.230590750601953,0.5640317490763374,0.5416771401845473,,neutral
5bfa4d56-ec91-4fc5-81a9-32cf765b297a_MasterBedroom-3213,bedroom,3.0,1.7904000282287598,1.9501143946313553,0.6756788102135427,1.5383712915811343,,dense
5c03cf4a-dcad-4eda-bbba-901e66848c51_LivingDiningRoom-21823,livingroom,19.0,2.335490562030873,48.18870510538949,0.9248684507152078,0.394283265309717,,sparse
5c22a23d-e49c-4d31-adee-987c93eec20e_LivingDiningRoom-5987,livingroom,12.0,1.1740279631192514,28.338203761330163,1.0756545565273767,0.4234566206477419,,sparse
5c304c9d-debb-4dc3-b3d2-a7666d60b2d8_LivingRoom-10060,livingroom,5.0,2.1274450701698338,17.583498262123292,0.5497839476027288,0.2843575223464222,,sparse
5c337554-ee3f-4c1b-80c0-f8ee49d87e8d_SecondBedroom-14246,bedroom,8.0,1.8192380864573245,14.533186213124347,0.48906697769142154,0.5504642879188815,,neutral
5c650b8f-1b58-4e32-9469-9a3787bf88cc_LivingDiningRoom-70142,livingroom,12.0,3.621795021036692,30.484361001887876,0.37719174477220674,0.39364446573955897,,sparse
5c6bb298-db40-4838-b417-ad0979f8e990_MasterBedroom-40355,bedroom,8.0,1.260172290693412,9.548546340071484,0.5547688046570534,0.8378238650240566,,dense
5c70ea0d-cb3a-43ca-ab0b-a2498fae8bd5_Bedroom-1692,bedroom,4.0,1.4407254928419928,11.131480245050456,0.6509466323229548,0.3593412476996108,,sparse
5c70ea0d-cb3a-43ca-ab0b-a2498fae8bd5_LivingDiningRoom-1711,livingroom,15.0,1.9680933909407015,26.55603667367538,0.8369845675464241,0.5648433229823517,,neutral
5c8e6bc5-c29e-4ac3-813e-df2145b20c69_MasterBedroom-28057,bedroom,7.0,2.1843624001457576,7.205335796441861,0.7218670472810919,0.971502258570203,,dense
5c8e6bc5-c29e-4ac3-813e-df2145b20c69_SecondBedroom-30593,bedroom,6.0,1.168101261848785,6.914537706808576,1.2308472005448874,0.8677369701942541,,dense
5ca4c392-dcc6-4dc1-a607-44b66785ac6d_MasterBedroom-48826,bedroom,5.0,2.8058830049195054,20.167949707852102,0.2997870956421382,0.2479181112819476,,sparse
5cafb089-f3ce-4d70-a322-39e30c010b0c_LivingRoom-12207,livingroom,14.0,1.197471377244675,20.77609027605218,1.248130923877514,0.6738515194139908,,neutral
5cafb089-f3ce-4d70-a322-39e30c010b0c_MasterBedroom-12123,bedroom,4.0,0.9174339012197588,5.226513341543728,1.028511873610012,0.7653285734880647,,dense
5cafb089-f3ce-4d70-a322-39e30c010b0c_SecondBedroom-12164,bedroom,4.0,1.4078042055005906,6.987045146742931,0.19840585875578262,0.5724880712792636,,neutral
5ce5c956-4ecf-439d-be7f-36b46a2f0de8_SecondBedroom-3805,bedroom,7.0,1.5400505287737551,13.748190600547026,0.36138316729536885,0.5091579105487145,,sparse
5d09aa48-6249-4c1f-b445-c2d956825c66_MasterBedroom-4842,bedroom,4.0,2.09865933728368,11.64792144605766,0.40308285083579826,0.3434089093512761,,sparse
5d20881f-5edd-407c-8577-4ac0c12b51db_Bedroom-10665,bedroom,5.0,0.9333618396295685,5.34257141333967,0.7986112737888238,0.9358789266748376,,dense
5d31ce38-c87f-484b-85d4-952ba06bd13c_MasterBedroom-2504,bedroom,3.0,1.8850837990649787,5.542425452101213,0.28174404272156367,0.5412792695051328,,neutral
5d31ce38-c87f-484b-85d4-952ba06bd13c_SecondBedroom-1435,bedroom,3.0,1.9034331928420718,6.655234927758283,0.3301241200093482,0.4507729678312807,,sparse
5d325c8c-5490-48c0-87c4-6d436134421b_Bedroom-1196,bedroom,3.0,1.4809237429374758,8.650407889497355,0.5088678623167481,0.346804455734667,,sparse
5d325c8c-5490-48c0-87c4-6d436134421b_Bedroom-2224,bedroom,4.0,1.6141516190347842,5.4858545109007615,0.30160649216406565,0.7291480282701138,,dense
5d39c6a6-21d1-4448-8421-2a8cedec9fed_SecondBedroom-2072,bedroom,4.0,1.664746751535243,7.520308208571599,0.30874595490449375,0.5318930938815547,,sparse
5d3bcbca-1efd-44ab-8425-e1c59a800ced_MasterBedroom-30460,bedroom,7.0,1.1758725301230986,12.491139520463948,0.6860491893988195,0.5603972310558264,,neutral
5d3bcbca-1efd-44ab-8425-e1c59a800ced_SecondBedroom-30632,bedroom,4.0,1.627854113155203,9.247199223390279,0.6296269210328006,0.4325634068618551,,sparse
5d4526b7-8bfd-45b3-bd31-80ddf5a8b5e9_MasterBedroom-270794,bedroom,5.0,1.331564977465218,9.22341087129009,0.7085125272468932,0.542098803769396,,neutral
5d4526b7-8bfd-45b3-bd31-80ddf5a8b5e9_SecondBedroom-270847,bedroom,3.0,2.011493488706814,5.151625067222418,0.27756755511481723,0.5823405160223546,,neutral
5d522173-3fc1-4964-898d-48ab76e67f4d_LivingDiningRoom-10493,livingroom,14.0,3.25789500477516,29.365526391179728,0.8492749902496997,0.47674949917482357,,sparse
5d522173-3fc1-4964-898d-48ab76e67f4d_SecondBedroom-10509,bedroom,4.0,0.8617431426827871,3.022444107859572,0.439421369558244,1.323432247960645,,dense
5d64d4b4-14f6-4334-a81e-c0e4891c95c2_MasterBedroom-15154,bedroom,5.0,2.2081578297081514,7.31438502142007,0.29550600339166994,0.6835844688729911,,neutral
5d6d0032-e3b5-4b36-87d3-908d8c85f24b_LivingDiningRoom-142,livingroom,10.0,2.786482733518665,16.644045649831448,0.33227752078872747,0.6008154634027496,,neutral
5d778814-7181-4c54-bf6c-b1ee5691cd85_LivingDiningRoom-12191,livingroom,13.0,3.31919756217213,26.970308409263566,0.5247396363218291,0.4820115440554196,,sparse
5d778814-7181-4c54-bf6c-b1ee5691cd85_MasterBedroom-8587,bedroom,4.0,1.6332164227409312,7.4672557993214035,0.17157696813204668,0.5356720202840118,,neutral
5d7a783f-3bb8-49af-b05c-b67c87c5ce66_MasterBedroom-100337,bedroom,5.0,1.3772450271340457,7.525627414913374,0.936736014724086,0.6643964315973985,,neutral
5d7a783f-3bb8-49af-b05c-b67c87c5ce66_SecondBedroom-100315,bedroom,5.0,0.9989797045219271,7.9749363016002235,1.0906285489065002,0.6269642553755216,,neutral
5d8c3aab-b20b-4b70-9ca5-e8f8fe59d0bf_LivingDiningRoom-25360,livingroom,16.0,3.0951304122049894,38.340081252497804,0.8736610497995597,0.4173178427721152,,sparse
5d8c3aab-b20b-4b70-9ca5-e8f8fe59d0bf_MasterBedroom-25534,bedroom,6.0,1.5291897206386196,12.644203282819387,0.6458475740745836,0.47452574636732103,,sparse
5d8f96db-9043-4356-93c8-4f3198ceba34_Bedroom-5218,bedroom,3.0,2.0219932397206626,2.2236442558479537,0.7673780434105023,1.3491366670321978,,dense
5d8f96db-9043-4356-93c8-4f3198ceba34_DiningRoom-41675,diningroom,7.0,1.2556324688936578,6.890847215468977,0.4686983052094866,1.0158402560843303,,dense
5d8f96db-9043-4356-93c8-4f3198ceba34_LivingRoom-5161,livingroom,10.0,2.636223122869411,30.748554186719172,0.45380903466219746,0.3252185432614315,,sparse
5d916ba3-e843-4e95-b76c-389f80893169_Bedroom-23983,bedroom,5.0,1.7617208738879824,8.83920179296804,0.4129991781220894,0.565661936123883,,neutral
5d966bf7-2d76-4b3f-af13-173cb44e218e_MasterBedroom-8546,bedroom,4.0,1.7051756179670159,5.669505800754021,0.22776278489805302,0.7055288662846092,,neutral
5d9ce2ba-db3c-4c78-8c5a-3bdb1d61de88_Bedroom-4797,bedroom,7.0,1.5563972307108953,13.167560258147201,0.7129904419855967,0.5316094905029101,,sparse
5d9ce2ba-db3c-4c78-8c5a-3bdb1d61de88_LivingDiningRoom-7287,livingroom,14.0,1.3025498256403079,20.867710743197105,1.4320786891976163,0.6708929490295917,,neutral
5dc561df-3712-44ec-9344-5e629f2098eb_LivingDiningRoom-3484,livingroom,18.0,2.2898235868809285,24.118336964047874,0.7272031278083447,0.7463201143110239,,dense
5dc561df-3712-44ec-9344-5e629f2098eb_SecondBedroom-2472,bedroom,5.0,1.6896571482839238,6.771317870985902,0.4252079175135153,0.7384086961009854,,dense
5dd0cc02-00d5-42b1-8ae0-948137fcb432_MasterBedroom-29109,bedroom,6.0,1.4814072789190458,12.309616755266529,0.669384082020287,0.48742378575132883,,sparse
5de03a6d-2e9a-41f1-9e72-94bdae87d005_MasterBedroom-18017,bedroom,4.0,2.028078664837646,10.281902486096019,0.18548819196070446,0.38903306128502074,,sparse
5de48c8f-3e53-43fa-b174-d59e597201e5_SecondBedroom-4698,bedroom,4.0,2.2159249183820173,10.350867458546121,0.25558437502070164,0.3864410413928572,,sparse
5df48768-5e1b-4db0-9ca1-97ad05d9a896_LivingDiningRoom-9454,livingroom,15.0,3.199299815394017,28.826380714500534,0.5142652848935899,0.5203566881517856,,sparse
5df48768-5e1b-4db0-9ca1-97ad05d9a896_MasterBedroom-9476,bedroom,7.0,1.8462058750743549,11.952161560404244,0.3051078433225701,0.5856681207514775,,neutral
5df48768-5e1b-4db0-9ca1-97ad05d9a896_SecondBedroom-9414,bedroom,6.0,1.9266765719724381,9.170580734742911,0.3852028390984329,0.6542660899618812,,neutral
5e004059-c7c4-44e2-99bb-93f7ec7b5b46_DiningRoom-33907,diningroom,6.0,1.0140694853737564,5.234484359902985,0.14829356081639333,1.1462447086404521,,dense
5e004059-c7c4-44e2-99bb-93f7ec7b5b46_LivingRoom-34140,livingroom,7.0,2.876304392529594,28.329206702701573,0.7474661488725118,0.24709481184774776,,sparse
5e004059-c7c4-44e2-99bb-93f7ec7b5b46_MasterBedroom-33763,bedroom,6.0,1.9118949555897946,14.031349188955405,0.3589935656688182,0.4276139036382063,,sparse
5e004059-c7c4-44e2-99bb-93f7ec7b5b46_SecondBedroom-22111,bedroom,5.0,1.5378949124098495,9.836502169140656,0.37197456800259937,0.5083107708435359,,sparse
5e00e9df-d996-4b30-9137-4d39bf1ea713_LivingDiningRoom-162404,livingroom,15.0,1.0798769805573694,17.196531243396375,1.6275900222266741,0.8722689353854509,,dense
5e01911c-03ad-4654-b028-ca20c0182293_LivingDiningRoom-334,livingroom,14.0,1.0781568154533052,18.82605932403993,1.2006396813600935,0.7436500522508555,,dense
5e01911c-03ad-4654-b028-ca20c0182293_MasterBedroom-138,bedroom,4.0,1.3687565561092228,6.24371937995607,0.5612804049936091,0.6406437824289508,,neutral
5e024c0f-0bca-4074-ac77-4b72a7629d0a_LivingDiningRoom-1080,livingroom,14.0,1.0920282635889376,21.098625377569192,1.1168299245846283,0.6635503379705471,,neutral
5e024c0f-0bca-4074-ac77-4b72a7629d0a_MasterBedroom-1069,bedroom,5.0,1.0260792239652428,6.1506951926839815,0.9301719865571771,0.8129162384680207,,dense
5e162f48-e628-440f-b530-311ed1c337b2_MasterBedroom-44501,bedroom,6.0,1.6193836640647492,6.110940517729387,0.5603844917323814,0.9818455903133863,,dense
5e177e22-3ebb-4fae-84a6-d8e7f0411e5d_SecondBedroom-2750,bedroom,4.0,1.649334240465271,9.661810795939171,0.386383552366152,0.4140010692075638,,sparse
5e1cf772-2618-4b24-bf20-8670d2fea4e9_LivingRoom-23405,livingroom,8.0,1.5296183777566639,9.40868429213186,0.6777995251984961,0.8502782909497887,,dense
5e1e0861-354c-407d-b267-083216bda705_SecondBedroom-18401,bedroom,6.0,1.6560018350741044,14.085806335226906,0.3099396594718041,0.4259607052096636,,sparse
5e2a38d6-75b9-4f91-a688-a2f3141230bd_Bedroom-7445,bedroom,3.0,1.0949364654358107,4.463261640448739,0.4218908187648452,0.6721541871559156,,neutral
5e2a38d6-75b9-4f91-a688-a2f3141230bd_Bedroom-7470,bedroom,5.0,1.688692776674905,5.880553449187771,0.36630043110390026,0.8502601061623895,,dense
5e2a38d6-75b9-4f91-a688-a2f3141230bd_Bedroom-7489,bedroom,5.0,1.931290249111583,6.689282702579618,0.25782006996814094,0.7474642980886168,,dense
5e3197f7-6c45-480c-874a-0481e33e6caa_MasterBedroom-488,bedroom,5.0,0.9831593371405098,7.54186798388425,1.3367007963008801,0.6629657282100654,,neutral
5e31d382-5193-48e6-aab1-99104dff867c_MasterBedroom-17139,bedroom,5.0,0.9817743978667446,8.840506193643675,0.8290960907555257,0.5655784737298188,,neutral
5e3a66c2-c3dd-42a3-864a-d19fa9b65973_MasterBedroom-2411,bedroom,4.0,1.7415826227967621,6.125549387903088,0.383029423569242,0.6530026527741848,,neutral
5e435d6c-8d14-4cc8-b9e3-cd8e194b20b6_MasterBedroom-16200,bedroom,3.0,0.6396608352661133,2.7604981631719068,0.5140922808041736,1.0867603681188098,,dense
5e435d6c-8d14-4cc8-b9e3-cd8e194b20b6_SecondBedroom-20454,bedroom,5.0,1.605922056156396,7.0076585752717,0.26670884099634773,0.7135050810899618,,neutral
5e44b2a9-66ec-4d5b-adf0-c87ab69cc93c_LivingRoom-3797,livingroom,11.0,2.1893246687322874,20.039416744875172,0.36412552025513634,0.5489181716235884,,neutral
5e44b2a9-66ec-4d5b-adf0-c87ab69cc93c_MasterBedroom-3854,bedroom,7.0,1.6005131156424128,7.25625678843249,0.49848223474784525,0.964684713357857,,dense
5e4f139b-2870-476f-a2c8-5e9867e179f2_LivingDiningRoom-13860,livingroom,10.0,2.3520117999738805,17.36419536583171,0.39507200721666275,0.5758976900062666,,neutral
5e4f139b-2870-476f-a2c8-5e9867e179f2_MasterBedroom-13832,bedroom,3.0,1.1507688276016095,4.476853583772287,0.34936327358024716,0.6701134946370392,,neutral
5e60dc5c-7541-46ee-ba0f-6524fe05a00a_Bedroom-23278,bedroom,6.0,1.565463692639848,11.820623619803063,0.3670494158462131,0.5075874330308778,,sparse
5e647f08-d821-4554-8598-9684ffd28f7c_LivingDiningRoom-3367,livingroom,5.0,1.051716820096508,5.6539501811113855,0.4180278678440303,0.8843374702352188,,dense
5e647f08-d821-4554-8598-9684ffd28f7c_SecondBedroom-1885,bedroom,3.0,1.603519189505634,4.3444954661438535,0.09587014027634833,0.6905289747402547,,neutral
5e6d0804-54a9-4d4a-b4ed-1b4f22aa1d01_MasterBedroom-16884,bedroom,5.0,1.095177405941452,8.24483536490728,0.9353230938895448,0.6064402475859783,,neutral
5e7daec3-6980-46cc-855d-8465774001a4_LivingDiningRoom-569,livingroom,12.0,2.325668328628799,21.98039683096195,0.8966857267687025,0.545941007902851,,neutral
5e7daec3-6980-46cc-855d-8465774001a4_MasterBedroom-113,bedroom,5.0,1.5632279965822193,10.240051823323679,0.6192572557716413,0.48827877888386684,,sparse
5e831acd-1fa0-4b08-a08d-99d1748310a1_Bedroom-18397,bedroom,5.0,1.9445580704845562,12.426314100715087,0.3566327557126903,0.4023719310066586,,sparse
5e870702-4768-446f-9c7e-a50e4ace9796_Bedroom-212,bedroom,5.0,1.5918502621490807,8.951235304587668,0.6047133719971638,0.558582120775823,,neutral
5e870702-4768-446f-9c7e-a50e4ace9796_MasterBedroom-1289,bedroom,5.0,1.0431075631404103,5.411142675745577,0.832221737576757,0.9240192505755862,,dense
5ec747dd-d7be-41b5-856c-215d4803d281_SecondBedroom-19303,bedroom,5.0,1.0086770220750556,8.156299513092486,0.8714293268088836,0.6130230985232952,,neutral
5ed691b6-9633-47ca-a0f0-5069079b2852_MasterBedroom-2801,bedroom,4.0,1.3747372557696071,10.647743632641395,0.6092302284120394,0.3756664452117088,,sparse
5f27b15d-9586-47a1-9875-075c68a95b05_MasterBedroom-48903,bedroom,4.0,0.9408329327901205,3.3356701145288614,0.40386311755894194,1.1991593480954785,,dense
5f27b15d-9586-47a1-9875-075c68a95b05_SecondBedroom-48968,bedroom,4.0,0.6416017214457194,3.23743999871553,0.7679672878319278,1.2355441341266615,,dense
5f2dff8c-5d2a-4e1e-bd2b-8e4d78a5ad29_MasterBedroom-148398,bedroom,5.0,1.8151784940337816,13.318467599783828,0.43959961718200763,0.3754185654272384,,sparse
5f501905-6bb6-497e-bd13-59d2478416ad_SecondBedroom-2149,bedroom,4.0,1.7447662596501636,11.77310008905594,0.3701291511113732,0.3397575803945069,,sparse
5f664372-7176-4ca8-aad7-e98fc86a0b53_SecondBedroom-9950,bedroom,5.0,1.7150571881618706,6.606971322639463,0.2561072428713552,0.7567764041697878,,dense
5f687d94-bb4e-4a8f-938e-e988ddb7de2f_Bedroom-17442,bedroom,5.0,1.9005033050696838,8.097859602770855,0.2662195179989719,0.6174471088988926,,neutral
5f6f938a-e502-404f-9cbb-a9dc265deec3_LivingRoom-1353,livingroom,11.0,2.523984453058038,21.829450122949137,0.421491715726034,0.5039064171587072,,sparse
5f730139-4d72-453f-b4e0-e8861590dbfd_Bedroom-3082,bedroom,6.0,1.2025248659070664,9.03058045183862,0.7344796577370394,0.6644091187713635,,neutral
5f86c744-15af-4c99-80ef-b3608aadbf1b_LivingDiningRoom-37641,livingroom,11.0,3.6096311174683056,25.341349269567967,0.26365849926335644,0.4340731775166261,,sparse
5f86c744-15af-4c99-80ef-b3608aadbf1b_MasterBedroom-37707,bedroom,6.0,2.301197902499246,8.996566916099198,0.476060912544736,0.6669210662195049,,neutral
5f91098f-9e45-4113-a86c-25df2aa8a403_Bedroom-197,bedroom,6.0,1.4062732450418702,10.74885892121882,0.9370483213613898,0.5581987859339823,,neutral
5faf622e-532d-4c9e-ba55-e2dd01fa1f3f_SecondBedroom-60421,bedroom,8.0,2.1203899717741854,19.331534583939085,0.14778538579556097,0.413831605828464,,sparse
5fc584ea-ebdf-4bbd-8c85-4a2be9b35abd_MasterBedroom-2045,bedroom,6.0,1.9244004625206175,12.845699907444446,0.6985055168864562,0.4670823733413568,,sparse
5fdf68a2-1ad6-441f-a59e-230413b55a01_Bedroom-211817,bedroom,4.0,1.4089392559092608,5.365077633414165,0.15502807297110743,0.7455623708196981,,dense
5fe0be69-8fb3-46ad-8e77-78f426e7a832_Bedroom-24692,bedroom,5.0,1.8647016889606038,6.794322571597779,0.24001408195054147,0.7359085394181073,,dense
5fe21893-ef9b-479f-9b9e-dd9456c0e41e_LivingDiningRoom-2620,livingroom,12.0,2.6477417287646396,29.889720890101284,0.5022524181176239,0.4014758131774357,,sparse
5fe24490-bf9f-4719-b563-97ba74ac5ca5_MasterBedroom-311,bedroom,6.0,2.3191317150867636,12.06824837748993,0.2492837727929858,0.4971723992018084,,sparse
5fef6bd0-837a-4ad9-a6fd-4b9ce517701b_LivingDiningRoom-68606,livingroom,13.0,2.547669273449038,28.401392859830466,0.3764454678034962,0.4577240300910228,,sparse
6005503e-27de-412a-9f10-2711d5d3bf1e_MasterBedroom-14433,bedroom,8.0,1.103062055267117,7.394438709980771,0.7957263395982653,1.0818941523177226,,dense
600c25d7-b174-41df-9dd0-29a3998db028_SecondBedroom-7221,bedroom,5.0,1.4778750568628312,5.145185597277111,0.3744117376229818,0.9717822429274573,,dense
6010c58f-92ad-4bd6-b515-5aa0f42e48f8_Bedroom-13741,bedroom,5.0,0.9964458391791412,4.9095393654518515,0.6568789876003946,1.0184254830880295,,dense
6019bf5a-b088-45f4-aa3c-f8ccaed77069_MasterBedroom-31015,bedroom,7.0,1.1758725301230986,12.491139520463948,0.6860491893988195,0.5603972310558264,,neutral
6019bf5a-b088-45f4-aa3c-f8ccaed77069_SecondBedroom-31187,bedroom,4.0,1.627854113155203,9.247199223390279,0.6296269210328006,0.4325634068618551,,sparse
6048ff60-5420-4ad5-ab02-856f989ed67d_MasterBedroom-2012,bedroom,3.0,1.1927751158898443,3.73729224457063,0.26428420914556405,0.8027202058812138,,dense
6048ff60-5420-4ad5-ab02-856f989ed67d_SecondBedroom-1955,bedroom,4.0,1.4376992317410044,5.887048787848569,0.27298193535943627,0.6794575931248238,,neutral
6060e648-44c6-42d6-a9f4-f58c5bcff70d_LivingDiningRoom-25741,livingroom,17.0,3.9239546261038782,39.12445307942727,0.3625109678843678,0.43451086627301827,,sparse
6060e648-44c6-42d6-a9f4-f58c5bcff70d_SecondBedroom-25760,bedroom,3.0,1.5654450629470766,6.091598723312724,0.25759362313716694,0.4924815530804604,,sparse
6064cd7d-6922-4b76-bdb6-08f50aea6097_Bedroom-48198,bedroom,5.0,1.8769946548345373,7.746870365606228,0.34962772930415675,0.6454219270530839,,neutral
6064cd7d-6922-4b76-bdb6-08f50aea6097_LivingRoom-50084,livingroom,10.0,1.9044360716402435,17.203169968866895,0.8621765367629175,0.5812882171191301,,neutral
60cce170-55c9-4ced-a4e1-79bf96444224_Bedroom-3372,bedroom,4.0,1.4197962781513036,4.3450758263240195,0.3112852994686274,0.9205823235043616,,dense
60d37d45-3388-4f28-9708-b0b37a6f73ba_SecondBedroom-222181,bedroom,4.0,1.5289310536100331,5.151983974760117,0.4042140805051982,0.7763999305114775,,dense
60df224e-f073-4875-bf66-c501bd4dd30b_MasterBedroom-15809,bedroom,5.0,1.5309762954711914,6.391707008194335,0.28074517101794616,0.7822636415577043,,dense
60df224e-f073-4875-bf66-c501bd4dd30b_SecondBedroom-10248,bedroom,6.0,1.5163401259861697,11.310420853785013,0.4872773553516504,0.5304842390539438,,sparse
60e4b558-623a-4459-860e-5954f41d4b22_LivingRoom-1772,livingroom,13.0,1.2003667948261403,11.519813625106112,1.3479487097349154,1.1284904793657418,,dense
60e4b558-623a-4459-860e-5954f41d4b22_MasterBedroom-2661,bedroom,3.0,1.0817958911259968,1.3281328365197846,0.9712045114107755,2.2588102014412548,,dense
60e6bf2e-0c25-455c-9f53-ccff3034be5f_LivingRoom-1698,livingroom,5.0,1.2625307152554097,8.327272642649652,0.43458755127474796,0.600436687324441,,neutral
60f370ab-55b2-43a0-9dd4-fefea294ab5c_LivingDiningRoom-30127,livingroom,17.0,1.5476706440772203,30.849520618270162,2.350529144441308,0.5510620476200206,,neutral
61157ded-23c7-49b8-97a1-7ab2283a3258_MasterBedroom-3595,bedroom,5.0,1.132203454657026,4.72565064380396,0.6326792721744994,1.0580553614465245,,dense
61157ded-23c7-49b8-97a1-7ab2283a3258_SecondBedroom-636,bedroom,4.0,1.0741739461023525,6.047012500310033,0.694254923077124,0.6614836664873635,,neutral
6123cc37-6e39-4065-b00c-f6004076d287_Bedroom-1680,bedroom,9.0,1.6724199431563784,13.731056457263403,0.4838792177607165,0.6554484739037842,,neutral
6123cc37-6e39-4065-b00c-f6004076d287_Bedroom-752,bedroom,9.0,1.5778283819815933,12.51497596003811,0.5536330364860035,0.7191384169444777,,neutral
6130928e-d71f-451b-862c-b6e809a85096_MasterBedroom-19072,bedroom,9.0,1.0951488329766637,10.85132877558209,1.128158351488778,0.8293915138072314,,dense
613b2c63-66ba-4643-b4d3-c6a4f34d62a9_DiningRoom-29610,diningroom,11.0,1.4706592077450578,9.943688922182512,0.5605781667069881,1.106229296399353,,dense
613b2c63-66ba-4643-b4d3-c6a4f34d62a9_LivingRoom-30098,livingroom,9.0,2.145769946900095,17.49856671946347,0.5845616036048332,0.514327838633172,,sparse
613b2c63-66ba-4643-b4d3-c6a4f34d62a9_SecondBedroom-27243,bedroom,4.0,2.12834235340915,6.356133745342869,0.31176353961609976,0.6293133782672202,,neutral
614a39e1-5f7f-42ea-ba0d-dbd2c82d08ee_MasterBedroom-12682,bedroom,4.0,1.6867876631014243,6.4669236419451925,0.14963675637488602,0.6185321215261537,,neutral
615ee7d3-9ffc-457a-8ada-43ba03d79983_MasterBedroom-6762,bedroom,3.0,0.9693390528361002,4.2251306130978605,0.9570682108877351,0.7100372212636531,,neutral
6180d725-3d29-4a32-93b0-45dda664dde4_LivingDiningRoom-1921,livingroom,16.0,1.6351040726203956,27.143361034038833,1.0805385812490826,0.5894627411813658,,neutral
61939f19-9114-46ad-86c6-ab10c1668ed7_LivingDiningRoom-17356,livingroom,14.0,2.386352934262037,21.537442757412496,0.6850946705010944,0.6500307468109996,,neutral
6197d128-fb8b-4f65-93be-c318bf2eaf7f_MasterBedroom-90580,bedroom,6.0,1.6479592018934608,14.778759059388154,0.8034416131427132,0.40598807896448663,,sparse
619ee75c-c11e-416f-90d2-15c05721932e_Bedroom-1695,bedroom,5.0,0.9584646580750444,5.768833803066783,1.1113583447020188,0.8667263039094555,,dense
61a0705d-2f6b-4086-a80d-4b06a42fc876_DiningRoom-9206,diningroom,6.0,1.0590954283873244,5.321276434563603,0.4139618657213283,1.127549014561214,,dense
61a0705d-2f6b-4086-a80d-4b06a42fc876_MasterBedroom-9222,bedroom,6.0,1.767969673623381,15.681381774357064,0.3739196254631071,0.3826193435205744,,sparse
61ae862a-a53a-4313-af9b-f8c851316c4e_Bedroom-4727,bedroom,7.0,1.994163829272288,19.685263184272284,0.5666370890444234,0.3555959569589454,,sparse
61b7fad2-bbac-4728-a5e1-c574cfcf14e6_Bedroom-32051,bedroom,5.0,1.5376570701599122,4.2477521473854045,0.6456574039258474,1.1770931604560833,,dense
61b7fad2-bbac-4728-a5e1-c574cfcf14e6_Bedroom-35225,bedroom,5.0,1.7554966158215657,9.102583938621637,0.6154389188129539,0.5492945776402396,,neutral
61bcb629-5399-4b21-bf61-1f4340155c10_SecondBedroom-5185,bedroom,4.0,1.6743089830342355,5.420925715243002,0.1682864897638491,0.737881352764616,,dense
61bf6de7-047e-4530-8e11-c647abb78ac5_MasterBedroom-49925,bedroom,4.0,0.5024323312797216,3.667606772726675,0.7681312127264155,1.0906294616274275,,dense
61e6ebe5-da92-4e8d-80ad-052996ac6e34_SecondBedroom-17265,bedroom,5.0,0.9051748983812647,4.479542705125622,1.0625691898592526,1.1161853629119007,,dense
61e6ebe5-da92-4e8d-80ad-052996ac6e34_SecondBedroom-21363,bedroom,8.0,1.0359066421438052,5.182113532147785,1.0005996215953485,1.5437716581026566,,dense
61fd44a0-70d9-42d2-9ed3-b2a45b2c4351_MasterBedroom-83604,bedroom,3.0,0.5920882225036621,2.8468099272481453,0.4504902361920125,1.0538111348023629,,dense
61fd44a0-70d9-42d2-9ed3-b2a45b2c4351_SecondBedroom-67182,bedroom,3.0,0.6048804124196382,2.820053212850482,0.45964590685095447,1.0638097133520505,,dense
620192ba-29c5-4d21-a924-5393d0d8f4fa_LivingRoom-3540,livingroom,15.0,2.4466971249816742,27.00937922088675,0.5119866916466613,0.555362634488107,,neutral
620c63cf-4adf-47f7-bb9b-ead8ab6a30dc_LivingDiningRoom-2636,livingroom,5.0,1.5375914850794614,4.9021339251188065,0.2596761569490993,1.0199639741337385,,dense
620c63cf-4adf-47f7-bb9b-ead8ab6a30dc_SecondBedroom-1082,bedroom,4.0,1.4970741441766295,5.208694143506039,0.37075956716623665,0.7679468000606287,,dense
6218a3c5-d774-4cb1-b203-90619927f79b_SecondBedroom-208237,bedroom,4.0,1.5442084232333484,4.9874851435380485,0.41714575277299076,0.8020074015022447,,dense
624ea9fb-febe-49ae-98c8-d5cd01590a09_MasterBedroom-242754,bedroom,5.0,1.5994599023095286,7.058525177286326,0.32051330075993684,0.7083632734058288,,neutral
624ea9fb-febe-49ae-98c8-d5cd01590a09_SecondBedroom-242776,bedroom,5.0,2.082824641067286,13.128301606940115,0.3409380135939384,0.38085657609791745,,sparse
62576f34-98df-4aab-a9b8-7c0cb743a4ec_MasterBedroom-12477,bedroom,4.0,1.6416582720363149,5.613820929413792,0.42587372435678994,0.7125271807374322,,neutral
625cc958-7f61-487f-a076-427034fedc1a_Bedroom-589,bedroom,4.0,1.0138235231884194,6.105638375858621,0.8072352180258416,0.6551321506061993,,neutral
625cc958-7f61-487f-a076-427034fedc1a_MasterBedroom-232,bedroom,3.0,1.6938405831654866,2.228222246890795,0.7920536489907432,1.346364800093942,,dense
626ec355-216b-4e9b-a010-9f4e8ac5096e_DiningRoom-8473,diningroom,8.0,3.49613852859065,23.012361818963385,0.07439925862360354,0.3476392411580972,,sparse
626ec355-216b-4e9b-a010-9f4e8ac5096e_LivingRoom-3890,livingroom,6.0,0.8117520402583004,4.9775254944339204,0.6846342870544219,1.2054182357698526,,dense
626ec355-216b-4e9b-a010-9f4e8ac5096e_LivingRoom-4561,livingroom,7.0,0.8546056094848739,11.056550168568336,0.8486972192419445,0.633108871508553,,neutral
62773068-a0a2-4ed0-b85c-84a9a353d18a_LivingDiningRoom-2583,livingroom,16.0,2.7889251031118283,27.8469992153356,0.33784085807999037,0.5745681922951559,,neutral
629cf963-2c15-47a5-9af4-8742592a70e7_Bedroom-3521,bedroom,3.0,1.8071201425440473,5.619666381139331,0.14448073540717793,0.5338395193829603,,sparse
629cf963-2c15-47a5-9af4-8742592a70e7_Bedroom-4123,bedroom,4.0,1.9913087016029645,10.46635456055896,0.2858638586045912,0.38217700125251425,,sparse
62a36664-15ed-4930-839a-0964bdc11d45_SecondBedroom-1443,bedroom,5.0,1.9901416743231028,11.286906463273999,0.5331758653706676,0.4429911788734402,,sparse
62ac423c-ae2f-4fc4-be9e-01275e8067ca_Bedroom-79925,bedroom,9.0,2.1091858334342075,16.199454562585508,0.8281243409016187,0.555574261172134,,neutral
62ac423c-ae2f-4fc4-be9e-01275e8067ca_Bedroom-84734,bedroom,5.0,1.590751665499008,11.763459708086591,0.5085369317749584,0.4250450228144051,,sparse
62c107a4-c33f-4c8f-8d2b-dc1faa9f5f19_MasterBedroom-873,bedroom,5.0,1.4588633669277689,8.337298324380692,0.6078826749023534,0.5997146564107634,,neutral
62d27fcc-a6df-477e-a4ff-e8687eae2b15_LivingDiningRoom-13259,livingroom,13.0,0.9779164084862007,21.560501861845463,1.3577741018189249,0.6029544248691839,,neutral
62e9d3ab-899d-40b0-86e2-a6468e9de575_Bedroom-1124,bedroom,4.0,2.006204775441574,8.973296778241817,0.4720702776246542,0.4457670462542909,,sparse
62e9d3ab-899d-40b0-86e2-a6468e9de575_DiningRoom-442,diningroom,10.0,1.5331627964122196,10.233586029095834,0.4102214197962669,0.9771745673088877,,dense
62ee0d5a-10f1-44c4-bccc-a731dc6ad93a_MasterBedroom-8545,bedroom,3.0,2.052480820592411,11.046284573136278,0.30754483599596094,0.2715845296341334,,sparse
62fd38a2-1ef7-4791-9f77-86a35ca36c10_LivingRoom-68491,livingroom,11.0,1.143801205341002,12.069087338563874,1.887184476798233,0.9114193717740477,,dense
62fd4a86-b6d1-47e6-a5de-205ed002026c_DiningRoom-71388,diningroom,8.0,1.4888684194084705,9.256240343761627,0.10619449868225435,0.8642817929194884,,dense
62fd4a86-b6d1-47e6-a5de-205ed002026c_LivingRoom-71357,livingroom,8.0,1.2656947203421203,11.130208263012058,0.3627835210884003,0.7187646278448917,,neutral
6330b5d1-becb-4208-8040-d3f04361e1f9_MasterBedroom-78755,bedroom,7.0,1.5571723519732237,10.987458235211598,0.8963483287323807,0.6370900211995384,,neutral
6359883f-326f-4c7f-99f0-30626f427d5f_MasterBedroom-28235,bedroom,5.0,1.2473800659179688,6.50382600655488,0.35594122924394717,0.7687782537479863,,dense
6359883f-326f-4c7f-99f0-30626f427d5f_SecondBedroom-23255,bedroom,5.0,0.8983032408116056,6.2861870003865,1.0160399854609208,0.7953947281066536,,dense
63624bb6-0323-476c-b295-2e31b729fbb8_LivingDiningRoom-8678,livingroom,14.0,1.5187957495461917,35.98514760309683,1.0919885956021858,0.3890493976685865,,sparse
63624bb6-0323-476c-b295-2e31b729fbb8_MasterBedroom-7175,bedroom,4.0,1.1839465853685274,5.994174357640248,0.37412364590757907,0.6673145893565059,,neutral
63624bb6-0323-476c-b295-2e31b729fbb8_SecondBedroom-3380,bedroom,5.0,1.391190052032471,4.918598156192303,0.48880489408432853,1.0165498057012883,,dense
6379e703-a2fb-4d36-a417-30e0357a31ad_LivingDiningRoom-121211,livingroom,14.0,3.0907180839344486,30.2423857389005,0.4122978931551897,0.4629264410840422,,sparse
6379e703-a2fb-4d36-a417-30e0357a31ad_MasterBedroom-116901,bedroom,3.0,1.5425396986199509,4.059877563042988,0.17892181334585672,0.7389385402429276,,dense
6379e703-a2fb-4d36-a417-30e0357a31ad_SecondBedroom-121249,bedroom,5.0,1.8334177715317448,7.590291055904931,0.3185154537008209,0.6587362675783306,,neutral
63bc11cd-473f-49f6-b239-7ecf3d9e4ae3_LivingRoom-28161,livingroom,19.0,1.7325249499043767,20.411067547581506,1.708595711980528,0.9308675283988905,,dense
63bc11cd-473f-49f6-b239-7ecf3d9e4ae3_MasterBedroom-28214,bedroom,6.0,1.258810079420848,9.165007169150556,0.565077237121427,0.654663972353019,,neutral
63bc11cd-473f-49f6-b239-7ecf3d9e4ae3_SecondBedroom-22593,bedroom,5.0,0.968619730570859,5.94251651557817,0.9999142299831861,0.8413943801237431,,dense
63c32cb2-840d-4e30-9482-6219da6d8713_SecondBedroom-13577,bedroom,6.0,1.0157079542609615,4.731016123819126,0.5465232632129191,1.2682264957398799,,dense
63c32cb2-840d-4e30-9482-6219da6d8713_SecondBedroom-18803,bedroom,4.0,1.8450243558935497,7.66931237773293,0.2052785055764492,0.5215591441565992,,sparse
63f2541a-7330-4214-a2a2-88e8f7613a10_MasterBedroom-5836,bedroom,5.0,1.348278987407685,3.6198960313807937,0.4430750186408097,1.3812551401076487,,dense
6400fde7-9e67-42dc-9966-670e0a3ade78_MasterBedroom-21463,bedroom,6.0,1.6605352839803147,12.846462643494915,0.3379794244631183,0.46705464114965767,,sparse
6400fde7-9e67-42dc-9966-670e0a3ade78_SecondBedroom-20673,bedroom,6.0,1.8113322935279235,11.021175012128582,0.17996680518422903,0.5444065622220063,,neutral
640cbd2f-7f51-4208-80a4-8f91308cbd1e_SecondBedroom-11035,bedroom,5.0,1.7113820097604844,6.240697873110378,0.17615800748390853,0.8011924470088133,,dense
64154a7f-e2a2-4096-9683-f79475f1c866_MasterBedroom-4184,bedroom,11.0,1.7048675786860716,15.077928684562892,0.9404451840683016,0.7295431773239541,,dense
6417999f-abfd-4c11-8ca1-0100d8738214_Bedroom-10573,bedroom,7.0,1.544109104315579,10.7957641589667,1.0452452700975094,0.6484024564565881,,neutral
6417999f-abfd-4c11-8ca1-0100d8738214_Bedroom-6881,bedroom,5.0,0.9344378411661571,7.205959201714185,0.702934980336114,0.6938701510841996,,neutral
6417999f-abfd-4c11-8ca1-0100d8738214_MasterBedroom-6822,bedroom,6.0,1.6149324135017722,13.270052541902736,0.46181761837854285,0.4521459113333462,,sparse
641eaf99-ec77-40a6-bef8-2ff72ef2b1d1_MasterBedroom-9445,bedroom,5.0,1.6311743777856318,5.833424153150121,0.2985865890485517,0.8571295123979521,,dense
642f5ac8-8330-46b1-bbf3-83e67501f35d_MasterBedroom-9966,bedroom,5.0,2.248338764031815,15.681070849704422,0.42263507629680996,0.31885577508848806,,sparse
642f5ac8-8330-46b1-bbf3-83e67501f35d_SecondBedroom-9931,bedroom,6.0,2.2607889038794986,12.862570774069493,0.2667159177257821,0.46646973652388346,,sparse
64321004-c08d-4334-984b-4bdbed4895d1_LivingDiningRoom-70212,livingroom,14.0,1.3894693798632647,27.826446386501413,1.1420143278124633,0.5031185012108261,,sparse
64321004-c08d-4334-984b-4bdbed4895d1_MasterBedroom-65519,bedroom,9.0,1.5667703805023552,14.011809065274448,0.43984895645557237,0.6423153468672903,,neutral
64321004-c08d-4334-984b-4bdbed4895d1_SecondBedroom-64295,bedroom,7.0,0.7643079730436629,5.057599982168947,0.9126573416537372,1.3840556834623479,,dense
643838f2-8b84-496c-9bee-4c6b82a2fc9d_LivingDiningRoom-76810,livingroom,9.0,1.3538491232080943,12.037133453212824,0.8845904139081188,0.7476863187553857,,dense
644dba87-0d65-4897-912c-38185791b3c2_SecondBedroom-116544,bedroom,4.0,1.9118470086310453,11.582234373913009,0.3050098373329828,0.34535650642757776,,sparse
644f3b6e-ad35-4254-92ea-626e3e8a65b1_MasterBedroom-33618,bedroom,6.0,1.218150959159185,7.277395404017783,1.0033296768716367,0.8244707985342469,,dense
644f3b6e-ad35-4254-92ea-626e3e8a65b1_SecondBedroom-33705,bedroom,7.0,1.3576148390841642,10.511977469000884,0.6295985039948421,0.6659070589375339,,neutral
64567682-0316-4217-b190-975dc4ff0266_MasterBedroom-11146,bedroom,7.0,1.9771647403830184,10.362410908271414,0.3197671175157864,0.6755184736413519,,neutral
646caacd-2202-49a5-8aee-8461238c4121_MasterBedroom-7326,bedroom,7.0,0.8098212809625525,10.744128900566357,0.9906840405319718,0.6515186167983341,,neutral
646caacd-2202-49a5-8aee-8461238c4121_SecondBedroom-7309,bedroom,5.0,0.9812762268145512,7.443215741421674,0.894027922426198,0.6717526635933553,,neutral
648408a7-3930-40b4-bca2-eeb20e48e982_MasterBedroom-44810,bedroom,6.0,1.8664558103794262,16.37624549608166,0.4853055349094927,0.3663843462431984,,sparse
648408a7-3930-40b4-bca2-eeb20e48e982_SecondBedroom-42376,bedroom,5.0,1.66819097756714,6.9073768560623545,0.2938333169993914,0.7238637914495256,,neutral
6487eb58-d9fa-4a42-afd2-13cba40b71d1_LivingDiningRoom-4693,livingroom,15.0,2.4955978487335284,32.676253927796786,0.8878607687534064,0.4590489483018711,,sparse
6487eb58-d9fa-4a42-afd2-13cba40b71d1_MasterBedroom-53,bedroom,6.0,1.4616820017496746,5.3794469501190045,0.5242519267621657,1.1153562913874013,,dense
648b8740-c145-4233-84f1-27f596c387e7_Bedroom-25945,bedroom,4.0,1.6285575307524367,5.327517560800744,0.3042839742471566,0.7508187358088758,,dense
648b8740-c145-4233-84f1-27f596c387e7_Bedroom-26089,bedroom,4.0,1.4468033825497884,4.418921048844759,0.34307092824233104,0.905198340451392,,dense
6490d051-3de1-42b5-970f-c940ae01730e_Bedroom-35900,bedroom,4.0,1.5923210072280183,9.598410034738576,0.47165588850208945,0.4167356870068267,,sparse
6490d051-3de1-42b5-970f-c940ae01730e_SecondBedroom-35859,bedroom,3.0,1.8680719226076554,7.031624742083266,0.38745312149588873,0.4266439279737768,,sparse
64a127ea-1375-4c1c-a36e-b11441ce8266_Bedroom-17414,bedroom,4.0,1.8468731655803172,7.440017579744169,0.1648708078227913,0.5376331382455608,,neutral
64a127ea-1375-4c1c-a36e-b11441ce8266_Bedroom-18163,bedroom,6.0,1.8391301337320127,15.069920059769595,0.25685457092321046,0.39814411597427773,,sparse
64ac0b68-fc6c-490d-ab08-6f45e947b4a7_SecondBedroom-23254,bedroom,7.0,1.6092253722503513,9.235208222651357,0.7196605538121641,0.7579688331044857,,dense
64b7a725-7b94-443b-a8b1-d582ba1cd3d9_Bedroom-1475,bedroom,4.0,1.9639197145901128,9.719633950130833,0.461078263848478,0.411538132045205,,sparse
64b7a725-7b94-443b-a8b1-d582ba1cd3d9_LivingDiningRoom-1764,livingroom,14.0,1.262568142483619,24.575674683804,1.106223666008082,0.5696689991272695,,neutral
64ba6c94-c84a-4ecf-b321-e3f38c4bf20b_MasterBedroom-5792,bedroom,6.0,1.6679324553788148,5.863556044667582,0.4273013055116086,1.023269830507803,,dense
64cce374-230b-4fe2-8240-69f81c8cfb33_LivingDiningRoom-19646,livingroom,19.0,3.6540609942209956,41.69596804322828,0.43903737434875895,0.4556795510851735,,sparse
64ddec2e-2c16-45c2-a88f-8ea95b9ac80a_SecondBedroom-4816,bedroom,5.0,1.4456434428691864,5.135615136275347,0.29371661443860814,0.9735932049663474,,dense
64e2e0ba-3769-479d-81d7-c870da620b07_LivingDiningRoom-27857,livingroom,16.0,3.1867726052300944,27.241079220579863,0.4562029240033802,0.5873482423527645,,neutral
64f12868-d3f0-4add-9598-4478c4e7cee0_DiningRoom-663,diningroom,8.0,1.343399885583263,4.334226479238453,0.4414271219203242,1.8457734127003083,,dense
64f12868-d3f0-4add-9598-4478c4e7cee0_MasterBedroom-476,bedroom,6.0,1.5118437680701704,4.358696483485915,0.5226948795099366,1.3765583409472535,,dense
6508123c-1d2a-446a-a300-7ecfd8bee038_LivingDiningRoom-4830,livingroom,9.0,1.871487999920241,14.48611782797049,0.4892763133385736,0.6212844674383615,,neutral
65124426-994e-4215-afed-5070c65ba5b0_Bedroom-734,bedroom,5.0,2.261003856240075,14.834624742625257,0.40943951812635115,0.33704930773430264,,sparse
651c37ce-c0cd-47c6-843f-3aa192235e39_LivingDiningRoom-86944,livingroom,16.0,2.8320269289518407,31.327416301549057,0.41962225040033124,0.5107347457571483,,sparse
651c37ce-c0cd-47c6-843f-3aa192235e39_MasterBedroom-86835,bedroom,5.0,1.6517779872209375,12.425999928399873,0.5325456253602563,0.4023821043626758,,sparse
651c37ce-c0cd-47c6-843f-3aa192235e39_SecondBedroom-86888,bedroom,4.0,2.107658948226272,11.415688820816758,0.4749056973321448,0.35039497508953754,,sparse
6545c2f0-4a9c-445d-af62-879cb4bb769c_Bedroom-7459,bedroom,5.0,2.0554559212245493,12.26099735215969,0.49245777984088634,0.4077971682392774,,sparse
656408d1-43cb-4ef5-93d6-f8df441a49a3_Bedroom-41983,bedroom,6.0,2.1630663975720705,10.97186480689683,0.21588965409272667,0.5468532565429028,,neutral
65653285-2397-4f86-8012-17ab10f7b67a_MasterBedroom-35481,bedroom,5.0,1.9831809242580296,12.517475749217231,0.5446282247669391,0.3994415567621667,,sparse
65653285-2397-4f86-8012-17ab10f7b67a_SecondBedroom-34345,bedroom,4.0,1.4761945925581124,5.988861597776194,0.16731597270656914,0.6679065686682916,,neutral
65663bda-5a45-40e6-a07d-c7fbd9874657_MasterBedroom-10707,bedroom,3.0,1.6900850931803386,2.011742224587519,0.856000973255372,1.4912447347050688,,dense
656bf897-705c-4397-871e-13268143369a_LivingDiningRoom-1228,livingroom,13.0,2.3614743013377577,22.867567922965815,0.514390481176411,0.5684907133016165,,neutral
656bf897-705c-4397-871e-13268143369a_MasterBedroom-2432,bedroom,7.0,2.145468311258308,12.727387255990598,0.21636554307100958,0.5499950507678001,,neutral
65708556-0a2f-4d52-9443-f340dda48ac3_Bedroom-29727,bedroom,4.0,1.6656042530902504,6.237241704134168,0.19832629046638842,0.6413091218428685,,neutral
6577e150-653b-42f2-968d-69aec166976d_LivingDiningRoom-13072,livingroom,19.0,3.1052058480818716,34.08853759385132,0.5571953209552599,0.557372106318433,,neutral
657c9da5-231f-4357-a8a4-21229537cad7_LivingDiningRoom-16798,livingroom,15.0,2.1839372630711833,17.645342686005865,0.47633798713847,0.8500826686633959,,dense
65892a72-e69e-417c-9cfe-a9918126ed90_Bedroom-2277,bedroom,7.0,1.8350629702292411,9.138377412288236,0.5332324382503468,0.7660003175823322,,dense
65968c3a-f434-4d80-9f65-f37f8d703a6e_MasterBedroom-630,bedroom,6.0,1.6123246489590857,4.782242267030793,0.39063342660975536,1.2546415812859457,,dense
65a7ec51-0813-4bdf-9f92-cb4a84b0d4c0_MasterBedroom-184355,bedroom,5.0,2.09100272928803,15.59392444887898,0.41570146134116137,0.3206376955583776,,sparse
65a7ec51-0813-4bdf-9f92-cb4a84b0d4c0_SecondBedroom-182759,bedroom,7.0,2.0998035177773993,13.42542500267802,0.24745961435953678,0.5213987638084965,,sparse
65aa5c84-5d84-4785-adf8-0000c91aa79e_LivingDiningRoom-2715,livingroom,13.0,2.5018936576148647,23.867685412882455,0.5350292897991289,0.5446694882689932,,neutral
65cd43e1-1294-44f7-a560-7a230ff893d2_LivingDiningRoom-72973,livingroom,14.0,1.7091702013312684,26.267899721683417,1.6010616740884172,0.5329699042684936,,sparse
65dee4d7-0d0d-434c-a281-0caaa8e9e979_LivingRoom-3204,livingroom,4.0,0.6556224222616548,2.4290957897792986,0.8428146661234696,1.6467032781623774,,dense
65dee4d7-0d0d-434c-a281-0caaa8e9e979_SecondBedroom-6693,bedroom,4.0,0.7399694967489459,5.660173332552616,0.7381226349809168,0.7066921390896851,,neutral
65e85462-aa42-4e21-b997-c674caa1a1b3_SecondBedroom-13493,bedroom,8.0,1.836080022124873,12.935145708489243,0.3441502513419833,0.6184700335265383,,neutral
65e91b0e-4855-4f99-9ea0-4091b011e323_MasterBedroom-26181,bedroom,10.0,1.7677965563136113,14.585836011170365,0.6157256962182632,0.6855966289722191,,neutral
6603615d-0b7c-4b8c-ae29-ce9b464960ab_Bedroom-3375,bedroom,5.0,2.0399469110825383,8.757330795657719,0.23435150280577136,0.570950226349703,,neutral
6603615d-0b7c-4b8c-ae29-ce9b464960ab_Bedroom-3394,bedroom,4.0,1.7723012312994795,6.069301197116695,0.14594053620603334,0.6590544562033361,,neutral
66082784-28d9-41e7-94bd-09a72fa335cf_LivingDiningRoom-2891,livingroom,14.0,1.711848734172417,21.11094049382886,1.2449828774479827,0.663163254336891,,neutral
66082784-28d9-41e7-94bd-09a72fa335cf_MasterBedroom-1979,bedroom,4.0,1.4874291947173253,9.747166906944589,0.6792097182159683,0.4103756546068899,,sparse
6629237b-2eb1-4fd5-a008-e175fbe9a975_MasterBedroom-49863,bedroom,7.0,1.4774320174760471,10.869742751403507,0.7743843126083492,0.6439894816366428,,neutral
66352dcb-04af-421d-b2d9-ec7958de8f7e_Bedroom-108873,bedroom,4.0,1.810921552824575,6.510247121702342,0.2352703100217779,0.6144160006869377,,neutral
66504491-bdc0-445e-a727-9fbb68e749ce_SecondBedroom-25652,bedroom,4.0,0.7493203425549565,4.9580266292178585,1.415263058268817,0.8067725930368813,,dense
665a5c8c-111c-47da-81f5-daad02321c46_Bedroom-36351,bedroom,4.0,2.244522228400372,8.861133340188985,0.20428920051330604,0.4514095258964572,,sparse
667e9ce4-3087-40d8-97a8-2b45a6800093_MasterBedroom-109742,bedroom,6.0,1.2519929558866605,10.145392680584113,0.6427392326096458,0.5914014557053651,,neutral
66abf732-abfb-4aec-b06d-841e713017c8_Bedroom-1611,bedroom,4.0,1.2768863985195738,4.990484773837865,0.20946203815862044,0.8015253389750058,,dense
66b69643-63fc-4eb2-9f38-293e23ff999b_LivingRoom-111675,livingroom,12.0,2.6610115909412744,20.14860800765441,0.4778044924227906,0.5955746419524975,,neutral
66bc95cb-672b-4acd-92f1-ba4ed3a6aa83_DiningRoom-2432,diningroom,7.0,0.9831183694657826,1.240162208985551,1.0008127798738182,5.644422922486873,,dense
66d24a27-e8dd-42e5-b5bb-ef4723829b54_Bedroom-20829,bedroom,5.0,1.3026763722627777,5.038329399394192,0.5236597165513189,0.9923924387717085,,dense
66d24a27-e8dd-42e5-b5bb-ef4723829b54_LivingRoom-22102,livingroom,6.0,1.5634723737169631,12.14948057139857,0.569599455214739,0.4938482731619627,,sparse
66d9cc5c-b6d2-4f5c-a757-c0e8584f3c3c_MasterBedroom-557,bedroom,5.0,2.296485327982947,16.139234799822603,0.32238375087600735,0.3098040311090188,,sparse
66e064fb-9bf7-4c1a-ae44-939c6ebbef43_MasterBedroom-2426,bedroom,4.0,1.7805440679157865,7.19320651482346,0.2783161179465462,0.5560802392864665,,neutral
66e39970-347d-49c7-9fe0-47e1bced4780_MasterBedroom-9804,bedroom,5.0,1.8681850896581231,12.367592122538731,0.35791534171361045,0.404282414107754,,sparse
66e39970-347d-49c7-9fe0-47e1bced4780_SecondBedroom-6511,bedroom,4.0,1.318894623686616,3.9826106632508362,0.48507529580908193,1.0043663160222067,,dense
66ec97ae-5863-4444-9492-6856cf9ea710_MasterBedroom-59979,bedroom,7.0,1.7191789821688193,11.676449079043621,0.6330591032632269,0.5994973259947062,,neutral
66ec97ae-5863-4444-9492-6856cf9ea710_SecondBedroom-60357,bedroom,6.0,1.3462006152195802,11.55296950235035,0.47699456268953666,0.5193469954871215,,sparse
66f67e6f-2c22-473c-9997-0690a62661ec_Bedroom-7423,bedroom,6.0,1.3550739314631022,8.46827668391043,0.905206401453351,0.7085266842307939,,neutral
66f67e6f-2c22-473c-9997-0690a62661ec_LivingRoom-7404,livingroom,11.0,1.4049959221393429,17.50069981848085,0.8789917560188558,0.6285462932393098,,neutral
66f99d38-f9b7-4bb0-a646-314f6228059d_MasterBedroom-9583,bedroom,8.0,2.421856963735469,27.24868911119339,0.43089907141274375,0.29359210519649215,,sparse
672b75fe-1120-4627-80a9-5616d99c3423_DiningRoom-24272,diningroom,6.0,0.8071795304616293,0.7288706644463048,1.147628269029093,8.231913139977957,,dense
67438c51-6887-4963-8004-f7c0e620e21b_SecondBedroom-15077,bedroom,4.0,1.005312010621217,3.907717310820859,1.0048702159637597,1.023615497703378,,dense
6752bfe1-3a27-4200-9f0f-8e78a878993d_MasterBedroom-14158,bedroom,8.0,1.824782417745014,14.48980925231794,0.5674858147013709,0.5521121679859406,,neutral
675507da-6f11-412d-aa21-545212322fa6_Bedroom-31435,bedroom,5.0,1.7983303487276694,6.739265458273513,0.33488467895622825,0.7419206189395181,,dense
675507da-6f11-412d-aa21-545212322fa6_LivingDiningRoom-32204,livingroom,10.0,2.8034317170761827,20.2871842602568,0.5637975146516871,0.4929220276068719,,sparse
675747ce-8c84-459f-ab16-399ae3636709_MasterBedroom-22676,bedroom,4.0,1.55650600767569,10.58565978994029,0.4178567038683069,0.37786969158042083,,sparse
675747ce-8c84-459f-ab16-399ae3636709_SecondBedroom-14284,bedroom,5.0,1.8819445031814364,8.563504461670819,0.3200395951632528,0.5838731120395135,,neutral
67574e8b-f5a4-463f-bc05-f3e8a2cc0cb9_MasterBedroom-2367,bedroom,4.0,1.618399828672409,4.843893719802367,0.5149606999150018,0.8257819496839006,,dense
67574e8b-f5a4-463f-bc05-f3e8a2cc0cb9_SecondBedroom-8823,bedroom,3.0,1.2349159580873266,4.291822647260401,0.4628443514732063,0.6990037209284475,,neutral
676675bd-df42-4951-afca-7d39a70af0da_Bedroom-71366,bedroom,5.0,1.6920944191047371,11.107098638292616,0.3719799131806706,0.4501625638546234,,sparse
676a6773-36ae-4d7a-afe7-5c6ad227325e_MasterBedroom-14257,bedroom,5.0,1.845532263742894,7.7682883953266675,0.2572373052764514,0.6436424274629087,,neutral
676a6773-36ae-4d7a-afe7-5c6ad227325e_SecondBedroom-14200,bedroom,3.0,1.2329121764382862,3.2183066885291653,0.2021696455583725,0.9321672203251281,,dense
677be953-f176-4ce7-9641-32745d188f04_Bedroom-44609,bedroom,6.0,1.4882548261733848,8.671506248367422,0.5867007167200743,0.6919213142618234,,neutral
677d7c8d-5f1b-421e-bbf4-d729ee00dadd_LivingRoom-1253,livingroom,7.0,1.879827951761386,14.078091335233413,0.5356305489752413,0.49722649422518045,,sparse
6781a219-c0f0-42b0-8c40-4ef700a5dacb_Bedroom-2636,bedroom,8.0,1.9480910879356639,11.917044368093498,0.33517043655089057,0.6713073940900204,,neutral
6781a219-c0f0-42b0-8c40-4ef700a5dacb_Bedroom-3107,bedroom,6.0,1.207408354438655,7.8077520055147795,0.5938093848848018,0.7684670306846418,,dense
6788eee2-b676-41d3-9811-3a2a32248c06_Bedroom-8226,bedroom,4.0,2.152973433552922,10.552182791257842,0.1936402863855536,0.3790684902950958,,sparse
6788eee2-b676-41d3-9811-3a2a32248c06_SecondBedroom-6616,bedroom,5.0,1.695819164591682,10.039452082780542,0.42952980705596255,0.4980351476128757,,sparse
67963b4a-1283-40ef-82a6-41c6dd279e0e_MasterBedroom-44641,bedroom,3.0,1.8528468012809753,1.9172316476236522,0.8073568068703425,1.5647561439528734,,dense
6798277b-ef30-43c9-944d-0fef266dd444_LivingDiningRoom-114634,livingroom,19.0,3.53264738561831,31.413264491058698,0.7616525158525371,0.6048400351834831,,neutral
6799b892-951c-46ea-8606-3391654b8af9_Bedroom-6460,bedroom,6.0,1.3691071285069374,11.280801637177504,0.6307248440943862,0.531877094640698,,sparse
6799b892-951c-46ea-8606-3391654b8af9_SecondBedroom-20973,bedroom,5.0,1.3915275183356048,7.063284892033201,0.5931258450103255,0.7078859307571729,,neutral
6799c7da-4248-4fa1-9d6d-c8acf521a414_LivingDiningRoom-13177,livingroom,16.0,3.3824020969273136,33.83886771704223,0.4972886096707713,0.47282905958292276,,sparse
6799c7da-4248-4fa1-9d6d-c8acf521a414_SecondBedroom-13218,bedroom,5.0,1.6470186062885674,13.432619777028853,0.2966431745022002,0.37222820886738034,,sparse
67a4135c-c9d3-4c90-9c01-359d9c583e74_MasterBedroom-22072,bedroom,6.0,1.7047265716973248,15.473167045389102,0.4902994717965058,0.3877680621167959,,sparse
67b26a1f-a7d2-4c9b-ad51-3caa25c5ce4e_SecondBedroom-20724,bedroom,5.0,1.635863742521679,7.775153231305278,0.4822447765077095,0.643074142882276,,neutral
67dd6924-f510-4d42-bee3-071e3652e8cf_MasterBedroom-31685,bedroom,6.0,1.6581419552653156,10.167057175627999,0.7250195482146938,0.5901412666767453,,neutral
67eca9c0-703e-44ca-b59c-3490e439bca0_MasterBedroom-11391,bedroom,3.0,0.7488829294840494,3.4321621883561253,0.47635444683633466,0.8740845669175341,,dense
67f1d8aa-6ef0-404a-b540-fdb4f1f3dbb1_MasterBedroom-157649,bedroom,7.0,1.544686408269973,6.366958565563169,0.7243088025956556,1.0994260333121608,,dense
67f526c0-865c-42d8-8390-94251681daca_LivingDiningRoom-50487,livingroom,17.0,1.8274800478333546,31.983856543397543,1.1057969120138857,0.5315181418767752,,sparse
68181c4d-2a0d-4b29-b5be-c525b417c1fa_MasterBedroom-13579,bedroom,7.0,2.2195087428144697,18.081369797058397,0.3645254641813668,0.38713881075198237,,sparse
6843f446-eb87-4f4c-b6f7-9b1b4d03f3eb_MasterBedroom-13746,bedroom,5.0,0.9233256392517767,7.268862882598462,0.9936977686939368,0.687865499839035,,neutral
6845a1ea-b5b7-496c-bbf4-0ba36d9a115b_DiningRoom-4627,diningroom,6.0,0.5332901000976562,0.7293258350135723,1.2110138265644956,8.22677562202132,,dense
6845a1ea-b5b7-496c-bbf4-0ba36d9a115b_LivingRoom-2136,livingroom,6.0,1.5991749364802172,9.946062144689979,0.6145343704294199,0.603253821735197,,neutral
6845a1ea-b5b7-496c-bbf4-0ba36d9a115b_MasterBedroom-2083,bedroom,4.0,1.6966385234182961,6.587008926497028,0.21984604575138103,0.607255894843185,,neutral
6846bd34-bc78-4c4e-bfd5-58b57841b0ae_DiningRoom-3539,diningroom,6.0,1.3469451451479253,7.36499773236466,0.7676528008331999,0.8146642019499436,,dense
685804c9-0747-4f2e-af3c-fe3742626c1c_Bedroom-10034,bedroom,7.0,1.2198787636874442,8.608925971466032,1.3459929279756708,0.8131095589857831,,dense
68983107-a915-404b-be96-20a030c59591_MasterBedroom-20685,bedroom,4.0,2.1364281890496755,14.394157714279721,0.5367108915712203,0.277890521932506,,sparse
68983107-a915-404b-be96-20a030c59591_SecondBedroom-19492,bedroom,3.0,2.6884186086413435,6.064069455166867,0.2106181801711102,0.4947172888074133,,sparse
689da5dd-edaf-4ec7-9a11-ca7cd548bfa8_SecondBedroom-39441,bedroom,5.0,0.9771073857551087,6.149340850172605,0.8171566357574616,0.8130952766847614,,dense
68aef3df-2608-4b26-bbf3-8533bbeb9445_MasterBedroom-37530,bedroom,3.0,0.654308001200358,3.246934537213215,0.43327273879149164,0.9239484090661235,,dense
68aef3df-2608-4b26-bbf3-8533bbeb9445_SecondBedroom-37647,bedroom,3.0,0.5971781627377014,1.8792283419003113,0.6196173647394194,1.5963999334781973,,dense
68bb331a-32f5-463d-932e-e8360fad1908_LivingDiningRoom-83039,livingroom,15.0,3.127849203416706,33.940521136915144,0.6581026641539508,0.4419496076530589,,sparse
68bb331a-32f5-463d-932e-e8360fad1908_SecondBedroom-120852,bedroom,4.0,0.9808723645348483,5.114806521181779,1.0768253089640796,0.7820432666289394,,dense
68d7ebb8-62e6-453e-9f5a-41101c5d97dd_MasterBedroom-15631,bedroom,3.0,1.768201510112611,2.136388528101112,0.8240439216408961,1.4042389577267074,,dense
68e20f2b-e004-4767-9eac-6d3e4d63ee80_Bedroom-100768,bedroom,5.0,1.7364365080003736,6.516038262475507,0.34180761282759675,0.7673374216959326,,dense
68e20f2b-e004-4767-9eac-6d3e4d63ee80_LivingDiningRoom-101134,livingroom,16.0,3.084591895784466,26.84286621010135,0.4323477998280054,0.5960615336218819,,neutral
68f61309-f9e6-4dfb-a1a6-82c1bef6b6f9_Bedroom-21752,bedroom,3.0,1.2189468859955028,4.048122495621705,0.4432230573368693,0.7410842935817001,,dense
68f61309-f9e6-4dfb-a1a6-82c1bef6b6f9_DiningRoom-23398,diningroom,7.0,0.9083013619695391,2.675163093385872,0.569263160568106,2.616662893304316,,dense
68f61309-f9e6-4dfb-a1a6-82c1bef6b6f9_LivingRoom-23471,livingroom,9.0,1.7507667326941325,12.83387730962932,0.5979974318777285,0.7012689760753171,,neutral
69610b96-8add-4240-938b-97520fa32ed3_Bedroom-9426,bedroom,7.0,1.9173979507746086,16.281629495782663,0.5269444386897337,0.4299323972341447,,sparse
69770ac0-a8e5-41d4-bcaf-dbc67b79ad15_MasterBedroom-4145,bedroom,7.0,0.7695654001406247,7.441274258204855,1.2307779555361793,0.9406991003297185,,dense
6995dbb7-6399-4d3e-b8e1-89d5b309c5aa_LivingDiningRoom-29227,livingroom,16.0,2.988962537409587,29.976111147348327,0.5461014985740028,0.5337583624957754,,sparse
6995dbb7-6399-4d3e-b8e1-89d5b309c5aa_MasterBedroom-29249,bedroom,7.0,1.83306781558369,12.451115298295745,0.4967711383593964,0.562198632997811,,neutral
6995dbb7-6399-4d3e-b8e1-89d5b309c5aa_SecondBedroom-25830,bedroom,4.0,1.4018074421625448,5.20489430190223,0.8687023428989152,0.7685074408788901,,dense
69b82978-76fe-43cc-b88d-92b7244ee573_LivingDiningRoom-15465,livingroom,16.0,3.0605402248192477,28.605173763611198,0.7776578126252286,0.5593393744859432,,neutral
69bdd28e-52a7-4be1-be76-21c660e66a43_MasterBedroom-9914,bedroom,5.0,1.9411145557080611,7.70070678616127,0.2726377622362489,0.6492910506585401,,neutral
69bdd28e-52a7-4be1-be76-21c660e66a43_SecondBedroom-6621,bedroom,4.0,1.4068002472698267,5.181694681387169,0.34823136276654915,0.7719482227249208,,dense
69cc1796-5e17-43c1-9dc8-e5193206eba2_MasterBedroom-28098,bedroom,6.0,1.5404688789222194,9.86182375123177,0.7097116713105921,0.608406736051289,,neutral
69cc1796-5e17-43c1-9dc8-e5193206eba2_SecondBedroom-27973,bedroom,6.0,1.0628121769961483,9.112545445231053,0.7752881325553292,0.6584329303005048,,neutral
69d53a2f-5684-4d46-84ff-7afa302d1570_Bedroom-11842,bedroom,3.0,1.4567394534242737,8.104803135805243,0.6971121407544895,0.3701508784027903,,sparse
69db2776-b0aa-47c1-8877-9ca6e04f6f6b_SecondBedroom-15362,bedroom,5.0,1.9104171436881656,9.213275959402651,0.36935982935272726,0.5426951305954564,,neutral
69f51600-f8b7-4445-815f-55b87172c756_Bedroom-24655,bedroom,6.0,2.3102188557521597,14.801011870985576,0.13644093984664266,0.405377689870096,,sparse
69f5f12d-6174-4f47-aeaf-e6ad01393ac6_SecondBedroom-315405,bedroom,7.0,2.482869076987167,16.92784737007098,0.5694253436962123,0.41351979652039167,,sparse
6a03badb-61ab-4e22-9564-de2fd2ed1938_DiningRoom-25528,diningroom,6.0,0.9537571800998623,5.790503909722728,0.23304827236603837,1.036179250293832,,dense
6a03badb-61ab-4e22-9564-de2fd2ed1938_LivingRoom-38434,livingroom,4.0,1.4958334863185883,0.7022670115461942,1.2655378144848195,5.695839238117032,,dense
6a03badb-61ab-4e22-9564-de2fd2ed1938_MasterBedroom-17535,bedroom,5.0,0.9528733579925097,6.257655505909804,0.8226586216371754,0.7990212940418246,,dense
6a03badb-61ab-4e22-9564-de2fd2ed1938_SecondBedroom-23047,bedroom,4.0,1.1133326337784097,8.243964952788359,0.6813096953169562,0.48520342127935406,,sparse
6a09436f-ffa2-428b-9117-37afc75e8ca0_LivingDiningRoom-61628,livingroom,9.0,2.2393369032340464,18.980289511742658,0.7158148930176959,0.47417611804245197,,sparse
6a14c9df-bb67-4cc2-a6c5-9e5093024506_Bedroom-10136,bedroom,7.0,0.8159330515083831,7.021337086616113,1.0613705963723632,0.9969611077843299,,dense
6a14c9df-bb67-4cc2-a6c5-9e5093024506_LivingDiningRoom-10183,livingroom,14.0,1.8419515622863778,22.17445493872275,1.102729527711444,0.6313571196535757,,neutral
6a2b8eab-9d8b-4efa-9823-7089483c9faa_SecondBedroom-22298,bedroom,5.0,0.8180791959852977,5.5125389350517535,1.0356079139172123,0.9070230721106115,,dense
6a50a50b-b1a9-4755-8785-3cca0c80a2ad_SecondBedroom-1440,bedroom,5.0,1.6302234642030526,5.958044599485135,0.4864312115795537,0.8392015058819927,,dense
6a58fca6-3af8-4807-b3cd-80b97aa81c7b_DiningRoom-31702,diningroom,8.0,1.331252518812317,9.388408885178963,0.5713366268998968,0.8521145699809923,,dense
6a58fca6-3af8-4807-b3cd-80b97aa81c7b_SecondBedroom-31363,bedroom,5.0,2.68094670600586,19.736629516830106,0.5583010513751266,0.25333606205336767,,sparse
6a59baa9-90bc-4848-b749-c9e4d9e4d7b6_MasterBedroom-6133,bedroom,4.0,1.8585132086891196,12.060719272735842,0.49909531078275465,0.33165517823155866,,sparse
6a63fbd9-1cdd-404d-97d3-366d7ea978b1_MasterBedroom-47111,bedroom,7.0,1.330625261579241,8.772492349026606,0.9023683712615881,0.797948829305815,,dense
6a63fbd9-1cdd-404d-97d3-366d7ea978b1_SecondBedroom-47052,bedroom,5.0,1.2366076492089342,6.3456612482656904,0.7901287718384086,0.7879399489480362,,dense
6a697e31-513f-4bc5-adc6-1d2a8b8f7d61_SecondBedroom-112,bedroom,5.0,1.560782280484678,9.639091202398903,0.41903223067049855,0.5187211008809252,,sparse
6a74b670-98f7-4c5c-956a-5883a94ca5d7_MasterBedroom-44714,bedroom,5.0,1.1652314493968927,4.844588151356827,0.8086036862160285,1.0320794758579521,,dense
6a8ad1d5-8c81-49bf-a752-fbe9448ff3b1_MasterBedroom-36389,bedroom,6.0,1.6133689555006574,6.985993098080368,0.44533659071781917,0.8588614268240112,,dense
6a8ad1d5-8c81-49bf-a752-fbe9448ff3b1_SecondBedroom-36408,bedroom,7.0,1.9375385359726391,6.874517464140623,0.40907122442338606,1.0182532863599414,,dense
6a90c493-3261-4ed3-b926-815b4469f615_MasterBedroom-52872,bedroom,6.0,2.1497320319041164,17.745656065009406,0.24155394927789473,0.3381109144694121,,sparse
6ab91867-b6fa-4630-93f8-f3223e71c154_Bedroom-614,bedroom,3.0,1.318880467456706,4.480277684517618,0.2980700746024217,0.6696013531409055,,neutral
6ab91867-b6fa-4630-93f8-f3223e71c154_LivingDiningRoom-426,livingroom,6.0,0.7657546997070312,1.2861160254071509,1.3019382575603684,4.665208955856495,,dense
6adb0cc9-8e56-4829-a7f0-c72dfd69afcd_MasterBedroom-2540,bedroom,5.0,0.9537266030752185,5.07671947855773,0.945659272788102,0.9848879815239415,,dense
6adb0cc9-8e56-4829-a7f0-c72dfd69afcd_SecondBedroom-3877,bedroom,4.0,1.6707287536899988,9.767664162116906,0.7128429351504916,0.409514489197292,,sparse
6ae193c4-4fe1-42e8-b2dd-38ded31b7f12_MasterBedroom-48345,bedroom,6.0,1.784071123368451,13.969904327854561,0.4172563670406735,0.42949470942593454,,sparse
6ae193c4-4fe1-42e8-b2dd-38ded31b7f12_SecondBedroom-48433,bedroom,5.0,1.762310329888588,6.1146496192404385,0.3471825817644661,0.8177083416630992,,dense
6ae4511d-5a72-45f3-af6e-2ddbf8fbe0b9_MasterBedroom-1860,bedroom,7.0,1.2276200311524528,5.566116484094446,1.0114176902015772,1.2576093260000887,,dense
6ae4511d-5a72-45f3-af6e-2ddbf8fbe0b9_SecondBedroom-1807,bedroom,5.0,1.6015702078120058,7.300342639702099,0.38633081058645524,0.6848993597653976,,neutral
6ae5c274-8d8c-4832-878c-ea4f74082dfa_Bedroom-4576,bedroom,5.0,1.4121416939051603,8.355262710467224,0.8603560283727449,0.5984252288962918,,neutral
6ae5c274-8d8c-4832-878c-ea4f74082dfa_LivingDiningRoom-3674,livingroom,14.0,3.0125916064458917,19.95468254167649,0.5407939566526887,0.7015897131292469,,neutral
6b282d95-3b71-414d-80d2-23d42bc0b526_DiningRoom-43780,diningroom,6.0,1.176171469584671,6.826284902165135,0.6487226699505547,0.8789554034137871,,dense
6b282d95-3b71-414d-80d2-23d42bc0b526_LivingRoom-41901,livingroom,6.0,1.9403589692493852,14.25038709204074,0.5436337935127328,0.4210411942670088,,sparse
6b2a7e3f-4f6a-487e-9da4-9f30a0f064c9_DiningRoom-15882,diningroom,7.0,0.9575207320771462,7.303283524623367,0.6875706712776805,0.9584729904568496,,dense
6b2a7e3f-4f6a-487e-9da4-9f30a0f064c9_MasterBedroom-15945,bedroom,5.0,1.8243470339623922,6.387391519983374,0.2651395598278273,0.782792159265198,,dense
6b2a7e3f-4f6a-487e-9da4-9f30a0f064c9_SecondBedroom-15967,bedroom,4.0,1.4943217928303463,5.808066669541039,0.2859713058508096,0.6886973286613608,,neutral
6b399f2d-3097-4272-822a-e50dea179ce0_DiningRoom-2713,diningroom,9.0,1.2557399739492563,10.189623909482592,0.2255078473224361,0.8832514408725612,,dense
6b399f2d-3097-4272-822a-e50dea179ce0_SecondBedroom-5766,bedroom,5.0,1.8041655999712318,12.031927507459756,0.47612077009462295,0.4155610143844381,,sparse
6b464a37-2915-428f-8ee3-4557e5f7b903_MasterBedroom-49597,bedroom,9.0,2.2172606515954936,15.529274573555158,0.34269091016323716,0.5795505744567182,,neutral
6b56575f-a746-4062-8296-b566d5de7b60_LivingDiningRoom-41360,livingroom,11.0,3.6726848903468565,43.39207716424574,0.2603613530943067,0.2535024990475403,,sparse
6b587a27-40d3-41fd-bcc1-e2d4b0e8afd3_Bedroom-126874,bedroom,7.0,1.9048281587503086,15.240392731283173,0.577603115825491,0.4593057490986737,,sparse
6b5bb08d-7e14-4206-8014-685580c674b1_LivingDiningRoom-2106,livingroom,8.0,2.0208431389448305,16.435243901262012,0.41605296351843335,0.4867588243935768,,sparse
6b774494-78d2-4def-a1df-24e4d907e796_LivingDiningRoom-136982,livingroom,18.0,1.6455147560225396,33.58274644937041,1.4988270907528798,0.5359895155429568,,neutral
6b774494-78d2-4def-a1df-24e4d907e796_MasterBedroom-137035,bedroom,4.0,0.9266822338104248,2.9934210376108608,0.39082255400884186,1.3362637429689879,,dense
6bb3d777-55c4-444a-abc7-dfd0bfeb00ec_Bedroom-29441,bedroom,3.0,0.7502266565958658,1.1792860822503703,0.9781444777373569,2.543911986373362,,dense
6bb3d777-55c4-444a-abc7-dfd0bfeb00ec_Bedroom-29482,bedroom,5.0,1.8467017870119193,7.579947081077723,0.24407412694076483,0.6596352120296196,,neutral
6bb3d777-55c4-444a-abc7-dfd0bfeb00ec_LivingDiningRoom-29413,livingroom,10.0,0.9267495631265759,8.581376277770218,1.8214830065077532,1.1653142428802103,,dense
6bb9d1bf-8fd5-4278-b4a0-38ea346dafcd_LivingRoom-26049,livingroom,17.0,2.8765291485642934,29.6044406491169,0.6281836316278806,0.5742381760050957,,neutral
6bc28ca2-2555-49b4-816a-042ae648f4c6_MasterBedroom-50612,bedroom,9.0,1.3492115868462458,11.788946491714755,0.8681359812917041,0.7634269954762437,,dense
6bc28ca2-2555-49b4-816a-042ae648f4c6_SecondBedroom-48703,bedroom,3.0,0.6130034128824869,5.150957926658066,0.7000040642668908,0.5824159394651464,,neutral
6be30d81-2935-4fe7-9280-6efa0fd48a82_Bedroom-28019,bedroom,4.0,1.3215988449313618,4.514379659893989,0.34882000297083526,0.886057509858161,,dense
6be7ef9a-98d9-4d32-8b0c-c0d2b1ca3bbe_Bedroom-39015,bedroom,5.0,0.8758164271757687,5.284197094750915,0.9644972096491722,0.9462175445663781,,dense
6be7ef9a-98d9-4d32-8b0c-c0d2b1ca3bbe_LivingRoom-38721,livingroom,8.0,1.7751551120858853,14.897971238627663,0.4698736231798479,0.5369858668579981,,neutral
6be7ef9a-98d9-4d32-8b0c-c0d2b1ca3bbe_MasterBedroom-39028,bedroom,5.0,1.0935900425690481,7.18781984668691,0.917478192354053,0.6956212184845806,,neutral
6bf1f96b-80f4-4b28-9e1c-2ce2e48e7ad0_SecondBedroom-168927,bedroom,8.0,2.56085932143777,23.237169645972234,0.42204065144543323,0.34427600787373275,,sparse
6c00f5fb-76c7-4820-95d5-5e9e343d8bc0_MasterBedroom-1073,bedroom,5.0,1.8056197765493853,11.788097957154502,0.2934067842283588,0.42415663817633703,,sparse
6c00f5fb-76c7-4820-95d5-5e9e343d8bc0_SecondBedroom-738,bedroom,4.0,1.3403717987174375,4.04940929988551,0.4668818841519098,0.9877983932404889,,dense
6c20495f-ce5e-4596-9449-24d924a70160_MasterBedroom-104361,bedroom,7.0,2.276516884256939,9.461790164924693,0.3780852524840974,0.7398177171534974,,dense
6c22e07d-7181-4d16-bf9b-a5763504011e_SecondBedroom-1037,bedroom,5.0,0.8244441144174168,6.6104439457591235,1.1358687827594687,0.7563788515607502,,dense
6c294141-0ec8-47cd-b1cb-102d60dc252c_DiningRoom-55362,diningroom,9.0,1.5883210314210423,15.921228430141376,0.25542206966750897,0.5652830144036871,,neutral
6c2d1fd6-0cb5-4382-9788-c0d95431a6ec_LivingDiningRoom-8714,livingroom,9.0,2.442835577251906,20.541112801113467,0.3477116155625788,0.43814568797422404,,sparse
6c39a824-c7de-4ca5-87b7-553057ddacf1_MasterBedroom-45563,bedroom,9.0,2.197157890856969,23.082929722382016,0.6187555390019303,0.3898985141073009,,sparse
6c45080c-c6df-43f6-a79c-476681818111_LivingRoom-5469,livingroom,6.0,1.4499319267276614,8.246305301977086,0.5153487184904997,0.7275985766087844,,neutral
6c482868-df60-4e35-b33d-d7e1613bf3c4_MasterBedroom-10501,bedroom,4.0,1.3747372557696071,10.647743632641395,0.6092302284120394,0.3756664452117088,,sparse
6c53a2a8-25a8-495b-a2e1-b8133fccaa61_MasterBedroom-9380,bedroom,4.0,1.0718349113325603,5.349410192971757,0.8836430674811134,0.7477459861379374,,dense
6c600c25-ede9-4ae7-8e1e-46bf11d80227_SecondBedroom-7635,bedroom,4.0,0.8875397940476736,6.716237227218258,0.8160146368950133,0.5955715774585179,,neutral
6c6da165-485a-41a8-9870-75cb9f39c017_LivingDiningRoom-37289,livingroom,12.0,3.485691489307051,25.51451848969937,0.28054511687861416,0.4703204571485289,,sparse
6c6da165-485a-41a8-9870-75cb9f39c017_MasterBedroom-37355,bedroom,6.0,2.301197902499246,8.996566916099198,0.476060912544736,0.6669210662195049,,neutral
6cc1d22f-47b3-4a3a-81b4-19575f2ec3cd_LivingDiningRoom-18809,livingroom,7.0,3.8121177622176132,21.1027767669042,0.12368336249447315,0.3317099013708094,,sparse
6cc1d22f-47b3-4a3a-81b4-19575f2ec3cd_MasterBedroom-15896,bedroom,7.0,1.6861229908987998,11.271313094806212,0.5944284771024466,0.6210456528996235,,neutral
6cc1d22f-47b3-4a3a-81b4-19575f2ec3cd_SecondBedroom-17365,bedroom,3.0,1.2039601871218595,3.160799732730619,0.3812181737160204,0.9491268835967333,,dense
6cd50522-54ed-4854-85b1-c0dc5f34abd8_LivingDiningRoom-12619,livingroom,11.0,2.1652760455550095,22.41779261801532,0.53171411466844,0.4906816735899418,,sparse
6cd50522-54ed-4854-85b1-c0dc5f34abd8_MasterBedroom-12560,bedroom,3.0,2.1472963656803814,5.0247766334829285,0.34105051517737495,0.597041464492034,,neutral
6cf680e2-ed2a-4ca0-a66c-ae25c016e7d3_Bedroom-14220,bedroom,4.0,1.5036393920252458,6.94943182238454,0.3667710983170254,0.5755866238036552,,neutral
6cf680e2-ed2a-4ca0-a66c-ae25c016e7d3_LivingDiningRoom-14085,livingroom,6.0,2.829235621494001,20.792852057721763,0.6001641667584134,0.28856070265607464,,sparse
6d0a88ea-05ea-4249-b21f-b221cdf826c0_SecondBedroom-3628,bedroom,6.0,1.884178077377832,14.426434258580478,0.37061499132410847,0.41590318802661524,,sparse
6d0f311f-5d41-4f24-9484-eb44915ede82_LivingRoom-9418,livingroom,9.0,1.0853178026883818,16.51308306863122,0.7597802078821818,0.5450223899797784,,neutral
6d13bd56-8931-486a-8490-61752942a6de_DiningRoom-43067,diningroom,6.0,1.1534802121327092,3.6433762420140834,0.21826002435254824,1.6468241546975557,,dense
6d13bd56-8931-486a-8490-61752942a6de_LivingRoom-43669,livingroom,11.0,2.698233135722187,27.169333768968933,0.44233019538619656,0.4048682273013074,,sparse
6d13bd56-8931-486a-8490-61752942a6de_MasterBedroom-41036,bedroom,5.0,1.3514434337615966,4.052290002856263,0.3377121274356834,1.2338702305303277,,dense
6d13bd56-8931-486a-8490-61752942a6de_SecondBedroom-41025,bedroom,5.0,1.9148534437114466,7.815400724923603,0.2942486299394242,0.6397624608108468,,neutral
6d23e6ae-d566-4dbf-ad54-083abdb5e74a_MasterBedroom-18725,bedroom,8.0,1.109363647347961,14.431414945648022,0.9052342955657604,0.5543461975232374,,neutral
6d2dacee-dbfa-4c95-8465-c0184969823d_MasterBedroom-7665,bedroom,9.0,1.70733190033573,17.560783601107126,0.9224143246441457,0.5125056036470145,,sparse
6d2dacee-dbfa-4c95-8465-c0184969823d_SecondBedroom-7743,bedroom,3.0,1.1185597972707428,5.855904436009164,0.8405564323434629,0.5123034422406865,,sparse
6d3301a6-0851-40da-a4b5-ffe5753bb936_Bedroom-14276,bedroom,8.0,1.0598396472765894,11.497376285083872,1.2089390661975825,0.695810922564899,,neutral
6d3af868-b36b-4849-b2d8-e267bef0b0e9_MasterBedroom-23240,bedroom,9.0,2.2549837312099807,18.299725252245853,0.5590067606717098,0.49181066250683003,,sparse
6d3ebe90-a07a-4c02-93c6-a997c9890cc3_MasterBedroom-72870,bedroom,6.0,1.4627501532766298,13.440630531874127,0.4873782418197015,0.4464076284048688,,sparse
6d3ebe90-a07a-4c02-93c6-a997c9890cc3_SecondBedroom-72827,bedroom,5.0,1.7133861789234508,6.065486077164242,0.297219681546725,0.8243362422056071,,dense
6d486929-8d49-4d3c-aa16-88330ce2e164_Bedroom-61799,bedroom,4.0,1.5437772560302048,5.382079046514905,0.30864388661314474,0.743207218888795,,dense
6d5a3496-fb30-4151-9147-12fbda4d7fce_LivingDiningRoom-1768,livingroom,15.0,2.0821741907807976,32.75446879866147,0.896570147742371,0.4579527786636852,,sparse
6d5ce3ed-049e-4ca7-965a-c1cb66dd25d8_Bedroom-272,bedroom,3.0,0.8591968019803365,1.8225158372617039,0.545326590351435,1.6460762308147863,,dense
6d89d79f-b69d-4435-b0a0-dd77507c8c1b_LivingDiningRoom-24764,livingroom,19.0,2.990927571026363,28.754055548954973,0.6150312292163761,0.660776354405093,,neutral
6d89d79f-b69d-4435-b0a0-dd77507c8c1b_MasterBedroom-17237,bedroom,7.0,1.963680428575176,12.695429109337052,0.42584957969821324,0.5513795508378476,,neutral
6d90a3f0-ab42-45c9-80e6-c4b3c068e32e_MasterBedroom-8791,bedroom,4.0,1.4927562000587373,7.748354230844277,0.24490357793963416,0.5162386593112885,,sparse
6dd54ac4-ea84-406e-8abe-b4a602a15851_Bedroom-13921,bedroom,4.0,2.047429874871907,8.3638534055728,0.4271184538738859,0.4782484586990509,,sparse
6dd54ac4-ea84-406e-8abe-b4a602a15851_Bedroom-16914,bedroom,4.0,1.8754806255338996,13.52113468165793,0.7192897166463639,0.29583316002511184,,sparse
6de860f5-8cca-498d-830c-7e9b301a43bd_MasterBedroom-27045,bedroom,3.0,1.097936918359942,4.378151741227881,0.9702241962506771,0.6852206541289568,,neutral
6de860f5-8cca-498d-830c-7e9b301a43bd_SecondBedroom-28201,bedroom,5.0,0.39732726812362673,3.3114478427855643,1.3194660393366626,1.5099135596815074,,dense
6df8f830-ba50-46b4-9f9a-b35535f22535_MasterBedroom-97178,bedroom,6.0,1.6850029249495628,12.73939247668261,0.2591594137197777,0.47098007310647083,,sparse
6e135215-4cb4-4d79-a750-682cd2caef96_SecondBedroom-94626,bedroom,7.0,2.1079188872152566,10.22488446601763,0.43838193107432544,0.6846043124755569,,neutral
6e284cd9-0d12-41f5-98e4-4d03c6eec135_Bedroom-9255,bedroom,4.0,1.812844528492784,11.287259456584525,0.501074008783461,0.354381859953309,,sparse
6e284cd9-0d12-41f5-98e4-4d03c6eec135_SecondBedroom-9158,bedroom,4.0,0.7968236552385433,3.643169622592443,1.1125151711477694,1.0979450353326234,,dense
6e2e3a16-bf5f-4bb9-b416-4c6dd042ba72_SecondBedroom-1301,bedroom,5.0,1.5464507959842086,10.899960079050464,0.44521694044256066,0.45871727636965515,,sparse
6e356720-39a8-4843-874d-a71efc4fb1ff_LivingRoom-2159,livingroom,5.0,2.2362709390699185,16.49649297898507,0.1340820468621746,0.3030947248223919,,sparse
6e356720-39a8-4843-874d-a71efc4fb1ff_MasterBedroom-121454,bedroom,4.0,1.0977183793897398,9.686853265860655,0.9196186668736303,0.4129307929229388,,sparse
6e356720-39a8-4843-874d-a71efc4fb1ff_SecondBedroom-117427,bedroom,4.0,0.9461342978204517,7.093967571239477,1.0902898471898252,0.5638593579447544,,neutral
6e3dbf3d-cf2f-41ea-adad-c6a40129c200_Bedroom-3916,bedroom,4.0,0.931529161871059,4.88402550133305,1.1232185459822202,0.8189965426896801,,dense
6e3dbf3d-cf2f-41ea-adad-c6a40129c200_LivingDiningRoom-6884,livingroom,11.0,1.9634802199629402,21.51073920392568,0.7164006001230219,0.5113724775200899,,sparse
6e3dbf3d-cf2f-41ea-adad-c6a40129c200_SecondBedroom-6938,bedroom,4.0,1.4151880679979836,6.587667759211953,0.20293167175093446,0.6071951631753965,,neutral
6e7a0c41-15f3-4909-a20c-dab460b45ada_Bedroom-168,bedroom,5.0,1.6254201412200928,5.816829226131486,0.33880020880503986,0.8595748311705683,,dense
6e7a0c41-15f3-4909-a20c-dab460b45ada_Bedroom-258,bedroom,3.0,1.2490869040118067,3.5737844226928104,0.41053296747168894,0.8394462690448268,,dense
6eacb9f6-642c-4e02-ae30-4351f4364318_SecondBedroom-15167,bedroom,5.0,1.7327048840169195,6.14680286395363,0.31615152987377576,0.8134309999302621,,dense
6ec3fc4a-25c0-4e29-819e-d7c4ef341d14_MasterBedroom-1823,bedroom,6.0,1.3192523425683447,10.44157369481748,0.7626383555853282,0.5746260262452595,,neutral
6ed345e5-a38e-4ac4-90fd-f31dff832fc7_Bedroom-6936,bedroom,4.0,1.8565464296248082,5.702349097862031,0.4189090167299373,0.7014652963810495,,neutral
6ee84dec-417f-4fba-ad4f-1f91d7589cf0_LivingDiningRoom-4056,livingroom,8.0,1.5493381594937532,17.845767976576845,0.2856733173709293,0.44828555490020167,,sparse
6ef436f8-3ed9-410d-815a-2652e115f716_LivingDiningRoom-53598,livingroom,3.0,1.4609833288769132,6.121543613545818,0.5055396956179696,0.4900724701791829,,sparse
6f1f5670-b6d8-4590-bd30-97818c3754f8_MasterBedroom-149010,bedroom,6.0,1.9208799598249593,9.416135692713794,0.2716399938063307,0.637204071373228,,neutral
6f25efe5-1c2d-443a-a297-4f4f0a3688c8_SecondBedroom-29462,bedroom,5.0,1.2352754218402107,8.098895179143087,0.8011757312081697,0.6173681581750057,,neutral
6f3094b8-689f-4f0c-adb2-748fbc81ec8a_MasterBedroom-10091,bedroom,5.0,1.447008076606005,9.42613905966554,0.6865386535213888,0.5304398723964308,,sparse
6f37e768-7bb5-423a-a64a-86b747e8cc50_DiningRoom-70702,diningroom,6.0,1.4995663790364528,8.30214821447889,0.3530648793832247,0.7227045151441696,,neutral
6f56a549-5f9c-42ee-a484-a5b3a5cff4f8_MasterBedroom-19138,bedroom,3.0,0.6794767379760756,2.6761686235061664,0.5033489537994942,1.1210055949574538,,dense
6f56a549-5f9c-42ee-a484-a5b3a5cff4f8_SecondBedroom-19185,bedroom,4.0,0.8741578099009013,6.79173202642538,0.6524162095039545,0.5889513874276453,,neutral
6f6fab3b-e42d-4458-8f93-ed9d006cb087_DiningRoom-8121,diningroom,7.0,1.2887155679080637,5.588668084494948,0.16148146829893525,1.252534574279087,,dense
6f8510bd-8325-434d-bd15-4b6026764b14_Bedroom-26648,bedroom,4.0,1.6877521681479963,6.592027289254851,0.17977005010908637,0.6067936045289266,,neutral
6f969906-b789-4a47-a930-008d35ca0458_Bedroom-1541,bedroom,4.0,1.189427821504055,6.304147079051164,0.2743717582830092,0.6345029628658408,,neutral
6f969906-b789-4a47-a930-008d35ca0458_LivingRoom-513,livingroom,13.0,2.91587421617305,20.61939078269875,0.43954508796104674,0.6304744954398942,,neutral
6f969906-b789-4a47-a930-008d35ca0458_MasterBedroom-2689,bedroom,7.0,1.9044287841511098,7.887344319308068,0.39282045852202413,0.8874977072909236,,dense
6f9eb9a4-2434-4412-a3a6-b5f91ba824b0_SecondBedroom-11271,bedroom,4.0,1.8134129630447375,4.139859135500813,0.43965717971100576,0.9662164506271556,,dense
6fa4b760-4273-4eed-a627-43068ea14b62_Bedroom-237,bedroom,4.0,1.6034153941969667,7.6091515402559375,0.17824626118556045,0.5256827885261776,,sparse
6fb2b02c-b119-4304-aab5-383794defa1f_MasterBedroom-8863,bedroom,6.0,2.09976527294341,10.08259965563994,0.23480310967449752,0.595084621518594,,neutral
6fe3cf2d-8353-4541-8de2-33158182ba33_Bedroom-8139,bedroom,6.0,0.9941533187670665,6.798394498782696,1.3101412893073872,0.8825613166570939,,dense
700043bd-15c3-4d12-9536-f75f2abfafa4_LivingRoom-43378,livingroom,4.0,1.687617527875048,7.335140928284819,0.3015753928859849,0.5453201293755269,,neutral
702a3f08-a072-4459-a2ba-2b0b132be3a3_LivingDiningRoom-13989,livingroom,16.0,3.337932408660118,34.8457555010848,0.5268094629985004,0.4591663968801565,,sparse
70441a13-34cb-4927-a0b9-e5fa771da509_LivingRoom-1618,livingroom,8.0,1.881213062808536,17.11740523500533,0.38674408583910064,0.46736055436953083,,sparse
70441a13-34cb-4927-a0b9-e5fa771da509_SecondBedroom-1167,bedroom,3.0,1.1417913306599703,3.794019890633447,0.24884481298968175,0.7907180474742114,,dense
7067f026-f793-4931-9e6f-d6372015de5a_LivingDiningRoom-507,livingroom,16.0,3.112304671478383,29.929215677492905,0.5544877431144489,0.5345946974491608,,neutral
7067f026-f793-4931-9e6f-d6372015de5a_MasterBedroom-261,bedroom,5.0,1.77857616080365,7.515088050986052,0.30062126837479447,0.6653281992276793,,neutral
706922ae-ac4e-4495-af82-91ffa695bff2_LivingDiningRoom-8120,livingroom,16.0,2.780036630346573,33.020297482758316,0.5284336889307526,0.4845504498666151,,sparse
706922ae-ac4e-4495-af82-91ffa695bff2_MasterBedroom-8601,bedroom,9.0,2.0257927873207837,16.40384539084424,0.47992102503679673,0.5486518426358326,,neutral
706c2d0b-66ca-43f4-9c40-09398a8b4bda_LivingDiningRoom-19680,livingroom,16.0,2.2597025775598896,27.1008949215301,0.9514800949153651,0.590386407767255,,neutral
707a8e25-4a36-4048-a088-303b6a107051_LivingDiningRoom-66938,livingroom,17.0,1.975138464972046,35.940548996086726,1.3485237245240191,0.4730033478857263,,sparse
707a8e25-4a36-4048-a088-303b6a107051_MasterBedroom-63052,bedroom,6.0,1.3397041886306036,9.529875421719929,0.7362951088358404,0.6295989962602402,,neutral
708218c2-ff5f-450f-9a8a-c82e6ad896a9_LivingDiningRoom-32452,livingroom,14.0,0.9437340218957238,19.712538966416155,0.8612192627560138,0.7102078541912592,,neutral
708218c2-ff5f-450f-9a8a-c82e6ad896a9_MasterBedroom-32484,bedroom,6.0,1.2114895053583437,10.91173925408249,0.7173569544086194,0.5498665116796276,,neutral
708e5eed-9b7d-428b-9e1b-022541261d21_LivingDiningRoom-176519,livingroom,7.0,2.4852795059389927,17.709017734968054,0.11776829963041309,0.39527884068792074,,sparse
709c571f-8ef6-4de4-85be-45ce8caa899c_MasterBedroom-17212,bedroom,7.0,2.2714226837370597,15.498825246797933,0.3146212972423351,0.45164713380107335,,sparse
709dd71c-8588-4447-ba64-a4ecd64dd844_SecondBedroom-4799,bedroom,4.0,0.7881079858193413,9.089141386567373,0.774930628131996,0.44008557352969613,,sparse
70d6a3c2-2cc4-4b8a-98e3-2179c03e91dc_Bedroom-23984,bedroom,3.0,0.6962461471557617,1.5663598540285761,0.6229856511637029,1.9152686991333405,,dense
70d6a3c2-2cc4-4b8a-98e3-2179c03e91dc_MasterBedroom-24034,bedroom,3.0,1.1699093452798988,3.4434384101401605,0.3961258082559219,0.8712222037036199,,dense
70daf81b-199a-4571-9e11-89959489c7a8_LivingDiningRoom-15322,livingroom,14.0,1.296335350844348,30.207008299964738,1.4092384291667395,0.46346860506594234,,sparse
70e042e1-ebde-4dc0-84cc-c54b99a00e6a_MasterBedroom-200023,bedroom,7.0,1.8668387588085176,15.037756438914121,0.7548597247885045,0.4654949711704116,,sparse
70e4c0ab-9ca2-4542-96fd-9355e048db91_LivingDiningRoom-25795,livingroom,15.0,1.4882363040376725,30.447753861896487,0.728425499224536,0.4926471774580255,,sparse
70ed875b-62c8-42d4-87d2-bf7596b658a9_MasterBedroom-2218,bedroom,4.0,0.9067502196804513,8.322714374445956,0.9421436486720315,0.48061243243930024,,sparse
71077ab4-63f1-4875-a2b2-4199ea4de5d6_Bedroom-52396,bedroom,5.0,0.9803992993911533,8.058263465392846,0.6197525968210991,0.6204810777747692,,neutral
71077ab4-63f1-4875-a2b2-4199ea4de5d6_Bedroom-56702,bedroom,7.0,1.8578906276078773,18.579982555971018,0.3844926768109567,0.376749546395587,,sparse
71077ab4-63f1-4875-a2b2-4199ea4de5d6_Bedroom-56809,bedroom,4.0,1.6592180508430248,5.735021267888177,0.38460937368434434,0.6974690786932218,,neutral
710da331-89a8-4480-b4d1-9621baf5a93c_LivingDiningRoom-9939,livingroom,11.0,1.8352940480390232,20.394079174052155,0.27681706783403465,0.5393722318189069,,neutral
711697e6-191e-4895-80f0-6382e330ed9a_LivingRoom-2586,livingroom,6.0,1.5300989898956525,18.391741865672984,1.0856723026350106,0.3262333738599615,,sparse
711bd99b-2719-45a9-9836-c4baae874ad7_Bedroom-4191,bedroom,3.0,1.3353412182430286,7.941125658009927,0.8352856171186471,0.37778019505005667,,sparse
711bd99b-2719-45a9-9836-c4baae874ad7_Bedroom-4584,bedroom,3.0,1.1736352394220964,3.28320828871798,0.3753975038391731,0.9137403832430727,,dense
71242564-2de7-455b-b2fb-e191011a248d_LivingRoom-11670,livingroom,15.0,2.2247681116604987,20.778880779481955,0.9738591261278826,0.7218868118638857,,neutral
7130f8fa-ec52-455e-88a6-fb2a4e440087_LivingRoom-59825,livingroom,7.0,1.580472446675156,15.279764189318332,0.6817250686673343,0.45812225328015926,,sparse
7130f8fa-ec52-455e-88a6-fb2a4e440087_MasterBedroom-57124,bedroom,8.0,2.061565206313006,19.205903386582797,0.48601120243224566,0.41653859435681545,,sparse
7130f8fa-ec52-455e-88a6-fb2a4e440087_SecondBedroom-56631,bedroom,6.0,1.6119502780797414,11.700714888915195,0.5129810589166854,0.5127891805725621,,sparse
714a1f8b-192c-48f5-965f-2bd0764a7546_MasterBedroom-21507,bedroom,9.0,1.4994926060304956,13.907516666541492,0.9169611985930382,0.6471320664782717,,neutral
715cd0a2-3c66-4f33-b9e9-e8c13aea5eba_MasterBedroom-72062,bedroom,5.0,1.7204388882825665,7.121454923541234,0.4681526495732993,0.7021037208943937,,neutral
715cd0a2-3c66-4f33-b9e9-e8c13aea5eba_SecondBedroom-71986,bedroom,4.0,1.7777737003319112,7.095140705295303,0.26062333621974776,0.5637661275716052,,neutral
7161d025-3ace-4163-b00c-f8409b75ce74_Bedroom-14458,bedroom,5.0,0.9146589210663632,6.2955139690548165,0.9616857835113681,0.7942163300053292,,dense
7170830d-8ce7-455a-a0f5-f7a4edb745d1_MasterBedroom-13668,bedroom,8.0,1.3268842633281435,5.519747349463172,1.0702979742932879,1.449341698724317,,dense
717acc1d-2b59-4dfb-9d9f-6863b548a1ec_SecondBedroom-11545,bedroom,5.0,0.9638875508303053,5.2538843280959435,0.931268953037623,0.9516768333215373,,dense
71928d95-b535-44be-b678-a67b270dd33a_MasterBedroom-1585,bedroom,5.0,2.1786137407244057,9.037117982582663,0.2640689479012365,0.553273732802488,,neutral
719cc7d0-b17b-4241-b345-82c06da7b60b_Bedroom-21829,bedroom,5.0,1.2737018380853289,5.327334257304625,0.37198948678248495,0.9385557125769238,,dense
719cc7d0-b17b-4241-b345-82c06da7b60b_Bedroom-23635,bedroom,5.0,1.8147902398363471,7.990572376726686,0.3161478373856432,0.6257374020618327,,neutral
71af0582-e827-4368-ad45-6a56821b8840_MasterBedroom-33999,bedroom,7.0,0.7309783197189423,6.393717784457684,0.9408587085115426,1.0948246757177977,,dense
71afc86e-1261-4c9e-a2b0-59e0811180e3_Bedroom-2685,bedroom,5.0,1.5880178873157311,10.442087655175206,0.5786711134981265,0.47883145259003346,,sparse
71afc86e-1261-4c9e-a2b0-59e0811180e3_LivingDiningRoom-6936,livingroom,14.0,2.8016076798788405,27.51123686367576,0.3392939170534412,0.5088829727784717,,sparse
71afc86e-1261-4c9e-a2b0-59e0811180e3_MasterBedroom-2732,bedroom,5.0,2.071563866930947,7.7705304233085855,0.22255773820618974,0.6434567175751521,,neutral
71b1339c-fd3f-4150-981d-5b93097b136e_SecondBedroom-71864,bedroom,7.0,2.154427575210489,18.551789131471942,0.38448998839607706,0.37732209817569246,,sparse
71b6e531-ed61-4ff3-8816-5f1b0ebbb464_Bedroom-19942,bedroom,6.0,1.477426547104453,8.156559674407124,0.28747322468222364,0.735604254674459,,dense
71b6e531-ed61-4ff3-8816-5f1b0ebbb464_Bedroom-20007,bedroom,6.0,1.790213672283906,7.384873946942759,0.5230849756641972,0.8124715524066489,,dense
71cc3390-7abf-4be5-a2e9-8673e556538a_Bedroom-5021,bedroom,9.0,1.807329471064627,16.737100275709416,0.7581923727613885,0.5377275544594613,,neutral
71cc3390-7abf-4be5-a2e9-8673e556538a_LivingDiningRoom-5087,livingroom,10.0,1.3349348053948475,11.696806949861854,0.7609510864959257,0.8549341750158667,,dense
71d6b0a5-ba83-4df7-9a6d-703eedb14e20_MasterBedroom-1763128,bedroom,3.0,1.9557822733495973,13.692087021362465,0.4839004053911622,0.2191046547775649,,sparse
71d6b0a5-ba83-4df7-9a6d-703eedb14e20_SecondBedroom-1762979,bedroom,5.0,2.0278378687477407,18.014386716786042,0.4900756876076834,0.277555937851658,,sparse
721aac20-b1b8-411f-93cd-285290b9fa45_LivingRoom-890,livingroom,12.0,1.3680705026515108,18.754568222770832,1.4509630222349603,0.6398441093104035,,neutral
724bbf50-6e6f-4d74-b0f4-853f75ea1015_MasterBedroom-2213,bedroom,6.0,1.9354334051852429,16.12514846584373,0.28025998276938446,0.3720895973583867,,sparse
724eb4ee-bd9e-4036-8579-d5379605f941_Bedroom-10740,bedroom,4.0,1.857383846768372,8.986673663085385,0.31603788231159696,0.4451035110388869,,sparse
724eb4ee-bd9e-4036-8579-d5379605f941_MasterBedroom-9227,bedroom,6.0,1.7241742798505502,10.262600657617837,0.4287343068045719,0.5846471279720169,,neutral
7279cacf-3d83-48f7-9cb4-114caeb86df1_MasterBedroom-7562,bedroom,4.0,1.7826416254340465,7.534737869259869,0.5513313328112557,0.5308744735923927,,sparse
7289023b-aa7a-483f-b2bc-e0c33c6cc386_Bedroom-268,bedroom,7.0,2.5559006339287142,17.123864881051016,0.22314534896914215,0.40878622020348243,,sparse
728e0c2c-98f5-49dd-8947-7f1a37c8887f_Bedroom-11202,bedroom,4.0,1.3752129572768723,8.854923721550852,0.3079830478635609,0.45172608209655357,,sparse
728e0c2c-98f5-49dd-8947-7f1a37c8887f_MasterBedroom-11259,bedroom,4.0,0.9439165339481702,5.281613937056647,0.8614930719404367,0.7573442602336686,,dense
7292d96f-1294-4a92-88c1-69c91c47e883_Bedroom-8507,bedroom,7.0,1.100558414939265,9.437468513716622,1.2919048159634574,0.7417243289157519,,dense
72cfe763-f119-4fb0-a697-5a56cf3b8289_Bedroom-28692,bedroom,4.0,1.4480277156381949,5.547025603933286,0.2785349566716678,0.7211071816873675,,neutral
72cfe763-f119-4fb0-a697-5a56cf3b8289_MasterBedroom-39683,bedroom,4.0,1.684071767984114,6.829085198703157,0.3204563025996301,0.5857299892465245,,neutral
72e59634-a906-48de-be85-93f2236c0a43_MasterBedroom-41983,bedroom,6.0,2.13184423021869,10.73728319280744,0.209331752485993,0.5588005729437411,,neutral
72f68129-a891-4552-a1bc-641366806b3f_DiningRoom-1758,diningroom,7.0,1.3427604001749933,8.98741809937022,0.3497099423895738,0.7788666247195637,,dense
72f75ed4-ab5e-466e-ab6a-7672b31ceb93_MasterBedroom-121748,bedroom,4.0,1.0088057780050854,6.744916590521471,0.8599130635390871,0.5930392090572535,,neutral
72fbdea6-2af2-4c2a-bf00-0d4d90bfa334_LivingDiningRoom-6461,livingroom,14.0,1.861257512532076,26.344416857485168,1.3854904788036626,0.5314218976922321,,sparse
72fbdea6-2af2-4c2a-bf00-0d4d90bfa334_MasterBedroom-7158,bedroom,7.0,1.0476994571231661,5.441883198683251,0.8157796772599863,1.2863194126793753,,dense
72fbdea6-2af2-4c2a-bf00-0d4d90bfa334_SecondBedroom-7914,bedroom,5.0,0.9335818362453203,5.7396960746241765,0.9808832259104653,0.871126264351443,,dense
7314ce1d-276f-4aed-acaa-872172155163_MasterBedroom-73650,bedroom,6.0,1.537676190756107,11.813703162867554,0.5925208395657728,0.5078847773032764,,sparse
731f15a2-adb8-40d5-ba2f-0d32707bc60b_SecondBedroom-49533,bedroom,5.0,1.4175807126337667,7.903597500631209,0.7181421589724014,0.6326233085124442,,neutral
733aa566-0120-43c8-afe3-ab36ae21d3b7_LivingDiningRoom-27185,livingroom,17.0,2.9110911960080843,28.215417840067502,0.49766312756758274,0.6025074693687162,,neutral
733aa566-0120-43c8-afe3-ab36ae21d3b7_MasterBedroom-24269,bedroom,7.0,1.734688407953208,6.708196209956414,0.4126774340852264,1.0434995907857445,,dense
73726d4e-12e5-4828-8faa-b4baa3a4a52f_Bedroom-573,bedroom,4.0,1.6147884728695454,6.0510420156392595,0.3535982508817142,0.6610431706905644,,neutral
73726d4e-12e5-4828-8faa-b4baa3a4a52f_LivingDiningRoom-504,livingroom,10.0,1.9989124249434622,23.076275562522877,0.278216065940863,0.4333454925560233,,sparse
737515de-dcae-4400-aa9c-c4bfb0d999fc_MasterBedroom-144074,bedroom,3.0,0.8001522252392587,4.791138662266076,0.9649072980913443,0.6261559540380914,,neutral
73818192-7ca3-4161-8cf1-ca3e5e51b1ab_LivingDiningRoom-62037,livingroom,14.0,2.451677761423207,26.537807045605422,0.4297270681895189,0.5275492423296655,,sparse
73818192-7ca3-4161-8cf1-ca3e5e51b1ab_SecondBedroom-10098,bedroom,4.0,0.793304443359375,2.8502292966908787,1.4580135367096958,1.4033958617448803,,dense
73828256-c8de-4bbd-9400-095b1243642e_Bedroom-2858,bedroom,6.0,1.9236103332930532,17.176743322296883,0.5689735941418678,0.34930952203328824,,sparse
73898afb-17e6-4b5a-b84f-9ebc023ecfdc_MasterBedroom-25891,bedroom,3.0,1.4511664272081148,4.122015533251775,0.21075451007681584,0.7277992952232667,,neutral
738b0195-666c-4e04-a95a-f667ab0529d7_SecondBedroom-15823,bedroom,4.0,1.014009515644638,4.45802915757735,0.8285806622356144,0.8972574782740409,,dense
738b0195-666c-4e04-a95a-f667ab0529d7_SecondBedroom-22643,bedroom,4.0,0.8684384779500851,5.5952820398995655,0.7676364941005279,0.7148880023341593,,neutral
739119a4-f787-4f1e-a7ef-f72d5f36785b_MasterBedroom-12204,bedroom,3.0,2.287490645685146,12.528043583876478,0.4052620835585742,0.23946276846138875,,sparse
73bf13f8-35da-425b-8dbf-2e552f466d21_Bedroom-68902,bedroom,5.0,1.6120908942248804,6.962166098656672,0.4831497535247629,0.7181672958024852,,neutral
73c6b742-1dbf-406a-bda5-e7880efead98_MasterBedroom-20856,bedroom,5.0,1.0466046521172896,6.008777320220605,0.6781398139925288,0.8321160418400113,,dense
73d7d368-1b45-47cf-bc56-a786c7bb0b40_Bedroom-11819,bedroom,4.0,1.7170296859215597,8.917614182434065,0.1223649444718102,0.44855046632082474,,sparse
73d7d368-1b45-47cf-bc56-a786c7bb0b40_Bedroom-11907,bedroom,5.0,1.7204047197708352,10.522713174603389,0.3775607961805309,0.4751626236537094,,sparse
73d7d368-1b45-47cf-bc56-a786c7bb0b40_LivingDiningRoom-11797,livingroom,13.0,2.7013172814871154,18.86002535399997,0.5267807033494838,0.6892885749616909,,neutral
73e42610-80af-4a97-85e3-952b509b04dc_Bedroom-8044,bedroom,6.0,1.8661639693567016,9.93333889226658,0.2325797123728737,0.6040265076097616,,neutral
73e90662-b100-4ed3-86b0-81751896d6a9_MasterBedroom-24161,bedroom,3.0,1.750961621526767,5.797322811246357,0.2622827990792875,0.5174802400480844,,sparse
73ed0b77-ba5b-4c11-9bf4-a776d8290144_LivingDiningRoom-113,livingroom,7.0,1.6773923633441359,10.911130935284348,0.6005143943345045,0.641546695894139,,neutral
73ed0b77-ba5b-4c11-9bf4-a776d8290144_SecondBedroom-278,bedroom,3.0,0.7517480850219727,1.735861615419814,0.9066185140568195,1.7282483657399481,,dense
73f1f19b-18ff-4704-a03c-cb3c6f82e001_MasterBedroom-3618,bedroom,4.0,1.3435014585653942,5.663783954406853,0.6266496172628384,0.7062416278939625,,neutral
74061e77-d518-44cd-bc07-67e5d0dce060_LivingDiningRoom-3513,livingroom,14.0,2.6962325306564545,34.98043641578753,0.4465696447571152,0.4002237088637767,,sparse
7407dade-c1a0-4fb7-af1b-9af240f44cfc_MasterBedroom-15500,bedroom,6.0,0.818455085569969,8.270397325059248,1.1532745245463483,0.7254790506642336,,neutral
741bccc3-8ec2-4f66-915b-633fe7cfae94_LivingRoom-45612,livingroom,15.0,3.87210731526696,39.69245134064073,0.37086722099149616,0.37790560908596843,,sparse
741c2966-f279-4d6a-8219-c55cda0fba81_MasterBedroom-109317,bedroom,5.0,1.578760047159487,6.018318909517445,0.37904514246079685,0.830796784811941,,dense
741c2966-f279-4d6a-8219-c55cda0fba81_SecondBedroom-57298,bedroom,5.0,1.7175680411059484,8.203545498782827,0.3099333331579175,0.6094925664448205,,neutral
7452348f-f1c9-48e1-ac3c-aa40334c87e3_SecondBedroom-3935,bedroom,5.0,1.7712651814432072,8.633415375381464,0.29665581086261517,0.5791450755697106,,neutral
74609b90-d884-41ff-a661-9d25f0818b0a_MasterBedroom-15217,bedroom,8.0,2.055715260945066,26.369674914483454,0.4978463402725266,0.3033787874118246,,sparse
74609b90-d884-41ff-a661-9d25f0818b0a_SecondBedroom-15145,bedroom,7.0,0.8907766424660007,10.861805675229496,1.1168712621128583,0.6444600657847894,,neutral
74b36472-5e84-4950-93fa-faf2292e35a8_LivingDiningRoom-37024,livingroom,7.0,1.8187588982056115,19.273786470806268,0.30136541120539806,0.3631875869644401,,sparse
74dfc90f-42d5-4389-8cbb-5cbe036d99ef_MasterBedroom-37550,bedroom,5.0,1.0589190514346098,6.78114564772494,0.8345418514273405,0.7373385353664376,,dense
74e9a688-df21-44c4-a4e1-a57081a62bc0_MasterBedroom-78127,bedroom,6.0,1.2648269790639097,10.657466068886249,0.7388667342291355,0.562985606636515,,neutral
74e9a688-df21-44c4-a4e1-a57081a62bc0_SecondBedroom-78413,bedroom,5.0,1.3391176462173462,4.665322850550784,0.4795914841139631,1.071737189508697,,dense
74eafabd-fe9b-4f87-81f4-5af7f0b566ff_Bedroom-26487,bedroom,11.0,1.8863365811265063,14.026606306110168,0.45051705664504577,0.7842239070478695,,dense
74ed0339-0753-45b6-9caf-d5f494122e24_LivingDiningRoom-9272,livingroom,4.0,0.8267800346564776,3.4440384911671256,1.066562906408411,1.1614272053749517,,dense
74fa622c-58f2-4375-b6b5-684659581385_LivingDiningRoom-78283,livingroom,8.0,0.7116480394788959,5.921265064760492,1.905402566072298,1.3510626382208057,,dense
750705bf-a44a-4391-8c7a-dd199a96bdae_Bedroom-14447,bedroom,6.0,1.3195987924130703,9.442006261550965,0.7656990474955259,0.6354581678718805,,neutral
750705bf-a44a-4391-8c7a-dd199a96bdae_LivingDiningRoom-14848,livingroom,9.0,0.8475638213116065,6.326394989190152,1.366581306840923,1.4226111419502276,,dense
75081366-64f8-4a8f-a9dc-180caac4b73d_MasterBedroom-12006,bedroom,5.0,1.5434893331605077,6.740299475806851,0.4427631995322565,0.741806802197238,,dense
75081366-64f8-4a8f-a9dc-180caac4b73d_SecondBedroom-7808,bedroom,4.0,1.3237181060129546,4.091297359256542,0.38778044678591417,0.9776849856562047,,dense
7511f0b9-0076-44e5-9d86-1100ce3ddf14_LivingDiningRoom-134680,livingroom,16.0,1.4502148424240298,26.880513533690674,0.7983836835770025,0.5952267236243984,,neutral
7511f0b9-0076-44e5-9d86-1100ce3ddf14_MasterBedroom-127266,bedroom,5.0,1.8151784940337816,13.318467599783828,0.43959961718200763,0.3754185654272384,,sparse
75234ddd-4285-463f-8455-0cf1f3efa174_MasterBedroom-7208,bedroom,3.0,1.5609736603220707,5.768206090711506,0.2972410268909319,0.5200923740971868,,sparse
7534aaa5-254a-48dd-a5d8-b13432bb0217_LivingRoom-43168,livingroom,7.0,1.9405309988236805,16.455162585135188,0.6056966336191546,0.4253984099995139,,sparse
756382a6-5d6b-4bdd-8f48-4bb8cddf9df8_MasterBedroom-12848,bedroom,6.0,2.121265747615314,13.826007033545626,0.6214315699732542,0.43396477272450246,,sparse
756382a6-5d6b-4bdd-8f48-4bb8cddf9df8_SecondBedroom-12785,bedroom,4.0,1.0095311130262632,5.47770480545815,0.7439584372171694,0.730232851542909,,dense
75652f7b-3a8d-44d5-8474-47dbbfb62681_SecondBedroom-8426,bedroom,5.0,1.5821035937812191,6.2710374217248495,0.31220481948783746,0.7973162435099533,,dense
757250d9-884c-45f5-8d4f-73a955f6227a_MasterBedroom-29631,bedroom,6.0,1.3152016683632255,9.8875265179278,0.875805577452226,0.606825174033259,,neutral
7581635e-6702-4e03-ad0b-60b859d19bcb_SecondBedroom-9106,bedroom,5.0,1.6947424217574558,6.907082762649336,0.44814377840729325,0.7238946125038409,,neutral
75b28f63-bb61-4818-a1d3-0d23ac89be5c_MasterBedroom-13715,bedroom,9.0,2.004340309177495,20.191352640724396,0.4025156483353469,0.44573536801331953,,sparse
75b28f63-bb61-4818-a1d3-0d23ac89be5c_SecondBedroom-17587,bedroom,5.0,2.131798304995476,11.369575469798347,0.18564305860759475,0.4397701579343737,,sparse
75be4842-6167-4b77-a131-859b40255ed9_DiningRoom-6919,diningroom,7.0,0.7926535539432121,5.674347495553613,0.883985025964037,1.2336220165376126,,dense
761a08d2-d407-4398-a3cf-34601f0d5c95_MasterBedroom-172369,bedroom,6.0,2.360480783857492,20.081827903374126,0.382163327526253,0.2987775828410464,,sparse
762446b3-fdac-48d0-8044-7e965421f6fd_Bedroom-361,bedroom,3.0,0.8514273788050071,4.326190978287813,0.784984306148705,0.6934506625011079,,neutral
762446b3-fdac-48d0-8044-7e965421f6fd_Bedroom-507,bedroom,4.0,0.9935050664407443,3.462536050237608,0.3387230503431027,1.155222629299559,,dense
762446b3-fdac-48d0-8044-7e965421f6fd_Bedroom-691,bedroom,3.0,0.8753100510379572,4.245429083483706,0.8470020604753707,0.7066423536954399,,neutral
7625e6ce-dafa-4c31-8c1a-f3a6582b01b1_DiningRoom-12246,diningroom,7.0,1.774455133347293,10.389069414230846,0.11623963149982632,0.6737850832348341,,neutral
7625e6ce-dafa-4c31-8c1a-f3a6582b01b1_MasterBedroom-7226,bedroom,4.0,1.7066368460655212,6.588310808393786,0.5505018159209012,0.6071358981582702,,neutral
76304f02-2391-4b05-8126-c16a3769a3d4_MasterBedroom-9653,bedroom,4.0,1.571888886847562,7.064792457146895,0.18411369666448335,0.566187899257184,,neutral
76347b63-6e7e-419e-89b3-0fa82279515f_MasterBedroom-44806,bedroom,5.0,1.6909308817345625,15.45553859686714,0.38289899204954875,0.32350862240501327,,sparse
76347b63-6e7e-419e-89b3-0fa82279515f_SecondBedroom-44122,bedroom,5.0,1.936938968985821,8.133878322722591,0.2962085779192254,0.6147129083591194,,neutral
766a326b-a379-475c-8cc1-3af87e5b5ca3_MasterBedroom-5591,bedroom,5.0,1.9296926350589687,13.526152324585063,0.6514415691631174,0.3696542727019292,,sparse
7673af04-3251-4385-909d-2f51e3c6e80b_Bedroom-69416,bedroom,5.0,1.6120908942248804,6.962166098656672,0.4831497535247629,0.7181672958024852,,neutral
76815557-7eb8-4328-bcbb-bc4fb45d2253_MasterBedroom-29378,bedroom,3.0,0.7055410069886946,3.2861750380225283,0.8030745515944064,0.9129154610721115,,dense
7686a060-ab0d-4014-9e5c-75d75e0752e3_MasterBedroom-49524,bedroom,5.0,1.8308453327804315,7.575147306565224,0.23992122116780779,0.6600531709352507,,neutral
7686a060-ab0d-4014-9e5c-75d75e0752e3_SecondBedroom-50270,bedroom,4.0,1.9384092311292174,14.61164997440804,0.6023144533805783,0.27375416239821687,,sparse
76915a22-544f-44e9-9a5a-525b1d282fd0_LivingDiningRoom-8122,livingroom,9.0,1.4364813914228232,12.24189658509829,0.6847513305228351,0.7351802016491008,,dense
7696025a-291f-4b22-911b-beb13c4b598d_SecondBedroom-14817,bedroom,4.0,0.9600586202752498,6.648730748984739,0.7385471861372879,0.6016185872184402,,neutral
76a2dc69-14be-41d5-ad13-306d09cdd47d_DiningRoom-46577,diningroom,7.0,0.8754705440752497,5.237957260418178,0.28233638361041097,1.3363988387032288,,dense
76b1f40f-6a8d-45f9-96c0-80f3247d69bf_MasterBedroom-4882,bedroom,4.0,1.0070669253667195,3.0278280056748645,0.4506083695892596,1.3210790020116914,,dense
76b1f40f-6a8d-45f9-96c0-80f3247d69bf_SecondBedroom-2478,bedroom,5.0,1.3605202323764054,6.948159009279792,0.7267661122958142,0.7196150798106552,,neutral
76b9e260-e7f4-43a2-96bc-45ddfc3e3c22_MasterBedroom-38344,bedroom,5.0,1.9241020930098351,8.55431661369013,0.42868338990137594,0.584500226704038,,neutral
76b9e260-e7f4-43a2-96bc-45ddfc3e3c22_SecondBedroom-38435,bedroom,5.0,1.5851135625604953,6.782917933128559,0.4171309088815299,0.7371458787050068,,dense
76d4dd1b-ae9d-4edc-b636-a02b1082383f_MasterBedroom-26002,bedroom,7.0,1.8486859656016859,16.86245950037492,0.28571598003983595,0.41512330984957213,,sparse
76d4dd1b-ae9d-4edc-b636-a02b1082383f_SecondBedroom-25927,bedroom,5.0,1.6176121379807387,7.021147340462985,0.24692616428433492,0.7121343218628841,,neutral
76e3732e-9326-491d-a741-dbb8899d03dd_LivingDiningRoom-34192,livingroom,14.0,3.2763722090012184,23.40921244407923,0.32694734674865955,0.5980551474528972,,neutral
76e408e8-8b96-4bbe-943c-e5c43fb963d9_DiningRoom-9293,diningroom,7.0,1.3453771016585396,8.310139457858561,0.6026768802657657,0.8423444679235057,,dense
76e6bb3d-b50b-453e-9a5e-8dd192714572_MasterBedroom-34464,bedroom,5.0,1.4519211871273696,5.719509057567891,0.24112966521135892,0.8742009059998153,,dense
76e6bb3d-b50b-453e-9a5e-8dd192714572_SecondBedroom-33650,bedroom,6.0,1.7348683252910233,13.62490569947237,0.3445081883174314,0.44037002033946937,,sparse
7719f139-6a07-47c3-9435-eb894ce81069_LivingDiningRoom-8095,livingroom,15.0,3.514360571164441,28.6863540313065,0.43249162609494957,0.5228967049500237,,sparse
7719f139-6a07-47c3-9435-eb894ce81069_MasterBedroom-4256,bedroom,3.0,1.8479679028193157,1.825840478429503,0.8329183269198401,1.6430789192385802,,dense
7719f139-6a07-47c3-9435-eb894ce81069_SecondBedroom-8161,bedroom,5.0,1.6559334532975984,6.184291491649249,0.36824490729540704,0.8085000531995593,,dense
772d72e3-a9e9-467c-954b-b2aa3d1f347a_MasterBedroom-319,bedroom,6.0,1.518108812967936,6.841804899056658,0.6302212387526255,0.8769615749825421,,dense
77315352-be0a-44b9-ab5a-7a2f3e0e33c9_SecondBedroom-18208,bedroom,5.0,1.7243761886206896,6.551609555810898,0.39720600264885414,0.7631712417241485,,dense
778d9846-52b8-4d8a-b357-811b3d7ceb39_MasterBedroom-5465,bedroom,3.0,1.4908712841244787,3.800030919701927,0.013209831064049974,0.7894672605020063,,dense
77993e73-b0e6-4620-b0ec-83b261c297a6_DiningRoom-690,diningroom,6.0,1.3542331802780565,5.197060593728094,0.15343055714703427,1.1544987578634176,,dense
77993e73-b0e6-4620-b0ec-83b261c297a6_LivingRoom-1635,livingroom,9.0,2.407909608614958,27.351885417507933,0.8444661281387689,0.329044958423199,,sparse
77993e73-b0e6-4620-b0ec-83b261c297a6_SecondBedroom-313,bedroom,4.0,1.7062048249186261,6.459498747165237,0.21464468343111928,0.6192430955661083,,neutral
77b9486d-fb58-4e37-99de-be7fb1632ac5_MasterBedroom-7907,bedroom,6.0,1.9150964873360357,13.172930692670988,0.23113967741725452,0.45547950869719633,,sparse
77b9486d-fb58-4e37-99de-be7fb1632ac5_SecondBedroom-7140,bedroom,5.0,2.0082584544208113,10.254289943299737,0.3252883264499791,0.48760080197137917,,sparse
77bde924-9493-422b-b436-97dd4f1afd28_Bedroom-9265,bedroom,5.0,1.2073023915820769,6.65069208625442,0.6723138408783349,0.7518014569241519,,dense
77bde924-9493-422b-b436-97dd4f1afd28_Bedroom-9287,bedroom,7.0,1.994923053089953,18.82707704708658,0.4402898903092402,0.37180492662206555,,sparse
77e1f059-5450-45c2-ad28-d464e0180094_Bedroom-8158,bedroom,5.0,2.0856186621193444,13.83316726374017,0.1405552295947384,0.3614501223523928,,sparse
77e7c22e-cef8-4598-8b5b-8c9dd070dbf0_DiningRoom-21124,diningroom,7.0,0.91702137245611,6.049908939877561,0.9690530586783304,1.1570422083314311,,dense
77f6da2b-12c1-4dcd-bd87-70a4a28c1cf4_MasterBedroom-7393,bedroom,3.0,1.104270617167155,3.098642987537762,1.0409896554759732,0.9681657461235489,,dense
7816c664-089a-4a3b-b32a-a0a731301aa8_SecondBedroom-6519,bedroom,6.0,1.891720533926299,15.055856673547016,0.370959637633914,0.39851601473743686,,sparse
78264f14-353d-4b41-a364-6fda4f2fc8cf_DiningRoom-11789,diningroom,9.0,1.1640815263196345,9.647595731590746,0.7855575917659305,0.9328749100182324,,dense
78270e88-4f1b-4169-abf1-c093f200bd5d_Bedroom-3435,bedroom,7.0,2.0591761116664875,15.702222866436854,0.22741665705188485,0.4457967549908072,,sparse
78270e88-4f1b-4169-abf1-c093f200bd5d_Bedroom-3652,bedroom,5.0,1.6192778338555445,7.5158071833283575,0.312801386241427,0.6652645388629783,,neutral
7852a3a7-220d-4393-b620-c99c4b2085a3_Bedroom-4582,bedroom,8.0,2.425583324426583,24.515245602912085,0.40438588228897154,0.326327548562259,,sparse
7852a3a7-220d-4393-b620-c99c4b2085a3_LivingDiningRoom-4544,livingroom,12.0,3.668687134496059,46.3690256592103,0.6816742088204317,0.2587934473368956,,sparse
7857cf50-e4af-45c5-b214-bae0490dd042_Bedroom-4521,bedroom,3.0,2.2134002852418306,5.695704479955117,0.3011704346660962,0.5267127201837621,,sparse
7858c38a-cad2-4fa0-afb5-b75866aad698_LivingRoom-4892,livingroom,6.0,2.2300361727527016,18.49358031251875,0.5175193223420032,0.3244369072190124,,sparse
7858c38a-cad2-4fa0-afb5-b75866aad698_MasterBedroom-467,bedroom,3.0,1.6030046801528253,9.26857875970071,0.6904194211607291,0.3236742199401532,,sparse
785aec91-b165-4561-a384-1a191e6690ba_DiningRoom-107223,diningroom,6.0,0.6315683119859956,1.9210288434902623,0.5444687392169976,3.1233263468854386,,dense
785aec91-b165-4561-a384-1a191e6690ba_SecondBedroom-107035,bedroom,6.0,1.073437664449667,9.622861095120793,0.83929636591418,0.6235151833421205,,neutral
786669de-f41a-409f-b487-ec62413e2ee0_Bedroom-65973,bedroom,5.0,1.5990786573807443,6.959035226069643,0.400351999680606,0.718490399541191,,neutral
786669de-f41a-409f-b487-ec62413e2ee0_Bedroom-66453,bedroom,5.0,1.8648542888261737,9.851211746558013,0.45518659597960087,0.507551774201482,,sparse
7876c1d8-d9b9-44b4-b480-50889c3af043_MasterBedroom-121485,bedroom,9.0,1.8570142738409814,22.779387626473362,1.1062062444482919,0.39509402744174443,,sparse
7876c1d8-d9b9-44b4-b480-50889c3af043_SecondBedroom-116989,bedroom,9.0,2.1687951700075465,24.435489933837935,0.8019719480769982,0.36831674029735423,,sparse
787727b2-f70e-4881-933a-327fb86f6f8d_Bedroom-51343,bedroom,5.0,1.0299982438587554,7.052905792143328,0.5988698772563465,0.7089276600815811,,neutral
787727b2-f70e-4881-933a-327fb86f6f8d_SecondBedroom-48054,bedroom,5.0,1.8582399204575164,7.247415054209832,0.20082375184431545,0.6899011527007318,,neutral
787e7cd0-14ab-420d-8862-b1d45ea47725_MasterBedroom-30192,bedroom,7.0,1.7873783117785322,14.940000566504542,0.38608396834445124,0.46854081222018085,,sparse
787e7cd0-14ab-420d-8862-b1d45ea47725_SecondBedroom-30126,bedroom,6.0,1.1766749943598205,6.728279738030302,0.7107016639637693,0.8917584038734535,,dense
787e7cd0-14ab-420d-8862-b1d45ea47725_SecondBedroom-30248,bedroom,6.0,1.4272690593615962,8.436171489371155,0.4474597245623331,0.7112230954005001,,neutral
789015e3-c63f-4bf9-a557-3a3cd6867a83_DiningRoom-3538,diningroom,6.0,0.771690289179484,1.0014476555902865,1.172737822376918,5.991326622521674,,dense
789015e3-c63f-4bf9-a557-3a3cd6867a83_MasterBedroom-6127,bedroom,7.0,2.2947837898487586,21.21308838899676,0.3111438167314758,0.32998495417720053,,sparse
7896e9be-3ed9-4736-89c3-5eec7820e5b7_Bedroom-18928,bedroom,4.0,1.0394436044599573,4.325628995772421,0.7153675974695846,0.9247210067967759,,dense
78aa7bd5-d98a-4e86-b342-7a00beadb426_MasterBedroom-67468,bedroom,7.0,1.685726497353146,10.855324180557853,0.6355662446544228,0.6448448598649102,,neutral
78aa7bd5-d98a-4e86-b342-7a00beadb426_SecondBedroom-66096,bedroom,4.0,1.2818058863864479,5.563164063845545,0.23700425979160986,0.7190152859225571,,neutral
78b48ded-6abb-476c-825a-19751792fab1_MasterBedroom-468,bedroom,5.0,1.7158802274453802,9.501305771145976,0.4677525366067895,0.5262434575239375,,sparse
78b48ded-6abb-476c-825a-19751792fab1_SecondBedroom-226,bedroom,4.0,1.3512293299039204,2.976537127434535,0.5790361384874548,1.3438434760756985,,dense
78cf633c-0e07-4c24-9d5f-33fa7a63fec7_MasterBedroom-8206,bedroom,7.0,2.1572976452749537,17.598597547992842,0.5508036119772896,0.3977589680604046,,sparse
78dc0550-6644-4473-87bc-8f8ff72db51c_MasterBedroom-54665,bedroom,6.0,2.0203157544740318,18.910560674603218,0.8186635176477992,0.31728303053742707,,sparse
78dc0550-6644-4473-87bc-8f8ff72db51c_SecondBedroom-46451,bedroom,4.0,1.027163127956107,3.6154525736640073,0.989389628339563,1.1063621824656604,,dense
78e9ca5b-4781-45dc-8417-1c82e7435761_SecondBedroom-39146,bedroom,5.0,1.5820462882940358,7.901762800084185,0.49087249309949166,0.6327701965372499,,neutral
78ea1591-9502-47a2-ad5d-db8a633f8179_Bedroom-10503,bedroom,9.0,2.030603993873729,12.917106756255258,0.49198075743822006,0.6967504542487153,,neutral
78f54b4e-5031-4aa4-bd58-6a287cd64dc3_LivingDiningRoom-17657,livingroom,11.0,2.160398778705503,18.676452595330435,0.6061707790912119,0.5889769453729273,,neutral
78f54b4e-5031-4aa4-bd58-6a287cd64dc3_MasterBedroom-17598,bedroom,5.0,1.7739600776881446,7.854369301052488,0.4292919378629997,0.6365883508087655,,neutral
78fdbb1d-cf57-4127-bfbe-fd02368353fc_Bedroom-127,bedroom,6.0,2.281047212512141,14.103770478324664,0.3015464433951822,0.42541815390579996,,sparse
79090604-70df-47d2-98e7-62087f358e6e_LivingDiningRoom-15199,livingroom,15.0,2.6630839224150042,27.537577527645176,0.5096385942089773,0.5447102231465855,,neutral
79090604-70df-47d2-98e7-62087f358e6e_MasterBedroom-10664,bedroom,7.0,1.9416507049015048,14.016987785801916,0.6278717193844441,0.49939402865788596,,sparse
79090604-70df-47d2-98e7-62087f358e6e_SecondBedroom-8681,bedroom,5.0,1.8321441940990262,16.743465900937103,0.4280637224292992,0.2986239545374031,,sparse
793eccb1-f86a-4998-a4e9-0ab8b96bcce7_Bedroom-2087,bedroom,6.0,1.941676076701094,14.161653573921054,0.5107739508897209,0.42367933721024714,,sparse
793eccb1-f86a-4998-a4e9-0ab8b96bcce7_DiningRoom-4028,diningroom,8.0,0.7520341575407131,6.314504507355441,0.9400360333268982,1.2669244262445631,,dense
79432d9c-5809-49d5-80c4-a20eac526210_LivingDiningRoom-1334,livingroom,15.0,3.159636977546876,28.21447772837311,0.4308144829515945,0.5316419514976761,,sparse
79432d9c-5809-49d5-80c4-a20eac526210_MasterBedroom-1803,bedroom,5.0,1.7712636893193157,8.753198529070989,0.43904092177008547,0.5712197642260799,,neutral
794c22b8-0dca-4ce5-b1aa-f4235950fe43_MasterBedroom-16392,bedroom,6.0,1.344666492399269,12.131057980445176,0.6541474234119555,0.49459824606161984,,sparse
794c22b8-0dca-4ce5-b1aa-f4235950fe43_SecondBedroom-16436,bedroom,3.0,0.8230494886774018,3.3123555372902524,0.7262147452757017,0.9056998761836472,,dense
7953c350-d2e9-4cdd-8f7e-b73b938331e0_MasterBedroom-49820,bedroom,5.0,0.9634954141084858,7.8684109750679525,0.632525083394424,0.6354523188790122,,neutral
79597940-47fb-4944-92ed-fd7dc9da0762_MasterBedroom-9858,bedroom,6.0,2.4028629512583617,12.690708563253636,0.25238214433837036,0.4727868400802456,,sparse
7961640d-b638-40df-badb-59572bcdbacb_LivingRoom-8496,livingroom,7.0,1.2849323254668807,9.567443822941096,0.6925857355471942,0.7316478810374821,,dense
7961640d-b638-40df-badb-59572bcdbacb_MasterBedroom-8547,bedroom,5.0,1.1372237061124149,5.7767530676661565,0.8542302340564909,0.8655381217497722,,dense
796565cd-a760-451a-a5e3-8dea15f607ea_MasterBedroom-30526,bedroom,5.0,1.7888221304166323,7.90771689669895,0.42020944166185803,0.6322937537239394,,neutral
796d838f-5a6c-4c84-a355-2e2aa27d2cc9_MasterBedroom-19957,bedroom,6.0,1.7736048653663308,12.690001473008529,0.3493435758994028,0.4728131838882701,,sparse
797a6beb-75a2-481a-a15d-5d761cbe4bea_LivingDiningRoom-4241,livingroom,15.0,1.4641475980939436,28.28176744722527,1.041283885205925,0.5303770363005249,,sparse
797a6beb-75a2-481a-a15d-5d761cbe4bea_MasterBedroom-1102,bedroom,5.0,0.9332390720083421,5.226135423821487,0.8041172525122523,0.9567298959015242,,dense
797a6beb-75a2-481a-a15d-5d761cbe4bea_SecondBedroom-390,bedroom,5.0,0.9479602437449014,6.445269984093882,0.7975211412285026,0.77576269300423,,dense
797dd495-26a0-4bf6-b0c8-c71690e1addf_MasterBedroom-11301,bedroom,4.0,0.69629446665446,2.504717331642322,0.5456596317541423,1.5969865938433994,,dense
797dd495-26a0-4bf6-b0c8-c71690e1addf_SecondBedroom-5810,bedroom,4.0,1.7995781914980356,9.020146342561576,0.21230174721772288,0.443451785380243,,sparse
798fa7f1-1645-4751-96ca-26d2b834b2d0_LivingRoom-50363,livingroom,4.0,1.1931665737002675,6.720591422734441,1.054151299705018,0.5951857133389757,,neutral
798fa7f1-1645-4751-96ca-26d2b834b2d0_MasterBedroom-50407,bedroom,5.0,1.2989175178278505,6.149019070562664,0.337177198529059,0.8131378261512655,,dense
799c9b05-8901-4113-ac72-b268bc542a13_Bedroom-9508,bedroom,4.0,1.5291023634154375,6.224662549499276,0.2583169405117151,0.6426051160511131,,neutral
799c9b05-8901-4113-ac72-b268bc542a13_LivingDiningRoom-11910,livingroom,12.0,2.2724327667500135,23.28757634025421,0.3948592626183494,0.5152962173765228,,sparse
799ed691-945a-40e5-a355-b1928a15e567_MasterBedroom-32892,bedroom,7.0,1.3626000450811593,9.75748625435726,0.9932728548252593,0.7173978848162978,,neutral
799ed691-945a-40e5-a355-b1928a15e567_SecondBedroom-32971,bedroom,3.0,1.1804334032894994,4.848765239528489,0.8439855641875379,0.6187142193528287,,neutral
79b8f927-e1c8-4fc6-b0c2-6b9e2ff6708c_LivingDiningRoom-74474,livingroom,6.0,1.3777707216811141,4.752501106956159,0.35828690796490464,1.262493130452489,,dense
79b8f927-e1c8-4fc6-b0c2-6b9e2ff6708c_MasterBedroom-74389,bedroom,6.0,1.967416063940472,17.73425934385933,0.31083410707838033,0.33832819762374583,,sparse
79b8f927-e1c8-4fc6-b0c2-6b9e2ff6708c_SecondBedroom-67466,bedroom,3.0,1.7116358178584228,4.8458577838625665,0.11063364606724564,0.6190854403508188,,neutral
79c086e6-b5cb-4488-9361-1a70db853c7b_SecondBedroom-40706,bedroom,5.0,1.5753094386736881,5.864031689092672,0.2610865553264979,0.8526556923797318,,dense
79c5c8d7-bdbc-42ea-b582-bb5c3a925c11_MasterBedroom-12307,bedroom,4.0,0.9036966774053022,6.331763269562985,0.9078632840774934,0.6317355576491851,,neutral
79c5c8d7-bdbc-42ea-b582-bb5c3a925c11_SecondBedroom-12402,bedroom,5.0,1.9578167106228137,12.701686623611819,0.5386444979363718,0.3936485089078834,,sparse
79c940db-6486-4930-896f-dd205349df5f_LivingDiningRoom-52730,livingroom,14.0,1.1151593439015073,18.421087749933836,1.6580612667112353,0.7599985511197777,,dense
79c940db-6486-4930-896f-dd205349df5f_MasterBedroom-52699,bedroom,5.0,0.8820737797031057,5.750788980928464,0.9053517618691282,0.869445917174438,,dense
79f53548-011d-45c7-bb97-1bcfc60abbaa_Bedroom-8289,bedroom,4.0,1.5943532212814346,5.045592087849185,0.39659263802685907,0.7927711813312883,,dense
7a017832-f2a1-4e25-917f-7ad8dc2a62d1_MasterBedroom-1087,bedroom,5.0,0.8892286652268819,6.323701762527932,0.9263486033463625,0.7906761241695915,,dense
7a067d61-81c9-49d2-8e3e-af63794d9a1a_MasterBedroom-2940,bedroom,4.0,1.394996670077277,7.250181383748175,0.47257101701869847,0.551710334994694,,neutral
7a15ca3a-54d2-4246-9ca0-cbffeaa6538f_LivingRoom-3101,livingroom,16.0,3.0436188768727006,36.88428744378292,0.3505996292148836,0.4337890497243943,,sparse
7a1c91a1-efe6-47a3-8a22-5749fbeb67dd_SecondBedroom-9126,bedroom,4.0,1.427606533812992,4.427394276005054,0.40867230986412695,0.9034659555121659,,dense
7a1e44d1-5828-441d-b041-238b1f0cb76b_LivingRoom-42866,livingroom,4.0,1.4270580212275188,2.3018151479569156,0.8970824933565572,1.7377590044753977,,dense
7a1e44d1-5828-441d-b041-238b1f0cb76b_MasterBedroom-42913,bedroom,6.0,2.1166344673971045,18.284975030980764,0.6060931565522755,0.3281382659715983,,sparse
7a1e44d1-5828-441d-b041-238b1f0cb76b_SecondBedroom-42938,bedroom,4.0,1.7550363540649414,6.3052474269865675,0.37758856611278196,0.6343922338209808,,neutral
7a2de022-745d-4f10-a4fa-d7ab5bb8809f_DiningRoom-8044,diningroom,7.0,1.340102593315807,5.564894827078905,0.6043430056594112,1.2578854079933084,,dense
7a2de022-745d-4f10-a4fa-d7ab5bb8809f_LivingRoom-8087,livingroom,11.0,2.2707222421093447,20.62443447288317,0.6362219926613648,0.5333479574658256,,sparse
7a2de022-745d-4f10-a4fa-d7ab5bb8809f_MasterBedroom-6275,bedroom,7.0,1.9780243065708725,14.938998957217311,0.6242768700459753,0.46857222629486617,,sparse
7a2de022-745d-4f10-a4fa-d7ab5bb8809f_SecondBedroom-6646,bedroom,4.0,1.6139231057988175,5.469842567018204,0.15451544867146252,0.7312824731225372,,dense
7a3dcd72-1be7-4281-8583-2b1b21c277c3_LivingRoom-3401,livingroom,14.0,2.2235223606067,21.311861081202178,0.8583342194724938,0.6569111888754051,,neutral
7a3dcd72-1be7-4281-8583-2b1b21c277c3_SecondBedroom-895,bedroom,5.0,2.017774735938084,14.459598046645583,0.15993249723330338,0.3457910782768908,,sparse
7a3e83be-60fb-4de6-a9c1-dac393723c5d_MasterBedroom-32718,bedroom,5.0,0.9864039672549749,6.377514796609059,1.049105200057382,0.7840044530603854,,dense
7a6891e2-9e55-4f16-a2ba-996a754607a4_LivingRoom-6979,livingroom,16.0,1.2717060323787304,10.001499728855864,0.6249490212443908,1.5997600793646518,,dense
7a91eaec-bc97-4893-aa78-e02a31f6cda2_SecondBedroom-3246,bedroom,5.0,0.9606777919659721,3.962956955174444,0.8348414209169146,1.2616841556836709,,dense
7ab9613a-1489-4fd4-8bb5-cdef94c6ca1b_LivingRoom-11224,livingroom,4.0,1.1818191675378005,8.584629295401017,0.7422648680820173,0.46594906574974554,,sparse
7abef546-bd7b-4ed7-8eca-63db3b704cb6_MasterBedroom-22634,bedroom,6.0,1.8575060467152065,17.581947809777287,0.4416923170555761,0.3412591178699445,,sparse
7ac7b8b0-6ea1-4930-9f50-7328e00e579a_LivingDiningRoom-33892,livingroom,16.0,1.9846819903923527,36.90548914900468,0.8343439296772978,0.43353984377230537,,sparse
7ac7b8b0-6ea1-4930-9f50-7328e00e579a_MasterBedroom-34134,bedroom,4.0,1.0174185832341511,2.8363760693416538,1.2463442964906808,1.4102502285349041,,dense
7ae5066e-5b71-4e01-83a1-b37dafed9eff_LivingRoom-29809,livingroom,11.0,2.614863848426371,23.501432727686772,0.6276234591136717,0.4680565703145845,,sparse
7ae5066e-5b71-4e01-83a1-b37dafed9eff_SecondBedroom-25837,bedroom,3.0,0.8498101402650965,3.523978871544575,0.9427457536047198,0.8513104389542175,,dense
7b0f919e-5ad6-4b4b-bbca-eeae4b365ccc_Bedroom-30773,bedroom,4.0,1.8177012999852498,4.544342962740615,0.4588054321929621,0.8802152550536523,,dense
7b0f919e-5ad6-4b4b-bbca-eeae4b365ccc_LivingRoom-30722,livingroom,13.0,1.0544473207913911,12.737124585042956,1.8560023571905957,1.0206385211357465,,dense
7b3f28a6-bac8-48b3-bfa7-61a84e648236_LivingRoom-10108,livingroom,8.0,3.078961525104211,31.577844716195496,0.41950158541890514,0.25334217936340026,,sparse
7b48d192-1ac0-406c-af41-800853de2d7f_Bedroom-41491,bedroom,4.0,1.5673908141924782,7.170965876178824,0.2079712469462829,0.5578049134618767,,neutral
7b48d192-1ac0-406c-af41-800853de2d7f_LivingRoom-41466,livingroom,11.0,1.7935945973264007,13.353315248981922,0.6469054817090745,0.82376546909118,,dense
7b5be71a-0038-4387-8913-65eedb4c5c52_LivingDiningRoom-25555,livingroom,14.0,4.564403864400082,38.759036331521,0.3822015088791816,0.3612060908907176,,sparse
7b5be71a-0038-4387-8913-65eedb4c5c52_SecondBedroom-25646,bedroom,5.0,1.7811319396220076,7.233592601553845,0.33426453762171604,0.6912194638838178,,neutral
7b5e6567-23ac-4717-ad16-92f97f45e71e_LivingDiningRoom-5614,livingroom,14.0,1.4132039436324555,15.418814855526893,1.902670218629636,0.9079815881556994,,dense
7b5eeb04-1392-4e97-b773-45e964e0698f_LivingDiningRoom-9744,livingroom,14.0,1.3819973725085037,27.27997291070024,1.2270919481673142,0.5131969905479147,,sparse
7b5eeb04-1392-4e97-b773-45e964e0698f_MasterBedroom-8245,bedroom,4.0,1.638489291436571,17.001652969614163,0.6372275799223149,0.23527124139922828,,sparse
7b6e2c62-4717-405e-a343-327bf2b938a9_LivingDiningRoom-12211,livingroom,5.0,1.4503648751167368,5.578352826237397,0.3099984205597213,0.896321935120856,,dense
7b6e2c62-4717-405e-a343-327bf2b938a9_SecondBedroom-11050,bedroom,7.0,1.5027942794212197,9.310496119728544,0.7089832838968537,0.7518396345354034,,dense
7b8b173c-2354-4bdc-9321-93ad43796020_LivingDiningRoom-49915,livingroom,9.0,0.7381628727990627,7.685467629282935,1.260988495962921,1.1710412995181287,,dense
7b8b173c-2354-4bdc-9321-93ad43796020_MasterBedroom-49865,bedroom,5.0,1.1448681723357663,9.326077246517887,0.7646010772425089,0.5361310943319572,,neutral
7ba559ee-a2d9-425c-9111-cf2a9c543c57_Bedroom-101913,bedroom,5.0,0.8653790489619869,6.43414335704476,0.9193452882364207,0.7771042270181139,,dense
7ba559ee-a2d9-425c-9111-cf2a9c543c57_LivingDiningRoom-103650,livingroom,15.0,1.4817725185272004,24.451979828910897,2.026109056500743,0.6134472588704122,,neutral
7ba97748-ec80-48d5-9456-23f32eba485f_MasterBedroom-1637,bedroom,7.0,2.1062571657289855,16.265506719504238,0.36437748746955845,0.4303585569582154,,sparse
7bb77c39-3c41-4992-a825-52b998a14a28_Bedroom-634,bedroom,3.0,1.822799841562907,2.1086656842838365,0.8427318253138821,1.4227006311903285,,dense
7bb7b619-1e6c-40f2-b95c-caef17c17fb7_LivingDiningRoom-26193,livingroom,17.0,2.758828367994585,23.482500237710614,0.6715152047341177,0.723943354749749,,neutral
7bb7b619-1e6c-40f2-b95c-caef17c17fb7_MasterBedroom-26071,bedroom,6.0,1.7669176764209447,11.802090024439982,0.3488937932839554,0.5083845308394608,,sparse
7be5d4f4-2460-4e6f-90a6-9ffbca8d7ae4_Bedroom-52292,bedroom,6.0,1.8718809615136702,6.9557872406356,0.35410515373890483,0.8625910759529983,,dense
7bf67f2c-6462-452f-86d7-512e591ea2a7_Bedroom-30371,bedroom,4.0,1.6604056621579797,6.300473040395687,0.1772913210807522,0.6348729649907031,,neutral
7c21dd91-e3ba-46d9-b158-27c9a589e1fd_Bedroom-15031,bedroom,7.0,2.3476058794112977,15.09243925078104,0.16870412377672667,0.4638083933077781,,sparse
7c21dd91-e3ba-46d9-b158-27c9a589e1fd_SecondBedroom-32869,bedroom,7.0,1.9576870155719437,14.71242777828601,0.2336559886080506,0.4757882319280616,,sparse
7c2e62e7-ab51-4900-bfdc-1932415fb295_MasterBedroom-16450,bedroom,5.0,1.2927161693572997,5.006913889090391,0.47050251411723115,0.9986191316160928,,dense
7c4c43e1-b28a-44a0-81c9-e5da48d8b212_MasterBedroom-40378,bedroom,7.0,1.2768945164859422,9.004473047469457,0.6991442424361821,0.777391410146674,,dense
7c5c1051-6dde-4fee-ab30-9c08b9755a77_LivingDiningRoom-2439,livingroom,12.0,2.1533614749575505,19.141831899480362,0.6704051867235679,0.6268992467918267,,neutral
7c5d4d55-ecb4-486d-aff4-67e910b66b9e_Bedroom-20673,bedroom,7.0,1.6632766551229772,18.74127904851716,0.3698005758665781,0.37350705796965605,,sparse
7c5d4d55-ecb4-486d-aff4-67e910b66b9e_Bedroom-21463,bedroom,6.0,1.7581509649493399,15.33027654261438,0.36900557300734443,0.39138237221758415,,sparse
7c630436-2d26-49aa-a416-aba2786d9afd_LivingDiningRoom-1362,livingroom,11.0,2.021661341577013,27.952026539313188,1.023855458158785,0.3935313951040017,,sparse
7c997405-cdec-49a5-b0f5-b7cb3843428e_LivingDiningRoom-186,livingroom,11.0,1.7339373370008706,15.624714321183522,0.9904045074667192,0.7040128717800958,,neutral
7ca0ebf5-fab7-481f-9225-979c3fa4f949_Bedroom-6637,bedroom,5.0,1.319023940483074,12.504016153846893,0.7766361878637346,0.39987152435513584,,sparse
7ca411ef-2290-4db5-aeac-34f1a96f664e_Bedroom-3587,bedroom,3.0,1.5258770794338463,4.611170590230927,0.2650764242385895,0.6505940175702241,,neutral
7cb03574-4360-478a-9ad8-1e0e20c48bd9_MasterBedroom-11832,bedroom,5.0,1.6920158008282933,16.47858652513018,0.33503347309954906,0.3034240826647904,,sparse
7cb03574-4360-478a-9ad8-1e0e20c48bd9_SecondBedroom-11757,bedroom,3.0,0.7500058809916178,1.700371571451065,0.8845038148415854,1.7643202523315868,,dense
7cb2b1ac-1751-4ed8-95af-588764071f9e_LivingRoom-13136,livingroom,12.0,3.471341738369258,22.373771599736752,0.32566001864027655,0.5363422946599308,,neutral
7cb44194-7156-4c8f-94dc-3c0322833ef1_LivingDiningRoom-768,livingroom,9.0,1.3408764459140974,12.290441286434206,0.5738730766404229,0.732276391892772,,dense
7cb44194-7156-4c8f-94dc-3c0322833ef1_SecondBedroom-1632,bedroom,4.0,1.4692047486702602,4.798616836707922,0.30459584328301537,0.8335735350656147,,dense
7cbabe0c-5239-4e90-95cb-5c79adb0ede6_Bedroom-76188,bedroom,6.0,1.4165644821807035,9.77414997044899,0.5309580166811961,0.6138641230327245,,neutral
7cbabe0c-5239-4e90-95cb-5c79adb0ede6_LivingDiningRoom-76216,livingroom,15.0,1.3543070309680936,22.120037302628393,1.0537819505234427,0.6781182054434256,,neutral
7cbabe0c-5239-4e90-95cb-5c79adb0ede6_MasterBedroom-71942,bedroom,5.0,0.861122810953605,5.213876527930849,1.0295152633997928,0.9589793646272389,,dense
7cc4bac1-fbf8-41c0-aafa-d782916e93ad_MasterBedroom-13683,bedroom,5.0,1.4498934503963476,9.122771752472964,0.8872091081829555,0.548079041728148,,neutral
7cda1ed0-e923-4ace-bbfa-b9b5238d190e_SecondBedroom-14328,bedroom,5.0,1.4535256074566516,9.671434869224127,0.6878436852270151,0.5169863694073675,,sparse
7d0025fe-7e83-4aa0-a37a-cad6c0474c07_MasterBedroom-29731,bedroom,6.0,1.184131312148633,8.35841854835028,0.8549137615231693,0.7178391420927628,,neutral
7d0ab4db-488a-441b-8977-86aafadbbba3_MasterBedroom-14707,bedroom,4.0,2.031525228253934,9.095077097232297,0.2200036023985447,0.4397983609415726,,sparse
7d0ab4db-488a-441b-8977-86aafadbbba3_SecondBedroom-14567,bedroom,3.0,1.5011417479813236,4.247614766147417,0.225269355741562,0.7062787388134535,,neutral
7d1a7697-3051-4e51-8d6c-fed5d3a0dd8f_LivingDiningRoom-21803,livingroom,14.0,1.2847736496986732,26.516815845323453,1.2770058511004077,0.5279668600356879,,sparse
7d1a7697-3051-4e51-8d6c-fed5d3a0dd8f_MasterBedroom-11564,bedroom,5.0,1.9015536230472658,16.833944574115836,0.3532944516555462,0.29701891781728246,,sparse
7d243467-0d66-45e4-8e6b-a2eb011cf366_MasterBedroom-9702,bedroom,5.0,2.3032625604103445,16.486675759847785,0.4391905313546522,0.30327520676892133,,sparse
7d243467-0d66-45e4-8e6b-a2eb011cf366_SecondBedroom-9667,bedroom,6.0,2.2607889038794986,12.862570774069493,0.2667159177257821,0.46646973652388346,,sparse
7d35e4ba-137f-4f29-a62c-7b80ea8f4a14_DiningRoom-62423,diningroom,8.0,1.4888684194084705,9.256240343761627,0.10619449868225435,0.8642817929194884,,dense
7d35e4ba-137f-4f29-a62c-7b80ea8f4a14_LivingRoom-61247,livingroom,8.0,1.26569472034212,11.130208263012058,0.3627833235170735,0.7187646278448917,,neutral
7d47a9ea-c7be-4ca0-8282-0cd176391b3f_SecondBedroom-15676,bedroom,6.0,1.6560673291471686,13.176317232716684,0.28016688867958517,0.4553624426332155,,sparse
7d6bfedc-a000-498d-993d-62099a5fa5fb_Bedroom-9227,bedroom,6.0,1.7203765244952152,10.30720650937601,0.4317283583317654,0.5821169872304455,,neutral
7d88dbb1-ccf1-4d57-b01f-e5a889839045_LivingRoom-12361,livingroom,6.0,2.8967934064379284,8.190515431788203,0.15687442261736304,0.7325546297994147,,dense
7d8f9ace-5704-4689-b135-4ece5fb32467_SecondBedroom-39108,bedroom,6.0,2.1722783485327075,19.77806650765141,0.6282660952013996,0.3033663577619592,,sparse
7d8f9ace-5704-4689-b135-4ece5fb32467_SecondBedroom-45070,bedroom,4.0,1.6380237827049644,5.485883699261905,0.2663645731159204,0.7291441487427409,,dense
7d95196d-5b65-4180-97db-aab7af789280_LivingDiningRoom-12385,livingroom,15.0,1.2318691742078736,19.35545356242864,1.226991143716662,0.7749753810531663,,dense
7d95196d-5b65-4180-97db-aab7af789280_SecondBedroom-12861,bedroom,3.0,0.5727876027425131,2.644220202509532,0.7781204639770859,1.1345499883681436,,dense
7d9e6e3d-5dcb-4fb6-8af0-eed60ccd1dc9_SecondBedroom-6400,bedroom,3.0,1.3492338996880056,3.134740184179211,0.1992129224684983,0.9570171126592136,,dense
7dbb372a-75d0-4e3d-9954-06240f8bb8ad_DiningRoom-2101,diningroom,6.0,1.285753810205988,6.273730208568076,0.11810860777341507,0.9563688269230575,,dense
7dbb372a-75d0-4e3d-9954-06240f8bb8ad_MasterBedroom-2548,bedroom,7.0,2.1153914621961647,17.11499138091652,0.40386754566887845,0.40899816098096947,,sparse
7dbb372a-75d0-4e3d-9954-06240f8bb8ad_SecondBedroom-1862,bedroom,6.0,1.9578329186409311,7.7341957402323525,0.3061715881322617,0.7757755559235106,,dense
7dc2bdd5-7f8f-438d-9f31-c71932a0ea71_MasterBedroom-7129,bedroom,8.0,1.1645175671774823,10.349289765127654,1.0045779348934738,0.7729999044916416,,dense
7ddfd41d-9e6d-47e0-bd67-eb12580ae322_MasterBedroom-33700,bedroom,7.0,1.3626000450811593,9.75748625435726,0.9932728548252593,0.7173978848162978,,neutral
7ddfd41d-9e6d-47e0-bd67-eb12580ae322_SecondBedroom-33779,bedroom,3.0,1.1804334032894994,4.848765239528489,0.8439855641875379,0.6187142193528287,,neutral
7de844f8-f4c0-42ae-921c-00aea51109a0_SecondBedroom-26371,bedroom,5.0,1.9102537284421186,9.211426428836715,0.3583361178011535,0.5428040964803575,,neutral
7e1344a6-49f6-49cc-8f5d-2e5772c68c6e_LivingDiningRoom-12009,livingroom,11.0,2.160398778705503,18.676452595330435,0.6061707790912119,0.5889769453729273,,neutral
7e1344a6-49f6-49cc-8f5d-2e5772c68c6e_MasterBedroom-6281,bedroom,5.0,1.861863495293946,7.243633601476404,0.30058264885819275,0.6902613073887248,,neutral
7e14d2ad-fc0e-41e3-b48f-d66972cbe526_MasterBedroom-2311,bedroom,8.0,1.6835227904136525,13.45797897664066,0.7972912819147625,0.5944428962094378,,neutral
7e223a35-096e-44ea-b06f-1a34778ddead_MasterBedroom-25068,bedroom,6.0,1.5228271749824887,10.969103820436345,0.36131263843377953,0.546990902649814,,neutral
7e223a35-096e-44ea-b06f-1a34778ddead_SecondBedroom-27455,bedroom,5.0,1.3651808447059353,10.330066762279426,0.5355024815083353,0.4840239772948673,,sparse
7e335c82-9746-4c86-aa62-8dbd2725a9c3_LivingRoom-10453,livingroom,15.0,1.5382513311018862,24.966716279527013,1.1597343699173621,0.600799874202927,,neutral
7e335c82-9746-4c86-aa62-8dbd2725a9c3_MasterBedroom-6619,bedroom,5.0,0.9607460791361575,5.07107981840321,0.8367966763997106,0.9859832972564821,,dense
7e38438b-b4ff-45b2-91fc-cd66c249357e_LivingDiningRoom-10576,livingroom,15.0,2.9026515909312973,23.054636384227603,0.42575422495431536,0.6506283486761895,,neutral
7e61cbde-bf28-4e5f-8595-867906134d5a_Bedroom-3307,bedroom,3.0,1.4540905366730643,7.018773746781996,0.46881860716759777,0.4274250899418799,,sparse
7e69c681-1cbe-4fad-811d-7585a2ba7f43_MasterBedroom-10724,bedroom,5.0,2.366655154499882,11.02321654207295,0.2519175322104881,0.45358811386097786,,sparse
7e7ab0cc-e71d-4091-b68b-ac2b66f3188b_Bedroom-6248,bedroom,3.0,2.21392345351156,11.042506760184445,0.46919232113758724,0.271677442916946,,sparse
7e99f7a0-c0df-4de3-840f-ed0a806760f4_MasterBedroom-16774,bedroom,5.0,1.706904671631127,10.595746629459628,0.2949916989682525,0.4718874634184222,,sparse
7ec2d100-1e0b-49b0-b703-9d518d412657_SecondBedroom-85409,bedroom,9.0,1.974714339140631,15.585888840635624,0.36022086227225697,0.5774454118096329,,neutral
7ee99caf-3c16-4933-b4fc-926687c7ccbf_Bedroom-14024,bedroom,4.0,1.9421684741973877,3.569259933942384,0.5800341346870599,1.120680497926596,,dense
7f351356-0d67-47b8-9a4b-11be446a4a1c_Bedroom-1345,bedroom,4.0,1.2768125520542333,5.497098527404849,0.23522794214777212,0.7276565955764993,,neutral
7f3ba261-a531-4e30-b760-515f57ca1b5c_Bedroom-6864,bedroom,6.0,1.7229369759559632,7.010868862480047,0.2163197162564138,0.8558140392712382,,dense
7f4b525c-6962-4d55-9947-fe8b92f54900_MasterBedroom-4328,bedroom,6.0,1.893353317261677,19.074775748216975,0.40129600244817043,0.31455153545177866,,sparse
7f4b525c-6962-4d55-9947-fe8b92f54900_SecondBedroom-2540,bedroom,5.0,1.7332276948120509,11.223253914523305,0.40408299976417816,0.4455035979832743,,sparse
7f4b525c-6962-4d55-9947-fe8b92f54900_SecondBedroom-3022,bedroom,5.0,1.9598580505731824,12.324052223626595,0.33284101064600147,0.4057107118074717,,sparse
7f73cd78-2b0e-457f-a2e6-1bc7405e77b4_MasterBedroom-39197,bedroom,5.0,1.1218999862670898,6.557156578684718,0.6060386928359949,0.7625256374467935,,dense
7f8636c8-33d3-4221-bfcf-ccdd43f519af_LivingDiningRoom-12325,livingroom,14.0,2.294332071107023,20.696755824381253,0.42099282558298495,0.6764345155730966,,neutral
7f881e49-e02f-4524-b58c-ad6ff07d569e_MasterBedroom-56165,bedroom,5.0,1.749192085065501,6.946356298578546,0.37174614234132325,0.7198018335199946,,neutral
7f881e49-e02f-4524-b58c-ad6ff07d569e_SecondBedroom-53615,bedroom,4.0,1.7777737003319112,7.095140705295303,0.26062333621974776,0.5637661275716052,,neutral
7fd048fd-4980-45b6-8a28-57a0585dffe3_MasterBedroom-35445,bedroom,8.0,2.3263139707992453,15.999288348367905,0.385183563534409,0.5000222401027034,,sparse
7fd048fd-4980-45b6-8a28-57a0585dffe3_SecondBedroom-35405,bedroom,5.0,1.4692668826764728,5.612678776870538,0.24575911972605682,0.8908402206455596,,dense
7fe08405-d4de-48f9-9435-ba3c18de84b6_LivingRoom-8766,livingroom,16.0,2.2706530990880496,24.115575758960667,0.5582004225820093,0.6634716151885718,,neutral
7fe08405-d4de-48f9-9435-ba3c18de84b6_MasterBedroom-8852,bedroom,6.0,1.9262945148391417,15.11958919360592,0.32789505555752824,0.3968361787592352,,sparse
7fe08405-d4de-48f9-9435-ba3c18de84b6_SecondBedroom-8785,bedroom,7.0,1.7383595896608106,9.236349782551125,0.42273008734531275,0.7578751525006198,,dense
7febc537-1b46-457c-a4e3-ed8df3afbb90_MasterBedroom-8909,bedroom,8.0,1.898793879096509,15.230038647774993,0.5872593437387305,0.5252777215485758,,sparse
7fef554c-fdee-4a82-a180-16dfc68f415d_Bedroom-28863,bedroom,4.0,2.0757654570625443,13.625766314251235,0.14530583560105556,0.2935614708008302,,sparse
801829a3-7355-4383-a3ce-41876ef1d358_Bedroom-93,bedroom,4.0,1.5609068518913354,4.689692704845136,0.37440890118237036,0.852934350233101,,dense
801829a3-7355-4383-a3ce-41876ef1d358_LivingRoom-327,livingroom,11.0,2.0907681000351763,14.860481305680137,0.7860877876422051,0.7402182859175267,,dense
80261497-c204-4078-8155-a0a435138c70_Bedroom-9552,bedroom,4.0,1.8762912510401202,6.521661322533134,0.18132768284013207,0.6133406508215189,,neutral
80261497-c204-4078-8155-a0a435138c70_Bedroom-9593,bedroom,5.0,1.361877429485321,5.340110189744723,0.283570895614905,0.9363102674551774,,dense
80261497-c204-4078-8155-a0a435138c70_LivingDiningRoom-9530,livingroom,12.0,1.2617040920792502,17.19266497909783,1.4592613886764756,0.6979720720777802,,neutral
802ba6ac-c040-4f27-b843-8c47791d0383_MasterBedroom-19531,bedroom,5.0,0.9738252837608201,6.302148228637205,0.8459371090092882,0.7933802599691018,,dense
80308db6-8d2d-441c-ad4d-980255eacb6f_Bedroom-8481,bedroom,4.0,1.718749946288037,6.443463890677245,0.2796507916590078,0.6207841105135109,,neutral
80362a97-c88e-46b6-a6b6-b8322b826d59_Bedroom-2878,bedroom,5.0,1.6083812633897143,6.269162487466726,0.30981810966280215,0.7975546988925508,,dense
80362a97-c88e-46b6-a6b6-b8322b826d59_DiningRoom-1814,diningroom,5.0,0.6870352522353722,2.445863085777156,0.4136026427814984,2.044268147745189,,dense
8055ba97-ba26-48bb-ac1b-8ed9b3330d62_MasterBedroom-92245,bedroom,6.0,1.9465417490557375,14.438053134099945,0.21605390781054357,0.4155684941918614,,sparse
8055ba97-ba26-48bb-ac1b-8ed9b3330d62_SecondBedroom-92373,bedroom,3.0,1.9232154559871646,4.9093134219238115,0.22066813383589,0.6110834127238083,,neutral
8061b714-949a-4a46-a6d2-69085c163cb3_Bedroom-21704,bedroom,5.0,1.6598805389468982,15.211379192074219,0.5549452981098415,0.3287012924248982,,sparse
8061b714-949a-4a46-a6d2-69085c163cb3_LivingDiningRoom-21727,livingroom,10.0,1.8938172604482078,19.806380544246885,0.36275499357687807,0.5048878051020118,,sparse
806855a9-aa7b-4ea5-8e5f-efc2b0260489_SecondBedroom-7076,bedroom,5.0,1.5636458873426429,6.614643999201188,0.7271121409751081,0.755898579062429,,dense
8072be53-ff54-4db6-9fba-7f9a9b1430e1_Bedroom-3753,bedroom,4.0,1.5658434167826751,6.5844670293863565,0.3078818215104915,0.6074903226256693,,neutral
807602ef-635e-4315-a24c-191c4b825dbf_LivingDiningRoom-144857,livingroom,12.0,2.343415881428903,17.923184402266035,0.43953831376482044,0.6695238820665615,,neutral
8077b5fc-e48d-4105-a59f-de2369e4bb39_LivingDiningRoom-9549,livingroom,5.0,2.981110413328809,18.358982644155994,0.16455602402140374,0.2723462458085385,,sparse
8077b5fc-e48d-4105-a59f-de2369e4bb39_MasterBedroom-8179,bedroom,4.0,1.617755631666881,5.115552509509678,0.37914158941871384,0.7819292232000561,,dense
807ccf8e-f477-4188-81be-0f0e00266f8c_MasterBedroom-3054,bedroom,5.0,1.0408389520052448,8.064049240321994,0.9077884685477494,0.6200358964822432,,neutral
809652f3-1c3d-4962-90d3-737fadb964ec_DiningRoom-16187,diningroom,7.0,0.9575207320771462,7.283426026711238,0.6868418223108657,0.961086166637541,,dense
809652f3-1c3d-4962-90d3-737fadb964ec_MasterBedroom-16250,bedroom,5.0,1.6976243759437355,5.860250426661547,0.32143244820046113,0.8532058591305607,,dense
809652f3-1c3d-4962-90d3-737fadb964ec_SecondBedroom-16272,bedroom,4.0,1.6660124455931644,6.719514098375931,0.24490370539892697,0.5952811381059202,,neutral
80a1dad3-492a-4c8d-af9c-b33690528220_MasterBedroom-9893,bedroom,6.0,2.102531179942724,17.17435044712797,0.277473433409902,0.34935819077823504,,sparse
80bfa178-96af-4ea9-adf6-c32d5bc23085_SecondBedroom-63538,bedroom,7.0,2.1860177657334536,15.75740369768395,0.4933209376255867,0.44423561992188293,,sparse
80c2e2ae-7c24-42a2-8f0f-933d38d3ff9e_Bedroom-62451,bedroom,6.0,2.442114493918322,12.97204873946127,0.1671339964329176,0.46253295223505153,,sparse
80c650a0-8b67-44a3-ab43-bf5c96522bea_Bedroom-15603,bedroom,4.0,2.4683309793472294,7.824261422206069,0.12957577584327687,0.5112303620949554,,sparse
80c650a0-8b67-44a3-ab43-bf5c96522bea_DiningRoom-15480,diningroom,6.0,1.301434304311737,3.5473183502448045,0.3828761015532262,1.691418532984482,,dense
80c650a0-8b67-44a3-ab43-bf5c96522bea_LivingRoom-15502,livingroom,8.0,1.6394097512555856,20.521111306278552,0.2346638583150618,0.38984243497340976,,sparse
80c650a0-8b67-44a3-ab43-bf5c96522bea_MasterBedroom-10044,bedroom,3.0,0.6509884198506674,3.310988301790236,0.5459879177310457,0.9060738747937931,,dense
80d80e4a-197a-4bd5-9ed1-81c48786a321_Bedroom-593,bedroom,5.0,1.6914489523776328,6.610437898687998,0.2434688032603576,0.7563795434781063,,dense
80d80e4a-197a-4bd5-9ed1-81c48786a321_Bedroom-74,bedroom,3.0,1.5921251467295772,7.647464524431661,0.6068091203036954,0.3922868802353747,,sparse
80d80e4a-197a-4bd5-9ed1-81c48786a321_LivingDiningRoom-398,livingroom,10.0,1.5544951138892826,11.471442639013848,0.30646367621100196,0.8717299397017827,,dense
80def5d0-c5bf-4a24-8ca9-5185d8002817_MasterBedroom-243116,bedroom,5.0,1.5994599023095286,7.058525177286326,0.32051330075993684,0.7083632734058288,,neutral
80def5d0-c5bf-4a24-8ca9-5185d8002817_SecondBedroom-243138,bedroom,5.0,2.082824641067286,13.128301606940115,0.3409380135939384,0.38085657609791745,,sparse
810c7c5f-af5f-42f7-b64c-ecd80a5d253d_Bedroom-15856,bedroom,6.0,1.5111406622775405,9.050895721037092,0.5884082713645142,0.6629178133225132,,neutral
811213d3-3ae0-4456-9f16-48ee33b2d560_DiningRoom-17147,diningroom,7.0,0.7926535539432121,5.674347495553613,0.883985025964037,1.2336220165376126,,dense
8115c36a-f798-4ed7-82c0-7f67a7888fbf_MasterBedroom-1303,bedroom,5.0,0.9370110222230572,13.776099859362823,0.8079428015850058,0.36294742714149153,,sparse
8115c36a-f798-4ed7-82c0-7f67a7888fbf_SecondBedroom-1001,bedroom,4.0,1.5819855472875946,6.690153504530568,0.28132158551863756,0.5978936054742544,,neutral
8130be63-1fe1-4c4e-b2aa-d0ee9e7f0710_DiningRoom-35087,diningroom,6.0,0.8662536817751701,7.296116922701395,0.12165624855858118,0.8223552423250495,,dense
8130be63-1fe1-4c4e-b2aa-d0ee9e7f0710_MasterBedroom-35187,bedroom,5.0,1.74950608594905,7.48315977961226,0.3788731386331328,0.6681669438119462,,neutral
81461ff0-4f44-44df-9a8e-bb81a1c032ca_MasterBedroom-49492,bedroom,4.0,1.8196057185896206,7.234242192518655,0.17897216483902023,0.5529259172628516,,neutral
814ba6f7-fdd2-4b5d-9604-9e3b682db37f_DiningRoom-27308,diningroom,6.0,1.48232703468466,9.072279192944906,0.23465925212633257,0.6613553080096922,,neutral
814ba6f7-fdd2-4b5d-9604-9e3b682db37f_MasterBedroom-27443,bedroom,5.0,1.7250788171048463,10.284107516329948,0.4781229381588597,0.486187060185883,,sparse
814ba6f7-fdd2-4b5d-9604-9e3b682db37f_SecondBedroom-23205,bedroom,4.0,1.6787201414138921,5.0330563864604025,0.4972619284196047,0.7947457156968353,,dense
81558907-9dff-4a6d-a766-6e0748997ae6_Bedroom-2694,bedroom,11.0,1.2479916992963587,17.447319886721136,0.7546361994297609,0.6304693254562219,,neutral
81558907-9dff-4a6d-a766-6e0748997ae6_Bedroom-5697,bedroom,5.0,1.5451877722070129,11.960234578673717,0.18588807326143883,0.418052001163547,,sparse
8174e94b-cb97-4d24-bd3a-81a095192bbe_Bedroom-33603,bedroom,5.0,1.5925730991027218,10.57915416198599,0.5069828904757039,0.47262757716174225,,sparse
81ab6211-4344-4d80-9001-34342f26568d_MasterBedroom-8961,bedroom,5.0,2.1070444944867477,13.182870228332954,0.38357314500507383,0.37928007432356237,,sparse
81c47424-f98c-418d-b810-ad23e586b3b2_SecondBedroom-304,bedroom,5.0,1.1504041373873415,3.8469228141346643,0.5969783486992145,1.2997401407765732,,dense
81c47424-f98c-418d-b810-ad23e586b3b2_SecondBedroom-791,bedroom,5.0,1.2350978851318362,4.1239917479095505,0.5209361929010208,1.212417556978502,,dense
81cd1f33-a6e7-4ff5-b0ae-f132fd8ded6e_MasterBedroom-14388,bedroom,7.0,1.3049522209623432,10.006377567166808,0.8138614739126103,0.699553854830402,,neutral
81dc4064-023a-41b3-adda-8a5ac462dc13_LivingDiningRoom-54190,livingroom,13.0,1.1488141666588711,18.155837693726763,1.164522045703911,0.7160231446931133,,neutral
81dc4064-023a-41b3-adda-8a5ac462dc13_MasterBedroom-52848,bedroom,4.0,1.2986554022645862,7.169553937991896,0.6204921209983033,0.5579147649345045,,neutral
81e13b7b-a684-4086-a394-0ecc5956a1d1_MasterBedroom-26925,bedroom,5.0,2.246665913367995,14.64252954927976,0.5243936250868532,0.34147105410799333,,sparse
8207dd97-de33-4456-91c8-b085fb42b6a5_MasterBedroom-14249,bedroom,6.0,1.4732682709527838,11.604403902371,0.8263140862132683,0.5170450848211243,,sparse
8207dd97-de33-4456-91c8-b085fb42b6a5_SecondBedroom-14227,bedroom,4.0,1.8508156543981036,6.5293485474621376,0.3575548324509149,0.6126185439364761,,neutral
82085a6f-82f5-4a49-a5b1-3f69e530edb0_MasterBedroom-5215,bedroom,6.0,1.961550282025332,18.658041138315475,0.34741788800296636,0.3215771664088905,,sparse
82139c38-28e9-4c1c-8c59-eaffa520c98f_MasterBedroom-120163,bedroom,6.0,1.5149036702272753,11.454432190325246,0.4902799061704849,0.523814703365897,,sparse
82139c38-28e9-4c1c-8c59-eaffa520c98f_SecondBedroom-120097,bedroom,4.0,1.278603677415118,7.790870468915548,0.37147787857746384,0.5134214483425728,,sparse
82150431-fe02-4c4d-bbb5-edf819efc22a_LivingRoom-26823,livingroom,7.0,1.7480436670727797,13.154591330165564,0.5316561279637382,0.5321335968794325,,sparse
822213ac-e850-4189-ae92-5a9e0946be04_Bedroom-75240,bedroom,3.0,0.7067132319707378,4.43944700476165,0.7492383045882572,0.6757598405347035,,neutral
825acf77-b557-44bc-82f8-ccb2b9e1ca58_Bedroom-4788,bedroom,3.0,1.543341939570415,4.083968477603678,0.2679662128746259,0.7345796169710618,,dense
825acf77-b557-44bc-82f8-ccb2b9e1ca58_Bedroom-8789,bedroom,3.0,1.4827281417572902,4.56518212241748,0.23371722259284003,0.6571479339823924,,neutral
826004c1-e596-467f-99b1-b10c1b1f31e5_LivingRoom-7407,livingroom,9.0,1.4798865714966123,16.07571990773139,0.3547042502394926,0.5598505106867144,,neutral
8267a9b2-ea3f-4c0c-b45a-a2b025d41c03_MasterBedroom-17823,bedroom,3.0,1.2645796585606697,4.399417593560892,0.21218225753824912,0.681908442697252,,neutral
8270c12f-973b-42ef-ace3-ce6e331d122e_MasterBedroom-218,bedroom,4.0,0.9348761240641276,2.9177942636002783,0.5535606404791188,1.3708985756467913,,dense
8278f1d9-9da7-47cd-bc34-2e476e2bda69_LivingDiningRoom-39667,livingroom,13.0,1.7670685759457296,17.96828821831574,0.5523752080915391,0.7234968541270737,,neutral
8278f1d9-9da7-47cd-bc34-2e476e2bda69_MasterBedroom-22824,bedroom,6.0,1.5907553692463936,15.925920050893808,0.4734055737166063,0.3767443250265006,,sparse
8278f1d9-9da7-47cd-bc34-2e476e2bda69_SecondBedroom-26472,bedroom,4.0,1.3215553139866638,2.5403430084725853,0.7347472479934554,1.5745905126430357,,dense
8281cc45-1b8f-4bbb-9564-cd8adc98cda3_MasterBedroom-10939,bedroom,6.0,2.0747214088011723,11.404639743260574,0.27831400323146277,0.526101668713001,,sparse
82a7d3a7-7fe0-4bfd-82b7-05c56353983c_MasterBedroom-3845,bedroom,5.0,1.8896936206130186,8.26685638148666,0.2642783415238643,0.6048248293265779,,neutral
82c74c70-ad7b-47de-a718-66e8386256a5_Bedroom-30701,bedroom,4.0,1.4869507840445948,10.45316472088683,0.6223638674419572,0.3826592335245097,,sparse
82c74c70-ad7b-47de-a718-66e8386256a5_LivingDiningRoom-31700,livingroom,14.0,0.9860858202838303,12.769151403276846,1.4519099869018222,1.09639235669234,,dense
82c7d0d3-775f-40f8-b3d6-9382b070a1e9_Bedroom-1299,bedroom,4.0,1.4920944913727814,6.183741584279154,0.1940168166767067,0.6468575611518353,,neutral
82c830e5-5bf1-4f4a-be30-9c6d47c6af2b_SecondBedroom-28302,bedroom,5.0,1.2590559642091286,8.456696974178552,0.3812911794239334,0.5912473883440383,,neutral
82d13473-977b-457d-9e8a-6604dfe72c89_LivingDiningRoom-8375,livingroom,6.0,4.422012713399599,32.71712984695523,0.1952914225832382,0.18339016986107604,,sparse
82d40986-a40f-4638-918b-fc023ce6f380_MasterBedroom-59476,bedroom,5.0,1.5984431879914922,6.135952079237514,0.2689442768511737,0.8148694669436413,,dense
82d87086-84b8-4741-9ec2-e8f14efb5d7c_Bedroom-9803,bedroom,4.0,1.4356033137385964,4.554351513967234,0.64907907409189,0.8782809117242807,,dense
82ecde66-203f-44a3-bd79-aa80f15f22c9_Bedroom-14262,bedroom,5.0,2.1001675356201774,12.501972807289908,0.26675776591771394,0.39993688012859036,,sparse
83159087-2f7a-44ac-a0ae-76485750bfe5_Bedroom-39186,bedroom,5.0,1.675166627147681,10.8217687434257,0.5605389074004665,0.4620316806379304,,sparse
8321a64d-d3ba-4901-b3d2-2b3d1101e529_LivingDiningRoom-63349,livingroom,15.0,2.9422926751591656,34.206029264261865,0.8190032061738886,0.43851918280593466,,sparse
83261694-9e42-4893-aab9-9d2c669490a8_Bedroom-15373,bedroom,8.0,1.899759069229726,14.749480614583655,0.6361439816740534,0.5423919803718338,,neutral
83261694-9e42-4893-aab9-9d2c669490a8_MasterBedroom-15307,bedroom,5.0,1.4792539663861726,14.242229903101862,0.7069396435281162,0.35106862015413987,,sparse
833a4e8c-d4b2-41b2-95bc-d031cf854c59_MasterBedroom-10673,bedroom,5.0,1.8928432061068658,7.1624035424003125,0.20964092465342735,0.6980896804265188,,neutral
8342c7fe-6d97-43ea-a89b-4106943a533e_MasterBedroom-963,bedroom,6.0,1.3078420464435299,10.454620998152913,0.584537807597743,0.5739088964640668,,neutral
834d357f-00fa-46b1-b73a-8120c46ecaef_MasterBedroom-40557,bedroom,7.0,1.2735056155219746,11.639633745168636,0.8161728345609573,0.6013934934082914,,neutral
835f8679-e773-4ce3-9a38-4281f4ae78ef_MasterBedroom-22898,bedroom,5.0,2.232162687874916,8.44393478392211,0.349133621261506,0.5921410015530174,,neutral
835f8679-e773-4ce3-9a38-4281f4ae78ef_SecondBedroom-23036,bedroom,4.0,2.2434579315392935,6.936004418920642,0.29177048345127177,0.5767009013270592,,neutral
8360c9a4-f5ea-461f-8a0d-278ca17eb5dc_MasterBedroom-129464,bedroom,6.0,1.5037435054779054,5.895176653125418,1.0762578203341266,1.0177812053891564,,dense
8360c9a4-f5ea-461f-8a0d-278ca17eb5dc_SecondBedroom-129545,bedroom,4.0,1.9216957221782642,13.052461485663482,0.28944630199025506,0.30645560643051933,,sparse
836a1139-c96e-44b0-b627-91d60c2aacb0_Bedroom-18751,bedroom,6.0,2.0941741185370386,11.608138724375921,0.205296907162474,0.5168787298691223,,sparse
836eac3f-e90a-4cc0-8b70-eb56947c9bde_LivingRoom-33359,livingroom,10.0,2.87536032289976,33.25450717905367,0.5631241105929081,0.3007111170271317,,sparse
836eac3f-e90a-4cc0-8b70-eb56947c9bde_SecondBedroom-33263,bedroom,5.0,1.436468577586251,6.8538600222604416,0.27147026767172744,0.7295159200451502,,dense
8373d0f1-b5de-4f24-b5c9-9a087e2ae1d7_LivingDiningRoom-69519,livingroom,17.0,1.5196720686967315,30.90534479575009,0.8574763434093791,0.5500666668613816,,neutral
83793e28-7213-400b-b3ef-978fc7962cfa_MasterBedroom-8266,bedroom,7.0,1.7656227582675765,9.178673468054182,0.6481813029999446,0.7626374360481476,,dense
83873897-a199-40c8-94f4-34a5f25f53ca_MasterBedroom-3451,bedroom,5.0,1.383089433942999,7.8524048863716045,0.8156864568059333,0.6367476043775899,,neutral
838bdb43-9217-4b8b-a6ea-340a256cca0e_LivingDiningRoom-71691,livingroom,15.0,2.4128097128279142,20.969739264919184,0.38362956565070633,0.7153164763042088,,neutral
838bdb43-9217-4b8b-a6ea-340a256cca0e_MasterBedroom-71742,bedroom,6.0,1.5844274237811276,4.911545172414804,0.5651707959841153,1.2216114866861845,,dense
838bdb43-9217-4b8b-a6ea-340a256cca0e_SecondBedroom-67739,bedroom,4.0,0.7632541656494141,2.3936159452352257,0.545283872286201,1.6711118623530525,,dense
83b4b802-7830-451f-8242-2981799aab61_DiningRoom-11161,diningroom,7.0,1.3810823511268764,5.8708040017037995,0.6499474756632053,1.1923409464816896,,dense
83c802b6-a1c0-4753-b38a-490bafe0ddd3_MasterBedroom-20944,bedroom,4.0,1.9276172849176918,14.091305718931121,0.5775795347734137,0.28386297762500146,,sparse
83ec537a-528d-4a4d-9bc2-6d6e7b805945_DiningRoom-47598,diningroom,6.0,0.9653546571731567,9.713930034036851,0.5072958838048147,0.6176696742694737,,neutral
83ec537a-528d-4a4d-9bc2-6d6e7b805945_MasterBedroom-47626,bedroom,4.0,0.7860941092173258,2.5750858001431594,0.41749351134619295,1.5533463000641081,,dense
83ecfed1-fa86-410e-bba8-37fe041bce65_MasterBedroom-125741,bedroom,7.0,1.4878758157838057,10.890223496563976,0.9582196020613505,0.6427783600776056,,neutral
83ecfed1-fa86-410e-bba8-37fe041bce65_SecondBedroom-125678,bedroom,7.0,1.3026818024320825,10.272680463866344,0.5661994015849297,0.6814190341675828,,neutral
8422cae1-c835-4703-aa9d-b15c8824bbc3_LivingDiningRoom-1287,livingroom,11.0,1.9549915726358322,21.382672442350017,0.7729131030285283,0.5144352292566414,,sparse
8422cae1-c835-4703-aa9d-b15c8824bbc3_SecondBedroom-1636,bedroom,4.0,1.4151880679979836,6.587667759211953,0.20293167175093446,0.6071951631753965,,neutral
8442cc57-83b6-4c2a-b7f3-ed7cc2780098_DiningRoom-17200,diningroom,9.0,1.4116909202947747,14.505300307893819,0.48188095784840335,0.6204628521273826,,neutral
8442cc57-83b6-4c2a-b7f3-ed7cc2780098_LivingRoom-17283,livingroom,9.0,1.8434214064022845,20.698411455660267,0.32403716356821455,0.4348159770270112,,sparse
8442cc57-83b6-4c2a-b7f3-ed7cc2780098_MasterBedroom-14747,bedroom,9.0,2.1156360897045596,16.93441785453638,0.6463903631967247,0.5314620246948191,,sparse
8442cc57-83b6-4c2a-b7f3-ed7cc2780098_SecondBedroom-18194,bedroom,6.0,1.2778261746859974,8.90239370875233,0.780692233481321,0.673976033446054,,neutral
8444f7d5-2c4b-4abf-8da2-52e430225b67_Bedroom-219,bedroom,3.0,1.1511044210732297,3.903083761666107,0.3889581525496793,0.7686230127737232,,dense
8444f7d5-2c4b-4abf-8da2-52e430225b67_Bedroom-358,bedroom,3.0,1.8436402687124414,6.99796020230714,0.13586846247308343,0.42869635054668326,,sparse
844dfcbe-0ab2-47e1-aa19-024c5b2a3fd8_DiningRoom-8345,diningroom,6.0,0.6852885564168294,1.5943464106586491,0.9053013588518483,3.763297586953708,,dense
84514efe-79b4-4995-bcf9-735b593f9fcb_Bedroom-20113,bedroom,9.0,1.8712827039342257,14.571876530204987,0.5834032708949017,0.617628071535231,,neutral
8458bf29-9feb-4dc2-a804-bb2f7b9be0b6_LivingDiningRoom-57979,livingroom,17.0,3.1685367030911085,27.853768347217937,0.4352852931887913,0.6103303433877368,,neutral
8458bf29-9feb-4dc2-a804-bb2f7b9be0b6_SecondBedroom-58083,bedroom,5.0,2.1817573847359624,15.85777012330215,0.2347808258995083,0.3153028427781764,,sparse
8463261b-999e-4506-a090-7fffcc106adb_MasterBedroom-30627,bedroom,3.0,1.7488030719040644,4.589194951335307,0.1126107128797176,0.6537094265579406,,neutral
8463261b-999e-4506-a090-7fffcc106adb_SecondBedroom-30652,bedroom,5.0,1.8586856303521233,11.408060486431646,0.2279518465357415,0.4382865962138637,,sparse
8478b032-a360-4549-80dc-1409a87f4a2b_MasterBedroom-18055,bedroom,7.0,1.3960455761191664,9.78218321675145,1.3003991372439596,0.7155866788523123,,neutral
84792e19-2521-40c2-864b-c755010f6c00_SecondBedroom-68005,bedroom,6.0,1.695332979550611,13.483503975918893,0.35684551150797794,0.44498818784166255,,sparse
847a92f1-3150-4808-a2cd-06fa68ea03ec_SecondBedroom-6704,bedroom,4.0,1.0840810514540689,4.856992463226329,0.5024115750603195,0.8235549118688442,,dense
848506e2-a801-43e7-b843-122761708d88_MasterBedroom-1282,bedroom,5.0,0.9172024526113086,6.283673003805259,0.836186623987003,0.795712952754242,,dense
848506e2-a801-43e7-b843-122761708d88_SecondBedroom-1956,bedroom,5.0,2.147841730332509,9.080881384215285,0.34672348650940954,0.5506073461868117,,neutral
8495ba23-5e37-4bf5-a795-dee5cf78c5f3_LivingDiningRoom-516,livingroom,14.0,1.5225370902994662,28.37947536950671,1.4895679518334664,0.49331426383740606,,sparse
8495ba23-5e37-4bf5-a795-dee5cf78c5f3_MasterBedroom-69027,bedroom,9.0,1.1841865698809215,12.861631050300204,0.9243145503047961,0.6997557280878408,,neutral
84bf591e-7035-41e7-8e3c-23b6ec81cc6e_Bedroom-10062,bedroom,5.0,1.9555753705562324,7.700105164199923,0.3108211061327311,0.6493417808430053,,neutral
84bf591e-7035-41e7-8e3c-23b6ec81cc6e_LivingDiningRoom-10021,livingroom,14.0,1.4217544718835715,24.196512261830218,1.174562974149099,0.5785957847356734,,neutral
84c93db3-027c-44b5-92bf-1b4a150d1dee_SecondBedroom-40906,bedroom,5.0,0.8964924649738517,5.608827151186749,0.9551803169142099,0.8914519676260785,,dense
84dc6b73-ea3a-424b-91ae-175027928d17_SecondBedroom-3776,bedroom,5.0,1.6950366696579273,9.514174953828332,0.15970340318319928,0.5255316434966428,,sparse
8504e027-78af-4833-b36d-2ab919e84ee2_LivingDiningRoom-8799,livingroom,7.0,1.7918761413811906,18.75039387875139,0.6127719801421359,0.37332549093449435,,sparse
8504e027-78af-4833-b36d-2ab919e84ee2_MasterBedroom-7802,bedroom,3.0,0.8453877223115652,4.468610175402412,0.6623696443854005,0.6713496774709915,,neutral
8504e027-78af-4833-b36d-2ab919e84ee2_SecondBedroom-16638,bedroom,4.0,1.2172831694285076,2.6602816832430136,0.772853466549093,1.503600173318415,,dense
85332070-5fa0-412e-bc3a-028540bf5912_MasterBedroom-6075,bedroom,4.0,1.85762266656828,7.198809597132487,0.3760881496253844,0.5556474228174233,,neutral
8555557f-34b5-485a-a0f1-db9ee2580959_MasterBedroom-109910,bedroom,5.0,1.8874633761177215,8.111148430907981,0.34853238358277,0.6164355199008839,,neutral
8555557f-34b5-485a-a0f1-db9ee2580959_SecondBedroom-110849,bedroom,6.0,1.2308229852168053,8.595797827153607,0.8783202789533325,0.6980154862468219,,neutral
8563478a-b3c7-482c-850f-910502fd4e6a_MasterBedroom-41181,bedroom,7.0,2.081463764361935,15.228028486331173,0.6346736907407434,0.45967867779360067,,sparse
8563478a-b3c7-482c-850f-910502fd4e6a_SecondBedroom-34825,bedroom,5.0,1.8322388591345125,9.717335125838538,0.27946129751320625,0.5145443617257704,,sparse
8565e208-9e7e-4529-804a-23052c33631e_LivingDiningRoom-74612,livingroom,15.0,2.183400107642475,24.478052405680586,0.5819600552956318,0.6127938510548728,,neutral
856c1df0-c383-4960-819e-e9caddd88631_MasterBedroom-193,bedroom,4.0,1.7165660980356998,6.4709010564413925,0.1946053766634614,0.6181519335731831,,neutral
857cd64e-778c-483a-91e4-16f2a2cc774e_Bedroom-2671,bedroom,4.0,1.391462563677835,4.462340714189772,0.4788650441961951,0.8963905394494917,,dense
857cd64e-778c-483a-91e4-16f2a2cc774e_Bedroom-3027,bedroom,3.0,1.674100614857756,4.422367983797664,0.06671235376975605,0.6783695999498848,,neutral
85a4cbf5-71f3-4b22-a877-662d179cdce6_LivingDiningRoom-57707,livingroom,17.0,3.168544913323669,27.853768347217937,0.4352852931887913,0.6103303433877368,,neutral
85b8bb95-393e-435e-9b4a-a09a46910920_MasterBedroom-137524,bedroom,4.0,1.6404256523930172,6.460959301531457,0.14608460059031744,0.6191031104393229,,neutral
85e97691-e825-435f-b4bd-6e47c8620a5e_LivingDiningRoom-381,livingroom,7.0,2.7651008986303767,11.490708796538824,0.15257892303903586,0.6091878337486463,,neutral
86223b94-4407-468b-b593-c436c1ee5127_Bedroom-13468,bedroom,9.0,1.3318619183745788,12.361923273020418,1.2602890780101297,0.7280420531036842,,neutral
862269d5-f301-4857-90ea-df3b2d848997_MasterBedroom-8733,bedroom,7.0,1.1905802999223982,8.189610251319966,0.9254667807606272,0.8547415304497269,,dense
862269d5-f301-4857-90ea-df3b2d848997_SecondBedroom-8680,bedroom,4.0,0.714065313339234,2.702191913410619,0.6066109561933369,1.4802797610889633,,dense
863e7831-9dbc-442a-842c-0fdd6b3d40b0_MasterBedroom-31419,bedroom,5.0,1.2956189595762602,7.885698014241621,0.5321628838120674,0.6340592793396308,,neutral
864615ad-ed48-4703-9d5d-cf92e03124dd_MasterBedroom-13595,bedroom,3.0,0.788472526595431,4.576605195331451,0.9962007366535561,0.6555077119302906,,neutral
864a6e55-ad69-4803-8922-391d57d061b9_SecondBedroom-41862,bedroom,9.0,2.0718985016936795,23.820793508909784,0.8351194369400379,0.3778211668991503,,sparse
865efbe7-e24e-4080-9c8e-dc6c52180ea6_MasterBedroom-26247,bedroom,6.0,1.9866720422074535,17.377542236256176,0.19865546517752883,0.34527322209476285,,sparse
865efbe7-e24e-4080-9c8e-dc6c52180ea6_SecondBedroom-26143,bedroom,6.0,1.4800175319332085,10.73837592731849,0.6969421599299904,0.5587437095339497,,neutral
8660193c-1cdf-45f0-b8be-f9022ba57802_SecondBedroom-15743,bedroom,4.0,1.4463743142893104,5.552263034553545,0.7708760550719574,0.7204269637635491,,neutral
86617e2f-b62a-4a2b-93b5-48128ab9a092_MasterBedroom-8911,bedroom,5.0,1.9443082780408072,13.403675623300185,1.0014352479930424,0.3730320055872052,,sparse
86617e2f-b62a-4a2b-93b5-48128ab9a092_SecondBedroom-8847,bedroom,4.0,1.8480486857867122,5.5859881689024355,0.3130983270786937,0.7160774206913405,,neutral
86669bea-46aa-4a87-96f5-cbbe054e6d08_Bedroom-19737,bedroom,3.0,1.0396035418497291,4.369278897952556,0.3399558320849491,0.6866121550184859,,neutral
86669bea-46aa-4a87-96f5-cbbe054e6d08_Bedroom-23167,bedroom,6.0,1.7158937997494799,5.681516348555236,0.4782300116015028,1.0560561005031257,,dense
86963bbe-7969-4632-a379-1cd39e2a69ab_DiningRoom-14660,diningroom,8.0,0.8434470098886481,2.4576404069313043,0.37055602344635663,3.255154813306915,,dense
86963bbe-7969-4632-a379-1cd39e2a69ab_MasterBedroom-14075,bedroom,5.0,1.6362168431282043,6.575714206366065,0.23885393078793238,0.760373678521401,,dense
86963bbe-7969-4632-a379-1cd39e2a69ab_SecondBedroom-14975,bedroom,6.0,0.8162722912695691,6.7431620685267,0.950291358376913,0.8897902703547104,,dense
86b14d42-1ea7-4570-8cf3-81c4f7b6a840_MasterBedroom-34842,bedroom,7.0,1.7084750764506713,14.287091903907712,0.7055525257686213,0.48995275225222046,,sparse
86b16b1f-1846-46bf-959b-1c7ae05b4ed6_LivingRoom-40975,livingroom,5.0,1.9022096872329712,8.124227694661087,0.6505362739603952,0.6154431150773626,,neutral
86b16b1f-1846-46bf-959b-1c7ae05b4ed6_MasterBedroom-46932,bedroom,6.0,2.0607572194635675,18.019645152812632,0.6410420726298712,0.3329699308237198,,sparse
86b16b1f-1846-46bf-959b-1c7ae05b4ed6_SecondBedroom-56104,bedroom,4.0,1.6455871285413102,6.401386008070971,0.3203176774519955,0.6248646769553867,,neutral
86b8d631-2312-4e2f-82f7-de19d29a5f39_Bedroom-22495,bedroom,3.0,2.043579082961209,9.270863922375998,0.10461216398341729,0.3235944379206399,,sparse
86bbd7c6-31bc-423a-88ba-554381085ef4_MasterBedroom-11896,bedroom,6.0,1.3293477136219596,10.225424033890603,0.9148790458136175,0.5867727323692317,,neutral
86bd6c59-e949-41d5-a944-832b67e3d763_SecondBedroom-8913,bedroom,5.0,1.355848689003789,7.379523739387379,0.5651589120533245,0.6775505000835029,,neutral
86ee5b13-72d1-4100-a8af-0e86d7e69aa4_Bedroom-7809,bedroom,7.0,1.9693457486221662,13.086806973402076,0.3192317338409758,0.5348898332669656,,neutral
86ee5b13-72d1-4100-a8af-0e86d7e69aa4_MasterBedroom-13001,bedroom,6.0,2.1769418531308675,18.71391657670436,0.20331328261087933,0.3206170111642465,,sparse
86f1f54f-e8ef-4e21-b8bd-109ae91c95ff_Bedroom-59718,bedroom,6.0,1.8537174385947341,15.358563183939316,0.331097258583949,0.39066154354036786,,sparse
87033dd1-ac83-4bc2-84a0-c1b99d877cfd_DiningRoom-11640,diningroom,17.0,2.6161330851173243,23.13780635766465,0.5018092001900396,0.7347282511234503,,dense
87033dd1-ac83-4bc2-84a0-c1b99d877cfd_MasterBedroom-11662,bedroom,7.0,2.153399506253391,21.935502138931746,0.3747782585903914,0.3191173812965149,,sparse
87033dd1-ac83-4bc2-84a0-c1b99d877cfd_SecondBedroom-8814,bedroom,5.0,1.6873756007724396,9.402024709835569,0.14947212294680765,0.5318003466603785,,sparse
871235f6-ecd6-4a95-86e2-312c2f9ffe55_LivingDiningRoom-29009,livingroom,8.0,1.6270205829120905,25.87732273216445,0.3045414131894892,0.3091509922723315,,sparse
871235f6-ecd6-4a95-86e2-312c2f9ffe55_LivingDiningRoom-29062,livingroom,7.0,0.878809389613924,8.344236462586439,0.9074255038064953,0.8389024006434054,,dense
871235f6-ecd6-4a95-86e2-312c2f9ffe55_MasterBedroom-28975,bedroom,7.0,1.645928005323437,15.45250108947341,0.4248511862079315,0.4530011005641382,,sparse
871a8a69-b714-41c1-9950-0b8235baa52a_Bedroom-14731,bedroom,7.0,1.7286942972224046,8.788062988731843,0.41086076420963275,0.7965350281370857,,dense
871a8a69-b714-41c1-9950-0b8235baa52a_Bedroom-8660,bedroom,4.0,1.5977018924268716,6.837841445747305,0.2544650574369051,0.5849799284959644,,neutral
871a8a69-b714-41c1-9950-0b8235baa52a_MasterBedroom-14861,bedroom,5.0,1.6673506916872274,8.937224845654459,0.26564138025851963,0.5594577831877137,,neutral
873270b6-6e93-44e8-8745-ef3076b4ba5a_LivingDiningRoom-13071,livingroom,13.0,1.9574127261342529,24.983395821968365,0.8144563771058544,0.5203455964368486,,sparse
873270b6-6e93-44e8-8745-ef3076b4ba5a_MasterBedroom-13141,bedroom,4.0,2.311122025982453,15.725752910435823,0.2567778405946037,0.25435984037022136,,sparse
87517851-90e9-43ac-a6b7-c9cf83a99874_SecondBedroom-1916,bedroom,4.0,1.2366884797729985,5.81311520401003,0.16688758432008421,0.688099213523362,,neutral
876631f3-8f59-4a3b-bae1-8da99beff4c5_DiningRoom-5413,diningroom,9.0,1.6313241401608722,11.172268682203121,0.36712637679558924,0.8055660185058529,,dense
876631f3-8f59-4a3b-bae1-8da99beff4c5_LivingRoom-6045,livingroom,7.0,1.8121672809661964,17.967156471848693,0.5731007804945241,0.3895997683867084,,sparse
876631f3-8f59-4a3b-bae1-8da99beff4c5_MasterBedroom-10019,bedroom,5.0,1.7304669853133379,13.667723716455418,0.31511931228213386,0.36582536373486907,,sparse
876631f3-8f59-4a3b-bae1-8da99beff4c5_SecondBedroom-4901,bedroom,4.0,1.5661440776646354,6.399001088445876,0.2558240501884932,0.6250975651844246,,neutral
876b4ae9-721e-494c-9fe6-e7ae55467300_MasterBedroom-149108,bedroom,7.0,2.083910611285441,14.549859024758144,0.5753603926460965,0.48110431778677376,,sparse
876b4ae9-721e-494c-9fe6-e7ae55467300_SecondBedroom-149130,bedroom,5.0,2.2786592702018593,12.994494767030497,0.19426068303981553,0.3847783303346237,,sparse
8777034c-23da-4555-b6cd-1570abbb80bb_Bedroom-11338,bedroom,6.0,1.8376214086325482,6.693680091228422,0.37349366576739645,0.896367904982875,,dense
877816d8-eff9-4884-8c9a-fbad50a7b5ab_MasterBedroom-11456,bedroom,4.0,1.5422155658404033,5.471990558974151,0.26123441644462103,0.7309954132577836,,dense
877816d8-eff9-4884-8c9a-fbad50a7b5ab_SecondBedroom-16154,bedroom,5.0,1.6035828590393066,4.201056918480049,0.33024176305384173,1.1901766857776852,,dense
878a346d-66ea-4807-8ee1-ce1bcc9080fa_LivingDiningRoom-7050,livingroom,11.0,2.5647779660089287,28.34941166599704,0.34148918927159794,0.3880151069658233,,sparse
878a346d-66ea-4807-8ee1-ce1bcc9080fa_MasterBedroom-7033,bedroom,5.0,2.068295469032679,12.154232217314096,0.1921791303284092,0.41137933771557683,,sparse
878a346d-66ea-4807-8ee1-ce1bcc9080fa_SecondBedroom-5641,bedroom,5.0,1.6235130819973123,7.7784651445968045,0.46187348670037676,0.6428003349058106,,neutral
87bd388a-3f7c-4fba-9b1e-4cceafa671f6_Bedroom-10367,bedroom,5.0,1.713857124423452,8.362439761632336,0.44994592678149636,0.5979116313567331,,neutral
87bd388a-3f7c-4fba-9b1e-4cceafa671f6_Bedroom-9192,bedroom,4.0,1.3641424972599052,5.7090013733045755,0.2593939072908602,0.7006479309506026,,neutral
87be1ce2-89f4-42eb-b7f5-c3f9ca284a28_MasterBedroom-2377,bedroom,5.0,0.9353300957970673,6.193212185605276,0.7038746420420926,0.8073354908816739,,dense
87d50727-70e7-4346-8f30-f00979a98a24_SecondBedroom-27156,bedroom,6.0,2.1412624233423796,8.85112509167992,0.4217642316253805,0.6778799234958294,,neutral
87d8d2c6-cdba-4127-9780-bcf1b537cc1b_MasterBedroom-79213,bedroom,5.0,1.5070322474882611,11.254235845977282,0.450685040246255,0.44427716536500356,,sparse
88140d56-63ae-4230-947f-c6054ea72507_Bedroom-263,bedroom,6.0,1.9425120767122337,9.922334346308313,0.15623263637374699,0.6046964142296163,,neutral
881ca3a4-592f-4e86-8dd8-f95513165c94_LivingDiningRoom-10479,livingroom,9.0,1.4817515196140303,16.037496301647497,0.9224641617604654,0.5611848527176558,,neutral
882b0669-0498-4ec9-8baf-2932c5c7112a_LivingRoom-2050,livingroom,8.0,1.4829446839107037,19.267870997584236,0.2242891571205993,0.4151989600201819,,sparse
884069da-a0e2-4f44-bb7d-63da58b183fc_MasterBedroom-36867,bedroom,6.0,1.8448095891209713,14.568760591018542,0.3463902971729243,0.41184011244573027,,sparse
885b27c2-0224-47a3-bd0d-5d1bfe2c164b_MasterBedroom-58885,bedroom,6.0,1.4094420959024558,8.278385531491207,0.7741155947135457,0.7247790015548122,,neutral
885bca04-679c-4098-a2d9-27885640ad28_MasterBedroom-22581,bedroom,7.0,1.2735056155219746,11.639633745168636,0.8161728345609573,0.6013934934082914,,neutral
885bca04-679c-4098-a2d9-27885640ad28_SecondBedroom-18640,bedroom,4.0,1.1643263329706848,3.68359331537371,0.2702549527090727,1.085896204476685,,dense
886fb316-5f1a-4050-9c7c-b001409a5b5b_Bedroom-149,bedroom,3.0,0.8591967423756918,1.9101081326676237,0.5193065641204313,1.5705917108526481,,dense
886fb316-5f1a-4050-9c7c-b001409a5b5b_LivingDiningRoom-491,livingroom,13.0,2.957882485423469,34.42378872538976,0.5461991433532357,0.3776458223034486,,sparse
88746b30-d6c3-4bf2-b977-d4979f90b050_MasterBedroom-1081,bedroom,5.0,1.49062614440918,4.959809242752513,0.2882818666342711,1.0081032868968127,,dense
8879fdaf-a95e-4a05-b1ae-e1bede3cb592_Bedroom-21210,bedroom,6.0,1.0700557260286954,9.701334333178588,0.6942740419169185,0.6184716239991838,,neutral
8879fdaf-a95e-4a05-b1ae-e1bede3cb592_Bedroom-21273,bedroom,5.0,1.4027272685057275,10.699292240876087,0.6192853305709014,0.467320630882271,,sparse
8879fdaf-a95e-4a05-b1ae-e1bede3cb592_LivingDiningRoom-20720,livingroom,9.0,1.181897440711162,12.61098481948831,0.8204487836771273,0.7136635345157107,,neutral
887b2099-1611-411f-9a3c-75d38d89a1a3_Bedroom-1394,bedroom,3.0,1.0996688464707263,6.255955658567284,0.6263332360548616,0.4795430408608505,,sparse
887b2bb6-d552-4778-b841-70a6ac0fe88f_DiningRoom-13592,diningroom,6.0,1.4207739722410122,6.2846589136377,0.4608033249355112,0.9547057497392594,,dense
887b2bb6-d552-4778-b841-70a6ac0fe88f_MasterBedroom-13645,bedroom,3.0,1.7934462825457256,2.056628234908531,0.7968882820722276,1.4586982465177647,,dense
888f5f5c-4947-4bfe-b50b-ee6d4f80ae28_MasterBedroom-111919,bedroom,7.0,1.6457960143155181,12.19103656038174,0.9701528838007919,0.5741923556154775,,neutral
8895975f-06f6-436c-a43f-de3a0d46f053_MasterBedroom-6430,bedroom,6.0,2.11442712577489,19.154179716699765,0.33721847201429,0.3132475568645124,,sparse
88b5a171-9136-4bb0-8d8d-43937f8cd9e4_SecondBedroom-11688,bedroom,7.0,0.8411271411903268,7.67643797382683,1.2345949267181258,0.9118812688732487,,dense
88c063af-0d7d-4f18-ad36-a226497e25aa_MasterBedroom-25927,bedroom,6.0,1.5183791851928568,8.54414110165693,0.6915351930425597,0.702235593796133,,neutral
88c063af-0d7d-4f18-ad36-a226497e25aa_SecondBedroom-13179,bedroom,6.0,1.646729021527189,6.200905429201918,0.4486243912510578,0.967600630021578,,dense
88cb5556-1b87-4153-8497-18c08f26787c_MasterBedroom-59239,bedroom,5.0,1.6940319388179947,7.00467626628551,0.30900001631935053,0.7138088628115052,,neutral
88cb9d3f-0703-455c-a951-8d04b2bb66a2_MasterBedroom-2737,bedroom,8.0,1.1196248369685777,10.537918972823595,0.7157603130999581,0.7591631725990042,,dense
88cb9d3f-0703-455c-a951-8d04b2bb66a2_SecondBedroom-762,bedroom,3.0,1.5601511469799139,7.311152777616476,0.6417433568540869,0.4103320079953296,,sparse
88cfc038-7420-4e41-ad79-b940d31d51bb_MasterBedroom-26625,bedroom,5.0,2.146465511072243,5.352109698912764,0.2647451708397735,0.9342110459760771,,dense
88cfc038-7420-4e41-ad79-b940d31d51bb_SecondBedroom-22729,bedroom,3.0,1.566663022556354,4.819216347951399,0.2584993773812156,0.6225078484545045,,neutral
88de649c-9fea-443a-96bc-57df455997b0_LivingDiningRoom-9159,livingroom,14.0,2.0980132144765182,31.15012256813347,0.8268847312605094,0.4494364338175022,,sparse
88de649c-9fea-443a-96bc-57df455997b0_MasterBedroom-9197,bedroom,6.0,1.284999710188104,11.778867494858718,0.6643408581263156,0.5093868321906925,,sparse
88e59754-af7c-44d0-bd64-0a958a919cc5_LivingDiningRoom-1651,livingroom,12.0,1.8184074821430491,13.178466113192835,0.32757601293952854,0.9105763824810321,,dense
88e59754-af7c-44d0-bd64-0a958a919cc5_SecondBedroom-417,bedroom,4.0,1.0361179915139915,7.152916267435893,0.6871833817316316,0.5592124736885645,,neutral
890ec3eb-3604-4919-879a-dbe03a2e845c_MasterBedroom-1188,bedroom,6.0,1.6335416643755343,5.7481999810437525,0.3895461159830334,1.0438050206650127,,dense
8920f107-0501-4193-8265-26184aae7b28_SecondBedroom-69015,bedroom,5.0,1.4528643039280418,5.909716945418035,0.4434356481060054,0.8460642102117322,,dense
8922b89d-1e81-4dcf-93e0-09cc99666061_Bedroom-7980,bedroom,6.0,1.9958174765767098,9.248977667618428,0.5349198646468365,0.6487203467910388,,neutral
893a9ee0-ac02-422b-923d-54f7a5b12ede_MasterBedroom-48205,bedroom,10.0,2.3518787220430397,26.7117677280052,0.5410067437084268,0.3743668371867348,,sparse
895f6fb5-d110-4733-9257-a46b351a4dd1_SecondBedroom-58860,bedroom,4.0,1.4927425643301293,4.62178536334338,0.4086570367577894,0.8654664129851363,,dense
896678cc-190d-4208-95f5-28911b3905c3_MasterBedroom-6635,bedroom,4.0,0.8525306185086569,3.171039212449558,0.43833764595129715,1.2614161263903414,,dense
896678cc-190d-4208-95f5-28911b3905c3_SecondBedroom-426,bedroom,4.0,0.8787924448649088,3.1965210795061467,0.43560927916150805,1.2513604323291334,,dense
897f8b48-e266-4749-b1f8-f798ae0d7068_Bedroom-54381,bedroom,4.0,1.3243805843604568,3.8524971667948065,0.3803927995980158,1.0382875903132494,,dense
897f8b48-e266-4749-b1f8-f798ae0d7068_Bedroom-54434,bedroom,4.0,1.4476192763001192,7.497601369936636,0.30280098321426563,0.5335039571507394,,sparse
899a7baf-5c1a-404a-a693-03ba05741c93_MasterBedroom-54525,bedroom,6.0,1.4831075455436153,10.375309701634611,0.6564935118108346,0.5782959904372503,,neutral
89b6e11d-a814-4339-9140-4a2a4206a84b_MasterBedroom-89427,bedroom,3.0,1.4850775203613946,4.645655254493923,0.2273454342185144,0.6457646630360665,,neutral
89b6e11d-a814-4339-9140-4a2a4206a84b_SecondBedroom-89491,bedroom,5.0,1.4834057323404422,5.561186330571213,0.3939871036581038,0.8990887380474498,,dense
89ba5dd1-f59b-484e-9f71-dd13d3db5a5a_SecondBedroom-13413,bedroom,4.0,1.9233699434177656,10.17970701539208,0.2640628679895437,0.3929386173837673,,sparse
89c3fa07-8356-43dc-9928-07e6323f6c2e_Bedroom-4213,bedroom,5.0,1.2268902549577891,7.7327758941264015,0.7745149167497622,0.646598332663159,,neutral
89d1ad68-eab0-4ddd-ba35-d40d8406ec94_MasterBedroom-3530,bedroom,4.0,1.0599188180998167,6.836762478072988,0.36983825810563986,0.5850722491572417,,neutral
89da35d7-a1dd-4a7d-98ac-4e6a5da27a64_Bedroom-63726,bedroom,5.0,1.6729112751906992,9.482885628294664,0.5702717236369157,0.5272656653246134,,sparse
89e19da8-8eb7-448b-aa89-9ce0aa6ac3b1_LivingDiningRoom-1004,livingroom,9.0,2.0149426851195833,13.587019366066393,0.6064298853749168,0.6623969361873081,,neutral
89e34f34-33fa-4090-8388-f912a75e9400_SecondBedroom-152228,bedroom,5.0,0.7893474733356273,4.9679604339150165,0.9645951682242652,1.0064492393832805,,dense
89e34f34-33fa-4090-8388-f912a75e9400_SecondBedroom-153586,bedroom,7.0,1.3840045238116194,9.51979890867156,1.0357887455765518,0.7353096496212455,,dense
89f96fa2-03f4-412e-b893-bfc3408c7737_SecondBedroom-13613,bedroom,6.0,1.6482070293961306,15.079014684323932,0.36305958827453205,0.3979039828270457,,sparse
89fa67ad-b45d-4ed3-9e2b-9371df9625e4_LivingDiningRoom-10026,livingroom,13.0,2.0263720079075744,22.742586819541305,0.952517184640238,0.571614834458053,,neutral
89fa67ad-b45d-4ed3-9e2b-9371df9625e4_MasterBedroom-10045,bedroom,5.0,1.169482289045998,8.006833727465795,0.43741867548292107,0.6244665707055373,,neutral
8a39ca20-ec8b-4a7a-844f-2516b6dce707_MasterBedroom-427,bedroom,4.0,1.759558633151743,5.492907883778568,0.3125281891438335,0.7282117385970802,,neutral
8a3bf65f-af38-4d9a-9cdf-b278faeb499a_SecondBedroom-117377,bedroom,4.0,1.0612771066417424,4.3857571137462505,0.5544611708593163,0.9120432108433059,,dense
8a3bf65f-af38-4d9a-9cdf-b278faeb499a_SecondBedroom-27642,bedroom,4.0,0.9455373237822071,3.7924330513903817,0.8480567458115263,1.0547318689076186,,dense
8a41712e-1a55-407f-92f7-3c7cbd4366e2_MasterBedroom-42698,bedroom,5.0,2.153274389856455,15.911799574396134,0.2532099496558161,0.3142322134352144,,sparse
8a41712e-1a55-407f-92f7-3c7cbd4366e2_SecondBedroom-34098,bedroom,3.0,1.4274979535868466,6.491615695369963,0.5720777275569937,0.4621345656890472,,sparse
8a4ba162-f708-4639-a340-59db284a0eb6_DiningRoom-26811,diningroom,7.0,0.5720617884681338,1.2797548379653563,0.8924615783550859,5.469797645874962,,dense
8a557542-429f-4a17-b22e-059d8bfc3f5a_MasterBedroom-6937,bedroom,4.0,1.9364570641616323,10.213531698976638,0.47858128118709764,0.39163730214895076,,sparse
8a557542-429f-4a17-b22e-059d8bfc3f5a_SecondBedroom-18355,bedroom,7.0,2.140608712319155,15.29907810207315,0.197280991922061,0.45754390907066766,,sparse
8a645186-9a7d-404e-a927-2113ff8d1a17_Bedroom-163574,bedroom,4.0,1.5433421265591942,4.818117119810136,0.42584722456604934,0.8301998271386198,,dense
8a645186-9a7d-404e-a927-2113ff8d1a17_MasterBedroom-163174,bedroom,5.0,1.3769968447763523,6.930714732885116,0.4889812748176206,0.7214263164339764,,neutral
8aa48f09-0a0f-441c-b19c-6795de7e346b_MasterBedroom-9881,bedroom,4.0,0.9242026906933756,6.253360928627132,0.7914025576775372,0.6396560258801762,,neutral
8ab6793a-646c-494a-9cb1-b149d3e09cd7_LivingDiningRoom-3999,livingroom,9.0,2.054575431391308,16.264796316304796,0.7442665506054703,0.5533423121307622,,neutral
8ab6793a-646c-494a-9cb1-b149d3e09cd7_MasterBedroom-4027,bedroom,4.0,1.165041429077444,6.257851634732751,0.5364608364801497,0.6391970013796635,,neutral
8abd4a65-e5c5-4edb-b494-7ebd05ff84b9_Bedroom-6636,bedroom,3.0,1.833450997277345,8.38515612397981,0.41331273713460703,0.35777509155978876,,sparse
8abd4a65-e5c5-4edb-b494-7ebd05ff84b9_MasterBedroom-10682,bedroom,6.0,1.8352368076676049,12.690281219155295,0.7475516976959468,0.4728027611352949,,sparse
8ac826bb-0229-443a-a9fc-fdc6ce7af073_LivingDiningRoom-13451,livingroom,13.0,2.210374011912156,21.44529055487811,0.8374876664206298,0.6061936986460145,,neutral
8acf1f20-d5c7-4984-b86a-f5947938b634_MasterBedroom-29595,bedroom,4.0,2.0396096850700984,11.954512180217773,0.5412981561058005,0.3346016917879064,,sparse
8acf1f20-d5c7-4984-b86a-f5947938b634_SecondBedroom-29711,bedroom,5.0,1.8325383027091209,16.919184881359737,0.5666102261041518,0.29552251098743043,,sparse
8ad05b8a-76f2-42c0-bfc1-4024351e966d_MasterBedroom-13040,bedroom,4.0,2.2796815223321256,7.6489471063481735,0.3369276105013091,0.5229477919490693,,sparse
8ad05b8a-76f2-42c0-bfc1-4024351e966d_SecondBedroom-13211,bedroom,4.0,1.9537098518280633,8.637790589514886,0.4440739218770032,0.46308138158101,,sparse
8ad05b8a-76f2-42c0-bfc1-4024351e966d_SecondBedroom-7799,bedroom,4.0,1.9573192519439495,8.707902536901184,0.48775539188306094,0.4593528674728886,,sparse
8ad8bd52-f739-4021-8ad9-9e02f2cb7456_Bedroom-623,bedroom,6.0,1.824697462516148,9.327852276705611,0.3225731492272941,0.6432348864468794,,neutral
8ad8bd52-f739-4021-8ad9-9e02f2cb7456_LivingDiningRoom-1625,livingroom,12.0,1.0989783343237387,11.760827562928077,1.240315088759625,1.0203363611780034,,dense
8b020c26-3761-47f7-bd34-4961c0393e4a_LivingRoom-3559,livingroom,7.0,1.5639961441251746,26.67690884599287,0.6409208505876645,0.2623992172560678,,sparse
8b209bb2-72e7-4249-8f50-17f079fa8d90_MasterBedroom-34223,bedroom,3.0,2.023331286137342,5.349167357139986,0.1545901481894714,0.5608349486384355,,neutral
8b6fe022-f180-46df-8230-f86de5c4fc14_DiningRoom-12423,diningroom,10.0,1.1448485418657048,6.105065587692036,0.591536975948244,1.6379840406891366,,dense
8b708387-4b58-4cfc-8e23-2339ad15d34a_SecondBedroom-17752,bedroom,5.0,1.4468551635742188,4.940512773920853,0.44584467154502977,1.0120406987698034,,dense
8b862ecc-a1b1-4079-9cef-db2afebbe4e2_SecondBedroom-1902,bedroom,4.0,1.6558873725598688,6.065952675184245,0.2415850038168382,0.6594182668724011,,neutral
8b8e91b1-3337-4ba6-ae2a-45390121ddbd_Bedroom-25720,bedroom,4.0,0.7251197497049967,2.8455314319436944,0.36455004832995924,1.4057128152219087,,dense
8b922b7d-26dc-4161-9173-01f7055a7c28_LivingDiningRoom-11539,livingroom,3.0,0.5227369467417399,0.9714180495714873,0.5079733040879456,3.0882687441553744,,dense
8bbc7e4d-1963-491c-80c7-95c6c4caa6a3_LivingRoom-4543,livingroom,3.0,1.253173452591013,3.5327935496984875,0.30263865511179233,0.8491863330808109,,dense
8bc14971-a14f-42c9-83b1-6b74010c6c98_LivingDiningRoom-10610,livingroom,11.0,2.12396078554966,14.070512785372872,0.6248560821005567,0.7817767673282774,,dense
8c069e29-9332-4e92-b13d-a6f190df120f_Bedroom-5352,bedroom,6.0,1.9101359610478164,10.212021816071607,0.6312783135829759,0.5875428106271026,,neutral
8c069e29-9332-4e92-b13d-a6f190df120f_DiningRoom-6259,diningroom,7.0,1.0046871903816028,3.9142242200584776,0.5046718777547436,1.788349263215029,,dense
8c069e29-9332-4e92-b13d-a6f190df120f_LivingRoom-12827,livingroom,3.0,1.3501846506315565,7.511523462864443,0.6891368026791448,0.39938635815110407,,sparse
8c069e29-9332-4e92-b13d-a6f190df120f_MasterBedroom-6890,bedroom,4.0,1.5715035834707036,4.94873812418038,0.3801636934329543,0.8082868601301242,,dense
8c3184be-d255-443f-bb65-5a17a15a2f58_SecondBedroom-27358,bedroom,9.0,1.519129315474232,19.27265499896242,0.8810898165387587,0.46698288328642484,,sparse
8c31d21f-f082-49a4-886c-912c321d6244_Bedroom-66596,bedroom,5.0,1.4381710658456985,5.3613936038257295,0.4478344532312932,0.9325933459599292,,dense
8c3314da-a761-4ee4-8a2f-28e61590fee8_LivingDiningRoom-6109,livingroom,9.0,1.4565899660812303,14.324251257474188,0.9547371226972957,0.6283050917096926,,neutral
8c3314da-a761-4ee4-8a2f-28e61590fee8_MasterBedroom-2371,bedroom,4.0,1.4961737684693006,4.934595998561206,0.3102018116521531,0.8106033404084734,,dense
8c3494c7-e7a3-4702-94ba-6a21e7e2ed73_LivingRoom-419,livingroom,11.0,2.478414622718192,31.283069688993663,0.5063347522945023,0.3516278967939689,,sparse
8c3494c7-e7a3-4702-94ba-6a21e7e2ed73_MasterBedroom-946,bedroom,3.0,1.7630767822265625,1.9150117653776992,0.5689417894311142,1.566570009771354,,dense
8c57175b-106d-4aca-aed5-be16cf15d7e7_LivingDiningRoom-42284,livingroom,13.0,2.30047322949655,32.963348473653944,0.6811205276667025,0.3943774101223451,,sparse
8c6a8080-463d-4edc-b775-8b612c2bc27d_Bedroom-1397,bedroom,3.0,1.391797886503147,6.459417724709924,0.6276572867264504,0.4644381471914672,,sparse
8c6a8080-463d-4edc-b775-8b612c2bc27d_Bedroom-1658,bedroom,4.0,1.5764606155650644,5.24538456299208,0.3359411262965897,0.7625751652645872,,dense
8c70a332-7115-4197-a7a4-c7d48f68d9d3_Bedroom-1127,bedroom,5.0,1.7291816616408535,7.1946914101243316,0.32545484685165316,0.694956839005496,,neutral
8c70a332-7115-4197-a7a4-c7d48f68d9d3_DiningRoom-2338,diningroom,4.0,1.3801076397508834,4.527816682476415,0.21713095282134426,0.8834279920123149,,dense
8c76b801-c0e7-4267-ab00-eb950d32687d_LivingDiningRoom-3181,livingroom,12.0,2.371869301813572,13.227949714353175,0.5831739898529573,0.907170064834706,,dense
8c7a71d5-01c0-4537-8669-5c58b8054102_MasterBedroom-5149,bedroom,6.0,1.9541669074529553,16.786785927620166,0.5085418736453023,0.3574239896708214,,sparse
8c9e0171-56fe-4ae6-b003-bb9d35bac067_MasterBedroom-1504,bedroom,7.0,1.5587666018742532,8.758223647316003,0.4332553863607405,0.7992488296579617,,dense
8c9e0171-56fe-4ae6-b003-bb9d35bac067_SecondBedroom-992,bedroom,5.0,1.4931516064610428,5.649702373797635,0.2542108426092469,0.8850023716628251,,dense
8ca2d45d-0a06-4a1f-9930-4b30e008ffa6_MasterBedroom-541,bedroom,7.0,1.0149925649509866,10.950023975904006,1.3660622690045239,0.6392680066640766,,neutral
8caa5850-3914-427c-ad99-cbb4b2f517a1_LivingDiningRoom-32202,livingroom,8.0,1.7442948673812815,23.083828084136794,0.48492583386469845,0.34656296914191626,,sparse
8caa5850-3914-427c-ad99-cbb4b2f517a1_LivingDiningRoom-32255,livingroom,8.0,0.8475117938859122,8.667038253150134,0.9536396945161228,0.9230373475151455,,dense
8caa5850-3914-427c-ad99-cbb4b2f517a1_MasterBedroom-32168,bedroom,7.0,1.5802348228633238,13.807867057124163,0.3582274513483433,0.5069573722748405,,sparse
8cb25305-b65d-46b7-bf85-34604674d5ab_LivingDiningRoom-8968,livingroom,14.0,2.1908834561848294,19.72714255059523,0.49227123000177553,0.7096821024176954,,neutral
8cb25305-b65d-46b7-bf85-34604674d5ab_MasterBedroom-12519,bedroom,6.0,2.2336414330737524,17.387001852653338,0.18870842847956057,0.3450853718684324,,sparse
8cbec3a7-cd0a-4af7-92f7-281c31769248_Bedroom-922,bedroom,4.0,1.7955228778923171,9.230076562806438,0.14102313667910768,0.4333658526862518,,sparse
8cd7e00d-7a26-46e8-9a18-d25f69359299_MasterBedroom-2618,bedroom,4.0,1.4335248502496978,5.798423309018748,0.15519790341803177,0.6898427015113716,,neutral
8d102c5d-8974-45f1-9f51-a0c032eed817_Bedroom-16260,bedroom,4.0,1.994323119644215,9.008041199163602,0.4599017311606377,0.4440477026649701,,sparse
8d1316ff-e5f0-4065-8676-2e6c79194434_SecondBedroom-13359,bedroom,5.0,1.541225471537129,5.283759166296112,0.3485629891752963,0.9462959689559384,,dense
8d24325f-7d48-41eb-a0bd-ed9c3e587bbe_MasterBedroom-11347,bedroom,6.0,0.9190887573863589,5.5368243609854675,0.7262094460819024,1.0836536629693803,,dense
8d24325f-7d48-41eb-a0bd-ed9c3e587bbe_SecondBedroom-11406,bedroom,3.0,0.7138509353001913,2.68984186544575,1.2750669906784928,1.1153072002256355,,dense
8d28fda2-d498-440a-b9e1-44caa95eb3e1_MasterBedroom-11400,bedroom,5.0,1.65817169243985,7.437413861825306,0.4125131773933963,0.672276693605012,,neutral
8d29c73c-1246-4852-b7e1-d076ca22d7cc_MasterBedroom-85660,bedroom,6.0,1.2648269790639097,10.657466068886249,0.7388667342291355,0.562985606636515,,neutral
8d29c73c-1246-4852-b7e1-d076ca22d7cc_SecondBedroom-85594,bedroom,5.0,1.3391176462173462,4.665322850550784,0.4795914841139631,1.071737189508697,,dense
8d3fce57-cba3-4aa1-be97-5f8a03f7c723_LivingDiningRoom-6155,livingroom,12.0,1.7912145712709997,13.311653268198134,0.8665015886174042,0.9014657877747082,,dense
8d50c057-6381-4db2-ac1b-4abd5c774baa_Bedroom-64106,bedroom,4.0,1.7762563409468288,9.146919197439171,0.35587150239180715,0.4373057106615597,,sparse
8d50c057-6381-4db2-ac1b-4abd5c774baa_SecondBedroom-58410,bedroom,4.0,1.8496228545505804,10.404843449231373,0.23804168827273006,0.38443634635324453,,sparse
8d787c07-cc25-4399-afc1-b182662846b8_LivingDiningRoom-100199,livingroom,15.0,3.132583954439154,31.2005415841164,1.0169868966372853,0.48076088549809703,,sparse
8d787c07-cc25-4399-afc1-b182662846b8_SecondBedroom-100131,bedroom,4.0,1.7723185024453294,7.3961352677200844,0.2367215379108028,0.5408229913611398,,neutral
8d89aa3a-27c4-45d5-b902-203088bfa427_MasterBedroom-25650,bedroom,3.0,1.4431434472401936,1.4120878661517875,0.8204928725679298,2.124513687788834,,dense
8d89aa3a-27c4-45d5-b902-203088bfa427_SecondBedroom-25694,bedroom,4.0,0.7490456366964758,4.957736502229271,1.3486618821885603,0.8068198054094605,,dense
8d92ff74-8338-43f7-bd6f-9a18c52365ef_SecondBedroom-11912,bedroom,5.0,1.5809703647595468,9.217157799716158,0.47314940355396595,0.5424665725213009,,neutral
8d976618-aaea-4725-a3f3-e63870e87163_LivingDiningRoom-880,livingroom,9.0,2.522803413283986,17.746808427372887,0.5147408890861838,0.5071334396171366,,sparse
8da0ebcf-40c7-46e2-a138-1174a9d16534_Bedroom-11063,bedroom,8.0,1.0666980542261406,11.500155822269619,1.1504095968377495,0.6956427481189691,,neutral
8dc8fc67-db43-418b-b333-702af39ce83a_DiningRoom-69515,diningroom,6.0,1.3034958759221273,4.4884937917172625,0.19292723201919312,1.3367513198017473,,dense
8dd17fcc-6752-40a1-8b4b-6533eadcdb9e_SecondBedroom-7811,bedroom,3.0,2.097632405693321,6.042822564827427,0.3112946147377531,0.49645674150051355,,sparse
8de223d3-24f3-4219-b7ba-1da244e0279b_LivingDiningRoom-49733,livingroom,14.0,3.2002090303737942,26.37923299037709,0.46071801295807396,0.5307205105283794,,sparse
8de223d3-24f3-4219-b7ba-1da244e0279b_MasterBedroom-49236,bedroom,5.0,1.6906078227982284,5.975022215842942,0.24375119800273473,0.8368169722854515,,dense
8df6c006-6c38-4c65-90d9-017a26b63d4b_LivingDiningRoom-563,livingroom,12.0,1.5109039586976127,22.504202618777295,0.8760251498522521,0.5332337343064674,,sparse
8df6c006-6c38-4c65-90d9-017a26b63d4b_MasterBedroom-1403,bedroom,5.0,0.9898852150901571,5.319170177111959,0.8229859316237436,0.9399962463157643,,dense
8df6c006-6c38-4c65-90d9-017a26b63d4b_SecondBedroom-964,bedroom,4.0,1.0516281991048595,4.988123043250962,0.5238933671585516,0.8019048378151149,,dense
8dfa4d3f-19a9-45cd-a5ce-7da970ea36e3_SecondBedroom-47089,bedroom,4.0,1.2837965462228949,5.080307038454661,0.1460539252818127,0.7873539866237551,,dense
8e021c8e-c921-4f62-b09f-ad3cfe576d3d_MasterBedroom-27352,bedroom,7.0,2.025195079460284,9.685718188367064,0.5410336957305054,0.722713573104706,,neutral
8e021c8e-c921-4f62-b09f-ad3cfe576d3d_SecondBedroom-27411,bedroom,3.0,1.5678850788385355,3.5458603123393395,0.1711348353219735,0.8460570174070916,,dense
8e234f22-483c-4dfd-9ce5-cc2d052a97e8_LivingDiningRoom-5956,livingroom,14.0,1.5671491967352151,18.40561725331404,1.2411269140856356,0.7606373536578468,,dense
8e234f22-483c-4dfd-9ce5-cc2d052a97e8_SecondBedroom-380,bedroom,5.0,1.365143171697229,7.657794129106223,0.9981768939841257,0.652929540243931,,neutral
8e27615c-f396-40e2-9311-e2e85f9a58f5_SecondBedroom-594,bedroom,7.0,1.5040384478129407,10.622479977044348,0.7943806057031475,0.6589798253446758,,neutral
8e41bf97-c27a-4f1c-9208-1a31f9611d5f_Bedroom-2035,bedroom,6.0,1.1190557123931635,9.407597902391247,0.6024740472302059,0.6377823608378186,,neutral
8e49c059-4e1b-4a7e-a78a-9d2fe7a8cad2_MasterBedroom-10454,bedroom,6.0,2.094273475540312,14.947290378283968,0.18836235148360922,0.4014105465373874,,sparse
8e4c11a9-3c52-4708-a6ff-8172905b21f2_MasterBedroom-37107,bedroom,5.0,1.9897769547817106,8.615364062650201,0.253260139076236,0.5803585273518822,,neutral
8e4c11a9-3c52-4708-a6ff-8172905b21f2_SecondBedroom-51399,bedroom,4.0,0.989429813855509,4.16840838906566,0.5961281647057538,0.9595988748349563,,dense
8e6f8c6f-a9ac-43a2-946f-18bdc645432c_Bedroom-14389,bedroom,5.0,1.5334730874724616,7.531740255303115,0.3633288646926427,0.6638572003966134,,neutral
8e8d0bfc-0af5-4c74-97dd-7d08af6998f8_LivingDiningRoom-7862,livingroom,14.0,2.6848615103780644,24.81997123294169,0.5640246329558518,0.5640618946978814,,neutral
8e8db6d3-3f5e-4d95-9a23-ec6d57ff5cdd_LivingDiningRoom-4696,livingroom,11.0,2.1652760455550095,22.41779261801532,0.53171411466844,0.4906816735899418,,sparse
8e8db6d3-3f5e-4d95-9a23-ec6d57ff5cdd_MasterBedroom-654,bedroom,3.0,2.1472963656803814,5.0247766334829285,0.34105051517737495,0.597041464492034,,neutral
8e9d0281-f7b6-4818-8fea-bdd0265b5f5d_MasterBedroom-95118,bedroom,3.0,1.9684659816768904,5.8225803037426695,0.25651551611266177,0.5152354872755716,,sparse
8ea12414-feaa-426d-9b89-b3379668761b_MasterBedroom-63839,bedroom,7.0,1.7237972699633586,7.08987162947922,0.3691100842452904,0.9873239412254603,,dense
8ea4096f-5ce1-4e23-8847-313b1312c64a_LivingDiningRoom-1994,livingroom,13.0,2.3972134098061506,24.93350034439558,0.5667499701460796,0.5213868819233827,,sparse
8ebe2792-a8af-4d4a-be92-edd3c88ef278_MasterBedroom-22686,bedroom,7.0,2.1129652631007443,17.249613568796804,0.5075585610394542,0.4058061922420367,,sparse
8ebe2792-a8af-4d4a-be92-edd3c88ef278_SecondBedroom-22752,bedroom,6.0,2.344580342476594,15.618830838709385,0.2274522705020604,0.384151673192447,,sparse
8ec660e6-b95b-4b11-81aa-ed3b1164a165_Bedroom-51292,bedroom,5.0,1.3336174488067627,6.192283105955934,0.6046814226219636,0.8074566221287334,,dense
8ec660e6-b95b-4b11-81aa-ed3b1164a165_SecondBedroom-51226,bedroom,4.0,1.3286521579610373,2.7304472240542825,0.646073433306882,1.4649614776515008,,dense
8ed6f6d3-ba4d-4eee-b897-d2e37ccd324e_Bedroom-156,bedroom,4.0,1.6117107636653476,5.2688901005991475,0.3061848519365124,0.7591731699898511,,dense
8eebb493-c733-478d-a90b-b43620d3291a_Bedroom-61812,bedroom,3.0,1.2395937480240067,4.023397822885662,0.2872806799834326,0.7456384210717546,,dense
8eebb493-c733-478d-a90b-b43620d3291a_Bedroom-61862,bedroom,4.0,1.6989951133728027,3.356303590942295,0.6949824955661852,1.1917873016001466,,dense
8eebb493-c733-478d-a90b-b43620d3291a_DiningRoom-61715,diningroom,5.0,1.1659863470415976,4.934950931607167,0.15407222230461504,1.0131812999347591,,dense
8ef1ac63-da17-4f85-94ad-d784649329c6_Bedroom-206,bedroom,4.0,1.4579304564506181,5.703080289226236,0.18914455482407316,0.7013753615842394,,neutral
8ef1ac63-da17-4f85-94ad-d784649329c6_DiningRoom-451,diningroom,9.0,0.9779297983550708,10.169632810928753,0.41583500542461105,0.8849877047997433,,dense
8efb867d-c198-4e93-b29f-58b4056d423a_SecondBedroom-585,bedroom,3.0,0.6868476867675781,1.1674108055387558,1.0428241050211036,2.569789474079359,,dense
8effb2a7-1b2a-49e3-9ae7-676a5a4007d2_Bedroom-145448,bedroom,5.0,1.5139524962352315,7.64249104661581,0.3588897697413529,0.6542369457160258,,neutral
8f089406-6dd2-4f6d-9e81-bcc1b5a6fe52_MasterBedroom-12207,bedroom,6.0,1.774918049196064,9.873630542174352,0.25934541537305916,0.6076792092201063,,neutral
8f089406-6dd2-4f6d-9e81-bcc1b5a6fe52_SecondBedroom-12248,bedroom,6.0,1.4693947094859745,7.389456273848089,0.49847506726024665,0.81196772504555,,dense
8f254596-568c-4620-9717-aca507beaffd_LivingRoom-2668,livingroom,7.0,0.9463415529144582,8.829341361012514,0.8943088251386859,0.7928111184951703,,dense
8f254596-568c-4620-9717-aca507beaffd_MasterBedroom-2630,bedroom,5.0,1.3796201933467973,8.138695412093282,0.314901169361036,0.6143490752302271,,neutral
8f2a2975-c763-4707-8a4c-efeaf526d3a3_LivingDiningRoom-86,livingroom,5.0,1.7795152187347412,4.024257899026544,0.9352602246376502,1.242465101754409,,dense
8f372918-d31a-4d8d-93b3-c82eec26215f_MasterBedroom-59200,bedroom,7.0,1.375086125873384,7.422360796516045,0.7780821989342805,0.9430961646711791,,dense
8f39ace2-169e-4949-8fa0-08b22342f58d_LivingRoom-12271,livingroom,5.0,0.8023619651794434,3.674398077394885,1.1061875242688608,1.3607670956394997,,dense
8f43d942-cf5b-4e85-b31b-32e537f24cb3_LivingDiningRoom-44356,livingroom,14.0,1.4403648278967947,23.127745706230534,0.8478018336107489,0.6053335321923938,,neutral
8f6ecf1e-d00d-40be-8653-d86b9df6c719_SecondBedroom-46517,bedroom,6.0,2.092998073488731,14.110017308982842,0.256976289895705,0.42522981146027566,,sparse
8f886527-2338-4148-9027-122a1d48476e_LivingRoom-178433,livingroom,4.0,1.3792730172475178,5.465827619207062,0.8297392133447238,0.7318196398920257,,dense
8f90151a-098e-4156-b438-771584a19182_MasterBedroom-13855,bedroom,4.0,0.969488695271958,5.742682010985587,0.9176152027671651,0.6965386542991784,,neutral
8fcb1678-644a-4fd9-b956-231be0805cfd_DiningRoom-43342,diningroom,9.0,1.3159960870669698,15.919305621045552,1.1552887598819988,0.5653512919622493,,neutral
8ffad8ff-f37e-4939-b62b-9814a1e72b69_Bedroom-3338,bedroom,12.0,1.4666028201561403,20.769351691883976,0.7084943456916338,0.5777744138585332,,neutral
902c1435-1c52-4ba5-bb15-03a3dd11d5ae_LivingDiningRoom-38341,livingroom,15.0,1.6639704351127516,19.82960174393122,0.9309174538661906,0.756444844112449,,dense
902c1435-1c52-4ba5-bb15-03a3dd11d5ae_MasterBedroom-37799,bedroom,6.0,1.1322000647302966,8.094538046402276,0.9140439186597092,0.7412405705680486,,dense
902c1435-1c52-4ba5-bb15-03a3dd11d5ae_SecondBedroom-35695,bedroom,7.0,0.7453730809754304,6.553146603657416,1.327246996908819,1.0681891346812213,,dense
905ccf24-697b-4bb5-8c53-def619d16327_Bedroom-5215,bedroom,6.0,1.3912222215549142,7.890880517679165,0.8014945000408557,0.7603714169232785,,dense
905ccf24-697b-4bb5-8c53-def619d16327_Bedroom-6506,bedroom,3.0,0.8519606590270996,1.1440834016802632,1.069733439666566,2.6221864556325496,,dense
905ccf24-697b-4bb5-8c53-def619d16327_LivingDiningRoom-6844,livingroom,12.0,0.9090792175344373,11.825821323979318,1.9478587003926335,1.0147286747574562,,dense
906838fb-55ed-4908-acf3-2ce304e821a3_Bedroom-12734,bedroom,4.0,2.2982296586842783,15.14767298830862,0.37856755701229866,0.2640669628323312,,sparse
906838fb-55ed-4908-acf3-2ce304e821a3_SecondBedroom-12680,bedroom,4.0,1.1578050400831488,8.613223627042474,0.7784358547743421,0.4644021998269516,,sparse
906c7fc1-5bea-4ba0-a40a-adc132247a6b_Bedroom-5740,bedroom,5.0,2.355522958176593,16.157388493292668,0.42678543772099387,0.30945594964654244,,sparse
908633f6-545c-4016-a2e7-f334120ac392_Bedroom-8646,bedroom,4.0,2.430870917559535,9.774154079390563,0.10765289860882186,0.40924257664755453,,sparse
908633f6-545c-4016-a2e7-f334120ac392_LivingDiningRoom-9101,livingroom,7.0,1.722576325898118,10.225335833262179,0.23689401080160083,0.6845740926405149,,neutral
90a43e21-3a34-4158-bc4e-e12338ba0cc1_Bedroom-7284,bedroom,6.0,1.6629165852027008,9.049768568584739,0.4752831943057495,0.663000380012847,,neutral
90a43e21-3a34-4158-bc4e-e12338ba0cc1_Bedroom-9299,bedroom,4.0,0.9247910515189677,6.925788454555355,0.9002087615526789,0.577551570661828,,neutral
90a74103-cb2f-44fa-89e4-4381a2b63644_Bedroom-14888,bedroom,4.0,1.6641879918008105,6.766338563287852,0.23823626176617868,0.5911616692819385,,neutral
90a74103-cb2f-44fa-89e4-4381a2b63644_MasterBedroom-14778,bedroom,5.0,1.8313683571432577,9.416875237164358,0.4257575524567027,0.5309616910147805,,sparse
90b7eea6-8bb6-48aa-9981-690ca4de4938_SecondBedroom-39559,bedroom,5.0,1.7856705523631398,7.845685381332423,0.28783016296012337,0.6372929523654766,,neutral
90ef3333-91b7-42d9-8da4-757e8893110f_MasterBedroom-68624,bedroom,5.0,1.4843950613525585,6.04123788665404,0.3787975931252433,0.8276449452595993,,dense
90efe970-79b9-432c-a676-290e1a00a31f_LivingDiningRoom-8452,livingroom,7.0,2.7076763705932345,17.615363692762735,0.09611029718715237,0.3973803846511524,,sparse
9105f71c-bbd1-4bc5-8b06-88057dfefa08_MasterBedroom-211121,bedroom,4.0,1.6162346998850505,6.882393279724766,0.4822267695846587,0.5811931747323751,,neutral
9105f71c-bbd1-4bc5-8b06-88057dfefa08_SecondBedroom-218174,bedroom,3.0,0.5684064229329427,2.505258181497538,0.4294800233820001,1.1974813702461302,,dense
9105f71c-bbd1-4bc5-8b06-88057dfefa08_SecondBedroom-218199,bedroom,4.0,1.4507194757461548,5.115595084695137,0.4604734425661166,0.7819227154954503,,dense
911575f5-aea1-486d-bf41-c7f9b0bbd258_MasterBedroom-36096,bedroom,4.0,1.5650001366933186,5.527630754034435,0.26387832108402726,0.723637337222739,,neutral
911575f5-aea1-486d-bf41-c7f9b0bbd258_SecondBedroom-35873,bedroom,3.0,0.6831884185473124,2.5822140780169893,0.46292418075182806,1.16179368145334,,dense
912682a8-3a2a-46ea-9430-a32af806ce3c_Bedroom-22339,bedroom,4.0,1.8254817128181458,5.0557378146440035,1.1955944672968253,0.7911802681725214,,dense
912682a8-3a2a-46ea-9430-a32af806ce3c_LivingRoom-26168,livingroom,13.0,1.0544411035684438,12.738726229279042,1.8559800101468487,1.0205101959189953,,dense
9128b366-4314-4397-998b-894ef7863614_Bedroom-28081,bedroom,6.0,1.6911943252810668,11.982023569300976,0.9226234078471227,0.5007501416849605,,sparse
9128b366-4314-4397-998b-894ef7863614_LivingRoom-28128,livingroom,6.0,1.6583441354464008,16.001138868902615,0.6092676568932847,0.37497330965989484,,sparse
917830d3-78a6-4f70-b029-ba6da27a2692_Bedroom-3619,bedroom,5.0,1.8420673954650204,7.983490922142172,0.388875420852952,0.6262924388293002,,neutral
917830d3-78a6-4f70-b029-ba6da27a2692_LivingRoom-3587,livingroom,13.0,1.8987628731230233,17.106699989171513,0.587294244001142,0.7599361658431467,,dense
9178e733-092a-49e5-a900-b375d6a68dd1_DiningRoom-18332,diningroom,6.0,0.8662536817751701,7.296116922701395,0.12165624855858118,0.8223552423250495,,dense
9178e733-092a-49e5-a900-b375d6a68dd1_MasterBedroom-17329,bedroom,5.0,1.74950608594905,7.48315977961226,0.3788731386331328,0.6681669438119462,,neutral
917d2b6f-a607-4a67-bc6d-dc8952bc2c1a_LivingDiningRoom-6079,livingroom,11.0,1.8929444534456845,20.218642729997423,0.5443555085979052,0.544052345495963,,neutral
917d2b6f-a607-4a67-bc6d-dc8952bc2c1a_MasterBedroom-2976,bedroom,7.0,1.9154800599267243,15.47974017634328,0.4207929424686981,0.45220397243473526,,sparse
91d0fcc8-8934-47c9-8ebd-3555da0412b0_Bedroom-39512,bedroom,4.0,0.7251197497049967,2.8455314319436944,0.36455004832995924,1.4057128152219087,,dense
91dde31a-632c-4353-85cf-b36a2c6c0be6_Bedroom-923,bedroom,5.0,1.1498177596187493,4.937033182703717,0.24582595354608133,1.0127539789517477,,dense
91dde31a-632c-4353-85cf-b36a2c6c0be6_LivingDiningRoom-3471,livingroom,12.0,0.876397298959564,14.649480643131664,0.8295268612371128,0.8191416673618488,,dense
91e19c05-929c-416c-99c9-9d5ed3b6393c_DiningRoom-22829,diningroom,7.0,1.594184125520957,10.965398264904946,0.184302743905939,0.6383717062428721,,neutral
91e19c05-929c-416c-99c9-9d5ed3b6393c_LivingRoom-10294,livingroom,9.0,1.487197005996985,22.6866042793102,0.3886908697968692,0.3967098773000527,,sparse
91e19c05-929c-416c-99c9-9d5ed3b6393c_SecondBedroom-25354,bedroom,3.0,0.6208489735921224,2.4933625992725656,0.4867352168481501,1.2031944334431122,,dense
91ef40fc-0228-498f-87a8-38818269fd63_SecondBedroom-33144,bedroom,4.0,2.1941320973974396,9.13362838835498,0.3990325047230729,0.4379420565325215,,sparse
91f3b7a3-6b66-452f-b674-8b5b6f80ec1d_MasterBedroom-270353,bedroom,5.0,1.6630654948251007,16.689899192171374,0.7835157773635065,0.29958239665973047,,sparse
91f3b7a3-6b66-452f-b674-8b5b6f80ec1d_SecondBedroom-270406,bedroom,3.0,2.0141329720674643,5.1795445166277805,0.2786889810899594,0.5792015090070497,,neutral
91f9a318-06ef-4eaa-9892-e9d91c1161fd_LivingDiningRoom-14573,livingroom,9.0,1.4973867445304587,24.813811309057222,0.9549015324841533,0.3627012347238626,,sparse
9231f5c6-02ab-4704-bc98-8c652710e64c_MasterBedroom-7439,bedroom,5.0,1.9940346956253052,9.190240720004166,0.21334921229352322,0.5440553900962165,,neutral
9243a675-6bbe-4b57-98d4-14f5c2c23686_Bedroom-1033,bedroom,8.0,1.4000496947070151,12.245824596004589,0.776503946335664,0.6532838958521534,,neutral
9243a675-6bbe-4b57-98d4-14f5c2c23686_LivingDiningRoom-1320,livingroom,10.0,1.0090935991870031,9.363019280423739,1.1857669568147398,1.0680315505606257,,dense
927e2bbc-7d06-4c62-b51c-00ee61f1272f_MasterBedroom-33631,bedroom,6.0,1.6498525709612157,12.16513030973046,0.7428293998744827,0.49321296584885826,,sparse
929a3154-f313-4960-8f49-23b154678d48_MasterBedroom-13597,bedroom,4.0,1.3490884572313575,5.948300976608422,0.1965811580248569,0.6724609288820323,,neutral
929a3154-f313-4960-8f49-23b154678d48_SecondBedroom-12689,bedroom,5.0,1.39777650498306,8.128383712093289,0.20496089582865604,0.6151284409176051,,neutral
92ae01f5-6f87-4e2b-85a4-f2890b62b3c4_Bedroom-4593,bedroom,5.0,1.8081270883401785,14.18096425229929,0.2097378687030551,0.3525853327773042,,sparse
92ae01f5-6f87-4e2b-85a4-f2890b62b3c4_Bedroom-4631,bedroom,3.0,1.101288506573824,3.7315981783428374,0.6989506357664473,0.803945081067723,,dense
92b94d94-a523-4ae6-bbde-55f5e01590da_LivingDiningRoom-93491,livingroom,16.0,1.6139948382479559,24.86602815799918,1.1759214171575882,0.6434481573951303,,neutral
92b94d94-a523-4ae6-bbde-55f5e01590da_SecondBedroom-93457,bedroom,7.0,1.28935277236339,8.87251575024416,0.6780646204397397,0.7889532345780699,,dense
92c1c4c2-73f3-4688-b0e8-493c94f7fbe4_LivingRoom-57772,livingroom,12.0,2.227680401707161,23.61770732663773,0.46980098291606764,0.5080933485218333,,sparse
92c1c4c2-73f3-4688-b0e8-493c94f7fbe4_SecondBedroom-57682,bedroom,10.0,1.2979002402054878,15.142798886101323,1.447629431029115,0.660379899067299,,neutral
930621ed-def9-4e62-998a-5c121b87055f_Bedroom-47007,bedroom,4.0,0.9470293124516842,2.3583506094844893,0.3728135804508849,1.6961006492899535,,dense
930621ed-def9-4e62-998a-5c121b87055f_LivingRoom-18816,livingroom,8.0,1.6201728983183012,27.266277998591928,0.32925670283346187,0.29340271526656964,,sparse
930621ed-def9-4e62-998a-5c121b87055f_SecondBedroom-41119,bedroom,3.0,0.9531927108764648,2.0146350134155364,0.9166370764384676,1.4891034753307066,,dense
93328727-1859-40e3-aaa3-f6ce629675dd_MasterBedroom-81930,bedroom,5.0,2.272517136143608,13.011538682115871,0.2748175405435802,0.38427430622578185,,sparse
9334958c-caf6-4b8c-8334-b924a9483401_Bedroom-12905,bedroom,5.0,1.166936190284061,6.016912210130687,0.6733566055517631,0.8309910175490828,,dense
9334958c-caf6-4b8c-8334-b924a9483401_Bedroom-12965,bedroom,5.0,1.6793515424829892,12.382640934746016,0.2704640324175272,0.40379108352967485,,sparse
934f412c-9006-4579-b77c-c1c62f3629f9_Bedroom-412,bedroom,3.0,1.5376234378164095,4.614185163496065,0.09477520243499928,0.6501689667189184,,neutral
935075cb-fbaf-40e8-837d-b5288251ccbb_MasterBedroom-29514,bedroom,6.0,1.184131312148633,8.35841854835028,0.8549137615231693,0.7178391420927628,,neutral
935a911c-212b-4d87-b68c-04e17a8c1fd8_LivingDiningRoom-3349,livingroom,13.0,1.2692574119216087,23.06319471665941,0.818383348159411,0.5636686573438854,,neutral
935c15ae-f9e0-41ea-a91c-54bf019bb290_MasterBedroom-25729,bedroom,5.0,2.0945439912403137,12.677160404150301,0.5007884979567305,0.39441009189747883,,sparse
935c15ae-f9e0-41ea-a91c-54bf019bb290_SecondBedroom-22620,bedroom,5.0,1.7691718313447375,8.019166759469135,0.3531102825384712,0.6235061758874058,,neutral
93654288-7735-444b-b127-fbde096e7ad2_SecondBedroom-8391,bedroom,3.0,1.4278066953023274,1.737583962445204,1.0348470399535155,1.7265352724470757,,dense
93a20906-9d65-4541-ba47-61c7d13a06bb_MasterBedroom-10688,bedroom,7.0,0.7670654599746468,6.107073198298556,1.1287341115330503,1.1462119042473922,,dense
93a20906-9d65-4541-ba47-61c7d13a06bb_SecondBedroom-10764,bedroom,4.0,0.9908878245927971,4.841108355965472,0.595542269639587,0.8262570688117291,,dense
93b46a6a-9703-4487-a125-89972c1e6a4a_MasterBedroom-12479,bedroom,6.0,1.4326060324907304,4.792459780897842,0.6624770141575933,1.2519666881536002,,dense
93e4d5d6-5508-4ac2-bbe4-6e31c66163c2_MasterBedroom-32589,bedroom,6.0,1.6591482398380473,13.072031578465134,0.4105533219011603,0.45899521921935993,,sparse
93e914f5-081c-43d8-89ee-986ce6ef1707_Bedroom-24461,bedroom,5.0,1.693550333551681,11.726460225228507,0.5532555001592538,0.4263861305087544,,sparse
93e914f5-081c-43d8-89ee-986ce6ef1707_DiningRoom-16799,diningroom,7.0,1.7225215100522844,9.88769648654012,0.45350903127948167,0.7079505332236815,,neutral
93ee15ef-3962-4595-82d1-a3c5402dda01_MasterBedroom-6040,bedroom,3.0,1.388951394375904,5.573441615598636,0.29983665417334904,0.5382670541669923,,neutral
93f02a56-0d3b-41cc-b0f8-fbc572bf2869_LivingDiningRoom-52564,livingroom,8.0,2.646225327369811,21.914548462471554,0.5872025851965078,0.3650542932107372,,sparse
941ef7a8-cddf-4de3-a06f-4a110f0c586a_Bedroom-41542,bedroom,4.0,1.3132997699735935,4.500628039787088,0.3757212644082903,0.888764848958553,,dense
9432d96b-5e6d-4a93-a395-48894ad49bfc_LivingDiningRoom-10892,livingroom,15.0,1.2395214735722626,18.095945103424675,0.8937088177069046,0.8289149814651701,,dense
94432a43-c802-44b9-a2cf-31f4e317e89d_MasterBedroom-271170,bedroom,10.0,1.9964669565021145,17.51708491493856,0.45681368227820396,0.5708712407663221,,neutral
9457cca2-5776-40f6-bca2-c95907a872b7_DiningRoom-2644,diningroom,7.0,0.877165963609208,5.699553547220103,0.9276092711382931,1.2281663716299631,,dense
948056f8-df36-499a-b159-d02346e75255_MasterBedroom-1158,bedroom,3.0,1.7350032238307396,8.73682839812185,0.7210864520390345,0.3433740326918757,,sparse
948056f8-df36-499a-b159-d02346e75255_SecondBedroom-968,bedroom,3.0,0.8624714551628382,3.588287888196316,0.7913697432046385,0.8360533194308376,,dense
948706ad-3044-4ac6-83d4-b350e62d299b_Bedroom-33100,bedroom,6.0,1.4150330409752256,11.212906519092009,0.33924628931425416,0.5350976564179779,,neutral
9491430c-34ad-4891-8574-f7109101d666_Bedroom-637,bedroom,4.0,0.8119888603422908,5.927826212520622,0.8211242960393746,0.6747836148690205,,neutral
94b0b508-e122-4300-a4b4-e3c5fb52a06d_Bedroom-3241,bedroom,5.0,1.5664253371312602,9.246558860692412,0.4367733438255301,0.5407417045983725,,neutral
94c64091-a056-49b0-9c6d-a928ab68992b_Bedroom-12490,bedroom,3.0,1.0080557988038161,4.018426099772998,0.8280391600894043,0.7465609483696791,,dense
94c64091-a056-49b0-9c6d-a928ab68992b_MasterBedroom-12518,bedroom,4.0,1.6230544249216716,6.215097133217093,0.5447172345425663,0.6435941248000252,,neutral
94df2d89-c43d-4a42-8b69-a097785aae0b_Bedroom-236,bedroom,3.0,0.8592255910237631,2.168470232747964,0.7151219903181074,1.383463768464228,,dense
950fe299-2595-4a3d-8f32-2dabd5d19b1f_SecondBedroom-31597,bedroom,5.0,1.003947222156577,5.656212057977791,0.8933272193472404,0.8839838302999553,,dense
9530cba8-728f-4b6e-8653-d3a023d146b0_Bedroom-16786,bedroom,6.0,1.5955664345696197,12.428663435143598,0.5469060115643074,0.4827550469372476,,sparse
95352018-794b-4260-b90d-6c78d85b0253_SecondBedroom-17793,bedroom,4.0,1.3636753401736674,9.120898377824846,0.7263772926914195,0.4385532909482894,,sparse
95519d76-eb3f-4da4-87ea-6fb4f065371e_MasterBedroom-949,bedroom,4.0,1.7191644118427163,6.324072038690069,0.15720080421019753,0.6325038638915531,,neutral
95519d76-eb3f-4da4-87ea-6fb4f065371e_SecondBedroom-1065,bedroom,6.0,1.496684209303968,8.744194480820742,0.39740987803920186,0.6861695509129198,,neutral
956e67d6-e368-401d-a3aa-b45e401f5121_LivingDiningRoom-1679,livingroom,10.0,1.4923092128363118,10.712287137357446,0.6035090851368574,0.9335074640714722,,dense
959b2816-7b6a-4096-a02f-0ea7e9a9303d_Bedroom-2152,bedroom,3.0,1.460497251400841,7.535504150413935,0.5188226579747944,0.3981153669506248,,sparse
959d7224-db8a-4ce0-8dd6-8e17adbe719f_LivingRoom-423,livingroom,17.0,3.5759595805680275,39.2795115143591,0.42161575302319837,0.43279560627390806,,sparse
959d7224-db8a-4ce0-8dd6-8e17adbe719f_SecondBedroom-1245,bedroom,8.0,1.8746410741211008,19.15474864445864,0.5679354637410362,0.4176510038576964,,sparse
95ce44ad-d993-47c9-a312-dcd325040fbf_MasterBedroom-120497,bedroom,6.0,1.4816132582903707,11.18368832835176,0.5028638977576713,0.5364956375607682,,neutral
95dc6d32-fbf0-4183-b09a-3a352fa0cd57_MasterBedroom-8821,bedroom,7.0,1.9317318000619033,13.982309216263333,0.35858307824285485,0.5006326130921239,,sparse
95dc6d32-fbf0-4183-b09a-3a352fa0cd57_SecondBedroom-5791,bedroom,5.0,1.873738034230921,8.551535563047238,0.3363201123232621,0.5846903124166286,,neutral
95ef8c0b-8cdf-4580-a25c-c489de2c079b_Bedroom-260,bedroom,3.0,0.8596566518147787,2.3226733404652147,0.508914020401574,1.2916151176898263,,dense
95f3ed13-768e-4d9e-9c55-47c0bbc213fd_LivingDiningRoom-2943,livingroom,13.0,1.4875430631713782,19.826299062467612,1.1379672492157449,0.6556947395497422,,neutral
95f80cff-1f0a-4204-9b5d-207cd0c74d89_Bedroom-869,bedroom,8.0,2.011345717272307,18.317750621700355,0.3747876206342653,0.4367348461727991,,sparse
95fa3378-06e7-47e9-ad11-e868fe7d41ca_MasterBedroom-13968,bedroom,7.0,0.9891139911002738,7.853201711334356,1.0244996081718425,0.8913561955115773,,dense
95fa3378-06e7-47e9-ad11-e868fe7d41ca_SecondBedroom-13987,bedroom,3.0,0.7003333369890848,1.971494622181495,1.157860589508852,1.5216881477873092,,dense
9629ce14-0f3f-4610-913b-d815eed1b7eb_LivingDiningRoom-26811,livingroom,11.0,1.8769107153278406,12.714938663091784,0.7698301112122378,0.8651241104237638,,dense
9629ce14-0f3f-4610-913b-d815eed1b7eb_MasterBedroom-25843,bedroom,6.0,1.569941969987371,15.898754306695173,0.383727324033487,0.3773880572186289,,sparse
9647c855-837e-43b6-8be3-ead5320d3274_MasterBedroom-235420,bedroom,6.0,2.281793589826081,18.80001642846638,0.49871790691558726,0.3191486572806922,,sparse
9652d9af-4b4b-4359-a3ea-dbcd06b1658c_Bedroom-5521,bedroom,4.0,1.0841940132544288,6.769660498358825,0.9652736742131569,0.5908715807786408,,neutral
966e4e61-c119-4588-9c25-88270a9ccc62_MasterBedroom-101566,bedroom,5.0,1.3772450271340457,7.525627414913374,0.936736014724086,0.6643964315973985,,neutral
966e4e61-c119-4588-9c25-88270a9ccc62_SecondBedroom-101544,bedroom,5.0,0.9989797045219271,7.9749363016002235,1.0906285489065002,0.6269642553755216,,neutral
967b39f8-073d-4ace-83fc-c1e67ea1a78c_MasterBedroom-149026,bedroom,6.0,1.9208799598249593,9.416135692713794,0.2716399938063307,0.637204071373228,,neutral
967e40cb-ac87-4ff0-90f0-f775d80ca4ae_LivingDiningRoom-1110,livingroom,6.0,1.4108488889483686,6.332939384007196,0.4082033153332274,0.9474273534264388,,dense
967e40cb-ac87-4ff0-90f0-f775d80ca4ae_MasterBedroom-1051,bedroom,4.0,1.6193527321842016,5.285642312607766,0.3738248000668962,0.7567670613009243,,dense
967e40cb-ac87-4ff0-90f0-f775d80ca4ae_SecondBedroom-932,bedroom,4.0,1.284717456473663,6.606206853093902,0.2843655748273078,0.6054911826030197,,neutral
9681ee28-7d6c-42ad-b7b1-fef48a780a6d_MasterBedroom-29891,bedroom,5.0,0.976131024475278,6.046182845485033,0.9049868045800071,0.8269680437689266,,dense
9681ee28-7d6c-42ad-b7b1-fef48a780a6d_SecondBedroom-30001,bedroom,5.0,1.036924339757718,6.539605374548967,0.9096270434797842,0.7645721283824175,,dense
96a6a5e8-d185-4b3a-b78f-79298e05cac3_MasterBedroom-29432,bedroom,5.0,0.9863501207431267,6.369415627327577,1.0489813568519912,0.7850013710124073,,dense
96bc1382-7f9a-42ff-8937-f0175468d63f_LivingRoom-34874,livingroom,4.0,1.4851996923486392,3.791071909159069,0.6449144758265217,1.0551105586618312,,dense
96bc1382-7f9a-42ff-8937-f0175468d63f_MasterBedroom-35172,bedroom,3.0,1.1810067097345989,2.5580902129714027,1.063025892553958,1.1727498837952584,,dense
96bc1382-7f9a-42ff-8937-f0175468d63f_SecondBedroom-34863,bedroom,5.0,1.384147743077974,8.71915227182907,0.35391540440822533,0.5734502442576472,,neutral
96d0fed8-575a-4244-94bf-9e76cbb953d4_SecondBedroom-22467,bedroom,8.0,1.0499746425463254,9.079650468837078,0.602807759033491,0.8810911859941498,,dense
96ef296c-dfa6-4905-8d84-4f8d706a7ad7_MasterBedroom-5883,bedroom,7.0,0.8422987848472396,6.847231054623225,0.8421809919169565,1.022311054520882,,dense
96ef296c-dfa6-4905-8d84-4f8d706a7ad7_SecondBedroom-6026,bedroom,5.0,0.9086432989748712,5.088008105247888,0.9643672824529661,0.9827028370577644,,dense
97089e6f-2c65-4a2a-96cf-6841c0a238f5_LivingDiningRoom-65030,livingroom,19.0,3.263840045849127,33.904565430662856,0.6311485112167257,0.5603965058586665,,neutral
97089e6f-2c65-4a2a-96cf-6841c0a238f5_MasterBedroom-60200,bedroom,7.0,1.9172411563794842,16.29012702816791,0.4068651713071206,0.42970812860427793,,sparse
97089e6f-2c65-4a2a-96cf-6841c0a238f5_SecondBedroom-65077,bedroom,6.0,2.014404618383013,11.617695596899146,0.17325871246639243,0.516453538479821,,sparse
973ae127-2b9a-4f37-b04a-468a2c122caf_LivingDiningRoom-74769,livingroom,15.0,3.099670536424388,32.33667826395088,0.3891192572742444,0.4638695377911493,,sparse
973ae127-2b9a-4f37-b04a-468a2c122caf_MasterBedroom-73119,bedroom,8.0,2.0199030906378064,14.533443216001306,0.5336976007842638,0.5504545537558511,,neutral
97546b68-e113-46d0-b7d4-4b2dd28a336c_MasterBedroom-22961,bedroom,4.0,1.8355978022161377,4.936184666176908,0.2819651688827423,0.8103424548535,,dense
9754f0de-1a33-4328-9a11-91fb3c134a97_Bedroom-1509,bedroom,7.0,1.308020395598704,8.61076992457405,0.509513973883676,0.8129354356598105,,dense
9761d289-a3fb-4a71-93ea-0a9bd8b728b8_Bedroom-56238,bedroom,4.0,0.9047309670559643,4.927173580985943,1.000872377334556,0.8118244535642253,,dense
97791006-5ca8-43fe-bb21-1d8f6e252ab5_SecondBedroom-697,bedroom,6.0,1.5713760331336466,10.866225119410823,0.5545490721810701,0.5521696756753118,,neutral
97980fab-7bf0-4887-9fa9-68cc9138c717_SecondBedroom-37794,bedroom,5.0,0.6642763137817382,3.104876251924934,0.8963883307434027,1.610370138552267,,dense
979e98a1-4cac-41a9-94e2-0913935f75bb_LivingDiningRoom-226690,livingroom,12.0,1.4326764977620265,19.859903005129862,1.4859953327225146,0.6042325582808924,,neutral
979e98a1-4cac-41a9-94e2-0913935f75bb_MasterBedroom-223908,bedroom,5.0,1.0460009021615053,6.387533780547804,1.0726972782510156,0.7827747252353776,,dense
97bdbfe9-052e-4864-b98d-9080b266cc5e_Bedroom-5426,bedroom,8.0,1.1677100104945046,5.932494187939056,0.7581668396058934,1.348505324499811,,dense
97c9ee1b-c5ad-43c9-8cc4-19c45ed40dc0_Bedroom-86672,bedroom,6.0,1.7429634498221618,9.909302460739635,0.3356202515560465,0.6054916603637667,,neutral
97d1fafe-5ee8-4f76-aef0-3505d4f24905_MasterBedroom-74547,bedroom,4.0,1.9554402688412218,6.078225057724528,0.3257207942246875,0.6580868529895236,,neutral
97d1fafe-5ee8-4f76-aef0-3505d4f24905_SecondBedroom-76086,bedroom,5.0,1.7610664320266392,10.925129051384053,0.5326327554834197,0.4576604977830055,,sparse
97ef997e-d71e-4afe-bd8d-9b18a6641a5e_MasterBedroom-25212,bedroom,5.0,1.1828074612817847,10.176789194452477,0.7968456354097522,0.49131409764541223,,sparse
98048467-1c7a-461d-8fd5-29f1e5c12c97_MasterBedroom-3425,bedroom,7.0,2.2446527198499315,16.701105348601388,0.2765023095548886,0.4191339347839157,,sparse
980a056e-a3ed-4074-9a3a-8cc4dbe32a6b_Bedroom-3742,bedroom,6.0,2.157691077129248,18.35533082375398,0.44434293090967636,0.3268805153996618,,sparse
9818c527-02e7-47f1-b816-83fd72177a96_Bedroom-65752,bedroom,6.0,1.61429468902631,5.389982218926733,0.381840917738027,1.113176214001451,,dense
9818c527-02e7-47f1-b816-83fd72177a96_LivingRoom-67001,livingroom,6.0,1.4520900280926547,7.922013536217692,0.5723434457421949,0.7573832047331563,,dense
98257d91-7cf7-4ae9-b23e-f6912b0e0cfb_LivingRoom-12311,livingroom,13.0,1.3446762085439774,15.808764058725899,1.5580076552609152,0.8223286748861587,,dense
9867e853-a25a-42ec-bb4d-06bb1bce0023_MasterBedroom-77600,bedroom,7.0,2.089988048812939,11.570488015165594,0.4156039738199698,0.6049874465817696,,neutral
98728333-ee1a-4459-b54a-4879611098da_MasterBedroom-14570,bedroom,5.0,0.7621405124664307,4.096004513099587,0.7784820546691087,1.2207017799929936,,dense
987bfa8c-edf6-40a7-87c2-f49e4e8c5a16_Bedroom-300,bedroom,6.0,2.2128582626442843,9.280081497498035,0.25841856622361414,0.6465460461330685,,neutral
987d0a4b-07d5-4958-aac4-cefaa277d511_DiningRoom-8951,diningroom,6.0,1.0593971689542134,5.202799300620273,0.37041981616768993,1.1532253414589113,,dense
9886aa9f-f331-48e4-88a0-4e56ccaabe7f_DiningRoom-9982,diningroom,7.0,0.9567722422736031,3.6208867218744536,0.7074711322437722,1.9332281116975274,,dense
9886aa9f-f331-48e4-88a0-4e56ccaabe7f_LivingRoom-9939,livingroom,4.0,1.207011543509117,6.914490907672974,0.6852448649154933,0.5784952288477553,,neutral
9886aa9f-f331-48e4-88a0-4e56ccaabe7f_MasterBedroom-9526,bedroom,4.0,1.729586552706962,6.0645000735606445,0.2063612410300372,0.6595762142767168,,neutral
9894d4c3-43cb-4af9-9107-263bdb85bd18_MasterBedroom-19693,bedroom,3.0,0.8547188026476263,4.842655477916062,1.062617968445547,0.6194948233837582,,neutral
9894d4c3-43cb-4af9-9107-263bdb85bd18_SecondBedroom-19505,bedroom,4.0,1.2415770893942122,6.156299453596794,0.6063385281536553,0.6497409734776654,,neutral
98a1fc47-1484-4dd6-840b-da2d38206db2_SecondBedroom-69017,bedroom,6.0,1.242594304967062,8.841932803974297,0.7606527228423889,0.678584663898724,,neutral
98b7c028-7943-4861-94a7-e1fbcc362d17_Bedroom-11599,bedroom,7.0,2.0530861543925734,14.757021127744219,0.4382600213519416,0.47435047625157334,,sparse
98cf66bc-adf1-4140-b893-e8df0e483a20_Bedroom-21407,bedroom,4.0,1.2216508500269074,4.95811932912557,0.38862909575460547,0.80675750914318,,dense
98d10fb0-300f-4ded-a42f-06855b4d865a_MasterBedroom-10267,bedroom,5.0,1.7158802274453802,9.501305771145976,0.4677525366067895,0.5262434575239375,,sparse
98d10fb0-300f-4ded-a42f-06855b4d865a_SecondBedroom-10251,bedroom,4.0,1.353314717610677,2.898702181185857,0.5757105880148877,1.3799278953050647,,dense
98d50a8c-8f9c-40c7-b306-2b282a3ade70_MasterBedroom-9415,bedroom,7.0,2.183389467719862,17.370083557620866,0.29955748251683434,0.4029917286683894,,sparse
98d50a8c-8f9c-40c7-b306-2b282a3ade70_SecondBedroom-8739,bedroom,3.0,2.3388681574932995,8.330736457148872,0.15371439377417365,0.360112220021749,,sparse
98efac0b-a256-4bc2-a55f-a3df5ef39096_MasterBedroom-8978,bedroom,4.0,1.4320815664486173,4.430366908108778,0.6603701185865408,0.9028597592400103,,dense
98efac0b-a256-4bc2-a55f-a3df5ef39096_SecondBedroom-9739,bedroom,7.0,1.6499474713198867,8.303586879121228,0.6483098915945263,0.843009184091395,,dense
99287cb1-52aa-444c-aa0b-3cfee99f426b_LivingRoom-63045,livingroom,8.0,3.5010102212436776,36.87860987651683,0.5624527597835344,0.21692791639345804,,sparse
994206c4-c697-480a-9825-85141dd8a205_Bedroom-68754,bedroom,7.0,1.7493528523273543,7.320317601360732,0.34345475083823,0.9562426633919285,,dense
994206c4-c697-480a-9825-85141dd8a205_Bedroom-73409,bedroom,5.0,1.7335553434663595,7.458798798341476,0.3845850612484903,0.6703492258179413,,neutral
99533e24-4bd1-4780-808b-02e8ca8a37e5_Bedroom-29751,bedroom,5.0,1.565552820210085,6.493652206989173,0.43667645931664983,0.7699827216829471,,dense
9961048a-54ca-4b21-b082-d511e9ce6be7_MasterBedroom-50625,bedroom,5.0,1.0533650959471905,8.145354694967367,0.9778358279522275,0.6138468105126552,,neutral
9961bd71-5f50-4c9d-8f4b-8e7db9f93451_MasterBedroom-4683,bedroom,4.0,1.8059226576445873,6.485201992642974,0.16212092394305203,0.6167888069697337,,neutral
9961bd71-5f50-4c9d-8f4b-8e7db9f93451_SecondBedroom-3610,bedroom,6.0,1.4654113962647033,7.137542244987056,0.5443850401929896,0.8406254974132039,,dense
9963cca3-dedd-4f39-b6b9-3674e43ae959_MasterBedroom-6180,bedroom,5.0,2.0548617655345174,7.540854719690469,0.1601418097144268,0.6630548108749714,,neutral
99753f89-7195-4928-a56e-9724c13bd4bd_MasterBedroom-7952,bedroom,5.0,1.7933150484654412,6.587465532676822,0.3231951269713349,0.7590172540862231,,dense
99753f89-7195-4928-a56e-9724c13bd4bd_SecondBedroom-7924,bedroom,3.0,0.6281411374608675,1.482983261104664,1.0154881612027404,2.022949333740504,,dense
997b4bce-e106-4c9a-9df6-3ac82127a7c5_MasterBedroom-147134,bedroom,5.0,1.552384074208891,9.067641901262332,0.8177155495862836,0.5514112769830418,,neutral
997b4bce-e106-4c9a-9df6-3ac82127a7c5_SecondBedroom-147068,bedroom,5.0,1.0538614409672467,9.223399885819195,0.8704614644377013,0.5420994494326768,,neutral
997c437d-2a84-48e8-bf8e-6280cdc1dac8_SecondBedroom-19781,bedroom,5.0,2.0770829645979823,9.066511997452182,0.3222468498349794,0.5514799959901968,,neutral
9984c540-8ac6-498f-94f1-e11deebd507b_MasterBedroom-536,bedroom,5.0,1.9100335705412068,8.099679922299908,0.3071391919063379,0.6173083440290129,,neutral
9984c540-8ac6-498f-94f1-e11deebd507b_SecondBedroom-1074,bedroom,4.0,1.8148526448441797,9.725224811942677,0.7030851013400637,0.41130154596405405,,sparse
998ca0a0-ee00-4323-b2ad-79b858ffb0a3_LivingDiningRoom-17088,livingroom,15.0,2.031528420437238,36.84620514711953,1.3112131796052768,0.4070975542829445,,sparse
998ca0a0-ee00-4323-b2ad-79b858ffb0a3_MasterBedroom-17160,bedroom,5.0,1.7082940473531263,13.1099470384728,0.680062286893613,0.38138979397299366,,sparse
998ca0a0-ee00-4323-b2ad-79b858ffb0a3_SecondBedroom-17030,bedroom,4.0,1.7409969822174067,9.061479590867185,0.7474941457678542,0.4414290138700406,,sparse
99a9a277-df69-43f1-a934-3548f4438510_DiningRoom-92623,diningroom,7.0,1.1997224625019418,8.21902661011863,0.5967027209343116,0.8516823624079938,,dense
99a9a277-df69-43f1-a934-3548f4438510_SecondBedroom-92664,bedroom,7.0,2.134068792191223,22.519102115772633,0.40223626471932633,0.31084720714051567,,sparse
99ac1d0e-f0f1-4cb9-9b0c-d39a67083168_MasterBedroom-62947,bedroom,8.0,1.8093332617940268,16.29130793912623,0.4128051878653475,0.49105940602759685,,sparse
99b2b537-cc43-46e8-9cd8-eadd000f5a8d_SecondBedroom-16477,bedroom,4.0,1.7994078464445733,6.780175642319379,0.14375077095474872,0.5899552181264246,,neutral
99d95fd4-d3ee-4a45-b84e-7df7c69b7687_LivingDiningRoom-66502,livingroom,17.0,3.073966762496675,32.4658443621373,0.4970182684729122,0.5236272252886773,,sparse
99d95fd4-d3ee-4a45-b84e-7df7c69b7687_MasterBedroom-69896,bedroom,5.0,1.9464689564982085,11.843505390061091,0.5187156156612616,0.4221723075497506,,sparse
99e610b9-c34a-404b-afda-18abf1d22cbf_DiningRoom-2469,diningroom,11.0,1.7348654223955826,24.505342618839364,0.5606673457900174,0.4488817059649415,,sparse
99e87673-0512-41c8-b35e-fd1ea39d1f0c_MasterBedroom-1433,bedroom,9.0,1.7022942351456252,14.564574450109033,0.7702284793863279,0.6179377249111885,,neutral
99f3729a-84c5-49b4-b31d-5e6c248040c1_Bedroom-5546,bedroom,7.0,1.8351863039163507,9.237092077794625,0.3101349287405227,0.7578142494462679,,dense
99f3729a-84c5-49b4-b31d-5e6c248040c1_MasterBedroom-4863,bedroom,7.0,1.6135264328896273,7.408233857143234,0.48740197319327594,0.9448945774370227,,dense
99fbb361-8436-4e2c-9ba9-f9293a0062e4_MasterBedroom-40818,bedroom,8.0,1.6048394188416988,13.095637355713396,0.7632981560027818,0.6108904654808375,,neutral
99fd1d4c-1da6-4e4b-a469-30eaa6f5befb_LivingDiningRoom-3910,livingroom,13.0,2.1526632777263095,21.74970234132985,0.616713456374191,0.597709329350074,,neutral
99fd1d4c-1da6-4e4b-a469-30eaa6f5befb_MasterBedroom-4008,bedroom,6.0,1.6127511021084708,7.396192887016945,0.4247687684114025,0.8112281672010231,,dense
99fd1d4c-1da6-4e4b-a469-30eaa6f5befb_SecondBedroom-3970,bedroom,5.0,0.9701262147979156,4.7481755290449446,0.4809754891555304,1.053036049197134,,dense
9a0486c5-58e8-4a77-99de-9c4ea78d39d3_LivingDiningRoom-9632,livingroom,12.0,1.8917469526385402,18.983787100118505,0.6332819245735913,0.6321183405983883,,neutral
9a0486c5-58e8-4a77-99de-9c4ea78d39d3_MasterBedroom-1624,bedroom,5.0,1.9173378812570838,13.511390287723382,0.4396909009629163,0.3700581430574959,,sparse
9a0486c5-58e8-4a77-99de-9c4ea78d39d3_SecondBedroom-6212,bedroom,3.0,2.0990326099067786,5.4296113174400205,0.5312298536880318,0.5525257379591684,,neutral
9a1745e1-f537-4faa-a403-15b1f06e8178_LivingDiningRoom-277579,livingroom,14.0,1.6087958682410155,28.49623379177714,0.8894849454108146,0.4912929933933878,,sparse
9a21209b-f836-4d36-b106-04495545481a_Bedroom-5981,bedroom,6.0,1.8676599034601251,7.006113869898927,0.3968560211947209,0.8563948733089258,,dense
9a21209b-f836-4d36-b106-04495545481a_DiningRoom-2307,diningroom,5.0,1.1395270206319306,5.747505700116195,0.20450445541653883,0.8699425909049411,,dense
9a26b2a5-3a4f-40b8-93b7-dec4feef5f38_DiningRoom-4628,diningroom,8.0,1.095570408017808,8.951305296332299,0.5853128535807841,0.893724405006934,,dense
9a26b2a5-3a4f-40b8-93b7-dec4feef5f38_MasterBedroom-2604,bedroom,8.0,1.6695309728752512,14.336070736431834,0.7566846238384369,0.5580329608495748,,neutral
9a26b2a5-3a4f-40b8-93b7-dec4feef5f38_SecondBedroom-2000,bedroom,6.0,0.6671242737165406,6.503931623394806,1.1730968068859184,0.9225189235412391,,dense
9a2df5c3-d305-46c7-a7f1-68f9ba45c56e_MasterBedroom-13404,bedroom,6.0,1.2929120502059441,10.409282259730348,0.6884305734616768,0.5764086178363876,,neutral
9a2df5c3-d305-46c7-a7f1-68f9ba45c56e_SecondBedroom-11580,bedroom,4.0,1.501601775487264,3.7708002613248306,0.6023535102666006,1.0607827842344115,,dense
9a3ae5f2-9579-4a74-805e-77e758ab8027_LivingDiningRoom-11033,livingroom,16.0,2.7670352775867486,24.27991851995798,0.5845091796120451,0.6589807946368549,,neutral
9a697b01-5800-40fe-b290-86c2779e2517_Bedroom-10080,bedroom,6.0,1.8169585204169134,11.881175087586863,0.3021950289528528,0.5050005538819675,,sparse
9a697b01-5800-40fe-b290-86c2779e2517_Bedroom-13271,bedroom,6.0,1.9844763068744309,10.738509252501636,0.5349321088752481,0.558736772387866,,neutral
9a715acb-d999-4861-9cb9-37847a537f9b_SecondBedroom-8146,bedroom,3.0,1.2073445879498954,5.087139465532605,0.8191243903956261,0.5897223813748756,,neutral
9ac25401-5aa3-426d-aa37-a04d0b7d5448_SecondBedroom-8177,bedroom,4.0,1.587110823486593,12.01293513894204,0.4684144378115883,0.3329744108110013,,sparse
9ac55129-3ec1-48eb-b7e1-0ad34ce5dd22_LivingRoom-860,livingroom,8.0,1.8175549115703802,14.283472475856898,0.4540699064594899,0.5600878927391262,,neutral
9adbd726-3ad6-48a9-92b7-a6422544193f_Bedroom-3132,bedroom,6.0,1.9425961770873392,19.484380292550057,0.3670690962725669,0.3079389700833404,,sparse
9aea034c-ec2d-4da0-8d18-0632a5d7177e_LivingDiningRoom-3811,livingroom,16.0,2.600787750143645,26.13413174340422,0.4906953843566253,0.612226193588318,,neutral
9aea034c-ec2d-4da0-8d18-0632a5d7177e_SecondBedroom-2131,bedroom,4.0,1.5509833447464036,5.047552187820188,0.26725316296385576,0.7924633270067131,,dense
9af04c57-d004-41ca-8e33-bc8a4c56648a_LivingRoom-1276,livingroom,6.0,1.4427969019462563,7.560356380941837,0.4504117700873854,0.7936133824491148,,dense
9af467c6-d6ee-4530-a48f-87d4f942ac04_DiningRoom-168152,diningroom,6.0,1.2139205501627433,6.159441688792906,0.7341183768633152,0.9741142628100514,,dense
9af4ec93-df6c-4c59-be7b-a883c9ebb3ce_SecondBedroom-4385,bedroom,5.0,0.7121306896209717,3.69176506813397,1.2450005496235081,1.3543657052173383,,dense
9af95d77-acc9-4ab0-b951-1dc42afae8a4_DiningRoom-5492,diningroom,7.0,1.0856027832624104,10.420251944868598,0.5611131345223346,0.6717687861133833,,neutral
9af95d77-acc9-4ab0-b951-1dc42afae8a4_MasterBedroom-1095,bedroom,5.0,2.3806412948261637,15.716800271211895,0.2101542528996186,0.31813091174533703,,sparse
9af95d77-acc9-4ab0-b951-1dc42afae8a4_SecondBedroom-2941,bedroom,6.0,1.8048629184810256,9.57406985949645,0.5798617730755176,0.6266927323544275,,neutral
9afa32c6-96d5-4f54-8025-9ecdecc13b7a_Bedroom-9417,bedroom,4.0,1.0477758490267537,7.538974837976046,0.8404369117661362,0.5305761175711605,,sparse
9afa32c6-96d5-4f54-8025-9ecdecc13b7a_Bedroom-9841,bedroom,4.0,1.6523003280162811,5.946691795994776,0.3742896870912916,0.6726428974668042,,neutral
9b098112-9633-4328-b7f8-94054dd2d87e_MasterBedroom-34915,bedroom,9.0,1.3345589475721988,14.171627277344886,0.8457096760806209,0.6350717404477341,,neutral
9b3608bf-9705-482d-9c23-2d03aebd61ad_SecondBedroom-17374,bedroom,3.0,1.3093592302850583,4.185695533655398,0.26042394911062294,0.7167267604340248,,neutral
9b3608bf-9705-482d-9c23-2d03aebd61ad_SecondBedroom-17415,bedroom,3.0,1.3559382419518473,4.837387240532471,0.41491767896327125,0.6201694945699194,,neutral
9b383eb3-9453-4853-ae45-a4a461406696_Bedroom-19303,bedroom,5.0,1.8854109037998832,8.126670893341888,0.37966477679145705,0.6152580885361627,,neutral
9b383eb3-9453-4853-ae45-a4a461406696_Bedroom-24486,bedroom,7.0,2.4000393631299146,20.989542091304838,0.2718320081970032,0.33349941459179483,,sparse
9b3dc3de-8ce6-473e-b1ed-e4eb43c369b1_MasterBedroom-15054,bedroom,5.0,1.4515290792221112,8.59436381550324,0.40541669186397133,0.581776627954774,,neutral
9b3dc3de-8ce6-473e-b1ed-e4eb43c369b1_SecondBedroom-15319,bedroom,5.0,1.4478201315554753,8.479058995063664,0.6656181854738454,0.5896880777584987,,neutral
9b4a16d5-f0b3-42a0-82a7-f5fdc2114c40_MasterBedroom-49298,bedroom,4.0,0.5024323312797216,3.667606772726675,0.7681312127264155,1.0906294616274275,,dense
9b5aa5c9-9abb-492e-acb1-d7795bd7c42b_MasterBedroom-38990,bedroom,4.0,2.4208665872628754,7.9447515516823755,0.3296654643870725,0.5034770406574844,,sparse
9b65961c-da2e-4758-97a3-21702e5e8931_Bedroom-24525,bedroom,6.0,1.182538072128591,8.904311935739884,0.6941217670593003,0.6738308409791176,,neutral
9b65961c-da2e-4758-97a3-21702e5e8931_LivingDiningRoom-23971,livingroom,14.0,3.472144447143151,33.123849604453945,0.269228017269421,0.42265618782780345,,sparse
9b70aba5-4a95-4ffe-a585-41e3a46f716d_LivingDiningRoom-2999,livingroom,12.0,1.940464511491778,26.22128872769034,0.37220374969621783,0.45764341046013113,,sparse
9b893109-d943-428e-8af9-81e9c4e8ec2c_DiningRoom-23097,diningroom,8.0,1.7913087270789565,10.480711000701692,0.2307294969899894,0.7633069931481169,,dense
9b8b8318-45e8-4518-ba42-6512352c5ca1_MasterBedroom-24067,bedroom,4.0,1.14053906786602,4.962183330455439,0.7008258797879645,0.8060967791032566,,dense
9b901fc2-2f66-4f0f-86bf-e7571cbb5226_Bedroom-23858,bedroom,3.0,1.1799457239674966,4.478196251691246,0.17636209658443588,0.6699125789467161,,neutral
9b901fc2-2f66-4f0f-86bf-e7571cbb5226_Bedroom-23931,bedroom,4.0,1.2807526363841049,4.150396779868776,0.4038010678415945,0.9637632766586881,,dense
9b901fc2-2f66-4f0f-86bf-e7571cbb5226_LivingDiningRoom-23833,livingroom,10.0,2.864756688072511,22.432398846929775,0.47400750430399907,0.44578379995096495,,sparse
9bbf3f4c-3de9-4de4-9ad6-7460413fdc88_SecondBedroom-10357,bedroom,5.0,0.9987020385883802,5.712202015283002,0.9256704858134704,0.8753191827989443,,dense
9bdcdcf0-ea32-4aa4-a14e-29b6f6844c85_Bedroom-14989,bedroom,3.0,1.9007129669189453,2.3073937138843807,0.8232301269377613,1.300168229612471,,dense
9bf55c0e-6250-41ed-ba12-968598c9279a_MasterBedroom-9670,bedroom,9.0,1.5207169589439684,10.256458855073848,0.8999557114734349,0.8774958421002897,,dense
9bf55c0e-6250-41ed-ba12-968598c9279a_SecondBedroom-8097,bedroom,3.0,0.8585634231567383,1.6930506609725178,0.9006339885153839,1.7719493392340355,,dense
9bf58256-675c-40d8-a685-e1496d9b84a7_MasterBedroom-68654,bedroom,4.0,1.3715484116633194,4.394273327888999,0.4451132659343403,0.9102756477648588,,dense
9bf58256-675c-40d8-a685-e1496d9b84a7_SecondBedroom-68695,bedroom,3.0,1.056426279555265,3.301093598952686,0.292220260673673,0.9087897419666586,,dense
9bf7779c-3afd-474d-8343-05df08fda70c_MasterBedroom-3128,bedroom,4.0,1.695534291057714,6.498550597749254,0.15521549748486893,0.6155218675046376,,neutral
9c164b35-f1f3-4ae5-bbfa-5003672ac1d8_LivingDiningRoom-8304,livingroom,16.0,3.337932408660118,34.8457555010848,0.5268094629985004,0.4591663968801565,,sparse
9c20cc98-5aca-45b2-be1f-880f6959e5b2_LivingDiningRoom-4131,livingroom,7.0,1.8179332432618391,14.284559914595588,0.5392496025259885,0.4900395981291369,,sparse
9c20cc98-5aca-45b2-be1f-880f6959e5b2_MasterBedroom-3545,bedroom,3.0,0.7187404632568359,1.4623335050893753,0.7745313030787557,2.051515601303716,,dense
9c20de9d-4867-4ef9-8f3b-b8741a51f4c6_MasterBedroom-1599,bedroom,5.0,1.5412638845434659,5.571623555582585,0.259257253181178,0.8974044908310725,,dense
9c2e4427-a6e0-41c0-af95-3464c4678cdf_Bedroom-14930,bedroom,4.0,1.7717991999258154,11.259661746139649,0.5075730629640873,0.3552504586890802,,sparse
9c67a64d-1fe2-4cb4-8644-4220a12ce2c8_DiningRoom-75475,diningroom,5.0,1.3997948259249682,3.5908849966745673,0.31942314545484757,1.3924144060949823,,dense
9c8ed2d2-bfee-40c8-8b9c-12bb456242aa_Bedroom-13907,bedroom,5.0,1.29550256729126,4.982509054972756,0.38033787361417526,1.0035104692905248,,dense
9c8f3906-2496-4648-bf73-68538caed694_LivingDiningRoom-42072,livingroom,15.0,1.1130657737482048,30.757097061013138,1.247796665421711,0.48769231927981893,,sparse
9c8f3906-2496-4648-bf73-68538caed694_MasterBedroom-42103,bedroom,4.0,0.7953571875890096,2.9630174374174842,0.6030510562882765,1.3499751805329678,,dense
9c8f3906-2496-4648-bf73-68538caed694_SecondBedroom-42173,bedroom,5.0,1.0235432979671093,5.310556453183573,0.5250993838898665,0.9415209204682494,,dense
9cbbb4f0-52d8-4600-ac63-bc4480ab1d83_Bedroom-46578,bedroom,6.0,1.071472069834932,7.0644156522221575,0.7786111191645391,0.8493271482564395,,dense
9cd2228d-11b3-4ea8-b004-f916ad632e1a_MasterBedroom-7936,bedroom,5.0,2.204655550250424,14.5471086393691,0.45032188755246577,0.34371091355352984,,sparse
9ced874b-7641-4dd6-b839-86e327f92344_LivingRoom-20470,livingroom,5.0,1.54996766439129,16.582452293114454,0.8681464645907394,0.30152355704808237,,sparse
9ced874b-7641-4dd6-b839-86e327f92344_MasterBedroom-20459,bedroom,4.0,2.2982722417049732,12.67258084940624,0.5082176550739312,0.31564209749645555,,sparse
9d145e0d-deb3-4d32-9bb7-78c379b8f210_SecondBedroom-226338,bedroom,5.0,1.5170823762403995,6.367137661041897,0.3369293432382278,0.7852822203912923,,dense
9d21c2a0-3cc4-4ce4-a926-506ed2c32a14_Bedroom-232,bedroom,3.0,1.840756331337996,4.985919956891377,0.32619284249084585,0.6016943765520137,,neutral
9d21c2a0-3cc4-4ce4-a926-506ed2c32a14_Bedroom-267,bedroom,5.0,1.7721434520794168,7.289917170282302,0.3985932925865849,0.6858788492663183,,neutral
9d21c2a0-3cc4-4ce4-a926-506ed2c32a14_DiningRoom-375,diningroom,6.0,1.233000143819802,4.213500987057025,0.26783332880145283,1.4239939704371063,,dense
9d3329f3-b506-49ce-9edd-ac5155143bf4_DiningRoom-3017,diningroom,6.0,0.9929304590633785,7.721948522717385,0.45985405349516467,0.7770059567670591,,dense
9d5ea5ec-326e-46f3-b6eb-634e5e2a3837_MasterBedroom-49008,bedroom,6.0,1.9376051828865526,9.145937697315244,0.2342847149795888,0.6560289604598201,,neutral
9da0c89f-c7b1-46f8-b37a-8377ad190e71_MasterBedroom-76782,bedroom,4.0,1.1688708331631612,6.312655084312863,0.5899927768116577,0.6336477989966726,,neutral
9dbe7711-718f-49d4-819c-caca531b3cd7_MasterBedroom-9638,bedroom,5.0,1.94115567069693,9.3871660208352,0.40251419853591175,0.532642118920907,,sparse
9dc08332-0442-4e9b-975c-7c1b336d8d31_LivingDiningRoom-5774,livingroom,15.0,2.627397043930129,29.008786433077642,0.3426762802739583,0.5170847127508946,,sparse
9dc08332-0442-4e9b-975c-7c1b336d8d31_SecondBedroom-8229,bedroom,5.0,1.648120438216533,7.107910902863546,0.28413690050173934,0.7034415693063433,,neutral
9ddbde94-1d82-4d74-b262-a19cf0f9c5fd_MasterBedroom-15595,bedroom,4.0,2.023123774879103,8.106177365658912,0.40770593016617235,0.49345083626539415,,sparse
9ddbde94-1d82-4d74-b262-a19cf0f9c5fd_SecondBedroom-15576,bedroom,5.0,1.8915803487413232,8.394136498012196,0.37903753907394966,0.5956538830627836,,neutral
9e0f6402-f0f1-48f6-8e8a-00f17e55de50_MasterBedroom-27787,bedroom,5.0,1.97099551400713,14.650562727383432,0.6448880208873962,0.3412838191296555,,sparse
9e0f6402-f0f1-48f6-8e8a-00f17e55de50_SecondBedroom-27831,bedroom,5.0,1.8648630213354331,7.8680729480734035,0.39538594306093144,0.6354796190882182,,neutral
9e397213-2392-40d6-a3ff-a4fe0dc43ac3_SecondBedroom-48014,bedroom,4.0,1.8511043547482906,12.021605134800307,0.3809337756471014,0.33273426927164207,,sparse
9e50138a-d669-41f1-9dcf-3c77fdb17397_LivingDiningRoom-1048,livingroom,15.0,1.3406119005249335,23.329886145843236,1.346021646539258,0.642952130423174,,neutral
9e50138a-d669-41f1-9dcf-3c77fdb17397_MasterBedroom-1462,bedroom,8.0,1.2749597934138954,11.589745168812065,0.5958960388302699,0.6902653926790342,,neutral
9e5862da-3d4b-43a8-95a2-49258c575822_MasterBedroom-42336,bedroom,5.0,1.4114574242419895,10.266365105578204,0.47332034414973123,0.48702729238445475,,sparse
9e7fc1a1-6a12-4766-81c8-5e2cf29ac49f_DiningRoom-22610,diningroom,8.0,1.181459209748677,4.978315189783214,0.7426233068445176,1.6069693651414563,,dense
9e84166d-ff70-496e-92b2-489f58936fbf_Bedroom-2588,bedroom,3.0,1.4007661777580982,6.343346699712692,0.4687111974264063,0.4729364706072078,,sparse
9e84166d-ff70-496e-92b2-489f58936fbf_Bedroom-9025,bedroom,3.0,1.2936541635317855,5.147374089166641,0.22998714870693643,0.5828214441056293,,neutral
9e8b8e5d-85fe-42ab-b582-7a8484399699_Bedroom-15276,bedroom,9.0,1.2538228912291831,12.231229022260505,0.8550606152683881,0.7358213948590321,,dense
9e8b8e5d-85fe-42ab-b582-7a8484399699_DiningRoom-15222,diningroom,6.0,0.8951679881263209,2.7796572513463813,0.39504892356563287,2.1585395095362143,,dense
9e9bbde3-8463-4828-bc2f-2c04bdb50f98_SecondBedroom-20702,bedroom,3.0,1.9087594229937996,9.781440337367401,0.2514818523835086,0.3067032969100977,,sparse
9e9c7c48-a631-4ded-a271-7dd697faf0dc_MasterBedroom-1615,bedroom,6.0,1.8195742582697256,15.669996468406339,0.38341794355376885,0.38289734219769156,,sparse
9e9c7c48-a631-4ded-a271-7dd697faf0dc_SecondBedroom-717,bedroom,3.0,1.2543872675401984,3.831416829370845,0.05962064522802102,0.7830001624993198,,dense
9eb53417-9bbf-4482-805f-48e2fc7a7118_MasterBedroom-38021,bedroom,9.0,1.951877001518941,17.04624563524777,0.6939415431479061,0.5279754963397947,,sparse
9ebf1a86-1279-43c5-b5a5-00ca1424aeaa_MasterBedroom-50979,bedroom,7.0,1.6378211108606016,10.553011669200956,0.713761735840635,0.6633177541563374,,neutral
9ec57030-6db6-4eb0-a0e1-5d1478906827_LivingDiningRoom-13962,livingroom,12.0,2.420860819377543,18.057322121482517,0.6116746496581579,0.664550364625981,,neutral
9ec57030-6db6-4eb0-a0e1-5d1478906827_MasterBedroom-15573,bedroom,5.0,1.831549859449264,6.2944445278632095,0.39119950823156,0.7943512692608258,,dense
9ed1d34e-0432-4430-a6a5-dd81cd233873_LivingRoom-3225,livingroom,3.0,1.4343415262049548,5.118505072706658,0.285432479236617,0.5861086308181783,,neutral
9ef7f10d-9bda-4518-8c1c-548e190aac76_Bedroom-4308,bedroom,7.0,0.7414303891777835,5.41957041708479,1.0753415912725173,1.2916152870591042,,dense
9f09b360-ed12-4e72-96db-d956c00253fc_MasterBedroom-402,bedroom,3.0,2.0678018012903583,6.803205652949182,0.2887937011528506,0.44096858937367317,,sparse
9f09b360-ed12-4e72-96db-d956c00253fc_SecondBedroom-2731,bedroom,4.0,1.4863561858523875,4.581980360372067,0.49748355407720235,0.8729849727411733,,dense
9f1fb816-ff49-446b-892f-0cd7d1cd5647_DiningRoom-67006,diningroom,6.0,1.0786060104054829,2.631807695270518,0.3047608690664135,2.2798018300433887,,dense
9f1fb816-ff49-446b-892f-0cd7d1cd5647_MasterBedroom-66911,bedroom,4.0,1.8645707861373644,6.817105302718155,0.19756796670251267,0.5867593094689467,,neutral
9f25ebc8-56e8-4632-b669-db96d83b9915_MasterBedroom-10399,bedroom,3.0,1.7382453283180552,2.2718149973770765,0.9332137913733317,1.3205300622910092,,dense
9f433842-0a34-4228-a2ec-8e7888cbe29e_MasterBedroom-46846,bedroom,6.0,1.1322000647302966,8.094538046402276,0.9140439186597092,0.7412405705680486,,dense
9f433842-0a34-4228-a2ec-8e7888cbe29e_SecondBedroom-42647,bedroom,7.0,0.745360019706059,6.553146603657416,1.339159370452143,1.0681891346812213,,dense
9f465ca9-cb35-4b6e-beb4-fb73a86d4656_MasterBedroom-1966,bedroom,6.0,1.689903274629311,10.765489399393221,0.535682940602416,0.5573364830342205,,neutral
9f4a2c14-f2f2-402b-abd6-6251aa3f95d8_LivingRoom-4169,livingroom,6.0,1.1863467384148925,7.951109987349646,0.927785363836023,0.7546116214649407,,dense
9f524658-1955-42a7-a344-eeb240b23267_MasterBedroom-103288,bedroom,5.0,1.411791706085205,7.638093884156015,0.696263995318329,0.6546135823718648,,neutral
9f524658-1955-42a7-a344-eeb240b23267_SecondBedroom-89516,bedroom,5.0,0.9865750436956622,5.237391779018371,0.8237799470505853,0.9546736640994872,,dense
9f60fd75-9050-4aa6-a78c-c6f873822632_DiningRoom-69111,diningroom,6.0,0.9376343892939716,2.3629473950238555,0.3555349383139965,2.5392016820329704,,dense
9f690000-5197-4ba8-b2d1-e1f1e4dbe9bc_LivingDiningRoom-1431,livingroom,14.0,1.570168819517717,36.44313085490344,1.4141216911727006,0.3841601879855033,,sparse
9f690000-5197-4ba8-b2d1-e1f1e4dbe9bc_MasterBedroom-6212,bedroom,5.0,1.8315194457376087,8.924673818439203,0.2577348794381122,0.560244564867966,,neutral
9f787e94-23c0-44ec-a98b-ca7d2503d030_MasterBedroom-45472,bedroom,7.0,1.5412662107328907,9.191304655939321,0.44894680108711227,0.7615893784433178,,dense
9f7ebccd-db81-4599-aafa-936c371f9012_LivingDiningRoom-22877,livingroom,16.0,1.554464090152392,28.203352720484105,0.9521018373140113,0.5673084387722171,,neutral
9f8197bc-9d2d-4e29-94a0-358b41ae3948_MasterBedroom-55531,bedroom,4.0,1.4246292114257812,2.6341504714065658,0.5523347577676818,1.518516137714831,,dense
9f8f93c4-796c-41ff-863d-c7713981e450_LivingDiningRoom-4027,livingroom,16.0,2.958452041416036,25.81657195882861,0.5709068675460011,0.6197569540028883,,neutral
9f8f93c4-796c-41ff-863d-c7713981e450_MasterBedroom-1956,bedroom,3.0,1.657282292842865,2.0003087917493194,0.8811982645027242,1.4997684419396198,,dense
9f91d0bb-909f-4e7d-9829-ed234ec6394f_MasterBedroom-3985,bedroom,4.0,1.4586913577735263,4.7888887714323,0.3302199045560591,0.8352668418322121,,dense
9f95c9f8-3e85-4409-a803-807656b46bb2_SecondBedroom-24733,bedroom,4.0,1.3110773581673427,4.012117532293019,0.5066453351444798,0.996979766371377,,dense
9f95c9f8-3e85-4409-a803-807656b46bb2_SecondBedroom-28623,bedroom,5.0,2.0999762692903703,9.018280647526947,0.2942011375781694,0.5544294079349963,,neutral
9f967330-67a5-4fc0-8e40-67f3313906db_MasterBedroom-56412,bedroom,4.0,0.5024323312797216,3.667606772726675,0.7681312127264155,1.0906294616274275,,dense
9fa47876-dc0b-4cb1-b5dc-93ca194b1d87_Bedroom-40204,bedroom,3.0,1.4084462080932916,7.589755198702388,0.5300356938080836,0.3952696656820903,,sparse
9fa47876-dc0b-4cb1-b5dc-93ca194b1d87_SecondBedroom-40163,bedroom,3.0,1.8680719226076554,7.031624742083266,0.38745312149588873,0.4266439279737768,,sparse
9fc7b9d8-1325-4bed-88cc-bdc8a16807f0_Bedroom-13327,bedroom,5.0,1.5348119341998294,11.628913346177313,0.551257072098757,0.4299627876790064,,sparse
9fc7b9d8-1325-4bed-88cc-bdc8a16807f0_Bedroom-14021,bedroom,8.0,1.0939747721539408,10.104668033058672,0.8237566752574236,0.7917132926907653,,dense
9fc84985-1955-4003-83ef-43970b1418a2_MasterBedroom-8979,bedroom,4.0,1.0015234374203734,6.257575109633522,0.7407506903295238,0.6392252477868,,neutral
9fc84985-1955-4003-83ef-43970b1418a2_SecondBedroom-9892,bedroom,4.0,0.9252159107584879,5.52357956137567,0.8409643938179675,0.7241680789701133,,neutral
9fdf3141-0670-4eb5-b37e-aed37d45b260_LivingDiningRoom-7298,livingroom,14.0,2.0394549486731335,31.15012256813347,0.7842417143701649,0.4494364338175022,,sparse
9fdf3141-0670-4eb5-b37e-aed37d45b260_MasterBedroom-7336,bedroom,6.0,1.2850286192926719,11.778855329237478,0.65757822749887,0.5093873583035525,,sparse
a002b6aa-5fcb-4491-88b8-a8bf0f70f598_LivingDiningRoom-9373,livingroom,15.0,2.0236569982860155,23.34650589384267,0.5429944827407394,0.6424944301389464,,neutral
a00748fb-fdc2-4c08-875b-1e1f35f87a2b_SecondBedroom-6065,bedroom,7.0,0.8411271411903268,7.67643797382683,1.2345949267181258,0.9118812688732487,,dense
a05b51d1-bfea-4553-a903-dd1b74e35005_SecondBedroom-94646,bedroom,4.0,0.8672260085037856,5.25750857143356,0.7035478504974371,0.7608166388417934,,dense
a065a8b5-2593-489b-949f-9334f982dddb_Bedroom-11397,bedroom,9.0,2.7195291505720505,23.46895605624857,0.5036281625753382,0.38348531474640374,,sparse
a0b8b195-676d-47bd-afce-3e135b8fde83_MasterBedroom-22922,bedroom,4.0,0.8378684520721439,2.0948122864608263,0.38113106868826024,1.90947896661327,,dense
a0b8b195-676d-47bd-afce-3e135b8fde83_SecondBedroom-22944,bedroom,3.0,0.9796980222066244,1.4274758104071212,0.6812903515737536,2.1016117948397244,,dense
a0c48314-2360-479a-8ff5-a61f4e0bedb7_Bedroom-166575,bedroom,3.0,0.4896189371744792,1.7305057819897776,0.6783865577468344,1.7335972125736137,,dense
a0c48314-2360-479a-8ff5-a61f4e0bedb7_Bedroom-167264,bedroom,3.0,1.654693841934204,2.457210578679001,0.972228090801454,1.2208965833171705,,dense
a0d30f6c-c229-45a2-bf7f-ae9f08b97596_LivingRoom-1906,livingroom,5.0,1.2208666801452637,5.392355246858639,0.4665854211281768,0.9272386130184563,,dense
a0d30f6c-c229-45a2-bf7f-ae9f08b97596_MasterBedroom-505,bedroom,6.0,1.3634830613840128,7.37114349265302,0.6995047076281882,0.8139849680012784,,dense
a0ddfc6b-c089-48b7-ab01-96701bd379ea_MasterBedroom-9433,bedroom,4.0,1.3911069631576538,2.4830016735588605,0.714224074933952,1.6109534047421086,,dense
a0e57ce4-f5b5-4ca6-b46d-513cca1e290e_MasterBedroom-11778,bedroom,5.0,2.0678503748989305,18.515713232354784,0.3222995985356179,0.27004090726912344,,sparse
a0e73d7a-169e-4df4-9c48-43ccc65cff48_Bedroom-9836,bedroom,4.0,1.2766286170679786,5.595344704971593,0.666983392956195,0.7148799959448268,,neutral
a0e73d7a-169e-4df4-9c48-43ccc65cff48_LivingDiningRoom-9014,livingroom,7.0,1.781404976706744,9.531161064872302,0.19853718355130892,0.7344330824288494,,dense
a0f0e5f2-09a8-4a38-a4a3-7e88a67c1575_LivingDiningRoom-1315,livingroom,15.0,1.5956995521700965,24.010451266220553,0.7951201838436904,0.624727950078263,,neutral
a0fc42de-e479-416f-b9f0-e39d823af4b2_SecondBedroom-72989,bedroom,13.0,2.26176698742363,23.06578432369436,0.6864639321980622,0.5636053739844317,,neutral
a0fec80c-3a30-40d0-9005-2e0056909a48_LivingDiningRoom-18037,livingroom,6.0,1.7122733838067994,15.110722250422167,0.542947303636351,0.39706904147697974,,sparse
a111cbfa-1ae0-4705-9974-210f1f10731f_SecondBedroom-8920,bedroom,5.0,1.7693410818394888,7.476865925622782,0.36740404263746085,0.6687293913971752,,neutral
a11ff831-4d5c-48b0-a43e-90af1fd5a17c_LivingDiningRoom-9828,livingroom,11.0,1.7054230490903282,15.704825438866694,0.6398192265515811,0.7004216661190595,,neutral
a134945c-fa98-40f6-8549-9d2a0fe0c200_SecondBedroom-37378,bedroom,8.0,1.8263863212134814,11.554562124081496,0.3120685389595884,0.6923672151389244,,neutral
a137a098-9a96-4b7c-9553-13e5178d29b0_Bedroom-13209,bedroom,7.0,1.1406709678962126,11.123608858784817,0.6570366839188112,0.6292921738678167,,neutral
a137a098-9a96-4b7c-9553-13e5178d29b0_LivingDiningRoom-13439,livingroom,10.0,1.310297107458586,12.993018601601413,1.0410987129113212,0.7696440916945568,,dense
a13cbe28-97b9-48de-b617-70d6f4f50943_DiningRoom-4026,diningroom,8.0,1.0244691133564368,7.895794651105399,0.7760464937745051,1.0131975758614762,,dense
a13cbe28-97b9-48de-b617-70d6f4f50943_MasterBedroom-6631,bedroom,6.0,2.362506821859183,20.81136723375911,0.31786613247796563,0.28830397986861306,,sparse
a14845b0-e64c-49fe-8de7-e10df6fcab69_LivingDiningRoom-45836,livingroom,18.0,2.8023233446130393,30.803095697039836,0.49567496980307985,0.5843568509164419,,neutral
a1541190-2d13-475f-8c00-06652f7d5f46_MasterBedroom-2153,bedroom,4.0,1.5504696742180044,7.0410792178473525,0.15285835567505426,0.5680947304016993,,neutral
a169f204-56f4-4598-878b-93c6b69d00af_LivingDiningRoom-13061,livingroom,9.0,1.984306745223355,11.426168579989483,0.3125270351320797,0.787665606103659,,dense
a169f204-56f4-4598-878b-93c6b69d00af_MasterBedroom-11331,bedroom,3.0,0.7766245208334283,4.520016564186398,0.8364873962302047,0.6637143818830229,,neutral
a172d8e6-1750-4d9f-b0fe-901c08f3890b_DiningRoom-306,diningroom,5.0,1.0047955513000488,1.0876230353231078,0.6913495987784407,4.597181043075844,,dense
a17427a8-d555-45f8-a71e-e614a7a7d23b_Bedroom-3410,bedroom,3.0,1.4540905366730643,7.018773746781996,0.46881860716759777,0.4274250899418799,,sparse
a176fca1-5a93-4f6c-9e0b-4b3a4caa2adb_Bedroom-113166,bedroom,7.0,1.6434581814845945,16.6136433374645,0.5383472211649273,0.42134045241086227,,sparse
a1867cd2-0037-419d-a4d1-d10bba5d30f7_LivingDiningRoom-9942,livingroom,13.0,2.321771199332738,24.995560735514722,0.7511157774846681,0.5200923531004873,,sparse
a1867cd2-0037-419d-a4d1-d10bba5d30f7_MasterBedroom-5536,bedroom,4.0,1.5642483100177589,4.988510287092081,0.41878133764972597,0.8018425882272147,,dense
a1867cd2-0037-419d-a4d1-d10bba5d30f7_SecondBedroom-3229,bedroom,7.0,1.1534049844801233,10.170712563380981,0.8216578310633174,0.6882506959446544,,neutral
a19f2445-1678-4c98-a26d-fce8c3ee5320_MasterBedroom-58086,bedroom,3.0,2.7017454371488605,14.808468762673847,0.3786576363898415,0.20258677977305697,,sparse
a1a61778-5124-4062-937e-3d6eef4ad426_MasterBedroom-17138,bedroom,7.0,1.8465085474875205,16.8025597994329,0.28722522563803576,0.41660318924954853,,sparse
a1af2150-95a7-4047-82e3-6b4c22875390_MasterBedroom-643,bedroom,7.0,1.9475063613241277,19.998218173546213,0.5273442346514647,0.3500311847412311,,sparse
a1af2150-95a7-4047-82e3-6b4c22875390_SecondBedroom-142,bedroom,6.0,1.983602434450943,23.601209447115743,0.4956076297991151,0.25422425971196355,,sparse
a1c9fc91-973f-4369-bc65-99c7e59e4b3f_MasterBedroom-7143,bedroom,7.0,1.4364115358007772,13.694562774757086,0.9985832802228742,0.51115176987636,,sparse
a1d2b052-006c-402c-809f-269aa27fd81f_LivingDiningRoom-17672,livingroom,15.0,1.4882363040376725,30.447753861896487,0.728425499224536,0.4926471774580255,,sparse
a1efe26e-57c1-4624-ba4e-27c75f2b684d_Bedroom-16963,bedroom,4.0,1.6285585567033383,5.83995498577397,0.4587666256791883,0.6849367862841291,,neutral
a1efe26e-57c1-4624-ba4e-27c75f2b684d_Bedroom-22329,bedroom,3.0,1.6941165924072266,2.2357588795641723,0.9767843723777359,1.3418262709012723,,dense
a1efe26e-57c1-4624-ba4e-27c75f2b684d_Bedroom-22351,bedroom,3.0,1.887911305566926,5.889519609739721,0.38536381043047274,0.5093794059262129,,sparse
a1efe26e-57c1-4624-ba4e-27c75f2b684d_DiningRoom-22307,diningroom,7.0,1.0910796633018132,2.391078435566456,1.1025910759824322,2.9275492998796886,,dense
a1f31522-bfe3-4f53-beb3-8613e7b2ceb0_Bedroom-48166,bedroom,5.0,0.8756068026420953,6.434282522012118,0.9396764286761297,0.7770874192879564,,dense
a22895c1-7102-4701-a1a4-02faca65b6bb_MasterBedroom-45779,bedroom,5.0,1.7373840004730667,7.551237342097331,0.37563885859079144,0.6621431393932675,,neutral
a22895c1-7102-4701-a1a4-02faca65b6bb_SecondBedroom-45226,bedroom,5.0,1.6053728685988098,5.929917462645132,0.34205979441811696,0.8431820563265771,,dense
a2522dd1-9fd5-453e-9a28-24ea4b890043_SecondBedroom-6751,bedroom,4.0,1.318894623686616,3.9826106632508362,0.48507529580908193,1.0043663160222067,,dense
a252fd2f-afbf-4b76-b63c-5af2b0a3cebc_Bedroom-288,bedroom,5.0,2.436830870373071,15.322101809466997,0.21594043840608446,0.326325987268318,,sparse
a25838be-d066-4334-8a9d-bb090ba166df_LivingDiningRoom-3025,livingroom,15.0,2.9026515909312973,23.054636384227603,0.42575422495431536,0.6506283486761895,,neutral
a2616d89-609a-4b04-878c-e6c42698051e_LivingDiningRoom-124277,livingroom,16.0,3.7108817273562384,35.9531322111642,0.46989034869360646,0.4450238133920266,,sparse
a2a8f036-c0d0-4d57-b55f-f6aa5e56d7fa_LivingRoom-12895,livingroom,8.0,1.743276877988362,12.610669486322118,0.3146510905127409,0.6343834487674919,,neutral
a2a8f036-c0d0-4d57-b55f-f6aa5e56d7fa_MasterBedroom-12873,bedroom,8.0,1.6114728791373116,8.004378197392347,1.1066307568237417,0.9994530246717012,,dense
a2a8f036-c0d0-4d57-b55f-f6aa5e56d7fa_SecondBedroom-12933,bedroom,3.0,0.47634315490722656,1.6893051635828065,0.9922544155503331,1.7758780738214122,,dense
a2acfbc4-7112-42de-b249-027deac584d5_MasterBedroom-14994,bedroom,5.0,1.873094205136129,7.530512023088361,0.30812152069369675,0.6639654760088192,,neutral
a2acfbc4-7112-42de-b249-027deac584d5_SecondBedroom-16156,bedroom,4.0,1.3170449654090812,12.147740163572543,0.7264903395671348,0.329279351232323,,sparse
a2b307d5-8d70-4332-9317-010891dd68f0_MasterBedroom-12272,bedroom,7.0,1.594566086435419,11.434187190175978,0.4806645905093954,0.6121991780941157,,neutral
a2b307d5-8d70-4332-9317-010891dd68f0_SecondBedroom-9417,bedroom,5.0,0.9475041414251028,6.61114568206387,1.0734677856352848,0.7562985661570081,,dense
a2e1515b-8bf4-4950-aa12-98e35d8410ca_MasterBedroom-41349,bedroom,7.0,1.6699768313195094,15.727109992179196,0.6337230712285129,0.4450913107036812,,sparse
a2e1515b-8bf4-4950-aa12-98e35d8410ca_SecondBedroom-44580,bedroom,4.0,1.3817235034424178,7.298816009135873,0.5252927945289375,0.5480340914188315,,neutral
a2f77d1e-d982-4fd4-9216-38f97718082a_Bedroom-23604,bedroom,4.0,1.5556596995573255,9.797679483853129,0.653834493579069,0.40825993609937133,,sparse
a2f77d1e-d982-4fd4-9216-38f97718082a_Bedroom-23859,bedroom,3.0,1.0856296923331086,6.143736929779677,0.6131148591566116,0.4883021578379308,,sparse
a2f77d1e-d982-4fd4-9216-38f97718082a_LivingDiningRoom-23314,livingroom,15.0,1.6121389504779884,26.93613039128417,1.0541044745459514,0.5568728611758432,,neutral
a30a4186-a7f8-41c8-9aa1-0878820348ac_SecondBedroom-5597,bedroom,4.0,2.2583680099518006,6.544437974339914,0.26981411155246265,0.6112060372003829,,neutral
a327b51f-5b13-410f-8acb-b2b564612600_LivingDiningRoom-77579,livingroom,17.0,1.5196737391116548,30.90534479575009,0.8588480297275174,0.5500666668613816,,neutral
a33765d2-6c9f-441e-a839-5de9d487648c_MasterBedroom-26641,bedroom,6.0,0.6792332331339518,2.862535468528147,0.9537179701795635,2.096043897435118,,dense
a33765d2-6c9f-441e-a839-5de9d487648c_SecondBedroom-22622,bedroom,4.0,0.9167091715096717,6.579948525467655,0.3824437229220588,0.6079074911479964,,neutral
a34c7f5c-ce25-48c7-b6fc-7b347b98b30b_MasterBedroom-9326,bedroom,6.0,1.692504459670236,10.662834553539794,0.23270119092110578,0.5627021567176197,,neutral
a34c7f5c-ce25-48c7-b6fc-7b347b98b30b_SecondBedroom-9577,bedroom,6.0,1.4475985510866942,4.896762238797102,0.40267427102865716,1.225299434075425,,dense
a35d3d15-332d-4e0c-833e-3c1c476edddc_LivingDiningRoom-33915,livingroom,14.0,1.4255624477306112,26.339945005836736,1.0804059141001192,0.5315121195924177,,sparse
a35d3d15-332d-4e0c-833e-3c1c476edddc_MasterBedroom-34041,bedroom,5.0,1.3969429698850278,14.136218834911704,0.7452539372496849,0.35370137222633274,,sparse
a3793c44-f933-4356-84df-578a26e4cd33_MasterBedroom-7269,bedroom,5.0,1.8442136620822136,13.976618939991402,0.6337829816664939,0.35774031054774363,,sparse
a3793c44-f933-4356-84df-578a26e4cd33_SecondBedroom-8094,bedroom,4.0,1.7009609094260334,5.620380326676097,0.35315999274279664,0.7116956091058,,neutral
a38c6892-4aad-4e6d-b7e5-ffd31b5bd659_Bedroom-17297,bedroom,5.0,1.838805060192047,9.837330368365796,0.4556684576891207,0.5082679764500593,,sparse
a390046b-c69f-40c5-a1be-2a19af86d001_MasterBedroom-22855,bedroom,5.0,1.856448374495269,6.990915468764565,0.275283698734408,0.7152139118746347,,neutral
a390f6ea-2c8b-4e0f-8a0e-74eeed8b32fd_Bedroom-10811,bedroom,4.0,1.7837190475752946,9.650776571351347,0.29622518415425436,0.41447441772449006,,sparse
a390f6ea-2c8b-4e0f-8a0e-74eeed8b32fd_DiningRoom-10792,diningroom,10.0,1.7207298449267945,12.291480871079136,0.7312265344831395,0.8135716196352869,,dense
a3b91a1e-f51e-4714-a74b-33940b352efe_LivingDiningRoom-1900,livingroom,12.0,3.4592756401468625,35.16469546565989,0.5084427013963696,0.3412513556876558,,sparse
a3dddf33-bde7-4524-83bd-fe31a9ae0f4a_SecondBedroom-11711,bedroom,7.0,1.5400505287737551,13.748300256392886,0.3613878023779484,0.5091538495273289,,sparse
a3df624b-0917-46e9-ac15-fab766276c72_Bedroom-25795,bedroom,5.0,1.3785129687999365,4.722805291474159,0.45342491300703464,1.0586928089172438,,dense
a3e1afe7-f89d-44f1-bcb9-a4086de781f8_Bedroom-4858,bedroom,7.0,1.3091544451493173,16.3931707224076,0.3913564627272016,0.427007082310916,,sparse
a3e1afe7-f89d-44f1-bcb9-a4086de781f8_LivingDiningRoom-8026,livingroom,5.0,1.2321830989133453,7.4083814274225395,0.3509164999289019,0.6749112540955599,,neutral
a3f5476a-694f-4539-a902-c7df89988484_MasterBedroom-1741,bedroom,5.0,1.5921855603104835,7.183386742527709,0.273290513901822,0.6960505092115626,,neutral
a3f5476a-694f-4539-a902-c7df89988484_SecondBedroom-592,bedroom,5.0,1.4908861756324767,5.110968088725249,0.35352863409322416,0.9782882446536805,,dense
a3fd852d-8626-4d0e-91c0-79270e3a99f9_MasterBedroom-17166,bedroom,4.0,1.446204989030413,8.105031140851413,0.6486441105958408,0.49352062077084263,,sparse
a4045e66-6f5f-493b-b9f8-ea369b8e309d_SecondBedroom-1607,bedroom,4.0,1.7552408879684345,10.982706092963708,0.30085911438860646,0.36420896326841345,,sparse
a408330c-e39a-4fdc-a4c5-642ba7438298_Bedroom-62619,bedroom,8.0,2.0831472656327166,13.400730660069941,0.40555930844383925,0.5969823737923142,,neutral
a40d170f-a598-42ca-85ba-0141e6cadb9a_LivingDiningRoom-1984,livingroom,15.0,1.5972466070840432,22.808180442299832,0.9809205703947466,0.6576587745763859,,neutral
a40d170f-a598-42ca-85ba-0141e6cadb9a_SecondBedroom-425,bedroom,5.0,0.996284470601891,5.324350500248262,0.8336424332907342,0.9390816776181172,,dense
a42ac970-4696-4382-a902-0e13e66953ff_MasterBedroom-77359,bedroom,4.0,1.7618536916812007,8.021530990152558,0.3944636019646352,0.498657925140538,,sparse
a42adc3a-01df-45a6-855e-e034c6b2fc31_Bedroom-8818,bedroom,6.0,2.0821199949275733,16.516752345688143,0.28665626641784053,0.3632675403991486,,sparse
a43305c0-dd5c-4775-8dfb-4473025a277b_Bedroom-15706,bedroom,6.0,1.9430643219683075,17.686140808340806,0.3194925419664664,0.3392486843240778,,sparse
a44fb825-f9fd-4e1a-beb5-da0322f81ed0_MasterBedroom-63654,bedroom,4.0,0.9444306691487632,3.2694760272594503,0.6651685752511,1.223437629347872,,dense
a44fb825-f9fd-4e1a-beb5-da0322f81ed0_SecondBedroom-63777,bedroom,5.0,1.1379401006216865,8.677743271365662,0.4924118319747463,0.576186670156367,,neutral
a4506c02-c864-4c3a-a7f8-7a940a25d9f1_Bedroom-5315,bedroom,3.0,2.363865932645202,6.091136884859624,0.3375903283737713,0.49251889371537866,,sparse
a4515359-59cb-46d6-9914-c54de45598a5_Bedroom-21085,bedroom,6.0,1.183711959271595,7.667828828564152,0.8778826571314005,0.7824900808490709,,dense
a45244aa-5c1a-48b7-b1a3-3f55fd35fcab_MasterBedroom-3908,bedroom,5.0,1.8047923186834587,7.189274493886737,0.28159217302525613,0.6954804694481557,,neutral
a45244aa-5c1a-48b7-b1a3-3f55fd35fcab_SecondBedroom-1097,bedroom,4.0,1.5465572101683687,4.846913993491019,0.4018974402972243,0.8252673774223453,,dense
a477867e-24da-45e5-b57b-aab7de1c1623_Bedroom-2165,bedroom,3.0,1.7096021097605745,4.45806836915839,0.2105506078827562,0.6729371897377049,,neutral
a477867e-24da-45e5-b57b-aab7de1c1623_Bedroom-2841,bedroom,5.0,1.7406437028953488,14.435751376691483,0.33864900784890295,0.3463622966015604,,sparse
a4824c35-ccb2-4e70-89c7-eda575054197_LivingDiningRoom-1538,livingroom,9.0,2.467652723046054,17.03872557306236,0.3671153067207206,0.5282085189650974,,sparse
a4824c35-ccb2-4e70-89c7-eda575054197_MasterBedroom-3822,bedroom,6.0,1.3414778121128612,7.472284644021039,0.4961581157218095,0.8029672698297046,,dense
a48c2fa2-734e-4a66-a1ba-c63bcb76b08b_SecondBedroom-11598,bedroom,5.0,1.1710467097244688,11.526061571904247,0.6941326991897642,0.43379952196229143,,sparse
a48c2fa2-734e-4a66-a1ba-c63bcb76b08b_SecondBedroom-11704,bedroom,5.0,1.7117282874619348,5.560720545645611,0.5416380762094124,0.8991640487877618,,dense
a4a6dbf2-4558-4f48-b567-392202358792_Bedroom-35514,bedroom,4.0,2.055634154292916,10.78516378921328,0.18499306034913346,0.37087985664163736,,sparse
a4a6dbf2-4558-4f48-b567-392202358792_LivingDiningRoom-35492,livingroom,8.0,2.5883068763684505,18.94311642415325,0.1901895309062459,0.4223169947791522,,sparse
a4b4d452-05f0-4c77-b367-cc0799a1f996_DiningRoom-41976,diningroom,6.0,0.8656221707661949,0.7971835911928548,1.079828863737926,7.526497115955412,,dense
a4b4d452-05f0-4c77-b367-cc0799a1f996_MasterBedroom-41884,bedroom,4.0,1.5397745550134143,4.899370396326108,0.3950303812339655,0.8164314343327626,,dense
a4b4d452-05f0-4c77-b367-cc0799a1f996_SecondBedroom-41859,bedroom,4.0,1.4873707806223138,5.187260091735195,0.4034924847926485,0.7711199996262298,,dense
a4d43e3a-2e83-4624-ba8b-79c0b6f32196_SecondBedroom-13814,bedroom,3.0,1.139140543238069,3.863076608152711,0.37699289172374323,0.7765830979558476,,dense
a4de8a11-8912-481b-af83-427b3ddec110_DiningRoom-11103,diningroom,8.0,1.613259786469973,16.060195315558808,0.5349247785068965,0.49812594696465207,,sparse
a4de8a11-8912-481b-af83-427b3ddec110_LivingRoom-11144,livingroom,10.0,2.304840590153774,21.590877803745986,0.6114583335970646,0.4631585658951307,,sparse
a4e28b69-2a4e-47fe-910e-c0df5879dcd5_SecondBedroom-23974,bedroom,9.0,1.9537465346767833,15.555672936935824,0.42012234958794387,0.5785670627356885,,neutral
a4e92ea1-e0b9-4ccf-ac6b-c3e8c9d6e9ef_SecondBedroom-10941,bedroom,5.0,1.908179266044085,14.143514207494064,0.29441325289298403,0.3535189293584975,,sparse
a4eef4ff-9d6b-4a68-a80a-29efa03e61ae_MasterBedroom-256747,bedroom,11.0,1.881549908665799,15.511561300645548,0.8658290301057849,0.7091484723425108,,neutral
a4f2ad71-da05-49c5-aa2b-a50abdd814f9_MasterBedroom-8798,bedroom,7.0,2.0969658238359488,18.217501630534514,0.45698821487663155,0.3842458829956814,,sparse
a4f2ad71-da05-49c5-aa2b-a50abdd814f9_SecondBedroom-7287,bedroom,5.0,1.7269504328813756,15.38293322961101,0.5083272359206831,0.3250355394103492,,sparse
a4f3cf0f-0722-4cab-b6fe-02ac4aadc6af_SecondBedroom-3003,bedroom,6.0,1.896376828995614,16.210857610593383,0.34459405689699885,0.37012230593396567,,sparse
a4f761bc-191d-4d56-b2f5-01f9de5716bd_Bedroom-13675,bedroom,3.0,0.7837198076057849,7.844172667476795,0.9910924945865976,0.38244951088831636,,sparse
a5040c13-c69d-4651-9ee6-eeb2afb539af_Bedroom-1181,bedroom,3.0,1.1525803248792377,4.147740134697154,0.7200706858879595,0.72328542834785,,neutral
a5040c13-c69d-4651-9ee6-eeb2afb539af_LivingDiningRoom-6966,livingroom,6.0,2.4863399162501905,17.985693919765104,0.31455493642207616,0.3335984714721733,,sparse
a5040c13-c69d-4651-9ee6-eeb2afb539af_MasterBedroom-3182,bedroom,5.0,1.4512125305932737,11.456472518603682,0.5244904832458288,0.43643451261989336,,sparse
a50b6ec6-e668-472f-a741-514c9bfef011_MasterBedroom-36178,bedroom,3.0,0.8219194412231445,4.017853519574999,0.35725974427604,0.7466673400072918,,dense
a50b6ec6-e668-472f-a741-514c9bfef011_SecondBedroom-36289,bedroom,3.0,0.8250398635864258,4.2465903368309625,0.35693413252203576,0.7064491184800189,,neutral
a51a334d-6705-4820-8f10-4d024ba28d37_LivingDiningRoom-6081,livingroom,6.0,2.8817280750297813,22.454788413972178,0.418791800479851,0.26720358657517274,,sparse
a5254d6c-a8f6-4eb6-90dc-3e0e378de293_Bedroom-10537,bedroom,3.0,0.6651277542114258,3.2179394150186353,0.4041986998430684,0.9322736114914167,,dense
a5254d6c-a8f6-4eb6-90dc-3e0e378de293_LivingRoom-11300,livingroom,6.0,1.7990669224226976,11.864941171335554,0.13393937512421483,0.5056915085677262,,sparse
a526e37a-fa7a-4fa1-95df-326ebdf3350e_Bedroom-1395,bedroom,7.0,1.6838950883709878,14.357518614740895,0.6365830597617013,0.4875494288277004,,sparse
a5406a0e-6bc5-478a-bd06-938a60d64b0a_MasterBedroom-14320,bedroom,5.0,1.383089433942999,7.8524048863716045,0.8156864568059333,0.6367476043775899,,neutral
a5504123-3231-4d8f-b9c9-c71dd1c5714f_Bedroom-51228,bedroom,4.0,1.5361332696819063,5.1459829895008635,0.373299908288276,0.7773053288673971,,dense
a5763f2e-2b35-4570-aa79-4cfe7eb2e26d_Bedroom-6482,bedroom,5.0,1.9033885315438845,5.952840184940328,0.2787682257747434,0.8399351981007568,,dense
a591afd1-fc8b-4224-a2bf-b36ecb44aa18_MasterBedroom-32488,bedroom,7.0,1.3626000450811593,9.75748625435726,0.9932728548252593,0.7173978848162978,,neutral
a591afd1-fc8b-4224-a2bf-b36ecb44aa18_SecondBedroom-32567,bedroom,3.0,1.1804334032894994,4.848765239528489,0.8439855641875379,0.6187142193528287,,neutral
a59b2fef-8f9f-4f3d-a553-b0d3e69e528e_Bedroom-1059,bedroom,3.0,1.2389332453409831,2.8155107717437025,0.5379674297366678,1.0655260246587654,,dense
a59bc5ad-6521-4ce9-bf94-e40caa36eff9_MasterBedroom-33444,bedroom,7.0,2.446219921710013,24.98096589828328,0.20288109097639717,0.2802133443719663,,sparse
a59c6716-3e62-4141-827b-993734038990_Bedroom-62184,bedroom,3.0,2.1674524707357405,8.930676486060545,0.24215919562615765,0.33592080114900064,,sparse
a59c6716-3e62-4141-827b-993734038990_Bedroom-62235,bedroom,3.0,2.042642294292235,10.901499138662002,0.5198432463702107,0.2751915091531352,,sparse
a59c6716-3e62-4141-827b-993734038990_Bedroom-62269,bedroom,4.0,2.6780421389596505,8.057406258763006,0.35481906396311125,0.49643767132254424,,sparse
a5a40e5f-d289-4d2a-96e5-9de97ae2220f_Bedroom-12891,bedroom,4.0,1.4242381795196621,5.063019617102614,0.399602930110663,0.7900423665134952,,dense
a5a40e5f-d289-4d2a-96e5-9de97ae2220f_MasterBedroom-12835,bedroom,7.0,1.109019167186691,9.147296293615234,0.9084512711596651,0.7652534448770358,,dense
a5a45951-673d-40c0-a092-e75bcb5d7d36_LivingRoom-19334,livingroom,13.0,4.65238580497839,42.670923918157555,0.3405474694916425,0.30465710151797704,,sparse
a5a45951-673d-40c0-a092-e75bcb5d7d36_MasterBedroom-12887,bedroom,4.0,1.883237716842561,12.765424610755685,0.700322514548116,0.3133464120441199,,sparse
a5a45951-673d-40c0-a092-e75bcb5d7d36_SecondBedroom-14102,bedroom,4.0,1.339404552816628,5.962570357973104,0.25760863744239976,0.6708516226816896,,neutral
a5af701c-1825-40ce-a9d7-0b7ed08fb43b_MasterBedroom-13131,bedroom,8.0,1.5952519559669114,14.165619994022373,1.5925291884869404,0.5647476074732946,,neutral
a5c582e3-749c-4e53-a996-260055e71c97_MasterBedroom-19437,bedroom,4.0,1.7329249075287139,6.320163924293896,0.40274572446895607,0.632894976762314,,neutral
a5cd819a-55b7-4df0-9960-8a83013bb0b9_LivingDiningRoom-4137,livingroom,8.0,3.7572274616997716,29.930800960172547,0.5381313177737898,0.2672831913400917,,sparse
a5d1492c-2e00-4992-8375-23efd0389ab3_Bedroom-1529,bedroom,3.0,1.3630421072905448,4.218016427602705,0.2875934857712718,0.7112347833374939,,neutral
a5efdf8a-2480-4453-a958-3218e5929d6c_LivingDiningRoom-7999,livingroom,12.0,1.2674723319840824,13.972948441436627,1.401828330529081,0.8588022814436308,,dense
a5f283d9-3412-46cb-9c9a-d9e9cecc2579_SecondBedroom-15040,bedroom,3.0,1.8801485698245293,4.270475081087579,0.4604502498380643,0.7024979523439763,,neutral
a603c8bd-8ff0-42b5-b836-b0e693d1b0aa_Bedroom-323257,bedroom,4.0,1.4877950567009968,6.745197196124173,0.25166198751201085,0.5930145381514452,,neutral
a6121dc7-7fc9-4ca0-af1d-bacd537be48a_LivingDiningRoom-1196,livingroom,12.0,3.3476669574327538,45.451599369876625,0.41281070104736894,0.26401711196884936,,sparse
a6295210-e8d7-401e-a5db-6efeef45e5d5_LivingDiningRoom-19698,livingroom,13.0,1.3539804412552294,18.380121984487122,1.020563289547208,0.7072858390696231,,neutral
a6295210-e8d7-401e-a5db-6efeef45e5d5_SecondBedroom-2260,bedroom,5.0,1.0051203553037151,7.414563534128155,0.8180471401185209,0.6743485273254088,,neutral
a62c4a8d-d297-402a-b688-5d551d889530_DiningRoom-164,diningroom,7.0,1.7109637882863076,13.004684950501709,0.2594332521399036,0.5382675571644622,,neutral
a630400d-2cd7-459f-8a89-85ba949c8bfd_Bedroom-1912,bedroom,6.0,2.2607889038794986,12.862570774069493,0.2667159177257821,0.46646973652388346,,sparse
a630400d-2cd7-459f-8a89-85ba949c8bfd_Bedroom-2276,bedroom,7.0,2.121668588265109,16.242930291435204,0.4751784764465702,0.4309567223649945,,sparse
a63260de-8b32-4b9e-a593-0be2a647ed63_LivingDiningRoom-5444,livingroom,12.0,1.2821441249572159,24.865343140079208,1.4572878293912552,0.4825994128614215,,sparse
a642f3da-97a3-48fc-b36b-582797d5faa1_SecondBedroom-32005,bedroom,6.0,1.5916931646447101,9.81133203001017,0.5244964763253263,0.611537758751579,,neutral
a655711b-402f-4e32-8db5-456bbbff373b_MasterBedroom-13810,bedroom,8.0,1.6633664905563406,11.654588349750677,0.8182913537198747,0.6864249306730033,,neutral
a65aa3c5-680c-4bbd-bd81-fa2e610c1b5f_MasterBedroom-91021,bedroom,7.0,1.9811042709551727,10.851868938244301,0.3924340977964998,0.6450501788987246,,neutral
a65aa3c5-680c-4bbd-bd81-fa2e610c1b5f_SecondBedroom-9075,bedroom,3.0,1.3216250602408424,4.292992720411219,0.2842761556080098,0.6988132045359339,,neutral
a65d35b4-f9df-4d15-9cc2-fce1155974c1_MasterBedroom-137626,bedroom,5.0,0.9119795148137158,9.433957279639142,0.7611921860816173,0.530000280030021,,sparse
a65d35b4-f9df-4d15-9cc2-fce1155974c1_SecondBedroom-137783,bedroom,5.0,1.0012905789978737,8.330095253367737,0.7505276107381721,0.6002332323845363,,neutral
a66bbfeb-dc00-42c6-b9c2-62bd75651c32_MasterBedroom-42650,bedroom,5.0,1.4519211871273696,5.719509057567891,0.24112966521135892,0.8742009059998153,,dense
a66bbfeb-dc00-42c6-b9c2-62bd75651c32_SecondBedroom-42606,bedroom,6.0,1.7348683252910233,13.62490569947237,0.3445081883174314,0.44037002033946937,,sparse
a6704fd9-02c2-42a6-875c-723b26a8048a_MasterBedroom-45545,bedroom,6.0,1.4412768007124706,9.215883234702744,0.6696739385528231,0.6510499153685868,,neutral
a68b6e8f-7afa-454b-9fe0-124396add326_SecondBedroom-15797,bedroom,5.0,1.6907932303971571,7.267390856457969,0.3328601414088271,0.6880048285220391,,neutral
a68c6257-db07-4f5f-ae13-ec2878d3cbe6_MasterBedroom-31598,bedroom,8.0,1.660762552681756,12.226278266972141,0.8109370302419442,0.6543283103257238,,neutral
a68c6257-db07-4f5f-ae13-ec2878d3cbe6_SecondBedroom-31876,bedroom,5.0,1.0008121872393483,4.498738942043309,1.175474476050985,1.111422570728014,,dense
a696bf11-ddd3-4313-9c69-a71e6b6dfdfd_Bedroom-13661,bedroom,5.0,1.6092347352120477,8.539651878871435,0.5207838840878104,0.5855039609250183,,neutral
a6a754e6-cdb0-40ca-a068-8a5a576fefa4_SecondBedroom-439,bedroom,3.0,0.8097484906514486,1.9243899513282516,0.532314210045145,1.5589355982291122,,dense
a6aa92c3-577b-4425-bad9-e9e01da85658_LivingRoom-41893,livingroom,9.0,0.5991940433578881,6.615531395957126,1.2293885206094304,1.3604349312740118,,dense
a6ab60f4-e824-4980-86da-082b05bd9480_DiningRoom-242139,diningroom,6.0,0.6814125061035157,1.1569266213221603,0.837466134465753,5.186154324241474,,dense
a6ab60f4-e824-4980-86da-082b05bd9480_SecondBedroom-242180,bedroom,5.0,1.082058040513074,7.460501028641459,1.0335128876075872,0.6701962751301288,,neutral
a6d3d76a-09a7-4c08-a52d-f97a473e61b1_Bedroom-35224,bedroom,5.0,1.4196004499026948,8.464479325335247,0.5693511653357725,0.5907037878909307,,neutral
a6d3d76a-09a7-4c08-a52d-f97a473e61b1_MasterBedroom-35384,bedroom,5.0,1.8286156133950828,9.526609744416282,0.4430416991937828,0.5248456832117627,,sparse
a6dfce68-511d-4762-8f43-fb568fe8b6d9_Bedroom-741,bedroom,6.0,1.7516725722506457,8.570026544944069,0.275976653525435,0.7001145175611773,,neutral
a6f978f5-9504-49fa-bf46-4243c99e5c95_MasterBedroom-17855,bedroom,3.0,1.0986255009969075,2.2667469268895957,0.6852998164357998,1.3234825486745296,,dense
a714271c-22a0-41f0-a5fc-531042f51bf7_MasterBedroom-10020,bedroom,7.0,1.6483068230138924,19.317069565302656,0.45563358372379453,0.36237380500888233,,sparse
a7203875-f96f-43b7-97db-af7d0b822189_LivingRoom-14138,livingroom,6.0,1.4293095794745823,9.632224411696777,0.8945073155548342,0.6229090751575483,,neutral
a7203875-f96f-43b7-97db-af7d0b822189_MasterBedroom-4384,bedroom,4.0,0.882097707327996,5.36859646966335,0.7323547987337429,0.7450736933951061,,dense
a736f07b-cca3-4042-b2da-63fe5264ef7c_DiningRoom-2519,diningroom,7.0,1.332172577187242,7.934961461240683,0.6175148834335294,0.8821718963844223,,dense
a736f07b-cca3-4042-b2da-63fe5264ef7c_LivingRoom-1848,livingroom,8.0,1.7948271141743677,17.55628405574924,0.6433404363204325,0.45567729336096047,,sparse
a7449906-43ae-4a5c-871a-51db33ae4608_MasterBedroom-19189,bedroom,5.0,2.035905408609854,7.709445300182213,0.24717539279814568,0.6485550912309898,,neutral
a7449906-43ae-4a5c-871a-51db33ae4608_SecondBedroom-22460,bedroom,4.0,1.443730023492364,6.4800165647832815,0.2532828850709814,0.6172823726622335,,neutral
a74cbd87-e6cf-4df8-9007-1134ec1f5459_DiningRoom-42346,diningroom,6.0,1.3110029799671594,4.889369903240409,0.3269492216727044,1.2271519886485835,,dense
a74cbd87-e6cf-4df8-9007-1134ec1f5459_LivingRoom-42161,livingroom,8.0,1.413174682924766,19.407580981547177,0.5007710025037906,0.412210053772618,,sparse
a74cbd87-e6cf-4df8-9007-1134ec1f5459_MasterBedroom-42208,bedroom,6.0,1.991338632301793,15.95131602675064,0.6086612161452992,0.37614451308831787,,sparse
a74cbd87-e6cf-4df8-9007-1134ec1f5459_SecondBedroom-42233,bedroom,5.0,1.5105031490325929,5.980876245346501,0.3948042215857689,0.8359979031317218,,dense
a7640bcc-e2ca-4b7e-806e-e6deeaf02fc7_MasterBedroom-28862,bedroom,4.0,1.836007072800893,7.710187014472244,0.21199157522713666,0.5187941605685937,,sparse
a76b20fd-d688-4bcd-9daf-5535e66959ad_MasterBedroom-7176,bedroom,6.0,1.6848698417789172,11.07633318198199,0.5397280379063689,0.5416955143386509,,neutral
a76b20fd-d688-4bcd-9daf-5535e66959ad_SecondBedroom-6067,bedroom,5.0,0.6892742876589265,7.555823859604528,0.8821282317651647,0.6617412069028433,,neutral
a77ba88e-3c46-4246-a5f8-92715d0a7068_MasterBedroom-854,bedroom,7.0,1.300543881277039,9.252642157251634,0.7138585713086729,0.7565406595254356,,dense
a77ba88e-3c46-4246-a5f8-92715d0a7068_SecondBedroom-1417,bedroom,5.0,1.685037370987412,11.360983787594929,0.36716884450206005,0.440102731724651,,sparse
a791d489-d419-435f-9235-827390615fdf_MasterBedroom-4225,bedroom,8.0,2.5882288114254046,18.68883565383468,0.1556009241067048,0.42806305048535837,,sparse
a796ac9a-abc1-4003-b7a3-d1e84fb7fc28_LivingRoom-40968,livingroom,12.0,1.4714890092986777,16.979761444083795,0.9879181401269893,0.7067237098422913,,neutral
a796ac9a-abc1-4003-b7a3-d1e84fb7fc28_MasterBedroom-26202,bedroom,6.0,1.5107081135114035,6.738196238980042,0.5015393939616531,0.8904460165897776,,dense
a796ac9a-abc1-4003-b7a3-d1e84fb7fc28_SecondBedroom-28894,bedroom,5.0,1.0856899534845965,7.300594503406178,0.895538694428235,0.6848757313760121,,neutral
a7ad1a14-1721-4ecf-ab23-813defaa75f1_Bedroom-10390,bedroom,3.0,2.2106492118899967,5.289765638942657,0.1525031669980283,0.5671328759660615,,neutral
a7ad1a14-1721-4ecf-ab23-813defaa75f1_Bedroom-10508,bedroom,5.0,1.8937123852270357,7.132872133299416,0.2995663728436326,0.7009799007412146,,neutral
a7c63ad9-cf85-43f2-bd62-6222344661b7_MasterBedroom-40171,bedroom,6.0,2.1722109097628683,18.075848441388338,0.2732272713604487,0.3319346264412008,,sparse
a7e3448a-11fa-470d-a59c-3e50bb8bc36d_SecondBedroom-19612,bedroom,8.0,1.8199200703397689,11.39163855559202,0.7165622388421182,0.7022694725573868,,neutral
a7e374d2-d8ed-4999-97e0-7e5ba98908d1_MasterBedroom-4969,bedroom,4.0,2.103220233159317,7.846057668533607,0.3530768718835296,0.5098101707870294,,sparse
a7e374d2-d8ed-4999-97e0-7e5ba98908d1_SecondBedroom-4501,bedroom,6.0,2.035390325524653,9.433158309488116,0.3284931282669196,0.6360542040267727,,neutral
a7f64d89-c953-4ba9-bbd4-6f74eb69710b_Bedroom-16810,bedroom,6.0,1.2262151582475578,8.29699466721427,0.7226826413990347,0.7231534116454374,,neutral
a7f64d89-c953-4ba9-bbd4-6f74eb69710b_LivingRoom-18042,livingroom,4.0,0.9707453313424104,5.562343286393701,0.626398382897309,0.7191213835695076,,neutral
a81e5155-6784-4ab2-93b8-7193842d7801_MasterBedroom-299,bedroom,5.0,1.8155132665623352,7.353998522236757,0.2927945090222896,0.6799022307226714,,neutral
a8489fa3-46a7-452e-ae5b-dd9bc5c71a05_Bedroom-9535,bedroom,5.0,1.3495971409009124,5.20663901789491,0.3010884436820672,0.9603123978473054,,dense
a8489fa3-46a7-452e-ae5b-dd9bc5c71a05_MasterBedroom-9557,bedroom,5.0,1.2448560536666893,5.975327435201978,0.5674041357054206,0.8367742277258133,,dense
a88f5922-2f3b-4ad8-b834-82fa1c0d00c8_DiningRoom-16498,diningroom,7.0,0.975518760443054,7.59629753001688,0.5433613890792584,0.9215015568228335,,dense
a88f5922-2f3b-4ad8-b834-82fa1c0d00c8_MasterBedroom-16561,bedroom,5.0,1.8803219736053733,7.851203954362322,0.37063200043890815,0.6368450022524096,,neutral
a88f5922-2f3b-4ad8-b834-82fa1c0d00c8_SecondBedroom-16583,bedroom,4.0,1.4943217928303463,5.808066669541039,0.2859713058508096,0.6886973286613608,,neutral
a8936f9f-f335-4e65-82ce-0eaa93df009c_Bedroom-62536,bedroom,4.0,1.7313919848482096,9.028195101610853,0.21976861593565983,0.44305644206628864,,sparse
a89cf6cc-eb96-49ed-8995-c7add3e765f0_Bedroom-3316,bedroom,4.0,2.1685812112252116,10.608708955365012,0.3395387714200781,0.37704870751281466,,sparse
a89d08fb-36df-416f-a855-f0d9f3cafcdc_Bedroom-8532,bedroom,3.0,1.3172072958103813,3.9871720982172016,0.26883401676140267,0.752412969919558,,dense
a8affec8-d260-41c8-853c-cadbdf317b63_MasterBedroom-22008,bedroom,4.0,1.149450371906759,5.2187197131682534,0.4650323527506775,0.7664715140586893,,dense
a8b4f748-b37e-4037-afd1-c245833ef11d_LivingDiningRoom-45776,livingroom,17.0,2.4692776864651305,43.215800744269956,1.1633067783704407,0.39337463860956123,,sparse
a8b833c1-8d0d-4b95-9032-b5fdd2476ecb_LivingDiningRoom-1128,livingroom,13.0,1.2991256010342855,23.181439257100788,1.14389766015758,0.5607934803279276,,neutral
a8cee5db-8701-4927-819e-92a610240975_MasterBedroom-9857,bedroom,4.0,1.5812555334773208,6.778550209526296,0.24789394240447565,0.5900966838570532,,neutral
a8ea81c6-f23d-4019-828e-dfe63aa61553_LivingDiningRoom-12109,livingroom,14.0,2.915441512208979,25.494087292981213,0.7004652141176727,0.5491469390180658,,neutral
a90f38f6-c1ad-4d64-9fcc-0f3d982912c4_Bedroom-45428,bedroom,4.0,1.2626417675527313,6.175932184138752,0.46806050840597097,0.6476755056140256,,neutral
a90f38f6-c1ad-4d64-9fcc-0f3d982912c4_DiningRoom-45358,diningroom,6.0,1.1608155127495505,4.781337150496979,0.2673924358441673,1.2548790874068254,,dense
a90f38f6-c1ad-4d64-9fcc-0f3d982912c4_MasterBedroom-45307,bedroom,4.0,1.2947998046875002,3.8174672407012977,0.7920425506153121,1.0478151475283308,,dense
a92d096e-20d4-4426-95a7-ada1d9f309ab_Bedroom-1005,bedroom,4.0,1.962934401163017,7.794798918409347,0.20767724196722745,0.5131626924400846,,sparse
a92d096e-20d4-4426-95a7-ada1d9f309ab_Bedroom-1892,bedroom,3.0,1.1974296020100594,3.5535293573998876,0.3925505816451572,0.8442311004840257,,dense
a92d096e-20d4-4426-95a7-ada1d9f309ab_DiningRoom-4330,diningroom,8.0,1.3707706538727504,7.1224927253151495,0.6023620552836686,1.123202270402603,,dense
a931e811-6950-46f6-b733-6c13e079f448_MasterBedroom-72447,bedroom,4.0,2.0340982177854587,6.852213795595748,0.35294018713751046,0.5837529474884445,,neutral
a94a1d56-0246-4dd5-904b-8f721214b91f_MasterBedroom-48626,bedroom,7.0,1.330156064332914,11.930193370582222,0.5680921282237549,0.5867465666785234,,neutral
a94a1d56-0246-4dd5-904b-8f721214b91f_SecondBedroom-49012,bedroom,5.0,0.9815486602780943,7.830416147506886,0.7143427626395275,0.638535667301915,,neutral
a97dc075-2b8b-4964-878d-976792ce71de_MasterBedroom-8841,bedroom,5.0,1.0123876976186796,6.969638465297756,0.6295807850598268,0.7173973262595036,,neutral
a99c1e8e-0f26-4c2e-a471-9b9a308aaebc_MasterBedroom-3049,bedroom,4.0,0.9610758572816849,3.108772574370935,0.6612792499444947,1.2866814488060152,,dense
a99c1e8e-0f26-4c2e-a471-9b9a308aaebc_SecondBedroom-274,bedroom,3.0,1.7496517499287922,1.9489765619963086,0.9246477938423012,1.539269408620873,,dense
a9c6a334-ba10-467a-a5cc-81dadb65a615_LivingDiningRoom-7730,livingroom,12.0,3.0476312691433396,25.51116986860822,0.4162544991641825,0.4703821918714176,,sparse
a9c6a334-ba10-467a-a5cc-81dadb65a615_MasterBedroom-7711,bedroom,4.0,1.898126099406662,6.548513706800646,0.6160424817262515,0.6108256283935072,,neutral
a9c6a334-ba10-467a-a5cc-81dadb65a615_SecondBedroom-7233,bedroom,4.0,1.4548637014711574,4.953258202299154,0.4562182871526549,0.8075492608366993,,dense
a9d64d89-ea72-46da-8b1f-b66dedcb82f9_MasterBedroom-30932,bedroom,8.0,2.1207052866017557,18.705061392002445,0.4984836712451091,0.4276917264447198,,sparse
a9e9dd50-3f47-4b02-8a23-c968a112369d_Bedroom-4459,bedroom,7.0,2.062600977653338,12.03693839175008,0.21565508173625653,0.5815432273706481,,neutral
a9efa7e9-ca08-4e7b-84cb-a1cbe3a71211_LivingDiningRoom-43160,livingroom,7.0,1.1393097031086785,6.68890865252891,0.6657088906965287,1.046508535791332,,dense
a9efa7e9-ca08-4e7b-84cb-a1cbe3a71211_SecondBedroom-43263,bedroom,6.0,1.458102147840041,9.070750014668064,0.6910729245271635,0.6614668015652027,,neutral
a9f95562-fcfa-4da6-bd23-d537e751d8b5_LivingDiningRoom-1201,livingroom,13.0,1.48714663231813,23.554974103834954,0.8867434320361071,0.5519004157123436,,neutral
a9f95562-fcfa-4da6-bd23-d537e751d8b5_MasterBedroom-2295,bedroom,3.0,1.9424361685911815,3.5257269802007194,0.5914691080407726,0.8508883463884122,,dense
a9f95562-fcfa-4da6-bd23-d537e751d8b5_SecondBedroom-1830,bedroom,3.0,0.6269694169362395,2.2272458734438634,0.38727305704593173,1.3469550155058863,,dense
a9f9debb-f5bd-46ce-9364-bf33a3659b3c_MasterBedroom-4340,bedroom,4.0,1.7856018512367025,13.316626375531378,0.38305893399659846,0.3003763781605975,,sparse
a9f9debb-f5bd-46ce-9364-bf33a3659b3c_SecondBedroom-4514,bedroom,3.0,1.5638990571047937,6.085587786729101,0.2533398623024264,0.49296799341916137,,sparse
aa0d2d82-f8db-4d38-966a-b86b2956678a_LivingDiningRoom-33940,livingroom,14.0,3.8670350258385073,28.5963454909703,0.4246374793538817,0.4895730471720835,,sparse
aa1a03cc-eb9f-4388-8501-23917fc85c58_Bedroom-9668,bedroom,4.0,1.7837190475752946,9.650776571351347,0.29622518415425436,0.41447441772449006,,sparse
aa1a03cc-eb9f-4388-8501-23917fc85c58_DiningRoom-9649,diningroom,9.0,1.5559369720483143,16.21058258493494,0.7060307286839672,0.5551928780378328,,neutral
aa1d9b4a-81db-487f-956f-5fc7734b74b2_DiningRoom-259036,diningroom,6.0,1.1140211138803653,4.48106893297929,0.2746659986488298,1.3389662354537428,,dense
aa2174af-a1ed-403f-b46d-bb44f315c181_LivingRoom-2057,livingroom,12.0,2.3573784243118396,24.134000482331768,0.6033941162402487,0.497223823658455,,sparse
aa2de198-d7e6-4a86-bb9d-2419d02ebacd_MasterBedroom-6372,bedroom,5.0,2.151310586548744,7.746578860446788,0.2150676820729155,0.6454462143965862,,neutral
aa4f6995-3c16-4b8b-9925-91df49b5711f_MasterBedroom-57920,bedroom,4.0,1.73063195139742,5.930365912582183,0.32887558773134296,0.6744946364124657,,neutral
aa6d487c-ed0f-49be-bb94-3b8c13af391b_LivingDiningRoom-11917,livingroom,10.0,1.8507820547864713,16.53816267198271,0.3095172304314883,0.6046620896371392,,neutral
aa6d487c-ed0f-49be-bb94-3b8c13af391b_MasterBedroom-4198,bedroom,4.0,1.4542253098756712,5.969219412551427,0.2978754444285267,0.6701043676815153,,neutral
aa7599ea-5d9c-44bd-a3e5-1e4216dcbf34_Bedroom-11354,bedroom,5.0,1.8877569748359562,16.092325477945625,0.527460050176932,0.3107071135773665,,sparse
aa7599ea-5d9c-44bd-a3e5-1e4216dcbf34_DiningRoom-11642,diningroom,6.0,1.0742156043938744,5.14493650640526,0.24974106979501506,1.166195149839112,,dense
aa772832-5eb8-4470-9a7e-39f965b45060_Bedroom-1833,bedroom,5.0,1.5119738343066318,11.1073010973898,0.6939344707751349,0.45015435848542834,,sparse
aa772832-5eb8-4470-9a7e-39f965b45060_Bedroom-2916,bedroom,4.0,0.3602682749430339,1.144364594933478,2.231035822913038,3.4953895093482164,,dense
aa772832-5eb8-4470-9a7e-39f965b45060_LivingRoom-4053,livingroom,12.0,2.14114794564237,21.545973753601302,0.4525280591531809,0.5569486038195076,,neutral
aa7fc990-0ab9-4fcb-ab9a-5dc1e29ed3b3_Bedroom-91160,bedroom,5.0,1.6898886377259053,6.073926682388347,0.29762802861862037,0.8231907070096433,,dense
aa7fc990-0ab9-4fcb-ab9a-5dc1e29ed3b3_Bedroom-91204,bedroom,7.0,2.030210872430757,14.876776592805202,0.3552432123376477,0.47053203738942906,,sparse
aa7fc990-0ab9-4fcb-ab9a-5dc1e29ed3b3_LivingRoom-91141,livingroom,15.0,2.6757836083599407,37.13188146125651,0.5460335724589291,0.4039655253033982,,sparse
aa8112cc-d57e-4a9f-a425-d40e7d114b08_DiningRoom-34036,diningroom,11.0,1.3541773105200434,8.944316674660401,0.8911513801389803,1.229831232514769,,dense
aa8112cc-d57e-4a9f-a425-d40e7d114b08_MasterBedroom-34727,bedroom,6.0,1.8787855781640674,15.724128972252908,0.4646258617644605,0.38157916477203363,,sparse
aa8112cc-d57e-4a9f-a425-d40e7d114b08_SecondBedroom-32118,bedroom,3.0,1.4456648225586797,5.36640053628133,0.2044777186940329,0.5590339334005178,,neutral
aa864471-da98-4da0-b383-461f994d2531_MasterBedroom-8164,bedroom,5.0,1.5206431742678583,7.381972591168604,0.37821188069617206,0.6773257335013316,,neutral
aa864471-da98-4da0-b383-461f994d2531_SecondBedroom-11974,bedroom,4.0,1.998288041105134,10.200012762212777,0.5944408804426458,0.3921563720800919,,sparse
aa99f279-fc77-45d8-97f8-6d5b9a1452d0_Bedroom-64841,bedroom,3.0,1.0871580441792805,0.13601876160146276,0.8423185555486501,22.055780869333674,,dense
aa9b470c-42d0-4f2e-8239-22142ab5fddc_Bedroom-1103,bedroom,12.0,1.4666028201561403,20.769351691883976,0.7084943456916338,0.5777744138585332,,neutral
aa9d393b-30df-456f-96dc-dad7bb8554c9_Bedroom-38270,bedroom,3.0,1.2177498222373868,3.8482679833534688,0.2773688288924975,0.7795714885182532,,dense
aa9d393b-30df-456f-96dc-dad7bb8554c9_Bedroom-38342,bedroom,3.0,1.810269037882487,2.817379203720478,0.8052143142026033,1.064819388188272,,dense
aabbb864-d09f-4c95-8b84-a01b8f8cc3a2_SecondBedroom-16034,bedroom,5.0,0.9143375734941326,5.975880661429975,0.8936215612319516,0.8366967620808453,,dense
aad5db70-686c-4a63-9d2e-302f27ba459a_MasterBedroom-20828,bedroom,5.0,1.9512429048946784,14.676613116105795,0.31080699837027337,0.3406780542925881,,sparse
aaf31a7e-4344-4a75-aeba-2c3268c0f484_MasterBedroom-4461,bedroom,6.0,1.826500895314382,14.994788024357073,0.4501725633769878,0.400139034326713,,sparse
aafa0b11-9656-40b3-b44f-c2f9053ec194_Bedroom-3894,bedroom,4.0,2.0726726159063884,8.338442402758515,0.42830147872518476,0.479705897911668,,sparse
aafa0b11-9656-40b3-b44f-c2f9053ec194_Bedroom-6312,bedroom,4.0,1.8701072707239714,5.195842838774151,0.3190383292326702,0.7698462259385265,,dense
ab0d2955-a6b9-46cc-89b1-e77bf02e7e93_MasterBedroom-149783,bedroom,7.0,1.8730148834764744,7.821567564250105,0.3268309016896848,0.894961264797452,,dense
ab0e29af-145f-4578-a700-d78f1e043dc5_LivingDiningRoom-7940,livingroom,13.0,2.3466990922833193,33.988703694307574,0.40902029053129185,0.3824800179765973,,sparse
ab0e29af-145f-4578-a700-d78f1e043dc5_MasterBedroom-4622,bedroom,5.0,1.7189620415095532,7.540700610082688,0.29835380407583034,0.663068361753348,,neutral
ab15037d-47ac-45d2-94c9-df046642102e_SecondBedroom-75552,bedroom,4.0,1.609999042568022,11.807432593472996,0.39081704716762006,0.3387696663380616,,sparse
ab2e0470-67b9-4902-b800-d75a1a6b7101_MasterBedroom-59528,bedroom,4.0,0.5024323312797216,3.674697703700094,0.762155065260364,1.0885249134840005,,dense
ab6995b8-bad0-4660-a337-a914b42ba219_SecondBedroom-4485,bedroom,3.0,1.059552649696032,4.720254725714873,0.9193279503088007,0.6355589209321021,,neutral
ab7d2771-19a9-4473-bfd9-8abead7d8a2a_LivingDiningRoom-582,livingroom,13.0,1.4003347577360399,15.220082865873199,1.0602194102480123,0.8541346400385824,,dense
ab97be19-0a1f-429f-9b79-60f506722470_Bedroom-8397,bedroom,8.0,2.2734418390374094,18.41405171705772,0.40721628409771493,0.43445082716853994,,sparse
aba20980-69fd-436b-917a-5f1324e22852_LivingDiningRoom-26816,livingroom,14.0,3.2764210612809666,23.409437113777702,0.32691510911605903,0.5980494076792754,,neutral
abbd2623-75f1-4c73-9a8b-8378ae87416b_MasterBedroom-20990,bedroom,6.0,2.006706322954023,23.338573850049,0.5867288127791179,0.25708511747762186,,sparse
abc63a60-6190-47f5-a331-12f2d90bf8b7_Bedroom-41817,bedroom,6.0,0.9839102774543532,5.572073520731839,0.8650107419716526,1.0767984265957706,,dense
abc63a60-6190-47f5-a331-12f2d90bf8b7_LivingRoom-41316,livingroom,11.0,1.401519393190758,16.13345261205449,1.2089983115093381,0.6818131409628395,,neutral
abed9012-2ba2-448e-aa8b-01bdcffbdc45_MasterBedroom-7034,bedroom,5.0,1.243197026447763,10.0691595343011,0.8414542606474539,0.4965657742304358,,sparse
ac5f5386-c629-4b58-aed5-9a4b8f6911ce_MasterBedroom-9818,bedroom,5.0,1.7637354198307515,6.91440001466228,0.3288230670492027,0.7231285417964374,,neutral
ac7b509e-5782-481a-a4f7-48e037c5fa29_MasterBedroom-8696,bedroom,4.0,0.8168133597384827,9.500139378125226,0.9811533309034224,0.42104645424574466,,sparse
ac92919a-90ac-4fa7-a972-12c947305f41_Bedroom-6866,bedroom,4.0,1.4152559511334555,7.420733210942077,0.3166681376005569,0.5390302934084584,,neutral
ac92919a-90ac-4fa7-a972-12c947305f41_LivingDiningRoom-6787,livingroom,15.0,3.954849335816386,36.504572382743135,0.5114306008659325,0.4109074294235802,,sparse
ac92919a-90ac-4fa7-a972-12c947305f41_MasterBedroom-3191,bedroom,4.0,1.6315269718630192,9.186359138164338,0.16748381874480345,0.43542821914964874,,sparse
ac92919a-90ac-4fa7-a972-12c947305f41_SecondBedroom-6844,bedroom,3.0,1.4549213391459255,7.769568802745948,0.3749748637048792,0.38612181398531786,,sparse
acb86b11-fe85-4f83-b47c-c6243982298a_Bedroom-1206,bedroom,5.0,1.7270656881582596,8.673949802940284,0.45413212134816056,0.5764386598484933,,neutral
acb86b11-fe85-4f83-b47c-c6243982298a_LivingRoom-824,livingroom,10.0,1.6623376985589018,14.515900744354205,0.8575070687491708,0.6888997228704107,,neutral
acb8fcb4-8679-4fda-90e8-4d8c2ac42ae7_MasterBedroom-6656,bedroom,6.0,0.818455085569969,8.270397325059248,1.1532745245463483,0.7254790506642336,,neutral
acb8fcb4-8679-4fda-90e8-4d8c2ac42ae7_SecondBedroom-6285,bedroom,4.0,1.674498137788758,4.7399325579116285,0.2845789606819827,0.8438938637055975,,dense
acc099b5-dabc-4fb0-ba27-4f8c961432fb_MasterBedroom-2276,bedroom,5.0,2.2399947881405,16.308688544168312,0.39469542895916043,0.3065850443129536,,sparse
acc099b5-dabc-4fb0-ba27-4f8c961432fb_SecondBedroom-1912,bedroom,6.0,2.2607889038794986,12.862570774069493,0.2667159177257821,0.46646973652388346,,sparse
ace13641-659e-4668-8d02-3cc4a05803a8_Bedroom-10696,bedroom,9.0,1.8901344709778864,16.711858729646913,0.5769877109021015,0.5385397366981064,,neutral
ace13641-659e-4668-8d02-3cc4a05803a8_Bedroom-10749,bedroom,6.0,1.3780956905677741,11.333994908624287,0.2885552517278399,0.5293808624736956,,sparse
ad0426db-a9e3-4428-989f-c2c38e1157c9_Bedroom-53,bedroom,3.0,1.3484256267547607,1.9106505841223032,0.821607703945115,1.5701458052719315,,dense
ad0426db-a9e3-4428-989f-c2c38e1157c9_LivingDiningRoom-326,livingroom,6.0,2.4233769036845163,16.636971744706308,0.4800702163372928,0.3606425551518491,,sparse
ad2204ba-60fd-4802-b8cd-6ac2cfea507c_DiningRoom-18657,diningroom,10.0,1.1067878468075634,6.1643219714755295,0.7207556868583128,1.62223843048327,,dense
ad2204ba-60fd-4802-b8cd-6ac2cfea507c_MasterBedroom-18771,bedroom,6.0,1.9087897010086166,11.132435060494284,0.5359697809945057,0.5389656411553859,,neutral
ad2462d1-ed66-45c6-8739-3ccface000c9_SecondBedroom-3814,bedroom,5.0,1.0316979030994944,6.93923019193406,0.3351094536785641,0.720541019926366,,neutral
ad2bc1ea-0567-4048-8cdb-d298dc18d162_MasterBedroom-31095,bedroom,6.0,1.654329841561194,5.912596370477799,0.40909743574174356,1.01478261393905,,dense
ad2bc1ea-0567-4048-8cdb-d298dc18d162_SecondBedroom-30536,bedroom,7.0,2.1664346844754094,16.970984060365083,0.22478512557181712,0.41246871572687194,,sparse
ad3b17d0-ddc0-47c3-9a90-440add40ad9e_MasterBedroom-8520,bedroom,6.0,1.788507366322537,7.809140729472631,0.36415640707475405,0.7683303717853723,,dense
ad428fbd-a2cf-4693-a858-e5e64ba48026_Bedroom-18759,bedroom,6.0,1.8691328615050788,16.599078862733148,0.43110781843148704,0.36146584094317996,,sparse
ad50e9bd-4511-4b68-b348-c472c719440d_Bedroom-11538,bedroom,3.0,0.8400847117106119,2.4655973008878305,0.7337598485324678,1.2167437070602478,,dense
ad50e9bd-4511-4b68-b348-c472c719440d_Bedroom-7968,bedroom,4.0,0.9883649534807343,5.779745198982138,0.6195653165560412,0.692072031255709,,neutral
ada38237-cee3-477f-9bbb-45cb29f29d4c_SecondBedroom-5145,bedroom,8.0,1.1129173239158239,8.018679945773286,1.4811262592089092,0.9976704462705072,,dense
ada41ea4-604e-4c03-a3ef-3e8b4dd57c7a_Bedroom-1740,bedroom,5.0,1.7637742760974198,8.390808312607815,0.1232724990279131,0.5958901471372106,,neutral
adb44d12-29d6-47f7-87bc-f54fdd017b50_Bedroom-18950,bedroom,5.0,1.185750559314114,6.464262583679197,0.8071889039729216,0.7734834306737277,,dense
adbbe0e9-068e-4deb-a11f-3131fe24c384_MasterBedroom-32008,bedroom,4.0,1.523495693921106,4.731777356073559,0.4912659215470723,0.8453483118485545,,dense
add0c77d-3e5c-44b6-9298-6c09a38f5b6e_MasterBedroom-15409,bedroom,6.0,0.8916193643594466,7.511974958341765,0.8410795337437793,0.7987247073204399,,dense
add138ee-2fb0-4651-91ea-0a69981d81bc_SecondBedroom-9725,bedroom,4.0,1.4412626366758217,6.954523018994637,0.38671215603765086,0.575165254191401,,neutral
adfd50d5-efee-4d42-8457-bc1ce2707ed6_MasterBedroom-9390,bedroom,4.0,1.6577011868761822,5.722777750876336,0.4283372626850404,0.6989612691821686,,neutral
adfd50d5-efee-4d42-8457-bc1ce2707ed6_SecondBedroom-9343,bedroom,4.0,2.072769890599313,8.25173863925067,0.19861204852416256,0.4847463273949786,,sparse
adfe8dd6-46ee-46bc-a3bc-dbc712147d82_MasterBedroom-27797,bedroom,5.0,1.7680994737918536,14.264813828143877,0.5926567294678519,0.35051281147008106,,sparse
ae07aa05-8333-48c3-8637-0845be0fadb4_LivingRoom-1537,livingroom,16.0,1.6166939243126461,21.864690861078447,1.1272906708127286,0.7317734378985324,,dense
ae1f318b-a8ac-4eec-974c-10a587ea0a71_Bedroom-35611,bedroom,5.0,1.720976251684791,5.894447403581132,0.2816550220555698,0.8482559360801631,,dense
ae3855cc-a0de-4e86-8148-d65b94f07f3f_DiningRoom-30756,diningroom,8.0,1.8089988529224403,19.926113450441168,0.4912580764345357,0.401483210456321,,sparse
ae3855cc-a0de-4e86-8148-d65b94f07f3f_SecondBedroom-30549,bedroom,5.0,1.9105871342605592,11.709333037604388,0.3178822586597075,0.4270098035424014,,sparse
ae6dcfc8-994e-4448-8980-08e5292a8801_LivingDiningRoom-21808,livingroom,10.0,1.7489923439385573,18.694042561526924,0.8586728813837033,0.5349297760014944,,neutral
ae6e05dc-ce87-415f-b98e-3349488d984b_SecondBedroom-12902,bedroom,4.0,1.4530726504370228,8.148669580567567,0.18429370827166686,0.4908776776934173,,sparse
ae8d145b-5c7c-4970-a4b6-7855e64ea4eb_LivingDiningRoom-4682,livingroom,15.0,1.4474814716305504,23.765412963913317,1.3385380315754662,0.6311693393578647,,neutral
aea28264-2cb8-4875-bdd2-073fb12c83ac_MasterBedroom-32994,bedroom,5.0,2.7226188126956363,15.759058652019515,0.23995185496241717,0.31727783431780376,,sparse
aea28264-2cb8-4875-bdd2-073fb12c83ac_SecondBedroom-33345,bedroom,3.0,1.7063997104868942,5.26178319952763,0.19075652690033124,0.5701489183874625,,neutral
aeb21673-898c-41a2-a813-ab4b61ae542e_MasterBedroom-33506,bedroom,6.0,1.3805651092213285,10.587438945071153,0.5907320817077051,0.5667092892935381,,neutral
aed687f8-271d-4310-870a-f97ebafd1bec_DiningRoom-166476,diningroom,6.0,1.425898684392901,5.813173696835767,0.24673712594128155,1.0321384346842977,,dense
aedb13db-b413-472d-a50e-81017caba93b_Bedroom-17813,bedroom,5.0,1.9026605450470828,8.41800464004169,0.40075892575532995,0.5939649850294259,,neutral
aee82a11-1d1f-47ff-80d5-902e800b839a_Bedroom-1017,bedroom,7.0,1.7560690729487431,8.644678840750913,0.4613174807153194,0.8097466810452325,,dense
aee82a11-1d1f-47ff-80d5-902e800b839a_MasterBedroom-5121,bedroom,6.0,1.7550168213266635,6.964319965977197,0.4094359607406596,0.8615342243480785,,dense
aeecee5f-611c-45ea-b797-ccf2e38c362c_Bedroom-3653,bedroom,4.0,0.9576580187931979,4.949728150410246,0.8988602262745077,0.8081251895962144,,dense
aeecee5f-611c-45ea-b797-ccf2e38c362c_LivingRoom-7918,livingroom,6.0,1.3742675014503802,11.789106665334911,0.3954013676889166,0.5089444154104232,,sparse
aeeeea78-c030-4ea8-bedb-6688383c7b37_LivingRoom-27368,livingroom,12.0,1.5679808748968873,18.33818462225281,1.2451562335964406,0.6543722973231699,,neutral
aeeeea78-c030-4ea8-bedb-6688383c7b37_MasterBedroom-27387,bedroom,7.0,1.5431077294795739,9.99851045530237,0.5617993376608729,0.7001042836623518,,neutral
aef6f22c-02ce-45f4-ba66-2433f847c324_MasterBedroom-39088,bedroom,6.0,1.779306562253467,9.298289143693495,0.2652502284047326,0.6452799979950572,,neutral
aef6f22c-02ce-45f4-ba66-2433f847c324_SecondBedroom-39039,bedroom,4.0,1.5174555196785569,6.2898738490797195,0.4562344928496802,0.6359428020301625,,neutral
af04306f-ef15-4b0a-ba75-1e499b3f3ccd_LivingDiningRoom-29341,livingroom,11.0,2.5616649445878856,24.81428852208317,0.35905106151894506,0.44329298380691773,,sparse
af04306f-ef15-4b0a-ba75-1e499b3f3ccd_MasterBedroom-29436,bedroom,6.0,1.5132496310495955,8.477579311620318,0.5219667431655052,0.7077492028621578,,neutral
af17e492-9278-4023-9c48-c289e819a641_Bedroom-388,bedroom,4.0,1.515110671305038,9.379758730446092,0.40289838928992544,0.4264502014338874,,sparse
af17e492-9278-4023-9c48-c289e819a641_LivingDiningRoom-452,livingroom,4.0,1.2891594018830543,5.94327050891155,0.6855782631218192,0.6730301092642945,,neutral
af1a51c8-8113-4756-b60a-af2057deeffb_Bedroom-44824,bedroom,6.0,1.9516449021619389,14.635179640438981,0.511280806818789,0.4099710524509852,,sparse
af2e8a6f-d173-482a-a922-23e242acef49_MasterBedroom-54203,bedroom,4.0,1.5837130740022933,4.486321446413592,0.2676099164920901,0.8915990634593601,,dense
af30f054-a88b-4acf-b497-5f67cbd25af6_Bedroom-110163,bedroom,7.0,1.5736546124663031,8.64495103836158,0.805520923449806,0.8097211851099927,,dense
af30f054-a88b-4acf-b497-5f67cbd25af6_DiningRoom-114621,diningroom,7.0,1.4379693462291052,6.721564100899522,0.17834018470568572,1.0414242719284958,,dense
af3a0928-2e39-4864-9f53-d17205cba116_SecondBedroom-5710,bedroom,4.0,1.1600339114665985,7.731767140117309,0.5352383695075393,0.5173461548325045,,sparse
af43eb53-423d-4ef3-8498-d208d22b15de_LivingDiningRoom-128962,livingroom,7.0,2.936187914817201,23.683678155295816,0.4882789668720232,0.29556219916942067,,sparse
af43eb53-423d-4ef3-8498-d208d22b15de_MasterBedroom-131194,bedroom,3.0,2.003592289180992,10.663647786354423,0.3712445224053495,0.2813296219178305,,sparse
af474567-7aec-4b7f-8e0a-9054871beb8a_LivingRoom-33315,livingroom,10.0,2.87536032289976,33.25450717905367,0.5631241105929081,0.3007111170271317,,sparse
af474567-7aec-4b7f-8e0a-9054871beb8a_SecondBedroom-33219,bedroom,5.0,1.436468577586251,6.8538600222604416,0.27147026767172744,0.7295159200451502,,dense
af499dad-69c6-44e1-937c-e8d1a8fe197c_Bedroom-411,bedroom,5.0,1.659861201556165,6.016210010957905,0.2824333251198175,0.8310880090444012,,dense
af50bca9-1d0d-4eaf-9e81-9f8fc643949f_LivingRoom-21437,livingroom,13.0,2.044850106292434,25.37559412130762,0.4403503609492208,0.5123032760475955,,sparse
af50bca9-1d0d-4eaf-9e81-9f8fc643949f_MasterBedroom-20881,bedroom,4.0,2.2782153324599332,8.517734124191662,0.15184625932664542,0.46960845944221136,,sparse
af50bca9-1d0d-4eaf-9e81-9f8fc643949f_SecondBedroom-22166,bedroom,3.0,0.4418829282124837,2.442861799248192,1.021286738768626,1.2280678345878067,,dense
af615a27-5139-40d2-833a-e62fead6777b_MasterBedroom-9735,bedroom,5.0,0.9616497668120771,5.005845341758945,0.5067586448636591,0.9988322967730979,,dense
af7bc99c-1565-4ceb-8cdf-05088a7a6718_MasterBedroom-25034,bedroom,4.0,1.0616398255030315,3.1410833585846873,0.46367476425597093,1.2734459876933428,,dense
af8b9eed-0ab5-4c65-bc73-f9fbc2b1cdd9_MasterBedroom-1752,bedroom,4.0,0.7006681837682732,6.738222846956786,1.1276033386566748,0.5936283335904419,,neutral
af8d354c-2b22-4af8-a35c-4d3bd37cbdf6_MasterBedroom-9031,bedroom,4.0,1.5020317636662075,4.899143061110808,0.22762594033071185,0.8164693192472439,,dense
af8d354c-2b22-4af8-a35c-4d3bd37cbdf6_SecondBedroom-8921,bedroom,6.0,1.4354474881666452,8.247525593591186,0.6757811188579906,0.7274909222060921,,neutral
afa0f45b-9a71-4c7c-8bb0-4b84a6ec47ea_SecondBedroom-3719,bedroom,4.0,1.515754156253889,4.830944828739333,0.34352825879152693,0.82799538015917,,dense
afaffb7a-d00b-4d21-8d9a-ed6df3023d70_LivingDiningRoom-1123,livingroom,16.0,3.5879806169616035,56.00835511700164,0.3925546338477318,0.28567166392542587,,sparse
afaffb7a-d00b-4d21-8d9a-ed6df3023d70_MasterBedroom-1180,bedroom,7.0,1.7864183767192476,14.443173257053031,0.8810720329089802,0.4846580370820998,,sparse
afaffb7a-d00b-4d21-8d9a-ed6df3023d70_SecondBedroom-1282,bedroom,7.0,1.7782711360605061,9.935878843768164,0.6073975617088908,0.7045174473308355,,neutral
afaffb7a-d00b-4d21-8d9a-ed6df3023d70_SecondBedroom-781,bedroom,5.0,1.8563700023904268,9.645393167927317,0.30656878748384725,0.518382186495612,,sparse
afcaa4ce-37db-4314-9786-1addf4ea57e0_SecondBedroom-21667,bedroom,5.0,1.6931864666145842,6.798067404416073,0.25800787672431635,0.7355031514915495,,dense
afd1ec15-5319-47dc-b558-b6a86d448982_LivingDiningRoom-31395,livingroom,9.0,1.2830657384770727,17.946019191117884,1.2667109126269986,0.5015039772416167,,sparse
afd1ec15-5319-47dc-b558-b6a86d448982_MasterBedroom-30923,bedroom,6.0,1.5910238798160419,11.350769641967924,0.5105166423598115,0.5285985170393924,,sparse
afd1ec15-5319-47dc-b558-b6a86d448982_MasterBedroom-31474,bedroom,6.0,1.3021410589377553,8.551664784216518,0.5661554012057939,0.7016177728427769,,neutral
afda8ff8-1350-49b1-99a6-f138c46fb6ab_Bedroom-10325,bedroom,4.0,1.6756638501189185,8.024053510379542,0.3141927786352666,0.4985011621402807,,sparse
afda8ff8-1350-49b1-99a6-f138c46fb6ab_Bedroom-11457,bedroom,3.0,1.2767601746977892,3.5974581665277316,0.2601584385787612,0.8339221364443555,,dense
b003f93a-5664-4fe2-b40a-caf19583fd57_MasterBedroom-940,bedroom,8.0,2.0467663287391744,14.677442042981795,0.3371924036278214,0.545054102518177,,neutral
b003f93a-5664-4fe2-b40a-caf19583fd57_SecondBedroom-1286,bedroom,4.0,0.8540441299714822,5.471942602480673,0.8780690712921722,0.7310018197534864,,dense
b006fb39-3343-4a80-a758-b5e5f681e2a9_Bedroom-16055,bedroom,7.0,1.6134957603805635,14.201629557002214,0.531509587993125,0.4929011823540067,,sparse
b01ce063-9f82-43ff-ba61-bc70986128a4_MasterBedroom-25057,bedroom,5.0,1.841201128302681,7.108535259338207,0.2879186603240063,0.7033797846654406,,neutral
b05fbcc4-57c0-46bf-a268-1c530085b983_LivingDiningRoom-18273,livingroom,13.0,3.665800206942431,35.279099667526275,0.5090737135385602,0.3684901293545835,,sparse
b063aa6e-7b2f-4f85-a9b3-3987c6def44a_LivingDiningRoom-279,livingroom,14.0,3.106415269411673,28.090359566445553,0.430462121809713,0.4983916267388494,,sparse
b078021c-8535-4ed3-8c63-0b6109c603d6_Bedroom-16422,bedroom,3.0,0.7248834768931071,0.8844111272752126,0.9080581789754907,3.392087579497917,,dense
b078021c-8535-4ed3-8c63-0b6109c603d6_Bedroom-17564,bedroom,4.0,1.6488655217963204,11.051143184773643,0.38632885604441614,0.3619535040964118,,sparse
b090fa20-9b1c-4c5e-bcc4-e83c44cc84c2_Bedroom-15797,bedroom,5.0,1.7525298777431644,5.949000952164599,0.3526553919526821,0.8404772566359574,,dense
b090fa20-9b1c-4c5e-bcc4-e83c44cc84c2_Bedroom-16379,bedroom,5.0,1.825344226420086,7.209540819095174,0.22443206383064662,0.6935254443330164,,neutral
b093a455-63da-4dc2-af72-11f094999d50_MasterBedroom-1692,bedroom,3.0,0.8161598657170354,3.0280214166082646,0.8058943043181539,0.9907459648552778,,dense
b099df62-e9b6-407b-b69c-7746f98223df_Bedroom-87733,bedroom,5.0,1.4349777882221388,8.420095086160625,0.6761965633880866,0.5938175221106544,,neutral
b099df62-e9b6-407b-b69c-7746f98223df_Bedroom-88662,bedroom,4.0,1.4562891315368998,4.561098417482642,0.31541645804935897,0.8769817341954391,,dense
b0a8d497-5e4d-4aa4-837b-276a34e9987c_Bedroom-2876,bedroom,7.0,0.826785473543284,6.397359670190775,0.9403860281126446,1.094201414470613,,dense
b0a8d6bf-9a2a-4a9f-bdeb-a08fcc6bea11_LivingDiningRoom-57219,livingroom,11.0,2.7003079549843116,17.38670397625078,0.36474810709923156,0.6326673540324467,,neutral
b0a8d6bf-9a2a-4a9f-bdeb-a08fcc6bea11_MasterBedroom-54784,bedroom,7.0,1.9584838390020383,12.89811604999382,0.24600830305107055,0.5427149184320879,,neutral
b0c55578-68c8-41d3-8682-f2b2b0187961_MasterBedroom-20425,bedroom,3.0,0.6017080942789713,2.2061924139126745,0.6220648989877333,1.359808863941976,,dense
b0dc2c16-296a-491e-a82b-d2d7fd8fdada_LivingDiningRoom-968,livingroom,15.0,1.874624775353964,29.32024673979618,0.9207871143001279,0.5115918748269126,,sparse
b0dc2c16-296a-491e-a82b-d2d7fd8fdada_MasterBedroom-1962,bedroom,6.0,0.8092628807864506,4.940196865706426,1.014010035076884,1.2145264982556574,,dense
b0dc2c16-296a-491e-a82b-d2d7fd8fdada_SecondBedroom-2393,bedroom,5.0,1.7580130107540342,7.12255145494761,0.13301233480664423,0.701995630586396,,neutral
b0f5ee50-f513-40be-ae17-20fd9acd60b4_MasterBedroom-26054,bedroom,8.0,1.4911020331233436,13.926550516519914,1.048690684017421,0.5744423208396267,,neutral
b0fe48b1-d6b1-4854-ba04-111d22289522_LivingDiningRoom-13623,livingroom,15.0,3.159636977546876,28.21447772837311,0.4308144829515945,0.5316419514976761,,sparse
b0fe48b1-d6b1-4854-ba04-111d22289522_MasterBedroom-13658,bedroom,5.0,1.7414832714272996,8.68509432820021,0.44713128459308993,0.5756989862234619,,neutral
b10f3eb6-8b25-423c-ace8-405c48e4294c_MasterBedroom-4520,bedroom,4.0,1.954282905281435,6.142205665040248,0.3746442272042305,0.6512318567850803,,neutral
b13a4874-00a4-49a5-aa2d-e22d7d864b56_Bedroom-53437,bedroom,5.0,0.9046381804608321,5.430296219879886,0.9373895140306211,0.920760083344145,,dense
b13a4874-00a4-49a5-aa2d-e22d7d864b56_LivingDiningRoom-53709,livingroom,8.0,1.6814270307651145,17.52415557902299,0.5078765180471136,0.45651272404681636,,sparse
b146d9b8-b24e-49b2-9b56-bc63b7bd8f50_SecondBedroom-10318,bedroom,4.0,2.1550585185296263,6.894267657044788,0.3387804370140279,0.5801921536818591,,neutral
b1666056-97cd-41f8-947f-06147f148f10_SecondBedroom-8548,bedroom,6.0,1.8571431078633063,16.10183300378567,0.4264128636462835,0.37262838327719283,,sparse
b16d3725-fc3e-4d01-9f3d-61f3e504c488_Bedroom-2459,bedroom,4.0,2.0807441865489014,6.12386077382388,0.27676861274585857,0.6531827139339595,,neutral
b1aff8e4-49da-48f0-b6d7-34331895676e_MasterBedroom-533,bedroom,5.0,1.3778023719787598,5.68869634061201,0.29604357457170205,0.8789359987989942,,dense
b1b053a9-b268-4f62-a06d-b9b9325c5092_MasterBedroom-1797,bedroom,5.0,1.9303897481430294,12.685356962094627,0.32536703437929393,0.39415524647359956,,sparse
b1b053a9-b268-4f62-a06d-b9b9325c5092_SecondBedroom-1064,bedroom,3.0,1.239056953017163,4.940393946785826,0.3697828784374012,0.6072390243194618,,neutral
b1b34315-3981-48b3-bfc0-e82878ea6e34_MasterBedroom-49467,bedroom,4.0,0.9507616559664408,3.304844287555742,0.4293622377676524,1.2103444676839508,,dense
b1ed9921-425e-4c61-b4a3-4d3c8c20d788_DiningRoom-3185,diningroom,5.0,1.2136365546693302,5.092323444267354,0.852164495463616,0.9818700745783762,,dense
b1ef2a3d-8d3d-41a3-af7a-af58219fe562_Bedroom-3098,bedroom,5.0,2.0099050616999854,8.638304472809168,0.2828502363162285,0.5788172917195179,,neutral
b1fb2628-f260-4bee-8db1-6f4f10520a09_MasterBedroom-1096,bedroom,6.0,1.2180726413095726,10.16151621714649,1.0012875394706091,0.5904630639545337,,neutral
b214afdb-2761-443e-82a2-a6720d7a0578_MasterBedroom-12350,bedroom,6.0,1.92015538514099,10.233265138601997,0.2075481461548424,0.5863231254867771,,neutral
b2312fb9-ca25-4e89-ab5a-0bc96888cebf_DiningRoom-23035,diningroom,11.0,1.1817951758863583,11.129111117275693,0.7735287800860345,0.9883987934063059,,dense
b2312fb9-ca25-4e89-ab5a-0bc96888cebf_MasterBedroom-22924,bedroom,10.0,1.4959187562234044,12.29386882792499,0.8486650075643996,0.8134135917641673,,dense
b2381c40-aa83-4b69-9059-10cf42b456fb_Bedroom-23945,bedroom,3.0,1.1415233612060547,1.9619883147769317,0.5361153048579457,1.5290610945055934,,dense
b24a914a-20b4-409d-a658-29296b8e15b1_MasterBedroom-27711,bedroom,4.0,1.211154818534851,2.194413547893928,1.1714177257981362,1.8228104742786382,,dense
b28a98d3-1348-478e-825d-572ee7454666_LivingDiningRoom-13555,livingroom,17.0,1.7589755496153174,27.277459497262132,1.233186078827925,0.6232251944762784,,neutral
b28a98d3-1348-478e-825d-572ee7454666_SecondBedroom-13653,bedroom,9.0,1.2877125854836997,11.14709780160933,0.9306688320640744,0.8073850396020255,,dense
b28bad76-991d-4a95-9a37-2934374109e8_Bedroom-20397,bedroom,9.0,1.4487941549064263,10.453008776787687,0.9080242499956278,0.8609961200822591,,dense
b28bad76-991d-4a95-9a37-2934374109e8_LivingRoom-20386,livingroom,8.0,1.3428167607583272,9.622554290971676,0.7679749687126938,0.8313800845484415,,dense
b2943b0f-8b10-4619-9263-d6dc198214ba_SecondBedroom-8204,bedroom,7.0,2.0694246695094884,12.602877921074771,0.2294023676521087,0.5554286920683781,,neutral
b2a1d795-9ed6-4282-9934-c176f2f4f8a2_MasterBedroom-17068,bedroom,8.0,1.2028135900620005,10.537088818543545,0.6585106749161507,0.7592229825301762,,dense
b2c03fce-6b4e-4297-8937-c618d62df42e_MasterBedroom-5760,bedroom,3.0,1.1507688276016095,4.476853583772287,0.34936327358024716,0.6701134946370392,,neutral
b2cdbdb3-1b72-49ad-81eb-f130c9acd170_MasterBedroom-11888,bedroom,5.0,1.383786334921342,6.859345297792346,0.4795828122615327,0.7289325413621079,,dense
b2e0b670-b308-4817-b3b6-2a8b7312c18f_LivingDiningRoom-7096,livingroom,12.0,0.999924142431283,13.937219476875793,1.9122003870358986,0.8610038766993683,,dense
b2e0b670-b308-4817-b3b6-2a8b7312c18f_SecondBedroom-6261,bedroom,4.0,1.2507369098149501,5.048962705245175,0.2393656254409569,0.7922419382984455,,dense
b31b4898-6395-4283-9be9-872c7559cac8_MasterBedroom-11471,bedroom,4.0,1.5833470701859167,5.17205363333941,0.3394882123945179,0.7733871849695694,,dense
b34db318-8b66-4bf3-aa2b-23448e51fcc1_SecondBedroom-1986,bedroom,4.0,1.7030164736662698,6.98646989396446,0.263586038080137,0.5725352088692973,,neutral
b3532f29-171d-4239-b6c5-4a1da32ed8eb_SecondBedroom-78680,bedroom,4.0,1.7927942647583939,5.844049010015465,0.3201968188431534,0.6844569566656347,,neutral
b3560738-2e83-4f6f-9528-3f0a00c4c3b0_SecondBedroom-9923,bedroom,4.0,1.3636753401736674,9.120898377824846,0.7263772926914195,0.4385532909482894,,sparse
b35d10f4-0f24-4b75-b370-4db788e41222_SecondBedroom-2833,bedroom,4.0,1.5272076243237571,8.204718933360487,0.48890174201887526,0.487524317711354,,sparse
b3756af5-3246-428d-be76-57b1decad705_Bedroom-2284,bedroom,5.0,1.0931330602388847,8.889374581227989,0.9056703147518407,0.5624692664609588,,neutral
b398f479-12fe-403b-93b6-7b856b6779b5_MasterBedroom-5403,bedroom,3.0,0.742982546488444,1.9255933099452989,0.9905036547751858,1.5579613745569267,,dense
b3a256df-54e0-40c1-b04e-5ace4cccaddb_LivingDiningRoom-2917,livingroom,16.0,2.5821411000538204,27.85977924930052,0.6853590357232858,0.5743046223311951,,neutral
b3a256df-54e0-40c1-b04e-5ace4cccaddb_MasterBedroom-283,bedroom,6.0,1.745996408016235,9.009564147033107,0.32608313409526607,0.6659589633951193,,neutral
b3a256df-54e0-40c1-b04e-5ace4cccaddb_SecondBedroom-272,bedroom,4.0,1.7831026209669385,5.002630310885386,0.05552905128085828,0.7995793715350643,,dense
b3a4cdd9-5144-43b7-bdad-067fdd7530c4_DiningRoom-71750,diningroom,8.0,1.4888684194084705,9.256240343761627,0.10619449868225435,0.8642817929194884,,dense
b3a4cdd9-5144-43b7-bdad-067fdd7530c4_LivingRoom-71719,livingroom,8.0,1.2656947203421203,11.130208263012058,0.3627835210884003,0.7187646278448917,,neutral
b3a7d1dd-a679-44ad-a9f7-971d09c2447f_LivingRoom-1676,livingroom,7.0,1.5860569765503176,11.913077440468399,0.8895957489942965,0.5875895657507598,,neutral
b3d120be-7c88-41b6-bb85-16d61a97e542_MasterBedroom-32121,bedroom,5.0,1.7757185195242855,11.221292752853545,0.5600667201182254,0.4455814592956336,,sparse
b3d120be-7c88-41b6-bb85-16d61a97e542_SecondBedroom-32096,bedroom,7.0,1.6607202980007942,14.557804833595224,0.39720849020585225,0.4808417257968739,,sparse
b3d57bb3-3859-4986-8da8-568bb1095d43_DiningRoom-18888,diningroom,7.0,1.490511433882834,5.46466956042948,0.2611125087906098,1.2809557691627111,,dense
b3d57bb3-3859-4986-8da8-568bb1095d43_SecondBedroom-18838,bedroom,3.0,1.1964013576507568,0.16554198202391035,0.640314366136988,18.122291175459587,,dense
b3e144d5-4a91-4d8c-84f2-1eda6a4947e8_MasterBedroom-10518,bedroom,3.0,1.6047670566799113,4.102074578983659,0.17065566001420676,0.7313372641662912,,dense
b405df56-846b-4266-9523-ccab1feef7f2_LivingDiningRoom-11362,livingroom,8.0,1.6845696924873235,17.12500198697072,0.4565490349243977,0.4671532304689173,,sparse
b40dbb05-821c-45f2-9ae6-e02e97c70c80_MasterBedroom-16305,bedroom,3.0,0.8198063913881608,5.716549583039495,0.9096018272033801,0.5247920894276399,,sparse
b40dbb05-821c-45f2-9ae6-e02e97c70c80_SecondBedroom-16492,bedroom,5.0,1.7515286100274068,11.421898419249844,0.5337239645347207,0.43775560038016736,,sparse
b4128f2c-0f8a-4654-8acc-05eda8644ce7_MasterBedroom-1859,bedroom,5.0,0.9478157083329742,7.095455224591687,1.0013224902171498,0.7046764219821751,,neutral
b4128f2c-0f8a-4654-8acc-05eda8644ce7_SecondBedroom-702,bedroom,5.0,1.01579343305148,7.479600550173699,0.8873730365380674,0.6684848965475683,,neutral
b41434c7-ea34-404b-a426-34221b17c942_DiningRoom-3024,diningroom,10.0,1.4830093810986418,9.403965636119713,0.5779911597725907,1.0633811720441617,,dense
b41434c7-ea34-404b-a426-34221b17c942_SecondBedroom-3467,bedroom,4.0,2.1032996564745976,6.6676949930518985,0.2863291717656921,0.599907464898772,,neutral
b4551582-1fbb-4320-bac8-74655b3babd1_MasterBedroom-31997,bedroom,4.0,1.9415928517148016,10.977095145287386,0.3380113644656675,0.36439512886223396,,sparse
b45897de-6fe4-421c-b292-dfc31f3880ec_Bedroom-38427,bedroom,5.0,1.5953128337860107,5.689446645456849,0.36533068715622685,0.8788200877132071,,dense
b4605349-5ca9-44ec-bb78-1edf5fac49b5_MasterBedroom-44790,bedroom,6.0,1.8061294639529328,7.261786073540512,0.32729660305120256,0.8262430122889418,,dense
b4605349-5ca9-44ec-bb78-1edf5fac49b5_SecondBedroom-44692,bedroom,7.0,2.255992150185398,18.494487263448576,0.2059998219894026,0.3784911633551686,,sparse
b48bc4ca-1bd4-48c3-a4da-8363d8b91a60_Bedroom-1298,bedroom,5.0,2.163951377786755,11.102434977801963,0.18345441445482363,0.450351657991866,,sparse
b49f4f6e-cd07-43d7-aee0-3ded49597acb_LivingDiningRoom-43067,livingroom,5.0,0.5490624308586121,0.27674551827728877,0.8152945493663774,18.067139916571964,,dense
b4c7e5bf-1c64-4047-86f0-1534d8735a0d_MasterBedroom-37369,bedroom,5.0,1.8351179515231197,7.613100206229355,0.41641233166898384,0.6567626675803889,,neutral
b4d8801b-aac0-4051-b973-e84b0114a621_MasterBedroom-35145,bedroom,5.0,0.8457701248488464,5.366332985492565,0.8387525303245575,0.9317349507600599,,dense
b4d8801b-aac0-4051-b973-e84b0114a621_SecondBedroom-35781,bedroom,5.0,1.469776868961573,4.943584998292071,0.323269293597668,1.0114117592248175,,dense
b514db66-e26d-44b7-92d8-338b17a5da28_MasterBedroom-58491,bedroom,7.0,1.6378211108606016,10.553011669200956,0.713761735840635,0.6633177541563374,,neutral
b51bec16-bd64-43be-ae51-2e190aafba67_MasterBedroom-37633,bedroom,4.0,0.8102108240127576,2.9348162173057446,0.3717244785828972,1.3629473547315096,,dense
b51e3da5-5d31-4511-882a-e841de457404_LivingDiningRoom-3428,livingroom,13.0,2.2387779326860793,29.269772309861672,0.7829822006592071,0.4441442134355106,,sparse
b51e3da5-5d31-4511-882a-e841de457404_SecondBedroom-562,bedroom,3.0,1.8068809879984886,5.97524490372257,0.2048712275962956,0.5020714712682327,,sparse
b54940c4-ed58-48c3-8017-9a644c75ff2b_Bedroom-90068,bedroom,4.0,1.7222756224040587,9.926326387686627,0.19752032061734848,0.4029688168386147,,sparse
b5515a75-9d29-47a1-a8dd-c61224c8d170_Bedroom-539,bedroom,5.0,1.8654067363815112,8.552526530657657,0.39842734563353005,0.5846225652825329,,neutral
b5515a75-9d29-47a1-a8dd-c61224c8d170_Bedroom-582,bedroom,5.0,2.2197524055707936,14.411212530085601,0.2552482404048928,0.3469520687146719,,sparse
b580bfcb-0110-439d-b83b-bfd9caa431a2_LivingDiningRoom-535,livingroom,6.0,2.1091872886472407,10.913498088180646,0.2489627497239846,0.5497778944496283,,neutral
b580bfcb-0110-439d-b83b-bfd9caa431a2_SecondBedroom-579,bedroom,3.0,1.1252597440642673,4.664532262625587,0.34087573090970147,0.6431513024440633,,neutral
b583dce1-ffe7-424f-a902-db75daeb6c66_Bedroom-2765,bedroom,4.0,1.4699546796437606,4.702420704207481,0.4136945543597296,0.8506257205828072,,dense
b587f55e-a677-4107-9ad1-5c067cbd7c0a_LivingDiningRoom-15114,livingroom,13.0,1.5831633449781426,25.293245546114512,1.1016447379792076,0.51397120928188,,sparse
b58a5ff0-ae4c-4af0-ba06-13153ecb9f4d_MasterBedroom-75042,bedroom,8.0,1.9944535682219138,18.903776482909848,0.24413026398572957,0.4231958628601265,,sparse
b5922b83-8f9a-42e8-b999-680441fd30b5_LivingDiningRoom-9992,livingroom,14.0,1.2132336616763095,19.584472877361556,1.2908018252180744,0.7148520201523084,,neutral
b5922b83-8f9a-42e8-b999-680441fd30b5_MasterBedroom-9141,bedroom,5.0,1.3736893752849397,8.429890001678157,0.6555564421153727,0.5931275495889791,,neutral
b594794f-2ab1-4bc8-94a5-4843621ca79e_Bedroom-48850,bedroom,5.0,1.1565316121411249,7.32364634910568,0.45812566537026245,0.6827200224667553,,neutral
b59e2e3f-d611-4e62-a72a-b3d7ff4bbd08_Bedroom-15614,bedroom,7.0,2.1128344145522826,15.376908868064607,0.3747241831803909,0.45522803445482374,,sparse
b59e2e3f-d611-4e62-a72a-b3d7ff4bbd08_Bedroom-15630,bedroom,5.0,1.8601224250699917,7.761033715746524,0.36189248808864677,0.6442440766434754,,neutral
b5a9d6e9-11f5-45d1-a45f-a02b59823001_MasterBedroom-11918,bedroom,4.0,0.9437772919124354,4.665514595846293,1.024286171592895,0.8573545142396938,,dense
b5bf1be6-ce97-4e98-9f8e-0018f9e5e704_Bedroom-1262,bedroom,7.0,1.994923053089953,18.82707704708658,0.4402898903092402,0.37180492662206555,,sparse
b5d22f47-c4af-4f72-9a9b-9fea32a01a26_MasterBedroom-179552,bedroom,6.0,0.6315350787679603,5.417470460867981,1.3312592511538488,1.1075279585444544,,dense
b5d5ec24-9934-4ea8-a805-c85659ebb74f_MasterBedroom-52062,bedroom,4.0,1.647201770766696,6.7660848601582435,0.21759388084297385,0.591183835655654,,neutral
b5fea2a3-9686-4764-9a8d-b35c02f2d71e_Bedroom-332,bedroom,5.0,1.6607010697238849,6.382375247620196,0.30433592243772734,0.7834074002252306,,dense
b5fea2a3-9686-4764-9a8d-b35c02f2d71e_Bedroom-398,bedroom,3.0,1.533268835597015,7.37239536467584,0.5868194262977154,0.4069233745078603,,sparse
b5ff7957-6e19-4997-a8c5-fa9a5b8043fd_SecondBedroom-6818,bedroom,5.0,1.5636458873426429,6.614643999201188,0.7271121409751081,0.755898579062429,,dense
b60a4f18-3082-465b-b0e9-c0217666e201_LivingDiningRoom-75271,livingroom,12.0,1.730970498063344,17.433287679136303,1.033902265857278,0.6883383226883408,,neutral
b6167446-ce9d-4bc0-bc2e-e6026d939a3c_LivingDiningRoom-14337,livingroom,12.0,2.0210609236192174,20.10202921940219,0.5129818075972066,0.5969546591056475,,neutral
b6167446-ce9d-4bc0-bc2e-e6026d939a3c_MasterBedroom-14406,bedroom,5.0,1.7839508031953575,11.80417757076984,0.421301931626355,0.4235788533358968,,sparse
b6167446-ce9d-4bc0-bc2e-e6026d939a3c_SecondBedroom-14359,bedroom,3.0,1.1807528937997385,3.1271785878246754,0.22736701429856834,0.9593312040700741,,dense
b643679b-4313-459c-b537-cd096ea1bdff_MasterBedroom-6710,bedroom,5.0,1.0881632253586453,7.775208328848509,0.9623318487051794,0.6430695858589924,,neutral
b643679b-4313-459c-b537-cd096ea1bdff_SecondBedroom-1152,bedroom,4.0,1.0228281404739004,11.441475102714202,0.871590952135803,0.349605270657024,,sparse
b64c9910-6be7-4c05-90e8-ff1530649b58_SecondBedroom-37197,bedroom,6.0,1.478830465649838,9.188040599217832,0.45346614229483423,0.6530228001507496,,neutral
b64e1a46-dbb0-4d5c-b504-971cd38dba07_MasterBedroom-3147,bedroom,4.0,1.6680326211247651,9.79995400255902,0.16150789123567658,0.4081651810769211,,sparse
b660850f-9a16-4040-867a-871406da5590_SecondBedroom-25535,bedroom,4.0,1.6155136962989225,8.307438439975707,0.32256657541591804,0.48149619511495256,,sparse
b67bcb77-c998-40c6-941a-d9c40f57390e_MasterBedroom-15538,bedroom,4.0,1.4174864638991185,4.581506731352054,0.19638200269515205,0.8730752205660419,,dense
b6840c65-cf40-4bd6-8492-f4b7aae57ed5_SecondBedroom-52351,bedroom,8.0,0.9822128573095904,10.31578467784691,1.611060223897136,0.775510564618507,,dense
b68b868f-5ed9-4917-b922-4d58ca68ed7d_LivingDiningRoom-45001,livingroom,11.0,1.362622788308055,22.065940343858223,1.1373805144964424,0.4985058342669594,,sparse
b68b868f-5ed9-4917-b922-4d58ca68ed7d_MasterBedroom-45020,bedroom,6.0,1.2821094660755967,10.23433138797053,0.6099569303852187,0.5862620402396215,,neutral
b68b868f-5ed9-4917-b922-4d58ca68ed7d_SecondBedroom-45042,bedroom,6.0,1.1420147134837644,7.18271041640544,0.6184550872409289,0.8353392594383162,,dense
b69453bf-972b-4b3c-98c9-59832bcb945b_SecondBedroom-1804,bedroom,3.0,1.225238039463702,4.169389842158995,0.2907702561587029,0.7195297426173368,,neutral
b6a24513-baa6-4f67-8a78-4a19c5536dce_LivingDiningRoom-2831,livingroom,17.0,1.3904822978422882,29.69652877584107,1.3625828618174884,0.5724574790650266,,neutral
b6a24513-baa6-4f67-8a78-4a19c5536dce_MasterBedroom-2820,bedroom,5.0,1.7846043622759526,6.803502494781696,0.264568162583238,0.734915582648057,,dense
b6a24513-baa6-4f67-8a78-4a19c5536dce_SecondBedroom-1656,bedroom,6.0,1.696816141867686,10.06078061527534,0.182200522656416,0.5963751948720725,,neutral
b6c31412-9def-40e5-b812-95a22c0a1c9f_MasterBedroom-34597,bedroom,3.0,0.6193904876708984,2.7843859345781987,0.5273424385534438,1.0774368462159554,,dense
b6c9ce9f-dd5f-44b8-acae-3ec22110856b_MasterBedroom-3445,bedroom,4.0,2.2402404016921156,12.048648798531469,0.17274627751545535,0.3319874341832865,,sparse
b6e6f6a4-9407-4911-9b72-c336a59545e0_LivingDiningRoom-5442,livingroom,16.0,2.73317762751421,24.39499167533819,0.5631402331658593,0.6558723287524217,,neutral
b6fbd17c-7013-4fed-802f-e7075cce8329_LivingDiningRoom-56789,livingroom,14.0,1.1369133286058752,16.640568800349385,1.1543638548360338,0.8413173953348311,,dense
b71b1950-5509-4f62-8aa2-2f49825d9f8f_Bedroom-17496,bedroom,7.0,1.7368202005842368,17.729483826278926,0.7490893635698206,0.3948225491835519,,sparse
b741b776-33dc-43b0-b33a-2a488c920045_LivingDiningRoom-50574,livingroom,12.0,2.2408004745319205,18.548716452139868,0.6213487089274169,0.6469450342271863,,neutral
b741b776-33dc-43b0-b33a-2a488c920045_MasterBedroom-48846,bedroom,4.0,1.9337765569640364,7.18898955386263,0.36268814854662274,0.5564064281955742,,neutral
b744dce4-8f32-4016-bb25-6d00e9843e79_MasterBedroom-60471,bedroom,5.0,2.1421119913326665,16.276444234245176,0.3683288633414656,0.3071924019793059,,sparse
b765f7c7-09af-4952-898b-f04f17fba1f1_SecondBedroom-31012,bedroom,6.0,1.9726318767921533,14.586197156826085,0.14936393438999745,0.41134779240194935,,sparse
b76b3b9e-1709-49eb-a5cc-8e5b76da6939_LivingDiningRoom-108064,livingroom,16.0,3.1858540516113076,32.304243959592746,0.5503818591792807,0.49529095991267735,,sparse
b76b3b9e-1709-49eb-a5cc-8e5b76da6939_MasterBedroom-107429,bedroom,5.0,1.7827611894664248,7.117410589959793,0.3340384868648895,0.70250267801794,,neutral
b77fac8b-d1a7-4444-ae6b-5fd394a82535_Bedroom-12012,bedroom,4.0,0.8523696381609364,4.620700937010701,0.7838413183635746,0.8656695281793643,,dense
b77fac8b-d1a7-4444-ae6b-5fd394a82535_Bedroom-12028,bedroom,5.0,1.7884232589317803,10.878249374214931,0.3902646838000589,0.4596327798709655,,sparse
b7c74b29-1bc9-4112-9587-03a1b330a284_Bedroom-274,bedroom,7.0,0.7770679110664,4.822588857549142,0.8446793025353825,1.4515025449541281,,dense
b7c96fc7-b8f8-45c0-83c6-539da3c005a5_SecondBedroom-10643,bedroom,8.0,1.62906440546749,12.458528512555631,0.5326159949322891,0.6421304082530812,,neutral
b7d1e3e1-0ede-460d-9b03-cf016a3b2b3c_Bedroom-10854,bedroom,4.0,1.8356187525200027,11.75515091798838,0.5096280195156058,0.34027636292435676,,sparse
b7df67ab-a4be-43ba-9069-eec82b12673d_MasterBedroom-17451,bedroom,5.0,1.4458971428158736,16.030530780593768,0.7615792026383159,0.3119048313766939,,sparse
b7e22103-19b8-47d1-a287-4349e4786cdc_Bedroom-1277,bedroom,6.0,2.0747214088011723,11.404639743260574,0.27831400323146277,0.526101668713001,,sparse
b7f5c276-55d1-4faa-8b6e-eca7e0273648_SecondBedroom-10321,bedroom,4.0,2.0559198091081816,6.437338127328291,0.2516346140006932,0.6213748479389155,,neutral
b80d85e9-bdf0-456d-b7f5-e4ea871e488b_Bedroom-2007,bedroom,3.0,0.7610325845927268,4.563035563019852,0.39030422676741566,0.6574570718477103,,neutral
b80d85e9-bdf0-456d-b7f5-e4ea871e488b_Bedroom-2582,bedroom,5.0,2.442397940193142,17.65656963423492,0.19966028692967625,0.28318071423711494,,sparse
b80d946d-c819-46d3-b02a-36336724ccc4_MasterBedroom-22965,bedroom,4.0,0.8410027027130127,3.7961288080957942,0.9331882304628922,1.053705024831987,,dense
b8366424-8564-4127-9238-097bf6200861_MasterBedroom-150024,bedroom,7.0,1.703779675687452,7.326441737748863,0.44718658828248753,0.9554433448822912,,dense
b8366424-8564-4127-9238-097bf6200861_SecondBedroom-144825,bedroom,5.0,1.4780766482468775,5.515368821025112,0.3759994565144589,0.9065576867569622,,dense
b84c594f-2408-4197-ada7-d058f6620cf3_MasterBedroom-50107,bedroom,5.0,2.309834383111377,7.187863523430936,0.2399065421373222,0.6956169915721191,,neutral
b84c594f-2408-4197-ada7-d058f6620cf3_SecondBedroom-48379,bedroom,4.0,1.953798285383418,7.601483441463001,0.30078156980582804,0.5262130781186244,,sparse
b858c92c-9aa4-4767-99a8-661ef1afbd9e_MasterBedroom-4993,bedroom,6.0,1.7146333613441438,14.181001179503658,0.3728542217709667,0.42310129757777815,,sparse
b88dadff-2e79-465f-916b-14404ffbf4a1_MasterBedroom-141250,bedroom,4.0,1.9161587336185733,7.414311020518194,0.2524997293037488,0.5394971952121367,,neutral
b8b0933f-ecc1-4621-b7f3-ac01261917f1_LivingDiningRoom-11919,livingroom,13.0,2.745742142241464,23.68618895150748,0.4496667269171905,0.5488430421041892,,neutral
b8b0933f-ecc1-4621-b7f3-ac01261917f1_MasterBedroom-12046,bedroom,6.0,2.0376513021773195,7.894022317105806,0.3183523051194121,0.7600687911659953,,dense
b8c79259-df95-4696-9a1f-b929d9fedcd9_Bedroom-25940,bedroom,4.0,1.6546785672393476,5.344492219152589,0.3482853267511324,0.7484340580879789,,dense
b8c79259-df95-4696-9a1f-b929d9fedcd9_MasterBedroom-26003,bedroom,4.0,1.7073680183931248,5.903373218291574,0.4060625199593262,0.6775787083232377,,neutral
b8c9c3ae-2aa0-4140-b7cd-8578cee5b571_MasterBedroom-1244,bedroom,5.0,1.572236708113996,5.867275963347149,0.2805457452211282,0.85218422164476,,dense
b8c9c3ae-2aa0-4140-b7cd-8578cee5b571_SecondBedroom-2330,bedroom,5.0,1.3757879815521052,4.952118862140712,0.30718683204130526,1.0096688183769866,,dense
b8d5c14b-b931-4b1e-969f-b96f5c1f3bb5_SecondBedroom-14942,bedroom,5.0,0.9000585186960155,6.21009365544547,0.8153894948413235,0.8051408364213042,,dense
b8eca45e-8419-496a-b781-1eb69c320d39_MasterBedroom-892,bedroom,3.0,1.413964826368317,5.163635348002527,0.2598815643759054,0.5809860297668974,,neutral
b8eca45e-8419-496a-b781-1eb69c320d39_SecondBedroom-1546,bedroom,3.0,1.290572350025507,3.8398109391249404,0.2640648323508432,0.7812884664273794,,dense
b917e5c2-0271-4419-a3ae-65be2c108114_MasterBedroom-8000,bedroom,7.0,2.102706229469124,21.523454288290214,0.5462528621876575,0.32522660657719493,,sparse
b917e5c2-0271-4419-a3ae-65be2c108114_SecondBedroom-7694,bedroom,4.0,1.8102234963263342,5.538749618368004,0.304346591136789,0.7221846582006359,,neutral
b9301a72-5a7b-4ab3-bcf4-aa7f67112747_Bedroom-15959,bedroom,4.0,2.4683309793472294,7.824261422206069,0.12957577584327687,0.5112303620949554,,sparse
b9301a72-5a7b-4ab3-bcf4-aa7f67112747_DiningRoom-15836,diningroom,6.0,1.3206482699522006,5.851677025976465,0.22675504837306062,1.0253470882560858,,dense
b9301a72-5a7b-4ab3-bcf4-aa7f67112747_LivingRoom-15858,livingroom,8.0,1.6394097512555856,20.521111306278552,0.2346638583150618,0.38984243497340976,,sparse
b9301a72-5a7b-4ab3-bcf4-aa7f67112747_MasterBedroom-10400,bedroom,3.0,0.6509884198506674,3.310988301790236,0.5459879177310457,0.9060738747937931,,dense
b93f845e-1b90-4231-8d91-4eab81487423_Bedroom-26320,bedroom,4.0,1.7632163571811865,6.8278414369024585,0.21090107927314683,0.5858366860104843,,neutral
b9443b5d-de9c-4392-b5f6-1239d7a4e8c2_Bedroom-11392,bedroom,9.0,2.3742406013425876,22.32564553095267,0.1833785408359874,0.4031238419297772,,sparse
b964337b-988f-420e-be26-20f2f2c4682a_LivingRoom-27749,livingroom,14.0,3.3244050400569845,38.98710588187044,0.8217017180061977,0.35909308175937726,,sparse
b983c974-ad79-4389-a02a-d8175f933411_LivingRoom-67314,livingroom,11.0,1.5217415207642688,13.431344868886926,1.013638290898314,0.8189797899896815,,dense
b983c974-ad79-4389-a02a-d8175f933411_MasterBedroom-11254,bedroom,6.0,2.077707101296634,14.468855302925265,0.46689376854179476,0.4146838070035119,,sparse
b9865b8e-99c4-4005-9f4d-9cae08209da0_LivingDiningRoom-6403,livingroom,11.0,3.0415323106267356,24.746576535609467,0.3517927129175398,0.44450592930183214,,sparse
b9865b8e-99c4-4005-9f4d-9cae08209da0_MasterBedroom-4390,bedroom,6.0,1.7203330358446955,11.715564471969476,0.8094716330991998,0.5121392156865793,,sparse
b98e19f5-239f-45a7-a892-da88b2719561_MasterBedroom-145762,bedroom,5.0,1.8151786747730625,12.837418031452364,0.4573641465686432,0.3894864206922086,,sparse
b9c1aec3-a600-4084-908a-c351c423a357_Bedroom-19328,bedroom,7.0,2.3365269676090836,19.698676970740838,0.33870707085234425,0.3553538143905479,,sparse
b9c1aec3-a600-4084-908a-c351c423a357_LivingDiningRoom-19374,livingroom,14.0,3.6972899721368324,35.101568440794736,0.4160154334624751,0.398842576610603,,sparse
b9d17d23-66f0-445d-acb7-f11887cc4f7f_LivingDiningRoom-192367,livingroom,13.0,2.393023078290655,25.67856940541599,0.544676792871394,0.5062587325156093,,sparse
b9e0dff9-03dd-4c4a-a00f-0b04b45d8df4_LivingDiningRoom-62241,livingroom,19.0,1.7953822390377776,39.29311606569248,1.2044826714866819,0.4835452593842319,,sparse
b9e0dff9-03dd-4c4a-a00f-0b04b45d8df4_MasterBedroom-62195,bedroom,7.0,1.4176196647717152,9.944897250824004,0.6298643840929734,0.7038785643984408,,neutral
b9e0dff9-03dd-4c4a-a00f-0b04b45d8df4_SecondBedroom-59226,bedroom,5.0,1.417860304007791,7.341768879587028,0.7185848092848262,0.6810347863036037,,neutral
b9ec12bf-2806-41d4-829a-18e3f58558c3_LivingDiningRoom-79595,livingroom,12.0,2.5067093717836286,23.06664297169395,0.4438797348666019,0.5202317482750181,,sparse
ba01d127-c603-47bb-ac22-e6546031244c_LivingDiningRoom-35067,livingroom,9.0,2.2965568762539617,15.460282575147385,0.44241787224028034,0.5821368371667166,,neutral
ba01d127-c603-47bb-ac22-e6546031244c_MasterBedroom-35124,bedroom,5.0,1.465179944038391,5.505800258540989,0.2620277681044675,0.9081331986651067,,dense
ba01d127-c603-47bb-ac22-e6546031244c_SecondBedroom-35143,bedroom,5.0,1.4752120494842529,5.882665766223483,0.2556132783073979,0.8499547991844977,,dense
ba13101c-01ff-41e2-be9b-aaabbeed1c6f_Bedroom-2246,bedroom,4.0,2.032712721253778,9.215977165917591,0.08399230956929135,0.4340288531521919,,sparse
ba174a36-20d1-4d22-9b25-470480e409de_SecondBedroom-55519,bedroom,4.0,1.5973663812434886,5.2681572380587225,0.2716358555002678,0.759278779893436,,dense
ba26a1d1-5808-4ace-9233-36b629e17a63_MasterBedroom-7745,bedroom,4.0,1.446204989030413,8.105031140851413,0.6486441105958408,0.49352062077084263,,sparse
ba2afb42-ae13-483f-802f-9917ad10b939_Bedroom-3535,bedroom,3.0,1.4540905366730643,7.018773746781996,0.46881860716759777,0.4274250899418799,,sparse
ba2afb42-ae13-483f-802f-9917ad10b939_LivingDiningRoom-5405,livingroom,13.0,2.436250030271142,25.465998472240507,0.4527646888925205,0.5104845982838958,,sparse
ba3303e0-761d-4cfc-9411-18f1ff7a4340_MasterBedroom-11688,bedroom,7.0,2.188891720663508,18.05838926408724,0.30795175138338376,0.38763147131405107,,sparse
ba3303e0-761d-4cfc-9411-18f1ff7a4340_SecondBedroom-7433,bedroom,5.0,1.4994096091230789,6.028975185547721,0.19100575861674737,0.8293283428974272,,dense
ba35bae5-34ab-42de-941c-9f8a73b1beb7_MasterBedroom-48561,bedroom,5.0,1.4647130398994717,9.871571655992067,0.35516932981783506,0.5065049593156717,,sparse
ba3cc79f-78b8-413d-892a-11124d3add39_LivingRoom-38688,livingroom,12.0,1.987042606100071,27.09813537449452,0.547546597458315,0.4428348974628976,,sparse
ba52c6af-b741-470a-bca8-7bc8a31484dd_LivingDiningRoom-355,livingroom,14.0,2.039455327392859,31.15012256813347,0.7842419537433657,0.4494364338175022,,sparse
ba52c6af-b741-470a-bca8-7bc8a31484dd_MasterBedroom-144,bedroom,6.0,1.2850286192926719,11.778855329237478,0.65757822749887,0.5093873583035525,,sparse
ba833fcc-9594-4662-a631-1cd9f01a1ead_Bedroom-46678,bedroom,3.0,1.3253125470957245,4.613178797022002,0.37715157970198177,0.6503108012931613,,neutral
ba833fcc-9594-4662-a631-1cd9f01a1ead_LivingRoom-46694,livingroom,5.0,1.5561030557099425,8.321293617722429,0.2523798159605815,0.6008681137450982,,neutral
baae19e7-6509-49a8-9f9c-9c43592d4740_SecondBedroom-16071,bedroom,4.0,1.4715038838868528,6.321927187818805,0.34006424234845006,0.6327184545414043,,neutral
bab46499-2458-45be-8b65-a0e4f3b41202_MasterBedroom-6196,bedroom,5.0,1.8573325245906342,7.118966277876916,0.2955669514800357,0.702349162059965,,neutral
bab46499-2458-45be-8b65-a0e4f3b41202_SecondBedroom-9812,bedroom,6.0,1.6875925081356615,6.071692437662799,0.38351534131548404,0.988192346961106,,dense
bacde876-958d-4a48-88d2-6e8bcde7d5b3_MasterBedroom-7022,bedroom,4.0,1.4455128725193063,6.524123415327291,0.2392671451296194,0.613109186531128,,neutral
baceb7be-2d27-4408-b036-39ae7bdfb4fa_LivingRoom-5614,livingroom,14.0,1.48785410442289,25.61518624815417,1.138010810761023,0.5465507790718812,,neutral
bad53a4f-e11c-4055-b059-9c955d66556f_MasterBedroom-25791,bedroom,6.0,2.2741626426312873,16.898175227671338,0.18292256080953137,0.3550679241492771,,sparse
bad53a4f-e11c-4055-b059-9c955d66556f_SecondBedroom-25725,bedroom,5.0,2.186048211168643,10.639221662863056,0.18684408437339478,0.4699591904784584,,sparse
bb12eac8-8dc8-46e9-b614-f5af84404423_DiningRoom-69393,diningroom,7.0,1.7109637882863076,13.004684950501709,0.2594332521399036,0.5382675571644622,,neutral
bb12eac8-8dc8-46e9-b614-f5af84404423_LivingRoom-69328,livingroom,8.0,1.643360268770951,19.883834094951894,0.37796491565951457,0.4023368914565144,,sparse
bb13762a-67b3-4957-be4e-f1b0878c9f87_MasterBedroom-21140,bedroom,4.0,1.9423540336904122,6.965158123049225,0.363916042604118,0.5742870340248456,,neutral
bb13762a-67b3-4957-be4e-f1b0878c9f87_SecondBedroom-20065,bedroom,4.0,1.8799876881044286,12.468400894835517,0.4379260002195535,0.3208109872098212,,sparse
bb1737bf-dae6-4215-bccf-fab6f584046b_Bedroom-4744,bedroom,6.0,0.7174512227376303,3.939134694747853,0.6736223380954538,1.523177160709927,,dense
bb378de7-a4e8-4631-a67d-372ee3510dc5_MasterBedroom-77395,bedroom,6.0,1.754017631854783,6.141756614249606,0.560026844284735,0.9769192068079166,,dense
bb393cde-eecb-4efc-8711-e9576791aee2_Bedroom-119,bedroom,4.0,1.5251100773287705,6.713981977767646,0.24100477091777534,0.595771631983137,,neutral
bb3b0c72-5fdf-4536-9a0d-4fa358748dd1_Bedroom-37666,bedroom,6.0,1.797030364723646,17.688370231270284,0.38504800928676497,0.33920592578919084,,sparse
bb4a55db-d988-4d61-bc52-175a9a8cec51_DiningRoom-87276,diningroom,6.0,0.597700587908427,1.5476352892177605,0.7506879314325027,3.8768823907037238,,dense
bb4a55db-d988-4d61-bc52-175a9a8cec51_MasterBedroom-87179,bedroom,7.0,1.5396115482242205,11.923052219990815,0.5642103362520186,0.5870979905852826,,neutral
bb50ccab-396b-4264-92e6-33c790542e6a_Bedroom-24019,bedroom,5.0,1.8546881332919152,7.673387379577727,0.363907469627386,0.6516027085126979,,neutral
bb50ccab-396b-4264-92e6-33c790542e6a_Bedroom-24337,bedroom,4.0,1.4175674140854666,6.189372953520822,0.17153491065510382,0.6462690211170102,,neutral
bb50ccab-396b-4264-92e6-33c790542e6a_LivingRoom-25131,livingroom,15.0,2.9009044064850653,29.263399974414813,0.46127725494698596,0.5125856876888741,,sparse
bb5491f0-2af5-4bf5-b7fd-562d24539f96_Bedroom-1861,bedroom,4.0,1.920509051546517,5.619237815965134,0.27454147733509265,0.7118403119788549,,neutral
bb5491f0-2af5-4bf5-b7fd-562d24539f96_MasterBedroom-5934,bedroom,5.0,1.7168423388999663,15.132450841441003,0.36714183054906574,0.33041574378072586,,sparse
bb69a091-8c62-4b06-ace0-f111e57b07ef_MasterBedroom-26280,bedroom,5.0,1.692869894715238,7.083607396348218,0.34013193984648427,0.705855042527855,,neutral
bb755eb0-434b-4805-9d28-214380ae6a29_Bedroom-15841,bedroom,6.0,1.8383508024707704,11.034402448894824,0.4783308218109545,0.5437539574787708,,neutral
bb755eb0-434b-4805-9d28-214380ae6a29_LivingRoom-15768,livingroom,17.0,1.9903852336460246,35.65427447181916,0.8028689067737109,0.47680117606758926,,sparse
bb8583bf-ee94-4667-9981-63faf7a91234_LivingRoom-10974,livingroom,9.0,1.9634143745581387,13.671992917652842,0.6848421404124324,0.658280036729648,,neutral
bb8583bf-ee94-4667-9981-63faf7a91234_MasterBedroom-10958,bedroom,6.0,2.0047183901105337,9.772695360196963,0.375493883874412,0.6139554932242433,,neutral
bb873f66-3268-4911-ab41-72071e81dc9a_MasterBedroom-11734,bedroom,5.0,1.034174856746891,5.590224235381951,1.3000638633091037,0.8944185044230835,,dense
bb88ce25-613d-40b6-b2e6-5b7f505d9f94_DiningRoom-699,diningroom,7.0,1.086243334270659,4.052650161826898,0.6458236708818457,1.7272648070971077,,dense
bb9f9b20-031c-4bac-a543-db5687b5f8a6_Bedroom-13084,bedroom,7.0,2.0352700423243344,14.4141385346566,0.530720222481316,0.4856342946315915,,sparse
bba7604d-83c8-4331-8222-c6654ffdb072_MasterBedroom-16961,bedroom,7.0,1.4474397869519775,14.493435116620569,0.71758518533161,0.4829772889363297,,sparse
bba8c5f2-10f0-4917-b26b-82fb076a97b4_SecondBedroom-7619,bedroom,3.0,2.5652244962730397,6.617939665128196,0.1986847456108146,0.4533132896039914,,sparse
bba8c5f2-10f0-4917-b26b-82fb076a97b4_SecondBedroom-7682,bedroom,4.0,2.0273805226901516,13.403808419538551,0.27291648102833377,0.2984226478624727,,sparse
bbb6f659-f2da-4785-95f3-5fdcf0f66dd4_LivingDiningRoom-4850,livingroom,11.0,1.9287664396473438,36.58740494132923,0.9609803527356019,0.30064990992499635,,sparse
bbc028db-4450-4987-954b-5000869fa634_SecondBedroom-1499,bedroom,6.0,2.380170506758292,22.113970094849112,0.4325419703185231,0.271321701814074,,sparse
bbc1b345-a8db-4c3f-a70e-12f59d11410b_MasterBedroom-1480,bedroom,4.0,0.9109671076252163,5.801215140425366,0.8189602449005721,0.6895107151131626,,neutral
bbc1b345-a8db-4c3f-a70e-12f59d11410b_SecondBedroom-1603,bedroom,6.0,1.3992976118597154,7.8465040558139565,0.5585641204561357,0.7646717515623065,,dense
bbc93034-4e17-48e2-a52b-c09e966490e5_LivingDiningRoom-3354,livingroom,16.0,2.035591514362182,19.835801138234974,0.5302609609124997,0.806622323368569,,dense
bbd2506e-e099-42c7-a950-97854ebf2931_Bedroom-22361,bedroom,5.0,0.9810210796683704,7.820258667637789,0.8570933246945096,0.6393650405313658,,neutral
bbd4d848-5cf2-4680-b508-bc13325d27b4_MasterBedroom-13224,bedroom,7.0,2.0054395571186485,10.023943773644609,0.4644485521572756,0.6983279393889564,,neutral
bbd4d848-5cf2-4680-b508-bc13325d27b4_SecondBedroom-13208,bedroom,5.0,1.7114813804626472,6.713836536583161,0.3577279677216733,0.7447306726571906,,dense
bbd52bbc-166f-4256-998e-a35f3f924f70_LivingDiningRoom-14966,livingroom,9.0,2.265537599174772,20.608046158561738,0.31285598179042007,0.43672262429696157,,sparse
bbec4026-0cd6-4222-9d10-0cb90ae815fd_Bedroom-42079,bedroom,9.0,2.491256660198526,23.16329640659982,0.33295546896289113,0.388545733820324,,sparse
bbed00a6-d2e0-4f55-a5cc-09db9e3dd6cd_LivingDiningRoom-48055,livingroom,11.0,1.284102251776547,11.698578683220497,0.8692154095047471,0.9402851660755608,,dense
bbed00a6-d2e0-4f55-a5cc-09db9e3dd6cd_MasterBedroom-47889,bedroom,4.0,1.6829442945301987,5.22913617547888,0.3227989475241612,0.7649446994242186,,dense
bbed00a6-d2e0-4f55-a5cc-09db9e3dd6cd_SecondBedroom-45688,bedroom,4.0,1.4840601359551826,9.158174217849785,0.5343095847899545,0.4367682798830994,,sparse
bbf5f0c3-25b9-4288-afa1-f2545fab15ba_DiningRoom-16460,diningroom,8.0,1.0645400930806717,7.424172799576441,0.7328993191969414,1.0775611257938946,,dense
bbfbce07-fd71-4e7c-a40d-4eb3a9bb70d2_DiningRoom-2412,diningroom,6.0,1.2368462711416552,8.302636292064312,0.22934495578504652,0.7226620303402692,,neutral
bbfbce07-fd71-4e7c-a40d-4eb3a9bb70d2_LivingRoom-3217,livingroom,9.0,1.6767688866140806,22.394026957925277,0.4708223483007671,0.4018928804948539,,sparse
bbfbce07-fd71-4e7c-a40d-4eb3a9bb70d2_MasterBedroom-4374,bedroom,5.0,1.66865139822865,12.568369051708084,0.5818784375535261,0.39782409152924125,,sparse
bbfbce07-fd71-4e7c-a40d-4eb3a9bb70d2_SecondBedroom-9071,bedroom,4.0,1.8755505626689493,11.041704991900419,0.5486542394998728,0.3622628935417291,,sparse
bc2c8755-47a1-4d2e-ab18-2c5fda2aba1f_Bedroom-214,bedroom,3.0,0.835047165552775,1.7599225888420647,0.7137924736375245,1.7046204299098406,,dense
bc2c8755-47a1-4d2e-ab18-2c5fda2aba1f_Bedroom-489,bedroom,3.0,1.9036038716634114,1.9934593849702655,0.813696247553574,1.504921556274771,,dense
bc2e79c6-a4f7-4c99-a6cd-6aafb5843cb8_MasterBedroom-25936,bedroom,6.0,1.1326262895378068,11.359339084516453,0.8057216307884342,0.5281997443124491,,sparse
bc2fec07-323e-4ab5-bda7-64febe8f69f8_LivingDiningRoom-4827,livingroom,10.0,1.4293093716467473,16.108049564070264,0.6703789060282349,0.6208076254188747,,neutral
bc2fec07-323e-4ab5-bda7-64febe8f69f8_MasterBedroom-4843,bedroom,3.0,1.3053678311289545,3.0878581633759223,0.37014434748381403,0.9715472153423433,,dense
bc3508cf-b422-480f-baa2-80fd11a6a11d_Bedroom-17436,bedroom,7.0,1.1665846522020442,11.437051773494442,0.6692341421662743,0.612045843512103,,neutral
bc3508cf-b422-480f-baa2-80fd11a6a11d_LivingDiningRoom-17385,livingroom,10.0,1.310297107458586,12.993018601601413,1.0410987129113212,0.7696440916945568,,dense
bc3add99-a8b3-490b-85cb-cbe6e7e53f57_LivingDiningRoom-29182,livingroom,16.0,4.2360203192237735,39.515932289264526,0.47988281976457176,0.4048999751005949,,sparse
bc409ec3-1ce9-43a9-a47c-7cfa5822cea3_MasterBedroom-350851,bedroom,3.0,1.630295197168986,2.1667711176167646,0.9518780385630801,1.3845486381135195,,dense
bc447aea-80f6-4fd4-9ebd-342b98cc63ef_MasterBedroom-6958,bedroom,4.0,1.9481278679384646,11.640331942298108,0.6090453068417495,0.3436328121765138,,sparse
bc51f3c3-2ed0-45da-9b28-18b6f6dfe677_LivingDiningRoom-2508,livingroom,14.0,2.919157407979758,26.175853667943695,0.38811073181048417,0.5348440657408291,,neutral
bc51f3c3-2ed0-45da-9b28-18b6f6dfe677_SecondBedroom-1688,bedroom,6.0,1.501338472004075,8.484721717696667,0.7638718166252394,0.7071534223079752,,neutral
bc610c89-14e3-4971-9067-51f6d8a2a924_MasterBedroom-8499,bedroom,6.0,0.7106907208760584,3.163898725664713,0.50930365883117,1.8963944551478784,,dense
bc62f166-d9c1-4b04-a971-f6e8c9b05811_MasterBedroom-53974,bedroom,5.0,2.3990849980455153,17.327224727325543,0.2840866370717712,0.28856323379443755,,sparse
bc62f166-d9c1-4b04-a971-f6e8c9b05811_SecondBedroom-56936,bedroom,8.0,2.2322282771376782,14.135637068796736,0.21300213231951415,0.5659454866494377,,neutral
bc73f551-6c2a-458b-a202-29f700d9316b_Bedroom-15592,bedroom,5.0,1.6595863141586265,7.110004478214415,0.23944181997497083,0.7032344375197476,,neutral
bca32cf2-ae82-4d97-969e-d6fb5493e382_MasterBedroom-13262,bedroom,4.0,1.6303787207116518,5.285881458267816,0.277991946348294,0.7567328233862437,,dense
bcb2a617-b2ce-4b95-9ab9-1823502130b2_SecondBedroom-8304,bedroom,6.0,1.8136251152761778,10.035636429140412,0.24871251865502736,0.5978694069244915,,neutral
bcd72137-7c98-48f1-ab1d-8b79e5f59864_MasterBedroom-107126,bedroom,6.0,1.2144436477939184,8.467229179742219,0.5817980551400053,0.7086143380121273,,neutral
bcd72137-7c98-48f1-ab1d-8b79e5f59864_SecondBedroom-110921,bedroom,6.0,0.7722175237770934,6.541611098820562,0.9021891984921157,0.9172052433813723,,dense
bd0da5c7-2afe-4dba-bb2e-77806ca8ecce_MasterBedroom-42363,bedroom,5.0,1.7401678629238746,7.610324098822042,0.2785046509248708,0.6570022426211678,,neutral
bd0da5c7-2afe-4dba-bb2e-77806ca8ecce_SecondBedroom-41206,bedroom,5.0,1.4184781067006103,7.30236928978107,0.409824463269756,0.6847092774391725,,neutral
bd0efcba-bfdb-4e4f-8bcd-7d9c70519af9_Bedroom-248,bedroom,4.0,1.910852917618145,8.971608470079362,0.3102624356677282,0.44585093223139916,,sparse
bd0efcba-bfdb-4e4f-8bcd-7d9c70519af9_Bedroom-497,bedroom,4.0,1.0172749012557214,3.7331644928988363,0.30408220301783195,1.0714770291019144,,dense
bd2aa9dd-15d7-4de3-adec-4bddf66bff49_MasterBedroom-137733,bedroom,6.0,1.9208799598249593,9.416135692713794,0.2716399938063307,0.637204071373228,,neutral
bd2c22aa-0dc5-4c05-80bc-d67fb1ba7e15_Bedroom-2301,bedroom,7.0,1.7648924996528508,11.433052560032742,0.6828505333826024,0.6122599334905842,,neutral
bd2ced26-6c83-44cc-baa2-780a68b7a0ce_MasterBedroom-16901,bedroom,4.0,1.4871158003807068,6.086917559387267,0.4142262127867365,0.6571470635134832,,neutral
bd45e442-2961-4143-8968-0fc05edb610f_SecondBedroom-46456,bedroom,3.0,0.5642397403717041,2.852611404479376,1.1821431496479198,1.0516679542433238,,dense
bd4a031d-17bd-4375-8d1b-9338f4a0622c_MasterBedroom-1503,bedroom,4.0,2.0823159328417193,8.664171261103238,0.23343783037368332,0.4616713912336339,,sparse
bd590377-7a74-4991-8d13-260fae63ceae_MasterBedroom-28904,bedroom,8.0,1.103062055267117,7.394438709980771,0.7957263395982653,1.0818941523177226,,dense
bd786a9b-f4dc-4b95-8ec1-14f100ea8fa9_LivingDiningRoom-24540,livingroom,11.0,4.072810955661809,28.752247285859568,0.2636238189246622,0.3825787908206337,,sparse
bd7a0fef-6083-4bd7-af4e-eb82d293967b_MasterBedroom-118537,bedroom,6.0,1.3873158834243735,10.932931398512741,0.5538135203084485,0.5488006629965875,,neutral
bd9bf8cc-4f6c-4396-832d-b60aa95992e0_SecondBedroom-42337,bedroom,5.0,1.5029804288987363,13.118404072302207,0.4081903896973979,0.3811439236390687,,sparse
bda7b747-840d-4de1-88ec-03aaab4aef7a_Bedroom-22071,bedroom,5.0,1.5537523678126246,10.721745316037252,0.5056720517860831,0.4663419856206765,,sparse
bda7b747-840d-4de1-88ec-03aaab4aef7a_MasterBedroom-22033,bedroom,6.0,1.6064395774190188,6.406756265875948,0.4104032229537608,0.9365113562939116,,dense
bdaeaa5c-d79d-4540-a08c-be2cda8c5eb3_MasterBedroom-7220,bedroom,7.0,2.3072383468405526,20.131660871736038,0.2943382807003345,0.34771100330960225,,sparse
bdaf4b80-2c85-4958-8a51-50b8a690ea6b_Bedroom-3805,bedroom,5.0,1.185025065298062,5.284453243125268,1.0272547006886927,0.9461716794456789,,dense
bdafa047-5022-4b4e-a2f0-98a5a841130c_MasterBedroom-5908,bedroom,6.0,1.5066742656351801,12.517630616475751,0.5725570000731292,0.47932393787868915,,sparse
bdf64124-075e-4aea-a6e4-aa961e3af480_Bedroom-7707,bedroom,3.0,1.6813961875576544,7.228892259413962,0.30476864877661275,0.4150013435451598,,sparse
be05ec39-347e-4e1c-a75c-494d679eb8aa_MasterBedroom-61839,bedroom,4.0,1.3715484116633194,4.394273327888999,0.4451132659343403,0.9102756477648588,,dense
be05ec39-347e-4e1c-a75c-494d679eb8aa_SecondBedroom-61776,bedroom,3.0,1.0635691375144993,3.3131881111589867,0.2966130894445728,0.9054722820886163,,dense
be1f3c71-ec18-4ebd-be16-1e0c43738d39_DiningRoom-27423,diningroom,6.0,0.7703319097568238,2.906125057654927,0.4728092597971281,2.0646048882843497,,dense
be1f3c71-ec18-4ebd-be16-1e0c43738d39_MasterBedroom-27279,bedroom,8.0,1.6242979027137712,15.67925736958747,0.9115365446194743,0.5102282468758585,,sparse
be1f3c71-ec18-4ebd-be16-1e0c43738d39_SecondBedroom-27301,bedroom,8.0,1.4807089017765815,11.461097632541358,0.9978506422845264,0.6980134238875773,,neutral
be36d71d-3ed8-4afe-b2e9-45026b1a9341_MasterBedroom-15926,bedroom,4.0,1.6385085711803031,17.001652969614163,0.6376285482200413,0.23527124139922828,,sparse
be37ae8e-a3aa-4202-a812-9be187c941b5_DiningRoom-31322,diningroom,9.0,1.630172408074512,11.156143258470573,0.36802804117004945,0.8067304077658317,,dense
be37ae8e-a3aa-4202-a812-9be187c941b5_LivingRoom-31397,livingroom,7.0,1.812169852857006,17.966981767402743,0.5731062752064459,0.3896035567142394,,sparse
be37ae8e-a3aa-4202-a812-9be187c941b5_MasterBedroom-27086,bedroom,5.0,1.7304669853133379,13.667723716455418,0.31511931228213386,0.36582536373486907,,sparse
be37ae8e-a3aa-4202-a812-9be187c941b5_SecondBedroom-31291,bedroom,4.0,1.5661440776646354,6.399001088445876,0.2558240501884932,0.6250975651844246,,neutral
be3bf4b3-c548-43cf-86f5-1c52f4ace8d3_Bedroom-46532,bedroom,3.0,1.1708632183920435,6.829746832012925,0.5992155858158927,0.4392549348883863,,sparse
be3bf4b3-c548-43cf-86f5-1c52f4ace8d3_MasterBedroom-43924,bedroom,4.0,0.999567149739171,8.750156339783414,0.9729877330466191,0.45713468933276324,,sparse
be3bf4b3-c548-43cf-86f5-1c52f4ace8d3_SecondBedroom-46575,bedroom,5.0,1.2923888577037455,12.298781127207588,0.9268136327947477,0.4065443516950561,,sparse
be433977-0fd3-4977-858a-88342e985d8f_SecondBedroom-81247,bedroom,7.0,1.2612822459763393,8.616909131368466,0.6959114519070163,0.8123562513288705,,dense
be5538a6-455b-486f-a46a-fd03d864587e_DiningRoom-26814,diningroom,7.0,1.5288629357662158,11.283939738753334,0.5146669452331688,0.6203507074713756,,neutral
be5a1752-7745-46b4-bdf8-b57d81fbde9e_MasterBedroom-15235,bedroom,3.0,1.7651748979769628,8.416211250009972,0.7145818936722884,0.3564549309520297,,sparse
be5b08cc-5357-42d8-963d-9910b2e602d7_LivingRoom-18059,livingroom,16.0,2.917541768616557,35.8242400565792,0.44768538578824224,0.4466249660768886,,sparse
be5b08cc-5357-42d8-963d-9910b2e602d7_MasterBedroom-18161,bedroom,3.0,1.9640717455764551,4.599190041952695,0.3579142923409998,0.6522887666381968,,neutral
be5e905c-cad3-4b8a-8f0b-1c3e93996efc_LivingDiningRoom-71271,livingroom,15.0,2.4128097128279142,20.969739264919184,0.38362956565070633,0.7153164763042088,,neutral
be5e905c-cad3-4b8a-8f0b-1c3e93996efc_MasterBedroom-71322,bedroom,6.0,1.5844274237811276,4.911545172414804,0.5651707959841153,1.2216114866861845,,dense
be5e905c-cad3-4b8a-8f0b-1c3e93996efc_SecondBedroom-67319,bedroom,4.0,0.7632541656494141,2.3936159452352257,0.545283872286201,1.6711118623530525,,dense
be62616c-b950-41d5-975f-b64950227c08_LivingRoom-44797,livingroom,5.0,1.6996545724377747,10.200808082794842,0.44614525325521703,0.49015724631004803,,sparse
be642e05-b8e2-4acf-b43a-4765248f1996_LivingDiningRoom-13912,livingroom,14.0,1.0673796687070862,18.278111178533507,0.8875879929089717,0.7659434754091068,,dense
be642e05-b8e2-4acf-b43a-4765248f1996_MasterBedroom-13947,bedroom,5.0,1.4498934503963476,9.122771752472964,0.8872091081829555,0.548079041728148,,neutral
be677899-49c7-4ae5-89f8-7e3b54f37f0a_LivingDiningRoom-16155,livingroom,14.0,1.3374335610225352,27.766242237316007,1.2008988882185372,0.5042093878005904,,sparse
be677899-49c7-4ae5-89f8-7e3b54f37f0a_MasterBedroom-16174,bedroom,4.0,1.6385085711803031,17.001652969614163,0.6376285482200413,0.23527124139922828,,sparse
be762422-6294-499e-96fa-038dced9f5a8_Bedroom-73234,bedroom,4.0,2.117904915819723,15.850702331387605,0.3704085390680699,0.2523547484756678,,sparse
be762422-6294-499e-96fa-038dced9f5a8_Bedroom-74674,bedroom,3.0,1.3782347115164912,4.5420734677413845,0.27809050355999876,0.6604912979295766,,neutral
be762422-6294-499e-96fa-038dced9f5a8_LivingDiningRoom-77047,livingroom,7.0,3.0419636908031644,16.446841335100363,0.3105324192167324,0.42561363956620696,,sparse
be9ef449-fc77-4210-83b9-ac818af242d9_SecondBedroom-58336,bedroom,7.0,1.450718425035786,9.367234860872886,0.41496883118293065,0.7472856295339759,,dense
bea8daca-ed33-4be2-881b-2732f35a9171_MasterBedroom-13825,bedroom,5.0,1.2473800659179688,6.50382600655488,0.35594122924394717,0.7687782537479863,,dense
bea8daca-ed33-4be2-881b-2732f35a9171_SecondBedroom-10238,bedroom,5.0,0.8983032408116056,6.2861870003865,1.0160399854609208,0.7953947281066536,,dense
beb67301-7ec9-436b-acab-89c7580c59f2_SecondBedroom-7971,bedroom,9.0,2.1356151573066935,20.075848146746935,0.9191572316432205,0.44829986430527713,,sparse
becd7f2b-1039-4346-aacb-8d9962f5e0ae_Bedroom-73620,bedroom,3.0,0.8445920944213867,2.38685520192045,1.2271263725416068,1.2568839524015607,,dense
becd7f2b-1039-4346-aacb-8d9962f5e0ae_Bedroom-74627,bedroom,5.0,1.040631232357733,6.971805637549315,0.8699980082658557,0.7171743246929597,,neutral
becd7f2b-1039-4346-aacb-8d9962f5e0ae_LivingDiningRoom-74263,livingroom,12.0,1.300034811832656,23.21667989530909,1.4647155813286976,0.5168697701011328,,sparse
becea2fd-a2fa-452e-ab7b-6c9e127a3161_Bedroom-23898,bedroom,5.0,1.9799799003855203,8.593779008296,0.3196650533766475,0.5818162178912505,,neutral
bee6daae-fb60-4c9f-a30f-f2c4dd8bfce6_MasterBedroom-14051,bedroom,8.0,1.6242979027137712,15.67925736958747,0.9115365446194743,0.5102282468758585,,sparse
bee6daae-fb60-4c9f-a30f-f2c4dd8bfce6_SecondBedroom-1808,bedroom,8.0,1.4807089017765815,11.461097632541358,0.9978506422845264,0.6980134238875773,,neutral
bef459c6-112e-4678-b361-a345e3da9c0d_SecondBedroom-82189,bedroom,6.0,1.459032258302949,10.021682044644011,0.42672102807852796,0.5987018918851692,,neutral
befab963-73d6-4063-a7a3-386024905c4c_MasterBedroom-14272,bedroom,6.0,1.9521659863524756,18.0989012164942,0.6540626865985308,0.33151183755464547,,sparse
bf0b9895-7e9b-4ca6-bf93-07e22b047195_MasterBedroom-2002,bedroom,4.0,2.21329235316127,6.9395327043807065,0.28527012625678316,0.5764076877215273,,neutral
bf0c006b-a15a-4357-ac71-9d0249d85d72_DiningRoom-20718,diningroom,9.0,1.0652698674182477,7.797576318724471,0.5721130370102037,1.1542047980201393,,dense
bf0c006b-a15a-4357-ac71-9d0249d85d72_MasterBedroom-5128,bedroom,5.0,1.6607576625102756,6.551208570449147,0.25577796909006073,0.7632179537915708,,dense
bf0d1803-a01d-4e17-9986-0607fbab1cd0_LivingDiningRoom-10921,livingroom,16.0,2.9426883718927095,32.29325243941918,0.527821312535763,0.4954595400390638,,sparse
bf13d794-3b0d-45a6-a699-fe0af6304ff3_DiningRoom-13915,diningroom,6.0,1.4207739722410122,6.2846589136377,0.4608033249355112,0.9547057497392594,,dense
bf16c7d0-b6da-482a-9795-a0c255a5cf2d_SecondBedroom-1752,bedroom,7.0,1.9950588921715744,14.542504275583807,0.38158377916458835,0.48134763224740296,,sparse
bf18f2a4-e180-4990-9ebb-1e52f4ab4e37_MasterBedroom-56404,bedroom,6.0,1.3812072077029915,12.298274645035235,0.6269749819534906,0.4878733133856444,,sparse
bf18f2a4-e180-4990-9ebb-1e52f4ab4e37_SecondBedroom-54502,bedroom,7.0,1.653141272135944,10.94006533646191,1.1640385463436096,0.6398499263683417,,neutral
bf1cb531-4e4c-4520-89cd-b0020a572903_MasterBedroom-91396,bedroom,5.0,2.0619744635630357,15.53737704161285,0.27593671257773317,0.3218046383639138,,sparse
bf1f9223-5235-4860-ae2a-c59177e35fff_MasterBedroom-18854,bedroom,6.0,1.5211406306709554,10.253756827944908,0.5863778070291428,0.5851513840905607,,neutral
bf4d05fc-826d-4a7b-a938-373e42688dda_MasterBedroom-2080,bedroom,5.0,1.1297793976681831,7.755980992562129,0.8527117047163599,0.6446637768703826,,neutral
bf4d05fc-826d-4a7b-a938-373e42688dda_SecondBedroom-2866,bedroom,7.0,1.1201833982982765,9.275143637969817,0.7547280176117718,0.7547052933330303,,dense
bf563315-8442-429d-8435-7be477600130_LivingDiningRoom-19103,livingroom,11.0,3.89762239423964,34.545585320591215,0.4115419174820022,0.3184198472226594,,sparse
bf563d05-8920-4b9c-876b-6e8ab72adbe0_Bedroom-29697,bedroom,3.0,0.7502266565958658,1.1792860822503703,0.9781444777373569,2.543911986373362,,dense
bf563d05-8920-4b9c-876b-6e8ab72adbe0_Bedroom-29738,bedroom,5.0,1.8467017870119193,7.579947081077723,0.24407412694076483,0.6596352120296196,,neutral
bf563d05-8920-4b9c-876b-6e8ab72adbe0_LivingDiningRoom-29669,livingroom,10.0,0.9267495631265759,8.581376277770218,1.8214830065077532,1.1653142428802103,,dense
bf869394-db5e-43ef-a664-aa863b99cf55_MasterBedroom-2805,bedroom,5.0,0.9215617742846515,6.5180365474256625,0.9656519911545632,0.767102173119109,,dense
bf869394-db5e-43ef-a664-aa863b99cf55_SecondBedroom-3301,bedroom,5.0,0.7933260293900206,5.880531307631861,0.945163016557138,0.850263307587685,,dense
bfc9a79e-7433-45f9-8daa-77f41504f917_Bedroom-379,bedroom,5.0,0.8835865400582457,6.358481740390733,0.8332075899647949,0.786351239831153,,dense
bfc9a79e-7433-45f9-8daa-77f41504f917_DiningRoom-273,diningroom,6.0,1.4082210339766468,6.831344029102064,0.26788502231518785,0.8783044704584525,,dense
bfc9a79e-7433-45f9-8daa-77f41504f917_LivingRoom-409,livingroom,10.0,1.4825903913207026,15.736320721267914,0.546377776435265,0.6354725591278032,,neutral
bfcffd0f-0a30-45d7-852d-f1fe1f77fed4_MasterBedroom-2171,bedroom,5.0,1.7300096289169615,7.077982831021265,0.29553316969390997,0.7064159548517247,,neutral
bfd97a03-3dc6-4027-916b-a81279cd411e_MasterBedroom-20971,bedroom,3.0,1.6259801387786865,2.311183882761682,0.7625298316438666,1.2980360508637836,,dense
bfdb8f3c-7980-4db2-8517-64523b20b3aa_Bedroom-19315,bedroom,5.0,1.7143879160266926,13.777641933769361,0.6562002783512892,0.3629068039389868,,sparse
bfdb8f3c-7980-4db2-8517-64523b20b3aa_Bedroom-19359,bedroom,3.0,0.8337007876835338,5.087544911919842,0.8429883336736037,0.5896753840877478,,neutral
bfdb8f3c-7980-4db2-8517-64523b20b3aa_Bedroom-19428,bedroom,5.0,1.0281970440743753,6.21941989284422,0.7375283241435802,0.8039334996102725,,dense
bfdb8f3c-7980-4db2-8517-64523b20b3aa_LivingDiningRoom-19390,livingroom,12.0,2.0433945059776306,20.44919924933762,1.5685495002402245,0.5868200438405282,,neutral
bfdec636-7f20-41f6-94c2-b110479f7123_LivingDiningRoom-65070,livingroom,12.0,2.607956443086287,17.40101223553253,0.36823940242352726,0.6896150544332261,,neutral
c002075b-7091-4599-b829-ca4c2cb874e1_Bedroom-680,bedroom,5.0,1.7904373906246769,6.6452079109353575,0.31627228052965095,0.7524219056821378,,dense
c0043cd0-d1e2-430e-b273-b97e9c76e5ed_MasterBedroom-8176,bedroom,7.0,2.190293504519553,18.427012589430138,0.45069165116771853,0.3798770943487198,,sparse
c0525323-5f95-48b6-9a62-5a0d55a0c10e_Bedroom-39679,bedroom,5.0,0.8548982726098482,7.884121473163765,0.8268839558381763,0.6341860684185506,,neutral
c05880a2-1426-4f4f-947a-cb0c2b43b913_Bedroom-13487,bedroom,5.0,0.9370538022733005,5.169310353929649,0.8296871711773386,0.9672470131724744,,dense
c05880a2-1426-4f4f-947a-cb0c2b43b913_Bedroom-14863,bedroom,6.0,1.693194261663828,16.15128280015308,0.6196433197216137,0.3714875204799914,,sparse
c05880a2-1426-4f4f-947a-cb0c2b43b913_LivingDiningRoom-14432,livingroom,15.0,1.4295932454523712,18.701817259339375,1.3857766816138066,0.802061093421777,,dense
c06f62d4-778a-4303-a2c8-301181ecc9ee_LivingDiningRoom-35319,livingroom,9.0,2.2022444199640905,14.051952885965088,0.4958037318287042,0.6404803711652838,,neutral
c06f62d4-778a-4303-a2c8-301181ecc9ee_MasterBedroom-35376,bedroom,5.0,1.465179944038391,5.505800258540989,0.2620277681044675,0.9081331986651067,,dense
c06f62d4-778a-4303-a2c8-301181ecc9ee_SecondBedroom-35395,bedroom,5.0,1.4817273616790771,5.903740792757623,0.2547007964061912,0.8469206517558695,,dense
c073aa26-2ba1-4e60-baf3-85325cb4819a_Bedroom-1351,bedroom,4.0,1.5396862849443185,5.090956286172639,0.4839889517375972,0.785707001818942,,dense
c073aa26-2ba1-4e60-baf3-85325cb4819a_Bedroom-2210,bedroom,4.0,1.4813454875953322,6.2425840181639805,0.187580846741273,0.6407602986777979,,neutral
c07f558e-acf1-4bc1-9ad8-2cf78ca8295e_LivingDiningRoom-2872,livingroom,8.0,1.9118431969736507,14.302354660767282,0.45891359614570565,0.5593484562332075,,neutral
c07f558e-acf1-4bc1-9ad8-2cf78ca8295e_MasterBedroom-3135,bedroom,6.0,1.5977262114613426,5.305787203820721,0.3893814119300065,1.130840678208763,,dense
c07f558e-acf1-4bc1-9ad8-2cf78ca8295e_SecondBedroom-3286,bedroom,7.0,1.8368677749835256,9.255222278293898,0.3095609140333125,0.7563297551931271,,dense
c080c532-92bb-4d9e-a266-8556c7a06731_Bedroom-16813,bedroom,5.0,1.4410821642103886,5.791069476744859,0.4654930997380689,0.8633983791903121,,dense
c080c532-92bb-4d9e-a266-8556c7a06731_LivingDiningRoom-16314,livingroom,12.0,1.5195833109990866,18.997759937107283,1.0666169273007908,0.6316534180727833,,neutral
c08e6caa-3c39-4a8d-b47f-83f7612bd8af_SecondBedroom-909,bedroom,5.0,1.8681216092054664,9.156520578571563,0.3070079864360016,0.54605894860338,,neutral
c09ae94e-bcf9-4e9e-81d7-6f41201afeae_MasterBedroom-24935,bedroom,5.0,2.269803884396746,8.653674853751118,0.34003422194847444,0.5777892149290361,,neutral
c09ae94e-bcf9-4e9e-81d7-6f41201afeae_SecondBedroom-25073,bedroom,4.0,2.2434579315392935,6.936004418920642,0.29177048345127177,0.5767009013270592,,neutral
c0c31d78-501d-417b-8d81-da40f3067a68_MasterBedroom-9819,bedroom,6.0,1.812137574749578,6.866585950492232,0.2861650817444892,0.8737966790570632,,dense
c0da586c-04ed-4208-b3b9-21f2c0992e55_Bedroom-227,bedroom,3.0,1.279998997189412,5.0761125901907755,0.24693330204614003,0.5910034394818754,,neutral
c0da586c-04ed-4208-b3b9-21f2c0992e55_LivingRoom-186,livingroom,10.0,1.7037256707635144,10.593081861306606,0.3975002184366857,0.944012340405585,,dense
c0de5219-e186-4e77-9b84-394940d6460b_LivingRoom-5361,livingroom,10.0,1.0207755194293238,10.813703533937126,0.9914565809755294,0.9247525575873757,,dense
c0de5219-e186-4e77-9b84-394940d6460b_MasterBedroom-241,bedroom,4.0,0.5057785312334696,4.319649579891138,0.9880701682330945,0.926001039209483,,dense
c0ff8f34-a0c3-47b1-92cc-fdccee514833_Bedroom-56319,bedroom,4.0,1.7580552724450407,7.952058738392601,0.3865035842485081,0.503014393076345,,sparse
c0ff8f34-a0c3-47b1-92cc-fdccee514833_LivingDiningRoom-128466,livingroom,5.0,1.111106322018255,13.238676473278565,0.5636629252521177,0.37768125915699996,,sparse
c0ff8f34-a0c3-47b1-92cc-fdccee514833_MasterBedroom-128453,bedroom,5.0,1.2466946721076968,4.5797588946305945,0.5028345637721571,1.0917605304205218,,dense
c13a4e1c-5ff3-4a9f-8f83-ba07d5b1a79f_LivingDiningRoom-12564,livingroom,12.0,1.2674723591679007,13.972948441436627,1.4021068806005084,0.8588022814436308,,dense
c14818d6-0797-4cb1-8218-432f76c8955d_LivingRoom-5655,livingroom,9.0,1.6432447859779495,13.549034799019996,0.43601852437576916,0.664253958566183,,neutral
c15251b8-f844-46be-9d3e-9302dc494945_SecondBedroom-13488,bedroom,6.0,1.5166084351089295,8.778135365414593,0.46496342375445476,0.6835164588187709,,neutral
c1575512-d8f9-4d74-a8d3-fdd840f0d9a9_LivingDiningRoom-7013,livingroom,12.0,1.3552562810127093,14.148838490009702,0.9516714645544428,0.8481261559719572,,dense
c1575512-d8f9-4d74-a8d3-fdd840f0d9a9_MasterBedroom-7845,bedroom,6.0,1.5116379496335257,11.301159002991096,0.5673998270633276,0.5309189967517465,,sparse
c1575512-d8f9-4d74-a8d3-fdd840f0d9a9_SecondBedroom-6191,bedroom,5.0,1.030636441915998,5.58914631474107,0.9061805918563827,0.894591001637007,,dense
c1582d39-39a3-4120-bbb2-859a80336893_MasterBedroom-237,bedroom,3.0,1.0181537469228108,2.143670539949739,0.4852010059876108,1.3994687822086405,,dense
c15e5b24-87ea-4729-a648-e406f048a25b_MasterBedroom-41843,bedroom,9.0,2.1628765420410083,19.192724752663597,0.4391128339304594,0.46892768567167437,,sparse
c1877e6b-8428-480a-997e-cc81e6139023_Bedroom-50382,bedroom,7.0,1.624305868488879,13.654304122061705,0.45169161063110624,0.5126588610758912,,sparse
c1877e6b-8428-480a-997e-cc81e6139023_DiningRoom-53897,diningroom,6.0,1.4528837171685551,6.398464182928048,0.2706762686340738,0.9377250272039963,,dense
c1b3e945-cefc-4e73-89fc-099bb5352bac_MasterBedroom-4779,bedroom,5.0,1.5800711551822182,5.2525198871846746,0.3757652519686457,0.9519240492928388,,dense
c1c65ebb-faa1-4a74-abd5-05959bc4e8d5_Bedroom-11172,bedroom,4.0,0.9505533012156184,5.662274866793586,0.6439924916495959,0.7064298526830625,,neutral
c1c65ebb-faa1-4a74-abd5-05959bc4e8d5_LivingDiningRoom-13047,livingroom,12.0,1.053900560420571,13.183501876853214,1.942382704100897,0.9102285653760073,,dense
c1d1893e-86a3-4a1f-a0bb-1b5104461b5a_MasterBedroom-21047,bedroom,5.0,0.9331407831862915,5.3499007272665455,1.0153654862640167,0.9345967813041417,,dense
c1eb2abf-bebc-4e8b-886c-2f8f660bbfc2_DiningRoom-131888,diningroom,16.0,2.943828396552838,42.20546127141341,0.29292770382023464,0.3790978588554632,,sparse
c1eb2abf-bebc-4e8b-886c-2f8f660bbfc2_SecondBedroom-155582,bedroom,6.0,2.1189323417660755,15.598613607435512,0.3942424462301993,0.3846495689296345,,sparse
c1ebb7fc-5537-4ee3-a1ec-4d89b09743c6_MasterBedroom-17431,bedroom,8.0,2.197664788167104,16.75229401338261,0.5451856093116305,0.4775465374240197,,sparse
c1ebb7fc-5537-4ee3-a1ec-4d89b09743c6_SecondBedroom-13688,bedroom,6.0,1.6937060462992644,6.542631270181714,0.39394909081062074,0.91706222653036,,dense
c20ab624-9677-40e6-a832-ed2c906e408f_DiningRoom-46638,diningroom,7.0,0.8805655709334784,2.9188074626603013,0.5512943608044029,2.3982397227462067,,dense
c20ab624-9677-40e6-a832-ed2c906e408f_MasterBedroom-46660,bedroom,8.0,1.8908337406979208,17.16017841942422,0.3841003140355015,0.46619561897704476,,sparse
c20ab624-9677-40e6-a832-ed2c906e408f_SecondBedroom-46591,bedroom,9.0,1.88001647530262,17.265511515801943,0.7207366629379052,0.5212703945529163,,sparse
c22b8f01-a606-4b65-a964-79be4c0036a0_SecondBedroom-1060,bedroom,6.0,1.4709709101365782,10.320852592020454,0.5319699018153328,0.5813473205342442,,neutral
c22b8f01-a606-4b65-a964-79be4c0036a0_SecondBedroom-1544,bedroom,6.0,1.7925804731259838,12.32658962915902,0.32792416456487417,0.48675263641508515,,sparse
c23b1aa8-3e99-4598-8171-7f10483da1c9_MasterBedroom-106127,bedroom,4.0,1.5601779184614326,7.862550718876156,0.23599265412478102,0.5087407564057972,,sparse
c23b1aa8-3e99-4598-8171-7f10483da1c9_SecondBedroom-106269,bedroom,6.0,2.041970801728103,8.58971058226956,0.4025057753430134,0.6985101468243752,,neutral
c25d7531-99de-4709-94ce-a22e01740e09_Bedroom-2885,bedroom,4.0,1.5831898606530073,9.238955808997709,0.47201282280650597,0.4329493595049397,,sparse
c26d36fa-6f61-49b9-929d-8cb6f76ff916_SecondBedroom-1028,bedroom,5.0,2.366850148288162,17.784989066994243,0.2796884834119925,0.28113596140911357,,sparse
c28a2210-cc62-4ab7-8e2c-ddee21852317_Bedroom-75355,bedroom,6.0,1.8536515058711573,15.35719605715769,0.33112673349120736,0.3906963209734837,,sparse
c2bcb689-bf86-4b18-9edd-abc5f7a7a05b_MasterBedroom-7914,bedroom,4.0,1.0017048088903002,3.8411954116344034,0.35908323879842524,1.041342491424571,,dense
c2d57b49-fc5d-4fb0-8024-b7e7302dc3fa_Bedroom-14257,bedroom,4.0,1.3641424972599052,5.7090013733045755,0.2593939072908602,0.7006479309506026,,neutral
c2d57b49-fc5d-4fb0-8024-b7e7302dc3fa_Bedroom-17608,bedroom,5.0,1.713857124423452,8.362439761632336,0.44994592678149636,0.5979116313567331,,neutral
c2dfd20c-5d38-4c45-8583-ac436d0ce2f4_Bedroom-50925,bedroom,3.0,1.6410576344239345,4.841137418857743,0.1754104052830563,0.6196890813952239,,neutral
c2e171f2-69b9-4e7b-8cdb-e8d7c533d990_DiningRoom-33943,diningroom,11.0,1.5733173300737886,19.304223134567717,0.4494319781728544,0.5698235004496245,,neutral
c2e171f2-69b9-4e7b-8cdb-e8d7c533d990_MasterBedroom-33899,bedroom,7.0,2.33711436385425,25.49575866865707,0.31581109978146726,0.2745554698321401,,sparse
c2e891ec-de52-4ebd-bd91-5720ca647fd9_MasterBedroom-2957,bedroom,5.0,2.355296056532919,18.76206237557743,0.2362783427347037,0.26649522317485197,,sparse
c3164354-e3f5-4e95-ad54-dd9254316d97_Bedroom-12047,bedroom,5.0,1.185750559314114,6.464262583679197,0.8071889039729216,0.7734834306737277,,dense
c3164354-e3f5-4e95-ad54-dd9254316d97_LivingDiningRoom-10711,livingroom,13.0,1.0928927732457234,23.036071608257497,1.8264673824136253,0.5643323315308686,,neutral
c33366ef-4801-4764-8ad5-ebbf2e36337a_MasterBedroom-16486,bedroom,5.0,1.5202228546142578,4.369896792721627,0.21641437457296536,1.144191782361509,,dense
c34f0011-6d7a-4b69-b121-1028b993f611_LivingRoom-10252,livingroom,4.0,0.3836500355985186,0.9990878036534303,0.8444609108880706,4.003652116833912,,dense
c35449c5-4c8e-41f5-ae69-f208b9512b6e_MasterBedroom-1016,bedroom,7.0,0.6534234958217778,5.008861058162566,1.1887661111982177,1.397523292963502,,dense
c35449c5-4c8e-41f5-ae69-f208b9512b6e_SecondBedroom-1776,bedroom,5.0,1.4766295456253573,6.087238963141266,0.3874936948780181,0.8213904580180625,,dense
c360d758-8dbf-4d82-9afe-d71135c13c7f_DiningRoom-22753,diningroom,7.0,1.5522935406453462,16.7000769840497,0.534419396504658,0.4191597443943356,,sparse
c360d758-8dbf-4d82-9afe-d71135c13c7f_LivingRoom-22787,livingroom,10.0,1.774130548381038,19.424451254507204,0.5907927040600564,0.5148150580408094,,sparse
c360d758-8dbf-4d82-9afe-d71135c13c7f_MasterBedroom-22904,bedroom,4.0,1.3324463841999235,8.606152369673046,0.6398461341916115,0.4647837765568126,,sparse
c360d758-8dbf-4d82-9afe-d71135c13c7f_SecondBedroom-22809,bedroom,3.0,0.8340806431461019,4.898684270536974,1.1166943302850127,0.6124093397983275,,neutral
c36bebbe-ba39-4667-9507-8899d50b9e87_MasterBedroom-12755,bedroom,5.0,1.7785212922815927,7.515714256826764,0.3005441060850597,0.6652727643894044,,neutral
c36bebbe-ba39-4667-9507-8899d50b9e87_SecondBedroom-8364,bedroom,7.0,2.0694246695094884,12.602877921074771,0.2294023676521087,0.5554286920683781,,neutral
c38b86ae-e6c5-4a1f-8b52-eceb83456d80_MasterBedroom-60951,bedroom,4.0,0.9980786408366807,4.576932242459431,1.0653675488262295,0.8739478297040695,,dense
c38b86ae-e6c5-4a1f-8b52-eceb83456d80_SecondBedroom-58644,bedroom,4.0,1.6928403266726229,9.554008977554252,0.2938791202217826,0.4186724137895846,,sparse
c399ce02-05e4-470c-a353-0670dfc45a03_MasterBedroom-14581,bedroom,6.0,1.8366123784863808,14.906823739191209,0.31635832967091987,0.40250023110057503,,sparse
c399ce02-05e4-470c-a353-0670dfc45a03_SecondBedroom-14682,bedroom,6.0,1.6552853905080656,13.176317232716684,0.2847617824441507,0.4553624426332155,,sparse
c3a08e36-b8bf-478c-834a-af534ec13947_LivingDiningRoom-1520,livingroom,13.0,2.057674012625166,18.26711267787237,0.43622738045590725,0.7116614557125595,,neutral
c3a81890-b4f1-4944-96a1-318dff7f3980_LivingDiningRoom-36077,livingroom,12.0,1.3508028496892435,16.91742273718967,1.4320172599425283,0.709327903334846,,neutral
c3a81890-b4f1-4944-96a1-318dff7f3980_MasterBedroom-34469,bedroom,4.0,1.6243652468623626,10.506464243915039,0.5088632264173554,0.38071799485889407,,sparse
c3a81890-b4f1-4944-96a1-318dff7f3980_SecondBedroom-35274,bedroom,3.0,1.3803308399145733,3.768223781289949,0.13565620667250022,0.7961310617738927,,dense
c3b5ef1d-9ca1-4c6f-b793-443d7682f970_DiningRoom-7122,diningroom,7.0,1.4870189989960227,7.911615413273744,0.3655887425432333,0.8847750597502151,,dense
c3c2b237-b863-436f-b66d-27bf5d0ca927_MasterBedroom-99492,bedroom,5.0,1.6935719228466204,9.455766813488117,0.49518878022539353,0.5287778451629944,,sparse
c3c2b237-b863-436f-b66d-27bf5d0ca927_SecondBedroom-104672,bedroom,3.0,0.8349566459655762,3.4013576381807975,0.7522330278039734,0.8820007535592576,,dense
c3c2b237-b863-436f-b66d-27bf5d0ca927_SecondBedroom-104740,bedroom,3.0,0.6017963853475452,2.0210668483328877,1.0071855827571277,1.4843645584878118,,dense
c3e8a559-c0ed-46ab-a702-3fb148d9d228_LivingDiningRoom-4122,livingroom,11.0,2.1259620050949772,14.070535537845723,0.6310293529823668,0.7817755031720819,,dense
c3f1bddc-8460-45a5-99f0-d5b31d7adc2d_LivingRoom-126,livingroom,15.0,2.316500918721266,28.078932374166335,0.6858433108401737,0.5342083452503543,,sparse
c3f2cb53-f822-4385-b426-77d016a8e168_DiningRoom-17116,diningroom,7.0,0.801470461480493,6.61785798879151,0.8140674458380265,1.0577440633896518,,dense
c4076ab1-2794-4678-bab5-a06d1d334e53_LivingRoom-83039,livingroom,11.0,1.4670477247309843,18.398049500517747,0.7573819784158592,0.5978894664725435,,neutral
c417e976-1789-479f-86ee-e9f21571cfa5_SecondBedroom-58192,bedroom,3.0,1.2301950682701437,4.595755868414715,0.30217706752416956,0.6527761887044788,,neutral
c4378074-7728-43be-ad20-6811c648d5ad_Bedroom-2471,bedroom,4.0,2.2048547941171086,11.634718999336894,0.1906372737797518,0.34379859111577815,,sparse
c4378074-7728-43be-ad20-6811c648d5ad_LivingDiningRoom-4294,livingroom,4.0,1.4939436004150737,8.61332733151653,0.5852035079348517,0.4643966084237656,,sparse
c45c5b4c-5fca-43b2-9770-02cd174f24c2_MasterBedroom-72148,bedroom,7.0,1.6399207865091294,7.991753893089153,0.5943203754006449,0.8759028485665995,,dense
c45c5b4c-5fca-43b2-9770-02cd174f24c2_SecondBedroom-66007,bedroom,6.0,0.8567835318214304,6.7122440312718386,1.0965336210707475,0.893888835394907,,dense
c45c5b4c-5fca-43b2-9770-02cd174f24c2_SecondBedroom-72017,bedroom,4.0,1.1455576264611944,4.3699925173722765,0.5085348940374661,0.9153333750798373,,dense
c4c0cac9-48a8-4d05-a279-c2582bbd3f9c_Bedroom-191156,bedroom,4.0,2.134661818442817,6.805049985813005,0.35049050493041817,0.587798768317514,,neutral
c4e93e2a-3b1d-4c3c-8a94-4cebc91e4eac_MasterBedroom-14739,bedroom,5.0,1.740391322861083,12.139041239379083,0.5155281498371773,0.41189414397736673,,sparse
c4e93e2a-3b1d-4c3c-8a94-4cebc91e4eac_SecondBedroom-9386,bedroom,4.0,1.5519153151818983,5.02812420768134,0.39589860402211713,0.7955252962703865,,dense
c4eb86a1-f886-4f85-9127-19a4e4d6e45a_LivingDiningRoom-2486,livingroom,5.0,1.1103965710505281,4.615506678293964,0.5975183512019343,1.0833046832137088,,dense
c5024b66-55ff-4d88-a820-b4a4a4791259_LivingDiningRoom-2447,livingroom,14.0,1.311313489338727,14.85344286740544,1.4026759102377375,0.9425424209710839,,dense
c535d86a-3362-4fae-900b-aa527ddc4ee8_MasterBedroom-30167,bedroom,5.0,2.0451462281923805,8.893300469271733,0.28220231005016316,0.5622209681631781,,neutral
c5378a6f-43f0-46bd-999e-dfc675646c1d_MasterBedroom-29284,bedroom,6.0,0.966682898579862,7.293307305385736,1.3651574335469705,0.8226720401002856,,dense
c54ea712-9d13-40c5-8c18-da66837c4780_DiningRoom-16137,diningroom,7.0,1.2352937289646693,4.61019677419561,0.41641100547352766,1.5183733673106317,,dense
c54ea712-9d13-40c5-8c18-da66837c4780_LivingRoom-16017,livingroom,8.0,1.72746566042159,13.473737670856977,0.5832828356839311,0.5937476441524909,,neutral
c554575f-b749-4b58-8b6a-d1428049fb1d_MasterBedroom-251223,bedroom,7.0,1.606411032671179,8.103617418898274,0.43143769319572034,0.8638117569167874,,dense
c55dd0d4-1191-44b5-8afe-8e0d0c90d8cb_Bedroom-14265,bedroom,5.0,0.971040114884443,6.593875955000253,0.8364619874257602,0.7582793540737465,,dense
c56d010b-bafb-44c5-a397-3cdfa2684f20_LivingDiningRoom-544,livingroom,17.0,2.6833180756890567,33.74154671748065,0.5963617065077244,0.5038298967839766,,sparse
c56d010b-bafb-44c5-a397-3cdfa2684f20_MasterBedroom-251,bedroom,5.0,1.7634140651047925,14.68285765217953,0.42444584467512314,0.34053316584852933,,sparse
c5820082-3988-41b4-a216-77e3ee05b0db_Bedroom-357,bedroom,5.0,0.9749445956749924,5.541925156260138,0.9049571928509634,0.9022135555822183,,dense
c59272a6-c41f-45c3-86c5-c813e8af6492_SecondBedroom-10458,bedroom,4.0,1.9452748968332674,6.620539174613592,0.3177072025917811,0.6041803989829061,,neutral
c594a002-6363-4200-8f69-c37a76e12bdd_Bedroom-246,bedroom,3.0,1.3524641840030334,3.539039956040129,0.31457473830681687,0.8476875190063503,,dense
c59f0391-361e-4d87-9fd5-0fee646cc85e_MasterBedroom-28255,bedroom,5.0,1.2473800659179688,6.50382600655488,0.35594122924394717,0.7687782537479863,,dense
c59f0391-361e-4d87-9fd5-0fee646cc85e_SecondBedroom-23275,bedroom,5.0,0.8983032408116056,6.2861870003865,1.0160399854609208,0.7953947281066536,,dense
c5b12c08-1059-494e-8320-5b4b9ae6b846_SecondBedroom-76776,bedroom,4.0,1.8588995858805386,8.699695171696261,0.30523603070236127,0.4597862248109186,,sparse
c5c79d19-eb16-4099-8dd4-13a3b59a9bdc_MasterBedroom-25342,bedroom,5.0,1.2279259204864506,4.003288288939225,0.3248075980758536,1.2489732537660634,,dense
c5c79d19-eb16-4099-8dd4-13a3b59a9bdc_SecondBedroom-25260,bedroom,4.0,0.7194167375564575,2.724063107152018,0.4964722481410024,1.4683947627711025,,dense
c5c99bbd-e9d2-40ff-b46c-43ed48e08864_Bedroom-5237,bedroom,7.0,0.7307394982623411,5.564299943756788,1.0294550823273203,1.2580198894299515,,dense
c5c99bbd-e9d2-40ff-b46c-43ed48e08864_LivingDiningRoom-7430,livingroom,12.0,1.6922171558876582,18.17378788887802,0.98897992850015,0.6602916284361253,,neutral
c5cb9f35-ecb4-4761-ba65-f0e5b10bd40d_MasterBedroom-19322,bedroom,3.0,2.2374756045742914,8.259121921986528,0.08049243281057511,0.36323473952039975,,sparse
c5cb9f35-ecb4-4761-ba65-f0e5b10bd40d_SecondBedroom-17999,bedroom,3.0,1.4313228774039324,3.654915912229671,0.16725035482192327,0.8208123174494208,,dense
c662dd5d-839e-44de-8cc8-23c74b757d9e_LivingDiningRoom-5381,livingroom,16.0,2.7595892490955296,36.03469349780502,0.5923452361410898,0.4440165420298248,,sparse
c66876f8-2836-4330-9868-87108bf52d1d_MasterBedroom-4830,bedroom,4.0,1.954282905281435,6.142205665040248,0.3746442272042305,0.6512318567850803,,neutral
c66de0ae-5dba-443b-b181-09927e2bfe5e_SecondBedroom-9807,bedroom,6.0,1.9013773792254172,8.981406011497375,0.20012820701384157,0.6680468506065993,,neutral
c685d996-7959-44bf-85d2-ffca8fbd6841_MasterBedroom-45712,bedroom,3.0,1.3335415389471752,6.759763538099974,0.7245649570756137,0.4438025062698031,,sparse
c685d996-7959-44bf-85d2-ffca8fbd6841_SecondBedroom-42885,bedroom,5.0,1.7331838364785468,6.038516695656452,0.268983636294343,0.8280179143325935,,dense
c69b9977-decf-4f27-b1eb-da633f72cdae_Bedroom-13655,bedroom,4.0,1.6465595239421675,7.48485248218651,0.17526245013197886,0.5344126700585956,,neutral
c69b9977-decf-4f27-b1eb-da633f72cdae_Bedroom-13712,bedroom,5.0,1.4121416939051603,8.355332325938658,0.8603605952113292,0.5984202429001875,,neutral
c69b9977-decf-4f27-b1eb-da633f72cdae_LivingDiningRoom-13633,livingroom,15.0,2.8830251032344227,21.13755058071431,0.7805147663175211,0.7096375685878121,,neutral
c69e0c9d-9bec-44ec-9ced-73935534013a_MasterBedroom-3752,bedroom,6.0,1.5484425412618148,8.5095058165938,0.6511429998186953,0.7050938244028008,,neutral
c6c726a2-8051-48ee-b099-edd487682340_MasterBedroom-20096,bedroom,6.0,1.8450825887795321,9.649903618278394,0.26181156223616014,0.621767868088867,,neutral
c6c7d88a-9f06-4f43-b065-6c07c29f0ddd_Bedroom-1937,bedroom,5.0,0.8661684864490254,6.272926640819053,0.8986279477437362,0.7970761155509308,,dense
c7160900-af33-4167-8b8d-474be9a129e6_MasterBedroom-5874,bedroom,5.0,1.8743522382917184,14.085692124213315,0.3713783000976828,0.35497013252227744,,sparse
c71f45dd-e8b6-4214-996a-c3359126bdc4_SecondBedroom-18421,bedroom,4.0,1.4018074421625448,5.20489430190223,0.8687023428989152,0.7685074408788901,,dense
c747001e-0384-4137-89f8-5091370971fe_SecondBedroom-100203,bedroom,4.0,1.8541495794208183,7.408429545518822,0.16336178245184035,0.539925496412327,,neutral
c75712a9-38a0-4ae9-b5dc-7404e3b34fd5_LivingRoom-55,livingroom,8.0,1.6432058723234857,19.874606130631815,0.3778792654335265,0.4025237002141123,,sparse
c75f9c75-5902-4ba5-ba0a-62510d5dfaf8_DiningRoom-26076,diningroom,7.0,1.4134662417578194,6.262836818556349,0.41311140511223177,1.1177043571148921,,dense
c76960e2-bf7d-4cec-8ead-554c40227983_DiningRoom-12475,diningroom,8.0,1.2287083442975284,10.093680083803035,0.4452913177912128,0.7925751493587866,,dense
c76960e2-bf7d-4cec-8ead-554c40227983_LivingRoom-11414,livingroom,8.0,2.7338068851309676,21.435854829111562,0.33017262922725354,0.3732064834258616,,sparse
c76960e2-bf7d-4cec-8ead-554c40227983_MasterBedroom-11395,bedroom,6.0,2.3577229975275626,17.99003943583833,0.422597345389413,0.3335178903525512,,sparse
c76960e2-bf7d-4cec-8ead-554c40227983_SecondBedroom-12139,bedroom,3.0,1.4903825964240418,5.095815963948274,0.25279797617350436,0.5887182781372621,,neutral
c776fe0c-3c75-4f96-be4e-49c2ade7b30e_LivingDiningRoom-30074,livingroom,9.0,3.0920051040471197,31.341050792813686,0.44720857194687685,0.2871633136839064,,sparse
c7818ac9-9bfe-40c5-932a-32d4c83ceab0_MasterBedroom-14201,bedroom,6.0,2.0512499216915856,8.987983780390172,0.3310087709379726,0.667557946988144,,neutral
c789545c-e098-4f51-a366-5e52f0f39234_MasterBedroom-2647,bedroom,4.0,0.9453601217847373,6.809433104260622,0.9032069473390717,0.5874204120600324,,neutral
c796bf4a-4370-4430-b32d-e083407ccda1_LivingDiningRoom-2676,livingroom,7.0,2.3595469863676466,15.029867769848654,0.34543122188251135,0.46573929373102446,,sparse
c796bf4a-4370-4430-b32d-e083407ccda1_MasterBedroom-16735,bedroom,3.0,0.9359184900919596,1.5598135382981333,0.42143938391891833,1.9233068096544488,,dense
c79ea3a9-687f-4db2-807a-0b7a85714342_MasterBedroom-2601,bedroom,9.0,2.127142675620126,17.805298045996846,0.3887972105805759,0.5054675286395144,,sparse
c79ea3a9-687f-4db2-807a-0b7a85714342_SecondBedroom-8120,bedroom,6.0,1.8060958138746321,10.558696745546019,0.6206958958405102,0.5682519485684616,,neutral
c7a0a8db-3f0b-4de8-8ed5-6e3a8c028814_MasterBedroom-9614,bedroom,5.0,1.5879774808883667,5.17629169491892,0.2839594220156425,0.9659424728533037,,dense
c7a6c545-7e2b-452d-a116-1d724dbd9e34_MasterBedroom-1269,bedroom,5.0,0.9060065165691314,5.943384924895977,0.9822849180983374,0.8412714409688873,,dense
c7e26be6-3639-4da2-a56e-ca741a367249_Bedroom-18862,bedroom,4.0,1.3637272103019884,6.677395455045328,0.28573429409913204,0.5990359604923005,,neutral
c7e26be6-3639-4da2-a56e-ca741a367249_LivingDiningRoom-18479,livingroom,11.0,1.997256682116136,12.950926187698638,0.44954279657939455,0.8493601029437019,,dense
c7f22934-9a25-418c-adaf-4d23a6447d63_MasterBedroom-816,bedroom,6.0,1.6092385276305772,11.177553705101495,0.5276530689387743,0.5367900846910328,,neutral
c7f22934-9a25-418c-adaf-4d23a6447d63_SecondBedroom-505,bedroom,5.0,1.6042045700606706,6.050814849595149,0.2593441672681935,0.8263349853341724,,dense
c7fefad9-9449-49d4-8687-b0cbc1f203bc_MasterBedroom-4146,bedroom,8.0,2.091143717528649,16.946916173659336,0.5410331244271791,0.47206228661438915,,sparse
c7fefad9-9449-49d4-8687-b0cbc1f203bc_SecondBedroom-1405,bedroom,3.0,1.546969731648763,0.9781984216888304,0.8493054984832085,3.0668624416921357,,dense
c807b9e8-cc51-46f9-9eb3-5573742f106a_MasterBedroom-38383,bedroom,3.0,1.097936918359942,4.378151741227881,0.9702241962506771,0.6852206541289568,,neutral
c807b9e8-cc51-46f9-9eb3-5573742f106a_SecondBedroom-38515,bedroom,5.0,0.39763102531433103,3.3106044481030494,1.302576148340444,1.5102982184612725,,dense
c83c564f-ceb1-4cd0-b171-7eb26a283b24_LivingRoom-6982,livingroom,11.0,1.8063485922026832,21.872406107018676,0.8228351085997025,0.5029167777051373,,sparse
c83c564f-ceb1-4cd0-b171-7eb26a283b24_MasterBedroom-6907,bedroom,7.0,1.9206603814657623,12.724960646821055,0.6386788527698046,0.5500999330594187,,neutral
c83c564f-ceb1-4cd0-b171-7eb26a283b24_SecondBedroom-6879,bedroom,6.0,1.960068411752058,13.829657833452922,0.33436644417578554,0.4338502132342308,,sparse
c84945ea-5844-42e4-9049-3685b127bd22_LivingDiningRoom-1922,livingroom,15.0,3.1977523571263817,29.522988851267012,0.5146911623050965,0.5080786391773562,,sparse
c84945ea-5844-42e4-9049-3685b127bd22_MasterBedroom-1369,bedroom,7.0,1.8462058750743549,11.952161560404244,0.3051078433225701,0.5856681207514775,,neutral
c84945ea-5844-42e4-9049-3685b127bd22_SecondBedroom-1905,bedroom,6.0,1.9266765719724381,9.170580734742911,0.3852028390984329,0.6542660899618812,,neutral
c84c3c1c-f8cd-417d-99e0-04f543d9947b_SecondBedroom-16892,bedroom,4.0,1.7994078464445733,6.780175642319379,0.14375077095474872,0.5899552181264246,,neutral
c8655cd6-29b6-4c61-b2e5-a0c7a6bc0c95_LivingDiningRoom-3232,livingroom,15.0,1.7981314055301294,29.600067171919136,1.5612722336312572,0.5067556067653163,,sparse
c8655cd6-29b6-4c61-b2e5-a0c7a6bc0c95_SecondBedroom-6425,bedroom,3.0,0.9100488973418407,4.109787201872293,0.6776979423488286,0.729964801737981,,dense
c8819e35-7f93-40de-98b0-3e62db618e8e_MasterBedroom-7747,bedroom,10.0,2.2909017839606327,21.44801400693776,0.609842102645431,0.466243634341404,,sparse
c8819e35-7f93-40de-98b0-3e62db618e8e_SecondBedroom-7807,bedroom,7.0,2.0737823294833313,19.7519321013053,0.3593631319680157,0.35439570995373193,,sparse
c899cea2-03b6-40ca-a583-7319ca3e473e_LivingDiningRoom-81470,livingroom,10.0,3.041005684024368,35.507089242281985,0.34802476083136785,0.2816338994099229,,sparse
c899cea2-03b6-40ca-a583-7319ca3e473e_MasterBedroom-80856,bedroom,3.0,1.1928642575938666,8.325190678716597,0.648986500186181,0.3603521067294614,,sparse
c8bbbdc5-96c2-493a-861c-dd6b38076c7d_MasterBedroom-121478,bedroom,5.0,1.6528501455784568,7.620487269661411,0.22878862015224927,0.6561260222697225,,neutral
c8bbbdc5-96c2-493a-861c-dd6b38076c7d_SecondBedroom-121535,bedroom,5.0,1.8289842222020165,6.8597408480729385,0.3287027950225786,0.7288905092390796,,dense
c8d23532-0629-40d8-a3bd-00891e4c5dc2_MasterBedroom-6069,bedroom,7.0,1.8725731790600595,11.903588720745711,0.48752176797563884,0.5880579516159122,,neutral
c8f05c13-5267-410a-b1aa-8701b9b4bdd5_Bedroom-81765,bedroom,5.0,0.7924929768506604,4.34188028240299,0.9693213372467807,1.1515748189244817,,dense
c914d995-3ce6-4992-9b2c-1d846958b74d_MasterBedroom-8474,bedroom,4.0,1.46330611085327,10.488084091827872,0.4924219232182572,0.3813851953300726,,sparse
c925155e-97cf-42a9-9151-af24e901a8bd_MasterBedroom-9410,bedroom,3.0,0.6508007049560547,3.578786744951686,0.7810887903729936,0.8382729158790656,,dense
c9297532-14a7-4736-a0f4-1f14a527e93d_DiningRoom-20750,diningroom,9.0,1.3876606232847442,9.615651712162766,1.050212968544498,0.9359740004534448,,dense
c9297532-14a7-4736-a0f4-1f14a527e93d_LivingRoom-14036,livingroom,6.0,1.6060141009563582,11.833607131120342,0.6034701644354861,0.5070305219294493,,sparse
c9297532-14a7-4736-a0f4-1f14a527e93d_SecondBedroom-12565,bedroom,3.0,1.7069389284144532,6.004393339925742,0.24216021051783662,0.49963415621886986,,sparse
c992fea1-7f87-4397-aa40-ca8e0e30a936_MasterBedroom-44999,bedroom,9.0,2.3592085566978196,23.409476401930004,0.4739955415088997,0.3844596882678671,,sparse
c9b3ee78-9e2f-4634-b5fd-b7a0686a511f_Bedroom-1738,bedroom,8.0,1.7310550297732248,15.181716900241495,0.5032864125374099,0.526949623192667,,sparse
c9b3ee78-9e2f-4634-b5fd-b7a0686a511f_Bedroom-2336,bedroom,5.0,1.2098716198428228,4.653005342382989,0.28629574166779465,1.0745743088786788,,dense
c9b4f975-0f17-4718-bf05-a05a450a3c48_MasterBedroom-61232,bedroom,5.0,1.9550346265311898,7.656210722101988,0.2520770269957726,0.6530645748249816,,neutral
c9b9c9fe-5175-4ee6-863b-31beb0cb9a13_Bedroom-33611,bedroom,6.0,1.9986578682489085,11.881933832217015,0.2667645581208781,0.5049683060623876,,sparse
c9b9c9fe-5175-4ee6-863b-31beb0cb9a13_Bedroom-34903,bedroom,4.0,1.6637913755381935,10.109081292629202,0.5161975901420385,0.3956838296390499,,sparse
c9b9c9fe-5175-4ee6-863b-31beb0cb9a13_LivingRoom-35854,livingroom,9.0,2.499019532383615,16.825010694849336,0.3957008592800793,0.5349179363526457,,neutral
c9bdf08a-2b29-419b-9a3e-8452b6cc9dd9_Bedroom-6679,bedroom,5.0,1.5867064654827119,5.215490799859845,0.1993635351658566,0.9586825462589953,,dense
c9bdf08a-2b29-419b-9a3e-8452b6cc9dd9_LivingRoom-611,livingroom,11.0,1.9943301350627853,18.101391966179303,0.4802046864426204,0.6076880728593931,,neutral
c9e81151-4655-4615-8988-03ad824d5836_MasterBedroom-3124,bedroom,6.0,1.84383066766854,15.809913032722621,0.42852055778789094,0.37950872895894366,,sparse
c9e81151-4655-4615-8988-03ad824d5836_SecondBedroom-2034,bedroom,6.0,1.7212827268930717,6.325782274362297,0.3499333330006949,0.9484992906438375,,dense
c9f70be8-2021-4fb1-b599-da3b4e184543_LivingDiningRoom-941,livingroom,13.0,1.1662015774653842,14.57460501515922,1.1547667901946355,0.8919624227537244,,dense
c9f70be8-2021-4fb1-b599-da3b4e184543_MasterBedroom-621,bedroom,5.0,0.8686100651052083,5.166773353118401,0.9319368589268358,0.9677219530023036,,dense
ca0bdaff-4e3a-4677-a328-cfab693b37c4_Bedroom-1965,bedroom,5.0,1.6009020618895629,8.772727317216578,0.4392755731708,0.569948183638108,,neutral
ca0bdaff-4e3a-4677-a328-cfab693b37c4_MasterBedroom-9302,bedroom,5.0,2.12418212890625,7.94200618808944,0.39062048981856073,0.6295638509446716,,neutral
ca0e30eb-62c0-4b91-8df2-1cf1becf6ef2_DiningRoom-15848,diningroom,7.0,0.9575207320771462,7.303283524623367,0.6875706712776805,0.9584729904568496,,dense
ca0e30eb-62c0-4b91-8df2-1cf1becf6ef2_MasterBedroom-15911,bedroom,5.0,1.8232156124354095,7.495651624982699,0.3648645955391225,0.6670534131195752,,neutral
ca0e30eb-62c0-4b91-8df2-1cf1becf6ef2_SecondBedroom-15933,bedroom,4.0,1.4943217928303463,5.808066669541039,0.2859713058508096,0.6886973286613608,,neutral
ca0f44ac-687c-48e1-9b6a-dd64319d4a9b_Bedroom-44489,bedroom,5.0,2.1527153431762827,8.533956509403938,0.2662262639755232,0.585894713019721,,neutral
ca0f44ac-687c-48e1-9b6a-dd64319d4a9b_Bedroom-44526,bedroom,5.0,1.6206501679322733,6.497103396314291,0.32418125716912694,0.7695737153939131,,dense
ca6b2909-f007-4599-aee5-1c9c51550cc2_SecondBedroom-72478,bedroom,3.0,1.6837951444764279,9.411370653946257,0.43058091737187654,0.3187633459895746,,sparse
ca938632-27ac-4744-ae18-6e8378d919a7_MasterBedroom-38123,bedroom,5.0,1.1905235665232392,10.50039834865456,1.0473650526569664,0.47617241117720654,,sparse
caaf690b-c16f-45ba-88f1-45cafd0a2a9b_MasterBedroom-223838,bedroom,6.0,1.955301988014938,6.280336973692726,0.3456820904328146,0.955362749663432,,dense
caaf690b-c16f-45ba-88f1-45cafd0a2a9b_SecondBedroom-218799,bedroom,4.0,0.6300854501407118,4.376009516864426,0.6802453178759451,0.9140747945324739,,dense
caf38914-a237-4e42-9681-844d4ca966db_Bedroom-27912,bedroom,5.0,1.8229482498045595,11.006956241046199,0.7096851094735434,0.4542581882314048,,sparse
caf8c80f-961b-4b3f-991a-e1f9036efaee_LivingRoom-45932,livingroom,13.0,1.594287101586968,27.660686320441695,1.0475077590723765,0.46998110782207125,,sparse
caf8c80f-961b-4b3f-991a-e1f9036efaee_SecondBedroom-45973,bedroom,4.0,0.8919888988996784,5.189211876896463,0.681484625910897,0.7708299631797457,,dense
cb0886aa-598e-4acb-a5f9-5740e098c7e3_LivingDiningRoom-32393,livingroom,11.0,1.875112088612641,13.070578788702374,0.7790978521810886,0.8415847666599057,,dense
cb0886aa-598e-4acb-a5f9-5740e098c7e3_MasterBedroom-29761,bedroom,6.0,1.569941969987371,15.898754306695173,0.383727324033487,0.3773880572186289,,sparse
cb106df9-e7c5-4c0d-88bf-4c8395537e69_MasterBedroom-6074,bedroom,4.0,1.5100888705939874,5.282332551823724,0.32059172083856063,0.757241230224894,,dense
cb106df9-e7c5-4c0d-88bf-4c8395537e69_SecondBedroom-1463,bedroom,4.0,1.426029482707518,4.044143527377804,0.33761189840439015,0.9890845794470539,,dense
cb1ef6a5-adb6-4e11-b23c-af48aba32678_SecondBedroom-57808,bedroom,3.0,1.616505510337914,4.563367182904119,0.06975060212666472,0.6574092944435835,,neutral
cb204b08-c975-4080-a969-3abc86d7dbc3_Bedroom-6842,bedroom,10.0,2.088190077697047,22.724652786982535,0.4253814628133909,0.4400507278917962,,sparse
cb300b0a-3072-44a1-9f4d-dd75497ab9c5_MasterBedroom-3151,bedroom,3.0,1.2337363483804866,3.881048517879428,0.3287863509712383,0.7729869869390796,,dense
cb56a8e9-6eb7-43e9-b407-ef101d399e6e_LivingRoom-91111,livingroom,5.0,1.819587873437848,16.08327881803789,0.5652974548561428,0.31088188276586654,,sparse
cb691815-7dbc-47a5-9280-c22d59f3a7bd_MasterBedroom-17590,bedroom,3.0,1.8874951128864115,5.063679111010315,0.17934710087206074,0.5924546035069418,,neutral
cb7c11d8-038d-42f1-b874-a64fb4dc3d04_LivingRoom-23725,livingroom,8.0,1.503795926761644,9.104852771712812,0.6015070518273721,0.8786523187782458,,dense
cb7cd2ca-fa11-42bb-91fb-20cab0089000_MasterBedroom-63855,bedroom,3.0,0.5394944747289022,2.5299284063858067,0.3635242815128724,1.1858043067257094,,dense
cb7d522c-c582-4d16-a005-1f2e4636453e_Bedroom-5804,bedroom,6.0,1.824697462516148,9.327852276705611,0.3225731492272941,0.6432348864468794,,neutral
cb7d522c-c582-4d16-a005-1f2e4636453e_LivingDiningRoom-8271,livingroom,12.0,1.083411141197994,11.740864569862019,1.2465540077086252,1.0220712391831146,,dense
cb90b8ee-abe2-4e9f-a6ad-33413624cf82_LivingDiningRoom-13776,livingroom,18.0,3.302834733118296,37.31085462708113,0.49938118917581165,0.482433334210875,,sparse
cb90b8ee-abe2-4e9f-a6ad-33413624cf82_SecondBedroom-13795,bedroom,9.0,2.163295287407457,11.352958300337939,0.4083194016258813,0.7927449182766839,,dense
cb9dc855-72d5-43f0-957e-627bbbe902b9_Bedroom-10024,bedroom,3.0,0.5457636515299484,2.71852112145082,0.43548023138169345,1.1035411777117112,,dense
cb9dc855-72d5-43f0-957e-627bbbe902b9_Bedroom-15584,bedroom,5.0,2.096493515890588,11.046698496297957,0.21745284842444423,0.45262392213163355,,sparse
cb9dc855-72d5-43f0-957e-627bbbe902b9_Bedroom-15622,bedroom,4.0,1.6804644529518533,5.896377491986178,0.30010329517043083,0.678382618045815,,neutral
cbaa2bb7-048d-4939-9d36-77379f49cb98_SecondBedroom-13281,bedroom,7.0,1.063860745657058,5.9829731122931396,0.9263690834635059,1.1699868725161389,,dense
cbb1452c-db03-4283-b18e-a6ed577d4bd7_LivingRoom-2715,livingroom,13.0,2.6111850315125076,25.043564146074804,0.41087644121958744,0.5190954420134943,,sparse
cbbaa3ef-e12d-42bf-a8c6-35719d6e86c8_SecondBedroom-74434,bedroom,6.0,1.4569845371547798,9.966008388615762,0.433215132147774,0.6020464529062448,,neutral
cbd4a8a0-be44-4629-a271-0518654ab3d9_LivingDiningRoom-8843,livingroom,15.0,3.358862349490632,27.0337751367339,0.3850746873541816,0.5548614621573061,,neutral
cbd4a8a0-be44-4629-a271-0518654ab3d9_MasterBedroom-13144,bedroom,3.0,1.6392440479488446,4.398278825800181,0.1743016706316103,0.682084997067963,,neutral
cbe422ce-66fb-43d8-b546-7ea428c6972b_SecondBedroom-115910,bedroom,4.0,1.9118470086310453,11.582234373913009,0.3050098373329828,0.34535650642757776,,sparse
cbe73169-04cb-4457-9c31-16238a55f48b_SecondBedroom-52543,bedroom,5.0,1.4519413817278826,12.304514164193819,0.510366607741698,0.40635493066032774,,sparse
cbfea421-fe6a-46ce-affd-3be7a8cd47f1_MasterBedroom-13238,bedroom,4.0,1.6867876631014243,6.4669236419451925,0.14963675637488602,0.6185321215261537,,neutral
cc14e409-5e44-4237-a4b0-11521ca7639d_LivingDiningRoom-10768,livingroom,15.0,1.2446556746400517,23.95050633108835,1.087851769764791,0.6262915611320345,,neutral
cc14e409-5e44-4237-a4b0-11521ca7639d_SecondBedroom-10825,bedroom,3.0,1.1838470436413562,6.395725420227813,0.757521994652963,0.4690632888197288,,sparse
cc37c4d0-eb48-4927-9685-5cf72c25823d_MasterBedroom-73361,bedroom,5.0,2.066022215240288,11.768935127347724,0.18980467027983722,0.42484727342760126,,sparse
cc3d86ff-9dcc-4757-8325-f7d1ac98edc9_LivingRoom-5458,livingroom,4.0,1.4610776836436798,7.339542813700707,0.4494278513086751,0.5449930740281547,,neutral
cc3db277-1fa7-4e71-9047-f14cc317b0af_Bedroom-12515,bedroom,5.0,1.769732344087228,15.373138063948291,0.3479480325236148,0.3252426394143661,,sparse
cc46988f-ce25-4ce0-84be-5ce67a8d0d42_Bedroom-128261,bedroom,4.0,2.172943418560365,7.240781717971534,0.36414931405189227,0.5524265411940327,,neutral
cc46988f-ce25-4ce0-84be-5ce67a8d0d42_Bedroom-128872,bedroom,7.0,1.8004184206910037,13.011219865055882,0.44101202213664814,0.5379972110685669,,neutral
cc5f69b9-c76d-41a9-8a40-094e5664ebbd_SecondBedroom-4462,bedroom,4.0,2.1550585185296263,6.8942572730587335,0.33877939064491047,0.5801930275551415,,neutral
cc630582-147a-4713-8a41-16912ec0af41_LivingDiningRoom-10201,livingroom,11.0,3.039116629174018,21.462508612160395,0.45447281753954755,0.5125216347620956,,sparse
cc630582-147a-4713-8a41-16912ec0af41_MasterBedroom-10264,bedroom,4.0,1.9600862584229761,8.582381390738938,0.37537398246927023,0.46607110752690545,,sparse
cc7358c4-23db-4474-b21b-2351115fe453_MasterBedroom-32534,bedroom,6.0,1.742132877784569,12.283033702344893,0.5442696211208105,0.48847867272842943,,sparse
cc7791a6-d2bd-4386-b94f-bfffc868b67f_MasterBedroom-37858,bedroom,6.0,1.9527914468171381,17.835669228052215,0.3065869733319973,0.3364045342668223,,sparse
cc7791a6-d2bd-4386-b94f-bfffc868b67f_SecondBedroom-36266,bedroom,5.0,1.7233748321583953,6.7895995885368485,0.2984113234141207,0.7364204523108696,,dense
cc7bd93b-9511-421e-a67c-fb5f39c86208_MasterBedroom-40296,bedroom,9.0,1.5264709845742654,18.38051965724047,0.5505474269060252,0.4896488329944857,,sparse
cc919f0b-06d7-4da5-bdff-ba9d2ffbada1_MasterBedroom-1901,bedroom,3.0,1.331911768595134,3.563236117821541,0.08930227540944494,0.8419312952614864,,dense
cca427ff-6f8e-40cc-a890-321a87d3664b_MasterBedroom-63698,bedroom,7.0,1.8825862630928307,12.539075038327077,0.568576241810122,0.5582548934912441,,neutral
cca746ee-8e5d-42d5-9e00-4f09c06bb31a_Bedroom-949,bedroom,5.0,1.3040563479339196,4.07050497707447,0.5161830840780093,1.2283488235883626,,dense
ccb37ec7-dd9b-4f64-b349-a552e43673b2_SecondBedroom-16748,bedroom,4.0,1.014009515644638,4.45802915757735,0.8285806622356144,0.8972574782740409,,dense
ccb37ec7-dd9b-4f64-b349-a552e43673b2_SecondBedroom-23568,bedroom,4.0,0.8684384779500851,5.5952820398995655,0.7676364941005279,0.7148880023341593,,neutral
cce1df99-43e2-4870-9e42-6c051513e84d_LivingDiningRoom-25117,livingroom,9.0,2.7588721747806506,21.692823268217722,0.2900972852328821,0.41488375619534734,,sparse
cce3fe83-2d9a-4ac9-9e93-f9b687f1ae51_Bedroom-55928,bedroom,7.0,0.9641508781620626,9.325857984138004,1.1337738665215489,0.7506011792058203,,dense
cce3fe83-2d9a-4ac9-9e93-f9b687f1ae51_LivingDiningRoom-54045,livingroom,18.0,1.567846569711991,21.904429407544683,1.9079544848283405,0.8217516039838109,,dense
cd02c5d6-e2cd-4af5-aecb-7cbfef80fa18_LivingDiningRoom-43974,livingroom,16.0,2.589900558151682,28.380783876201637,0.3501961105304985,0.5637617364549471,,neutral
cd02c5d6-e2cd-4af5-aecb-7cbfef80fa18_MasterBedroom-46749,bedroom,7.0,1.1623848722597492,10.656904477429947,0.799161535420923,0.6568511536183106,,neutral
cd02c5d6-e2cd-4af5-aecb-7cbfef80fa18_SecondBedroom-46806,bedroom,7.0,1.3163493103645867,10.579129101535852,0.8919459293551355,0.6616801754488238,,neutral
cd054a93-9223-4940-afbb-3ed2c96f2e90_LivingDiningRoom-8718,livingroom,14.0,2.915436293354245,22.935141835642217,0.5341606999516794,0.6104169793379427,,neutral
cd11f2c7-47e5-4dac-b8a8-b319052b6a29_MasterBedroom-11653,bedroom,6.0,1.9205055140290468,15.749644422818433,0.3436812464054545,0.3809609816528345,,sparse
cd33b4f0-0813-42a9-9f18-d794bef96482_Bedroom-38049,bedroom,4.0,1.5441715134414344,8.580576104731803,0.4690226025132969,0.4661691652375392,,sparse
cd44195e-94a0-4e44-80e6-976cad1ddcb4_Bedroom-23003,bedroom,5.0,0.9210032358831082,6.9446870788786565,0.5967092601009858,0.7199748445407765,,neutral
cd47dd5b-277a-4c26-85d3-c679bbd494a2_DiningRoom-29434,diningroom,7.0,1.5153051961581068,9.320395685862614,0.2835728989084552,0.7510410755004487,,dense
cd8f3a84-0516-4ca7-aeab-c4b4027d39a9_Bedroom-421,bedroom,4.0,1.3731014486574986,10.494303333726123,0.8137950578666745,0.3811591749158783,,sparse
cd9ea851-2f9a-415d-8190-8f0b375361cf_Bedroom-14963,bedroom,5.0,1.4582512277596433,7.356343157611187,0.49885524669522086,0.6796855302796453,,neutral
cd9ef0ed-362a-40a5-b233-cef072ad22ba_LivingDiningRoom-8243,livingroom,16.0,2.584140766673763,27.67197300698032,0.6739606665508245,0.5782023564407194,,neutral
cd9ef0ed-362a-40a5-b233-cef072ad22ba_MasterBedroom-8284,bedroom,6.0,1.745996408016235,9.009564147033107,0.32608313409526607,0.6659589633951193,,neutral
cd9ef0ed-362a-40a5-b233-cef072ad22ba_SecondBedroom-5373,bedroom,4.0,1.7831026209669385,5.002630310885386,0.05552905128085828,0.7995793715350643,,dense
cdd84514-2dcf-41a8-8404-de480f15508a_MasterBedroom-102143,bedroom,6.0,1.1833526625196822,8.935509916365179,0.5085738377460817,0.6714781871609967,,neutral
cde4fdcb-4e23-42b7-bce8-af71fb4fef57_MasterBedroom-11980,bedroom,4.0,1.3537609933470591,5.852223249261238,0.19071178015405849,0.683500924286329,,neutral
cde4fdcb-4e23-42b7-bce8-af71fb4fef57_SecondBedroom-19608,bedroom,5.0,1.6823200136696634,6.656023177852029,0.25975277272482183,0.7511993072135836,,dense
cdf2cf2f-6cc4-40a7-b8a6-e0cd078c210b_LivingDiningRoom-7674,livingroom,13.0,2.5365154125334306,27.73460453149101,0.3219425296515963,0.4687285151385255,,sparse
cdf2cf2f-6cc4-40a7-b8a6-e0cd078c210b_MasterBedroom-7712,bedroom,7.0,1.6088250148364505,6.93573895752951,0.4089956003043252,1.0092652048850148,,dense
cdf2cf2f-6cc4-40a7-b8a6-e0cd078c210b_SecondBedroom-7640,bedroom,5.0,1.7265032516524932,6.158305086416605,0.2667530678846733,0.8119117078217702,,dense
ce0a5b4d-de74-4e8a-aae5-5dab76a314b7_MasterBedroom-2514,bedroom,6.0,1.4006015016402122,10.734662174694394,0.6640676192517289,0.5589370119298435,,neutral
ce377776-581d-4b4c-807f-e63f7473e9b3_LivingDiningRoom-276836,livingroom,9.0,2.350665740282514,23.26508330171941,0.3519132079116664,0.38684581023334885,,sparse
ce377776-581d-4b4c-807f-e63f7473e9b3_LivingRoom-276933,livingroom,8.0,1.9384044192214602,20.81620803647336,0.44738856140128314,0.3843159131568395,,sparse
ce3aa96b-a6f4-455d-8a83-2a61253c6fec_LivingDiningRoom-2432,livingroom,16.0,1.6703902701014182,41.87062253765782,1.4440555328442897,0.38212949868633633,,sparse
ce3aa96b-a6f4-455d-8a83-2a61253c6fec_MasterBedroom-3919,bedroom,6.0,1.5460745357057337,12.720761747405215,0.62221503351227,0.4716698668791499,,sparse
ce3aa96b-a6f4-455d-8a83-2a61253c6fec_SecondBedroom-1689,bedroom,4.0,0.9841558181742203,5.428792074902726,0.9503321022838336,0.7368121572553822,,dense
ce427ceb-7eb7-423e-b68b-d01cf1fa516a_DiningRoom-34207,diningroom,7.0,0.837575692151275,4.680899066907211,0.8013121677119004,1.4954392094220221,,dense
ce45a28c-fbf0-435e-943e-0449826a6d5b_MasterBedroom-38443,bedroom,5.0,1.5101198866195582,8.295299861926996,0.4279278301381935,0.6027509653928895,,neutral
ce51b1c1-72b8-4812-a291-30bf97c07aa1_Bedroom-32206,bedroom,8.0,1.9479146531987757,16.73146630517308,0.48640866433446794,0.4781409981698101,,sparse
ce98e1dc-5cab-4390-a433-985fcff9b435_LivingDiningRoom-9746,livingroom,11.0,1.8269044513364954,19.787855102306878,1.4948215332795514,0.555896530630933,,neutral
ce98e1dc-5cab-4390-a433-985fcff9b435_SecondBedroom-10070,bedroom,7.0,0.8113632509480718,6.595913145117753,1.2737707900374111,1.0612632164784264,,dense
ceabd33a-d3dd-4500-9f44-a65fb285bff2_Bedroom-73888,bedroom,4.0,1.1868865778854427,4.641379597949998,0.18737483577833267,0.8618127252006533,,dense
ceabd33a-d3dd-4500-9f44-a65fb285bff2_MasterBedroom-74105,bedroom,6.0,1.8690140251822265,15.894658788136354,0.303125952131616,0.37748529741817116,,sparse
cf351d12-584a-451a-bbe8-6818cbb37329_MasterBedroom-12360,bedroom,3.0,1.514356185808733,15.108059620699148,0.6683458023410794,0.19856951026919303,,sparse
cf351d12-584a-451a-bbe8-6818cbb37329_SecondBedroom-6908,bedroom,6.0,1.8590525831492015,17.84981076282917,0.5346232246787792,0.3361380173561576,,sparse
cf503fce-857d-4bc5-afe0-e04a1b088cb0_MasterBedroom-1763231,bedroom,3.0,1.9557822733495973,13.692087021362465,0.4839004053911622,0.2191046547775649,,sparse
cf503fce-857d-4bc5-afe0-e04a1b088cb0_SecondBedroom-1763082,bedroom,5.0,2.0278378687477407,18.014386716786042,0.4900756876076834,0.277555937851658,,sparse
cf536225-9a90-4fde-9175-f453e2436c29_SecondBedroom-58732,bedroom,6.0,1.2805369052374405,8.806993219876304,0.6542789256851645,0.6812767820075909,,neutral
cf681cb5-8607-4615-a3a1-625e1d265f12_MasterBedroom-5872,bedroom,5.0,1.393062144304984,8.684181275219471,0.7580816243462584,0.5757595150929916,,neutral
cf6bc3a8-7f5f-401c-ba9b-45994eac05eb_LivingDiningRoom-77748,livingroom,16.0,1.2157774173566012,18.3067220850859,1.250684398201337,0.8739958975525641,,dense
cf6bc3a8-7f5f-401c-ba9b-45994eac05eb_MasterBedroom-77770,bedroom,6.0,1.408776684365936,11.4306833521915,0.5758939468160212,0.5249030014333899,,sparse
cf8e0fce-dd8d-4b15-aadd-16120567d4b7_MasterBedroom-13145,bedroom,5.0,0.9452819856978335,6.428281265221771,0.7732136951672439,0.7778128855454652,,dense
cf94fa93-585e-4b9c-b07e-ba982d22cc79_Bedroom-14292,bedroom,7.0,1.6556222059682477,11.46879675033223,0.37729212938033446,0.610351735442275,,neutral
cf94fa93-585e-4b9c-b07e-ba982d22cc79_DiningRoom-14251,diningroom,6.0,0.7058685105274748,1.6096553297296436,0.5944178358824256,3.727506062436208,,dense
cf969c1a-14dd-420c-8739-eda9f0705070_LivingDiningRoom-69704,livingroom,13.0,2.547669273449038,28.401392859830466,0.3764454678034962,0.4577240300910228,,sparse
cfa7ff85-8109-4ff4-9b06-c2d64224b3d5_MasterBedroom-25619,bedroom,7.0,1.6988140814056267,11.00509009766214,0.6205577339031678,0.636069304102021,,neutral
cfc0e878-ba80-43f0-9a54-45a4850e4ecd_LivingDiningRoom-4094,livingroom,14.0,3.190948464843745,27.90544666374222,0.8714424692390749,0.5016941734958974,,sparse
cfc0e878-ba80-43f0-9a54-45a4850e4ecd_SecondBedroom-3852,bedroom,4.0,0.8617431426827871,3.022444107859572,0.439421369558244,1.323432247960645,,dense
cfdf4d87-2b14-48f0-8fad-629c917312d4_Bedroom-106236,bedroom,5.0,1.7176838039515654,14.567544396913478,0.46937576084126786,0.3432287462984759,,sparse
cfdf4d87-2b14-48f0-8fad-629c917312d4_LivingRoom-105598,livingroom,12.0,2.0489877494487274,19.070666677138306,0.6132343837273355,0.6292386209227526,,neutral
d03b14a0-31a6-4136-8e7c-d364c7b09955_LivingDiningRoom-2393,livingroom,10.0,1.6997842366223628,12.320418679504218,0.3382779311622465,0.8116607284325184,,dense
d03b14a0-31a6-4136-8e7c-d364c7b09955_MasterBedroom-454,bedroom,7.0,2.1689418012633332,14.533550173434998,0.18990325479222508,0.48164418992373104,,sparse
d03b14a0-31a6-4136-8e7c-d364c7b09955_SecondBedroom-1613,bedroom,3.0,1.0667197985152295,4.015450253200945,0.36011962374592826,0.7471142240172266,,dense
d0615bd5-c5af-474b-a2bf-c434fcfaf74c_MasterBedroom-110,bedroom,3.0,1.670478363831838,1.8725529387604927,0.8418747022228077,1.6020908877405642,,dense
d06a7c95-99a7-438e-a271-fe602380713c_MasterBedroom-1212,bedroom,5.0,1.4422252138454172,8.598342016835163,0.4736242544825869,0.5815074569271875,,neutral
d06a7c95-99a7-438e-a271-fe602380713c_SecondBedroom-76,bedroom,4.0,1.2648217119133154,6.209375222424702,0.6094116820579465,0.6441871938346219,,neutral
d07beff7-77ba-4f6a-b09d-f7b5e748da57_Bedroom-285,bedroom,5.0,1.644160785518349,10.096726268175876,0.17219729921403534,0.49521001829668543,,sparse
d07f94d4-1eeb-4a27-a6d9-6433fffde056_DiningRoom-2029,diningroom,7.0,1.476824227665227,13.388979648551826,0.39401561520067496,0.5228180327211963,,sparse
d0933b3b-ad15-453b-98c7-bd8a781f3a69_SecondBedroom-151547,bedroom,5.0,2.2108710902739928,14.926131849229847,0.3627402614761467,0.3349829715096606,,sparse
d093db64-0a91-4aa3-8074-9c1b4e571976_MasterBedroom-16024,bedroom,7.0,1.3530652600252198,10.145224347877772,0.6002146409940302,0.6899798131585226,,neutral
d0992373-c66c-46f5-ab24-90bd58921627_MasterBedroom-57359,bedroom,5.0,1.9794459399801005,12.44286484863431,0.26552875627314615,0.4018367201463885,,sparse
d0992373-c66c-46f5-ab24-90bd58921627_SecondBedroom-58234,bedroom,5.0,1.8091944330271617,8.296336258309768,0.36035311907346135,0.6026756684303755,,neutral
d099aa82-c37c-4c77-aa35-26f02862f55b_Bedroom-837,bedroom,4.0,0.8229856237946761,5.737724415826481,0.7128044576364589,0.6971404881291823,,neutral
d0c14885-e196-4d0b-ab91-e09590787a50_SecondBedroom-312996,bedroom,7.0,2.482869076987167,16.92784737007098,0.5694253436962123,0.41351979652039167,,sparse
d0cc42a0-107e-486e-8fa1-3fd71daa8bfe_MasterBedroom-39571,bedroom,6.0,1.7597792294087242,7.342648840538258,0.42106941102205786,0.8171438033199155,,dense
d0e0f881-9b1e-43bb-861a-ae416afdfaf2_Bedroom-33967,bedroom,7.0,2.0628416792043107,15.13103272278516,0.5055486739792056,0.46262539565187816,,sparse
d107a97a-ee01-413c-8df1-d8be5873b02c_MasterBedroom-31445,bedroom,6.0,1.8313051801450784,7.642540332545742,0.2880351826969392,0.7850792719338375,,dense
d11d0783-dad6-41da-b9f5-93c51fc5e6ce_MasterBedroom-35288,bedroom,5.0,2.4259705198528954,17.377525494707232,0.2011718035068249,0.2877279622764977,,sparse
d11d0783-dad6-41da-b9f5-93c51fc5e6ce_SecondBedroom-35698,bedroom,6.0,0.8557846297629503,6.045081752465089,0.8617493295258124,0.9925424081408485,,dense
d1200595-8df1-4758-983f-8b8ba63c25f6_DiningRoom-22339,diningroom,6.0,1.3957407259805505,5.931726290385738,0.1586892119018075,1.0115099224529158,,dense
d1200595-8df1-4758-983f-8b8ba63c25f6_MasterBedroom-22370,bedroom,5.0,1.781721797486681,12.395802696632682,0.47863795516113417,0.4033623414608115,,sparse
d1200595-8df1-4758-983f-8b8ba63c25f6_SecondBedroom-22408,bedroom,4.0,1.9045474361751829,7.394355667016003,0.22935354410818196,0.5409531513128043,,neutral
d145b098-8ec8-4ea2-891b-f7deaf3edbb1_LivingDiningRoom-8886,livingroom,14.0,1.6304485338340742,23.50685775777528,0.8906690485480184,0.5955708816661925,,neutral
d15f5658-c053-4d7b-b8f9-b1f8ce4d226a_Bedroom-2901,bedroom,5.0,1.71594509238233,7.129369140209821,0.33500843699276417,0.70132432500933,,neutral
d1951fba-7ccf-4642-a054-839cbc9ee0c7_MasterBedroom-13694,bedroom,4.0,1.6771253569415976,8.253702792722265,0.3358318669057114,0.4846309711475213,,sparse
d1951fba-7ccf-4642-a054-839cbc9ee0c7_SecondBedroom-13679,bedroom,6.0,1.7271591279129344,13.103252689760195,0.356569005601485,0.45790157162189377,,sparse
d1992aca-b517-4d27-822a-5adb08fd20fe_Bedroom-39690,bedroom,6.0,2.039740856878228,15.241370263372675,0.25519238492039836,0.3936653920427949,,sparse
d19b8b80-a9af-477a-bf3f-41cd20cf840b_MasterBedroom-23278,bedroom,5.0,1.512290595394161,13.081354712770791,0.35516060660870086,0.38222340956160333,,sparse
d19b8b80-a9af-477a-bf3f-41cd20cf840b_SecondBedroom-21632,bedroom,5.0,1.5590358542929994,6.19127124110183,0.38792705525675,0.8075885880764893,,dense
d1ae0261-6f61-47f0-902d-2c92b4822c4f_Bedroom-6792,bedroom,4.0,0.7776068056504096,4.557150928396939,0.48442846926223704,0.877741392121738,,dense
d1ae0261-6f61-47f0-902d-2c92b4822c4f_LivingDiningRoom-18095,livingroom,4.0,1.7180705743023823,4.670504428078343,0.21938654784488398,0.856438541403071,,dense
d1ea181a-167b-4dfe-b427-3fdb31c225a8_Bedroom-153,bedroom,3.0,1.0496589342753093,1.8510002895923232,0.8439333660694951,1.6207452893812027,,dense
d1f6389e-0e57-4525-bff6-cd6df2c7f10f_MasterBedroom-76130,bedroom,5.0,1.710131414308338,11.438175167483774,0.565198071201334,0.43713266555087427,,sparse
d209b341-a36a-46b4-bd07-62e9ac82a41b_Bedroom-17437,bedroom,5.0,2.1900257256234523,10.55390308819993,0.18420473557379977,0.4737583771818392,,sparse
d209b341-a36a-46b4-bd07-62e9ac82a41b_Bedroom-18974,bedroom,6.0,2.2849369750853885,16.898175227671338,0.18292256080953137,0.3550679241492771,,sparse
d209b341-a36a-46b4-bd07-62e9ac82a41b_LivingRoom-19382,livingroom,13.0,2.3580285322242065,29.84300393009462,0.4300700283215632,0.4356129842173962,,sparse
d235526d-92b4-4bbd-80b9-0d5f277676f4_Bedroom-8384,bedroom,6.0,1.4774211191650535,7.1799284107515415,0.6284753404169543,0.8356629282006957,,dense
d235526d-92b4-4bbd-80b9-0d5f277676f4_LivingDiningRoom-12577,livingroom,13.0,2.752265640994711,24.44302429286815,0.6197769647227431,0.5318490807126951,,sparse
d235526d-92b4-4bbd-80b9-0d5f277676f4_MasterBedroom-12534,bedroom,5.0,1.6295356957063816,7.495048443556268,0.5811432215383603,0.6671070957918437,,neutral
d253d879-a5f7-436f-b617-24207803b871_SecondBedroom-22936,bedroom,4.0,1.19476703846955,5.635644862927187,0.3863671614878123,0.7097679320272812,,neutral
d25c96c5-d328-48d1-84f8-ea4ee5207a72_LivingDiningRoom-14386,livingroom,15.0,2.726297192577942,20.988358996006863,0.4973862540009307,0.7146818864139795,,neutral
d25c96c5-d328-48d1-84f8-ea4ee5207a72_MasterBedroom-14405,bedroom,10.0,1.2849038795300876,14.806835886449809,0.9132374085124613,0.675363735823621,,neutral
d25c96c5-d328-48d1-84f8-ea4ee5207a72_SecondBedroom-11596,bedroom,7.0,1.4762153597097611,10.296060810799625,0.5003426392619983,0.6798716643803853,,neutral
d2832564-46fd-4bed-a477-02c848c8a60f_LivingDiningRoom-2959,livingroom,10.0,2.019739172361025,13.506345207365003,0.4853173268542832,0.7403927447779881,,dense
d2832564-46fd-4bed-a477-02c848c8a60f_MasterBedroom-2723,bedroom,4.0,1.390830724189679,3.588111939096316,0.5997563484315538,1.1147924222808445,,dense
d29607ce-7436-46e0-90ae-6613a301ade8_MasterBedroom-14837,bedroom,3.0,1.0165664354960124,1.9190780361836648,0.5167822063971563,1.563250656531867,,dense
d2965fec-86a0-4696-ae91-447d937a77c8_LivingDiningRoom-5402,livingroom,16.0,2.7652387245466676,27.615988649847573,0.611135625765547,0.5793745139045859,,neutral
d2965fec-86a0-4696-ae91-447d937a77c8_SecondBedroom-5506,bedroom,6.0,2.163270033839432,16.830900006340116,0.30317356764969255,0.356487175239579,,sparse
d2a5683a-06fe-449f-817c-c66a292476d3_SecondBedroom-10226,bedroom,3.0,1.9776689993168546,9.388169145275945,0.5003719290577421,0.31955112371506184,,sparse
d2bf49d7-2d8d-4b14-adca-e57c183dec36_Bedroom-10043,bedroom,4.0,1.5470724198635484,14.228944036166387,0.6979427378134501,0.2811171362985903,,sparse
d2f4784e-0fdf-43ea-915b-515f11791cf6_MasterBedroom-23705,bedroom,6.0,1.4962501418879495,11.613241173677988,0.4432719319256096,0.5166516315530681,,sparse
d2f4784e-0fdf-43ea-915b-515f11791cf6_SecondBedroom-23886,bedroom,6.0,0.6991254412870129,7.1982689751295545,1.011387202070215,0.8335337316138581,,dense
d2f8bb16-f080-4c4d-9de7-b2c3caa5bf87_Bedroom-50869,bedroom,4.0,1.785844750002352,7.1473420858773,0.2529072555254372,0.5596486011077809,,neutral
d304723a-ffd7-43ba-bca4-5667163a68ff_Bedroom-3336,bedroom,6.0,1.7196230227748552,8.084605731400218,0.20376533583643405,0.742151219161658,,dense
d317680d-eb33-4085-bc3a-ec3a5a22f0a0_Bedroom-17331,bedroom,6.0,1.5346351157599716,10.233502182060448,0.4997817372041499,0.5863095442064917,,neutral
d317680d-eb33-4085-bc3a-ec3a5a22f0a0_MasterBedroom-17216,bedroom,5.0,1.0282525323130203,7.370553219826293,0.7457866766026188,0.6783751301802334,,neutral
d3224dc6-1fc8-4488-9d28-462eb23e1f09_Bedroom-12094,bedroom,5.0,1.1766387002343797,5.294929661570795,0.9909091652292978,0.9442996072806562,,dense
d33d3c64-330a-43c7-ab6f-059d2844d6a0_MasterBedroom-4588,bedroom,7.0,2.006489213661517,14.692519048326318,0.3038549059619266,0.47643293685553517,,sparse
d3515b30-5007-4d61-9bed-78dce726f35a_MasterBedroom-83868,bedroom,8.0,1.5374737675310435,12.286607619279799,0.8677954646969184,0.6511154460118532,,neutral
d3613b4d-75f2-4969-835b-bccbf99c0208_MasterBedroom-16811,bedroom,9.0,1.6275079974338764,20.322660644815063,0.930190208970045,0.44285539956089254,,sparse
d369782b-4c74-43f3-865f-9e1d753709d8_Bedroom-7001,bedroom,3.0,1.07930510319761,4.345162097987962,0.39762029589307657,0.6904230342497827,,neutral
d369782b-4c74-43f3-865f-9e1d753709d8_MasterBedroom-7042,bedroom,4.0,1.7328111807583781,4.353297332279935,0.40151022424871696,0.9188437395120669,,dense
d36edde8-b764-467c-aa42-23921dd8407c_MasterBedroom-10297,bedroom,5.0,1.6981887286073156,6.405715223119651,0.2997402132341347,0.7805529633839932,,dense
d36f79ba-3eaf-4cc2-b3b0-87c7e0d0775c_LivingDiningRoom-20731,livingroom,12.0,2.1569386436225026,22.00047761419971,0.24898097590597493,0.5454427040372465,,neutral
d36f79ba-3eaf-4cc2-b3b0-87c7e0d0775c_SecondBedroom-16763,bedroom,5.0,1.7589433695567571,8.213270384670944,0.34782596258402826,0.6087708995106119,,neutral
d370c471-53bd-4027-aafb-1e611b97946a_Bedroom-12281,bedroom,4.0,1.9495217056543683,6.889662223603554,0.3815812573263706,0.5805799863883383,,neutral
d370c471-53bd-4027-aafb-1e611b97946a_Bedroom-8166,bedroom,5.0,1.1732042687480289,5.297078348873738,0.6435343398985655,0.9439165650746127,,dense
d370c471-53bd-4027-aafb-1e611b97946a_DiningRoom-12376,diningroom,10.0,1.6029182935964652,9.932522456640514,0.684525661456626,1.0067935958518144,,dense
d37323ad-0553-41e2-99d3-e8ae35ec9ef6_MasterBedroom-17825,bedroom,3.0,1.9052689694105505,5.805193868087339,0.25242780333641657,0.5167786069112662,,sparse
d37323ad-0553-41e2-99d3-e8ae35ec9ef6_SecondBedroom-17722,bedroom,3.0,1.8987178322863072,5.595983619058262,0.23824447039080027,0.5360987815945152,,neutral
d3a21eb4-0cfa-4bde-b0d2-5affd5d138de_LivingRoom-3449,livingroom,14.0,2.7048374236287134,20.715407685965975,0.45075073265181737,0.6758254634536858,,neutral
d3da0f2d-bddc-4c90-9d4f-e8e5f5045691_Bedroom-2973,bedroom,7.0,2.286595281340064,15.695602381423008,0.17848292838890392,0.44598479433226823,,sparse
d3dbe530-1eac-4374-a97c-93f073071a60_MasterBedroom-3293,bedroom,5.0,1.8932483659421688,9.196677403659015,0.2738050218725089,0.5436746099206097,,neutral
d3dbe530-1eac-4374-a97c-93f073071a60_SecondBedroom-4535,bedroom,5.0,1.4319991608332006,5.0172229071403365,0.30970121598131534,0.9965672429830005,,dense
d3fec60e-f8d0-4cfe-abd8-041d0db2d509_MasterBedroom-27534,bedroom,7.0,0.8666032611469847,8.418213683161438,1.1724948653534615,0.8315303297660137,,dense
d3fec60e-f8d0-4cfe-abd8-041d0db2d509_SecondBedroom-24075,bedroom,4.0,1.0270814211347818,2.967267575101105,0.2187022893775669,1.3480415563344355,,dense
d4016070-45f4-45f1-800c-b6147def05b4_LivingDiningRoom-3483,livingroom,14.0,2.923480465668677,22.339599842443175,0.5044072479721048,0.6266898287677156,,neutral
d407615f-6bdf-4ebb-8d2c-74e1f09088bf_LivingDiningRoom-3209,livingroom,14.0,1.1903376405163335,11.35227624676661,1.3203247011819077,1.2332328508996178,,dense
d41842f0-2b32-4230-9e19-40691b375b7a_Bedroom-15114,bedroom,4.0,1.4671389366734353,10.424317223381067,0.617279479258037,0.3837181768632539,,sparse
d4237a89-ec0b-42da-b170-231cfa26f8a8_Bedroom-19819,bedroom,7.0,1.0297987802428756,6.8164161299294825,0.9787057085758596,1.0269326089503894,,dense
d4237a89-ec0b-42da-b170-231cfa26f8a8_Bedroom-19866,bedroom,5.0,1.0365050085777008,6.706292447329203,0.5988721174802085,0.7455684402774981,,dense
d4237a89-ec0b-42da-b170-231cfa26f8a8_DiningRoom-19885,diningroom,5.0,0.8795794486999512,0.8574032170425454,1.3599209405770725,5.831561977626559,,dense
d42a800f-ad34-4c25-92c5-a1103a256fe8_SecondBedroom-259637,bedroom,6.0,1.4399145651942604,8.648689782878131,0.43962894232974603,0.6937467004399025,,neutral
d4372f50-5d15-4f80-a9c9-0159f4010215_SecondBedroom-116679,bedroom,5.0,0.8897349834442139,2.6964230017737476,1.1540904927364481,1.854308465960617,,dense
d457c7cc-1cf6-4380-9cbf-ea8d5dad1f0c_MasterBedroom-28921,bedroom,6.0,2.301197902499246,8.996566916099198,0.476060912544736,0.6669210662195049,,neutral
d457c7cc-1cf6-4380-9cbf-ea8d5dad1f0c_SecondBedroom-26903,bedroom,4.0,2.2912626619915546,9.267267985007894,0.21780960026042812,0.4316266678023116,,sparse
d4624691-343d-46b6-b82b-9019115d642a_Bedroom-113,bedroom,5.0,1.3655639834569928,9.701888646069424,0.7541712341273977,0.5153635732590763,,sparse
d48b37da-9bd6-4232-84e5-b345d8be9daa_MasterBedroom-32452,bedroom,4.0,1.573154983350136,5.869931173594143,0.5244430223368564,0.681438995059087,,neutral
d48c19cb-6142-4344-aeb6-9ea23eb87ac2_LivingDiningRoom-36481,livingroom,15.0,3.1618150563995755,26.853877243428503,0.5256657516030365,0.5585785569817743,,neutral
d48c19cb-6142-4344-aeb6-9ea23eb87ac2_MasterBedroom-32346,bedroom,6.0,1.6721904195862851,11.808837507778794,0.42154029207045157,0.5080940436387275,,sparse
d48fd432-ed84-4e2a-9481-92ecc3e2937c_Bedroom-369,bedroom,6.0,1.7348139033763068,12.130580690385509,0.8710747789116019,0.49461770653366144,,sparse
d4ab07cf-fc3d-4b62-bf91-01525ca31d1e_LivingDiningRoom-11167,livingroom,17.0,3.568060646405748,36.08831583076427,0.41502786582145323,0.4710665934016233,,sparse
d4d0237f-a66b-40cf-bf85-56e11cb20602_Bedroom-62330,bedroom,6.0,2.323431604034064,15.298802659956818,0.2834356745329507,0.39218755437014935,,sparse
d4d0237f-a66b-40cf-bf85-56e11cb20602_LivingDiningRoom-10068,livingroom,11.0,1.2583825194492557,18.804421087634402,2.346495315888478,0.5849688192333392,,neutral
d4d0237f-a66b-40cf-bf85-56e11cb20602_LivingDiningRoom-57947,livingroom,11.0,3.3543959664941547,27.38367787742314,0.46777669857701437,0.4016991453536307,,sparse
d4d0237f-a66b-40cf-bf85-56e11cb20602_MasterBedroom-120814,bedroom,7.0,1.7882405055605703,14.020176047122302,0.38602894489139544,0.4992804638453009,,sparse
d4d0237f-a66b-40cf-bf85-56e11cb20602_MasterBedroom-169246,bedroom,6.0,1.8602701437393805,9.619024788959013,0.518040976213441,0.6237638566943885,,neutral
d4d0237f-a66b-40cf-bf85-56e11cb20602_MasterBedroom-26744,bedroom,5.0,1.3930242535874862,6.252427034374867,0.46498779345797087,0.7996894601905438,,dense
d4d0237f-a66b-40cf-bf85-56e11cb20602_SecondBedroom-160421,bedroom,4.0,1.929540112046675,10.236108353022166,0.2676739424923337,0.39077351099151053,,sparse
d4d0237f-a66b-40cf-bf85-56e11cb20602_SecondBedroom-2936,bedroom,8.0,1.5456973484584264,6.179217837393896,0.7154827450166436,1.2946622388981879,,dense
d4d0237f-a66b-40cf-bf85-56e11cb20602_SecondBedroom-6442,bedroom,5.0,1.4793149948120123,5.01888424029631,0.4597099664755814,0.9962373628495573,,dense
d4d465b0-e4fd-40b6-9ead-0a1c3d03036a_MasterBedroom-63341,bedroom,7.0,1.7143727576304797,11.665592685458718,0.6512268709550124,0.6000552384042667,,neutral
d501c34d-afdf-4caa-aa89-60bb9fc54b9a_Bedroom-17634,bedroom,7.0,1.442914217155595,13.410420148697815,0.5986361871328653,0.521982154353286,,sparse
d5051ff6-1923-45ed-9e4f-d26d1a76bc39_Bedroom-755,bedroom,5.0,1.736373463607082,6.115165879121889,0.32488995505765306,0.817639308374408,,dense
d5051ff6-1923-45ed-9e4f-d26d1a76bc39_LivingDiningRoom-1447,livingroom,14.0,1.9357570376840056,18.16940321123249,0.913643046989779,0.7705261332603964,,dense
d50558c4-1ae5-491f-8182-1985dbed7aee_Bedroom-3673,bedroom,3.0,0.7459904352823893,2.516720750672185,0.305413200228811,1.1920273630670932,,dense
d5295fa3-1db7-4bd1-b72f-92788e244e9b_SecondBedroom-740,bedroom,3.0,1.8742129007975261,2.5580604513424468,0.9438756124946928,1.1727635280963074,,dense
d532808e-59b6-4222-8e09-13fe41bdf133_Bedroom-21632,bedroom,5.0,1.5590358542929994,6.19127124110183,0.38792705525675,0.8075885880764893,,dense
d53e93c7-957e-4af2-8b95-98903a45af6a_SecondBedroom-42478,bedroom,5.0,1.4519413817278826,12.304514164193819,0.510366607741698,0.40635493066032774,,sparse
d5514ff3-afae-4ce4-b98e-5f83bf4172eb_LivingDiningRoom-19612,livingroom,12.0,2.0786077508630476,19.50923252263978,0.5245202305278437,0.6150933916069953,,neutral
d56b4502-5b8c-4eea-814c-c01f0e388894_MasterBedroom-70605,bedroom,7.0,2.151103795437713,12.228011176029378,0.25865318646139535,0.572456133645194,,neutral
d575f48e-3268-4e38-90e0-53f47168c303_MasterBedroom-5292,bedroom,4.0,0.8378684520721439,2.0948122864608263,0.38113106868826024,1.90947896661327,,dense
d575f48e-3268-4e38-90e0-53f47168c303_SecondBedroom-9392,bedroom,3.0,0.9796913464864095,1.427468408563958,0.6812938842644253,2.101622692314444,,dense
d5789823-32cf-4d9e-ab09-536884de8aac_MasterBedroom-45414,bedroom,5.0,1.9831809242580296,12.517475749217231,0.5446282247669391,0.3994415567621667,,sparse
d5789823-32cf-4d9e-ab09-536884de8aac_SecondBedroom-45332,bedroom,4.0,1.4761945925581124,5.988861597776194,0.16731597270656914,0.6679065686682916,,neutral
d581a7da-14ec-4c27-85d7-96908d89a9bd_Bedroom-46918,bedroom,6.0,2.234793779389716,11.648544792794198,0.43653361244374944,0.5150857988468746,,sparse
d58219e4-e1d2-4bbd-bb79-3af6aec38e6f_Bedroom-2913,bedroom,5.0,1.602947667774578,9.923080441693862,0.6017828476618471,0.5038757903232823,,sparse
d5841be1-57f4-4fd9-94a5-3caa4836674e_SecondBedroom-18032,bedroom,5.0,0.7437220236379151,4.896352880037835,0.7726408538608116,1.0211682291904918,,dense
d5842ca3-e056-4063-ba21-f572c96d1454_Bedroom-14072,bedroom,7.0,2.141718472421369,12.21947843139662,0.23418377005908966,0.5728558742748187,,neutral
d5b26dd8-5932-4a89-9669-bb4c9f7f9c2c_Bedroom-24248,bedroom,3.0,1.744774483641632,6.233605887124115,0.24352938509230654,0.48126237916270564,,sparse
d5c04de2-a405-4db6-82c3-c657661aed5c_MasterBedroom-5424,bedroom,3.0,2.3305252909275542,7.635847655732472,0.27719842772961273,0.39288368957280145,,sparse
d5e74bf6-6488-481f-8afa-6f5828d7afe8_MasterBedroom-20569,bedroom,6.0,1.664452167540386,17.098075936496063,0.5169727502122266,0.3509166775422329,,sparse
d5e74bf6-6488-481f-8afa-6f5828d7afe8_SecondBedroom-20519,bedroom,6.0,1.1745973068946782,10.729471054431404,0.5440791476315306,0.559207436187819,,neutral
d5e9f98e-7c32-4425-aa4c-209476bcbe87_SecondBedroom-5044,bedroom,4.0,1.637079282375505,4.9034517938715965,0.1453988207110374,0.8157518760558137,,dense
d5fa75af-c302-4c73-ad4e-78e4e9765845_MasterBedroom-5265,bedroom,4.0,2.2728646097546217,11.23302625930835,0.3209371674700052,0.35609282019485744,,sparse
d6155bfd-d8e8-423f-aac2-cdced98f7643_MasterBedroom-16029,bedroom,4.0,1.0929944111106915,5.826760682768121,0.8185587224721312,0.6864877790209359,,neutral
d6359e97-edea-43ac-a05a-22a9fc17f6a0_MasterBedroom-62978,bedroom,5.0,1.3055663626443086,6.917547325512351,0.45386684764976276,0.7227995364136772,,neutral
d6359e97-edea-43ac-a05a-22a9fc17f6a0_SecondBedroom-58474,bedroom,3.0,1.2234583879306402,3.7192880906944263,0.2872810160780497,0.8066059758871412,,dense
d63a99e5-6b3d-4a99-8408-437794a5ea31_LivingRoom-151325,livingroom,13.0,2.1995652461528685,18.851998275116493,0.6110441697182476,0.6895820703081232,,neutral
d63a99e5-6b3d-4a99-8408-437794a5ea31_MasterBedroom-152647,bedroom,5.0,1.8160289540287409,9.168281337176166,0.4387714493085322,0.5453584828080769,,neutral
d63a99e5-6b3d-4a99-8408-437794a5ea31_SecondBedroom-151735,bedroom,4.0,1.3620553380621043,6.509991256284817,0.6048093139844275,0.6144401493839728,,neutral
d63b9c4d-0b03-4e0d-94d1-c113aec32e22_LivingDiningRoom-47893,livingroom,9.0,3.6947309512398414,29.035634296039667,0.38114415356848025,0.30996395354199513,,sparse
d63b9c4d-0b03-4e0d-94d1-c113aec32e22_MasterBedroom-47915,bedroom,6.0,2.122630006679631,9.96085317332902,0.2965048456490425,0.602358040580849,,neutral
d65507af-393d-47c1-9cc5-aa68c6d2365d_SecondBedroom-3777,bedroom,5.0,1.8000254647513454,12.526481784341806,0.5094181264557266,0.3991543743950545,,sparse
d65ffaee-7fb8-4163-8a5f-594ca4daefc6_MasterBedroom-3579,bedroom,10.0,1.5290217589234183,11.639735015800078,0.8751397798887658,0.8591260871854678,,dense
d6784049-e7e4-4a1e-818f-955c1c5bd871_LivingRoom-83183,livingroom,7.0,1.7700410167738396,14.18881219892503,0.5761422640592861,0.493346440974836,,sparse
d6784049-e7e4-4a1e-818f-955c1c5bd871_MasterBedroom-98806,bedroom,6.0,1.8904952892326448,11.02336596971981,0.386738512625925,0.5442983582765425,,neutral
d6995e47-544b-442d-ba7c-f78841e590ae_MasterBedroom-146891,bedroom,6.0,1.3344197727328815,11.062737958052452,0.43353026015500923,0.5423612149859034,,neutral
d69d3466-c783-46f4-afc4-9d9bafd1f56e_MasterBedroom-76653,bedroom,6.0,1.4597602808248125,7.3821887903460865,0.4440837442464556,0.8127670763238111,,dense
d6a8a0b4-7468-44bb-8268-7db948055a4b_SecondBedroom-26049,bedroom,4.0,1.3910079797108967,5.397337589260704,0.4915996388445418,0.7411061349875462,,dense
d6b6b169-12d7-4a33-8407-7bed5d1d4a05_MasterBedroom-2895,bedroom,8.0,2.0195569879634747,19.046900858049128,0.3949997689759996,0.4200158366771379,,sparse
d6b6ed9b-d16d-41d7-aec1-007b2a58d89f_Bedroom-2197,bedroom,5.0,1.02629638781729,7.040455158289683,0.5825533988944844,0.7101813572539868,,neutral
d6b75909-5d63-46a8-9f60-43a28992e4ba_SecondBedroom-1756,bedroom,4.0,1.0291800078767932,4.841806566775051,0.9631805554934298,0.8261379187364465,,dense
d6bb4731-c25f-4f2b-abbf-cea2982d2485_MasterBedroom-1461,bedroom,7.0,1.1613705738488764,12.63858313768962,0.8127212593629058,0.5538595524307819,,neutral
d6bb4731-c25f-4f2b-abbf-cea2982d2485_SecondBedroom-1132,bedroom,6.0,1.5790819374726186,8.203742470246214,0.6684417971025417,0.7313735190690263,,dense
d6bc1b0a-d7aa-48d0-bba5-5aed5eaa539d_Bedroom-2251,bedroom,5.0,1.1563101379741114,8.987002929860331,0.8158380559391416,0.5563590041110297,,neutral
d6bd0000-bdbe-487c-b1b4-cb57cff99d89_Bedroom-1137,bedroom,5.0,1.9870842670547924,10.801352638134302,0.22340569124107842,0.4629049867650317,,sparse
d6c3ddf7-9807-40d5-8523-4a2b871c2419_DiningRoom-6204,diningroom,6.0,0.6500958442687989,1.4764852665274149,0.9180064933788757,4.0637046207115635,,dense
d6c96f85-d2f8-4ecd-8454-ba282131218c_SecondBedroom-24866,bedroom,7.0,0.9939665889137542,9.522739460750088,0.9286392720749318,0.7350825913963022,,dense
d6cfb01e-6757-48ab-9112-66c3c4454a9d_MasterBedroom-10912,bedroom,4.0,1.9138811528682709,3.9218104339408804,0.4476902561388679,1.019937110009815,,dense
d6cfb01e-6757-48ab-9112-66c3c4454a9d_SecondBedroom-10884,bedroom,5.0,1.6529577886972597,9.15641772152928,0.1980477205159087,0.5460650826625801,,neutral
d6eca762-0ddd-40e3-a250-ee5928eeafa3_Bedroom-719,bedroom,7.0,0.8027381474559314,6.581846287875808,0.6783845278271015,1.0635313700495344,,dense
d6eca762-0ddd-40e3-a250-ee5928eeafa3_LivingDiningRoom-2138,livingroom,14.0,1.8332976064252706,22.172974864301725,1.1221141378107384,0.631399263548522,,neutral
d6fcec54-1bec-4f8a-b945-8f6fd33d1e6b_Bedroom-11362,bedroom,4.0,0.736365795135498,2.4515911131406387,0.43289598746650154,1.6315934490706137,,dense
d6fcec54-1bec-4f8a-b945-8f6fd33d1e6b_LivingDiningRoom-10913,livingroom,12.0,2.8638709181971533,22.426155911866434,0.3934797504543443,0.5350894753055023,,neutral
d6ff39e4-0823-4441-bc96-375d120edaf5_MasterBedroom-12485,bedroom,4.0,1.640432169812329,5.528652240109964,0.5174659377344327,0.7235036363800015,,neutral
d6ff39e4-0823-4441-bc96-375d120edaf5_SecondBedroom-15458,bedroom,4.0,1.9515888854566479,8.913335333821053,0.12177264068217626,0.44876579307212516,,sparse
d71ccf98-e923-4134-8f7f-d831838b614e_Bedroom-1838,bedroom,5.0,1.4871907244552303,10.559893574110088,0.4951309019120479,0.4734896204123311,,sparse
d71ccf98-e923-4134-8f7f-d831838b614e_DiningRoom-2157,diningroom,6.0,1.0734077010553669,5.92894966610284,0.21326805863549683,1.0119836291246274,,dense
d71ccf98-e923-4134-8f7f-d831838b614e_MasterBedroom-838,bedroom,6.0,1.2007356976499646,10.137171723987192,0.8877143761569964,0.591881065386555,,neutral
d7366a84-972e-454d-b574-271f0c72e04e_MasterBedroom-628,bedroom,9.0,1.9903096334454515,15.732511956010976,0.5207058222746446,0.5720637635721827,,neutral
d7366a84-972e-454d-b574-271f0c72e04e_SecondBedroom-6480,bedroom,7.0,1.5670070811329768,15.037307597414028,0.46100347473313835,0.4655088655101923,,sparse
d73cf536-63eb-4e57-8bca-9da3981bed28_MasterBedroom-17097,bedroom,6.0,1.9785674130247166,15.633437084004964,0.35395460592410716,0.3837927621264283,,sparse
d73cf536-63eb-4e57-8bca-9da3981bed28_SecondBedroom-16350,bedroom,5.0,1.605931210828464,13.47587495075007,0.32434424821408403,0.37103342219138796,,sparse
d7499538-b770-47e6-ab24-9b78007f6384_MasterBedroom-12441,bedroom,4.0,0.9651184947053416,6.7736246401867755,0.7660192192021755,0.5905257838275645,,neutral
d7499538-b770-47e6-ab24-9b78007f6384_SecondBedroom-8716,bedroom,5.0,0.9705402374267578,3.3232854712936444,0.49323853689670355,1.5045352086631505,,dense
d752939f-39fe-4ce5-a86c-174eb509f137_Bedroom-97983,bedroom,4.0,1.2630488966001459,7.609733063345008,0.7098356903512423,0.5256426167256019,,sparse
d752939f-39fe-4ce5-a86c-174eb509f137_DiningRoom-98809,diningroom,8.0,0.9396067605816991,4.209116361501958,0.4604162049963491,1.900636454998199,,dense
d758c7ad-e322-42d2-a230-330f9859e7d3_MasterBedroom-412,bedroom,3.0,1.5376234378164095,4.614185163496065,0.09477520243499928,0.6501689667189184,,neutral
d758c7ad-e322-42d2-a230-330f9859e7d3_SecondBedroom-2309,bedroom,4.0,1.5508429624145197,5.355780160207191,0.2557106239783947,0.7468566446620651,,dense
d75c40a6-0d21-409e-bdba-6202979cd490_SecondBedroom-1251,bedroom,4.0,0.8584350687456274,6.039622886615294,0.9349021044467444,0.662293006549233,,neutral
d768fc85-328c-402b-a61b-ce8c2a529303_MasterBedroom-50333,bedroom,8.0,1.549443843163319,12.547474988542062,0.7850527232409494,0.6375784775267801,,neutral
d768fc85-328c-402b-a61b-ce8c2a529303_SecondBedroom-50507,bedroom,7.0,1.0602226290957,8.153612015694465,1.2896387567350696,0.8585152183505989,,dense
d78a9dc7-eba3-4c8c-877a-80eaa2e4f76a_Bedroom-5573,bedroom,4.0,1.693089633106096,5.961338650654983,0.16489559954194272,0.6709902312898317,,neutral
d79c4380-6d73-4ff7-9f7d-c085c7e1ccfb_LivingDiningRoom-1037,livingroom,12.0,2.1995155480573825,20.74950852334895,0.5343117993227032,0.5783269510454512,,neutral
d7ac1af8-ec79-41f5-985e-c89109b03fb7_Bedroom-5263,bedroom,4.0,0.9125140881119408,5.286358207654824,0.7177006205782341,0.7566645775550862,,dense
d7ac1af8-ec79-41f5-985e-c89109b03fb7_LivingRoom-27545,livingroom,7.0,1.2263135954638675,14.875240655675011,0.7461350615112369,0.47058062199010203,,sparse
d7aff847-7906-4de1-a241-6ee8a22d57c6_LivingDiningRoom-37746,livingroom,17.0,1.5476706440772203,30.849520618270162,2.350529144441308,0.5510620476200206,,neutral
d7b8a396-8932-4d4f-a233-a93a23cd2ec3_MasterBedroom-12676,bedroom,8.0,1.5717134593956084,12.161373880488407,1.0508207663344393,0.6578204139283247,,neutral
d7ba426a-60d6-4090-abfc-c6ff6d711544_Bedroom-25411,bedroom,4.0,1.7857157871474767,7.55629004900108,0.1694461890865816,0.5293603043372836,,sparse
d7be9a98-68a9-4e31-8371-41bcc7c66eef_MasterBedroom-224,bedroom,3.0,0.7894923686981201,1.8842864433545141,0.827054406872124,1.5921146227954752,,dense
d7c0b43b-125c-489f-acb8-ad0b0f526dca_MasterBedroom-147951,bedroom,5.0,1.8151784940337816,13.318467599783828,0.43959961718200763,0.3754185654272384,,sparse
d7c6c9c3-8d57-405b-b422-48b89b89d25c_SecondBedroom-8687,bedroom,5.0,1.935611234706299,7.885183832964105,0.3149825463467824,0.6341006254156613,,neutral
d7ce6c7f-3e4b-44d6-ae3f-7b3e27d6a493_MasterBedroom-81749,bedroom,3.0,0.8360439498439671,4.43786581202804,0.9133057280389936,0.6760006108947769,,neutral
d7ce6c7f-3e4b-44d6-ae3f-7b3e27d6a493_SecondBedroom-81865,bedroom,4.0,1.311936460450805,7.598552608961648,0.373998049504038,0.526416043403114,,sparse
d7ceb50f-a367-4c65-b961-71a77ef1967d_LivingDiningRoom-16634,livingroom,11.0,2.640905443273325,16.55559372925597,0.4126812624456051,0.6644279981672607,,neutral
d7da27dc-5634-4e68-8566-671892606454_Bedroom-23310,bedroom,6.0,1.5624735844485849,12.408142373428435,0.35130995799518955,0.4835534457477513,,sparse
d7daadd5-83b3-4c03-883e-2da01c76401e_Bedroom-1715,bedroom,4.0,1.9281968948295602,6.171473151325396,0.370609025270105,0.6481434662226397,,neutral
d7ebdee4-fdc6-4ddf-a064-4324b1f5d2ce_MasterBedroom-95003,bedroom,6.0,2.2546691620687986,17.543720381009123,0.2806925955014358,0.3420027149141599,,sparse
d7f58cb3-294b-4406-8220-be5438da8611_SecondBedroom-20838,bedroom,7.0,1.6081111065038949,15.242298777075767,0.5113192196109282,0.45924831302532365,,sparse
d7f64e9f-8b7d-4b1f-af04-83123aa1cabc_MasterBedroom-11058,bedroom,5.0,1.0785564650234352,5.741683771279405,0.744613461830972,0.8708246917063952,,dense
d8147603-926a-4bb8-8a5c-8f4887ac10ac_MasterBedroom-38086,bedroom,3.0,0.5821784337361676,2.568020357649587,0.5629891831751533,1.1682150381182288,,dense
d814978b-2875-4835-9341-011d9cfdf166_Bedroom-5097,bedroom,3.0,1.1469810179906457,5.6970539410284715,0.7660094291395176,0.5265879577503911,,sparse
d814978b-2875-4835-9341-011d9cfdf166_Bedroom-5668,bedroom,5.0,1.4883119801602072,7.599565771895305,0.6332248603622698,0.6579323279878684,,neutral
d81e0b1f-c11e-4a88-974f-4c570fb22a20_Bedroom-24179,bedroom,9.0,2.1497887100332407,15.776431482772226,0.5743644367680928,0.5704712126964802,,neutral
d859ce89-1e14-4ef8-ba97-f6631f3f0b87_LivingDiningRoom-17104,livingroom,8.0,2.4308993284006073,14.156730215697559,0.3038973925941515,0.5651022431104377,,neutral
d859ce89-1e14-4ef8-ba97-f6631f3f0b87_MasterBedroom-17213,bedroom,6.0,1.854828774082535,7.979195289955183,0.2903525618262324,0.7519555270884591,,dense
d86cc127-c307-40fa-b4c5-620f57b3e004_MasterBedroom-24915,bedroom,9.0,1.005874581122497,9.271060910280395,1.2185360274279449,0.9707626869348012,,dense
d86d22b5-a808-4dfb-acf4-a7a5bfc9457c_LivingRoom-24701,livingroom,6.0,2.0325644024506433,15.361673400056738,0.5944758484755405,0.39058244787171686,,sparse
d86f03dc-7900-486d-97f2-4eba7f7f41cd_MasterBedroom-32955,bedroom,7.0,1.4321685517676055,13.117408075035003,1.0127313301353336,0.533642009149839,,sparse
d86f03dc-7900-486d-97f2-4eba7f7f41cd_SecondBedroom-32832,bedroom,6.0,0.9569925270126846,6.506349732197657,0.8952383687448325,0.9221760659910565,,dense
d87c401d-93c1-427e-a03d-8e851e6db716_LivingDiningRoom-1592,livingroom,11.0,2.860950270385056,27.187438176440256,0.754031539304496,0.4045986211945574,,sparse
d87c401d-93c1-427e-a03d-8e851e6db716_MasterBedroom-801,bedroom,3.0,2.059136894304468,5.27336904396777,0.23033574827785488,0.5688962738975596,,neutral
d87c401d-93c1-427e-a03d-8e851e6db716_SecondBedroom-1179,bedroom,3.0,1.2996958232690432,3.5487823073332705,0.12000415212480565,0.8453603913096455,,dense
d88c6598-b40e-4ea8-ac07-f4f1d80d7f31_LivingDiningRoom-17293,livingroom,13.0,2.7266744397609215,21.33284420311357,0.3673517128622298,0.6093889720575855,,neutral
d88c6598-b40e-4ea8-ac07-f4f1d80d7f31_MasterBedroom-17259,bedroom,6.0,1.7200153559047358,6.005261907730976,0.5452576418697813,0.999123783806298,,dense
d8907ea3-971a-4185-b7be-fea64b47a60f_Bedroom-3801,bedroom,5.0,0.9428503225197826,5.527935300862279,0.8911027543424005,0.9044968379459997,,dense
d89ec3f0-de4b-4aec-b6f2-85c5741f636d_MasterBedroom-21186,bedroom,4.0,1.6735283404227081,5.121802621991252,0.402353395228851,0.780975038519716,,dense
d8ab9e37-606b-4073-859b-14ac3c33eaf2_MasterBedroom-24658,bedroom,5.0,2.006299542092159,11.962800796095582,0.19308636192197878,0.4179623221371286,,sparse
d8ab9e37-606b-4073-859b-14ac3c33eaf2_SecondBedroom-24774,bedroom,5.0,1.5917915678045325,8.66967382139508,0.4085041018093731,0.576722965939153,,neutral
d8cf6893-a2fc-4f7b-b6ee-ebaba19c7518_MasterBedroom-25203,bedroom,7.0,1.3132373857286594,12.577546452557693,0.46082746871319635,0.556547338259007,,neutral
d8cfd50c-2467-4c31-bedc-8bdebb392362_MasterBedroom-55695,bedroom,5.0,1.4475072991800075,6.002692663530226,0.2710068405574276,0.8329595200463694,,dense
d8dfd6e8-21e5-4f18-a38c-c99a003d1bf0_Bedroom-10256,bedroom,5.0,1.7324687131246228,6.213001118944884,0.24413360704571826,0.8047640591523214,,dense
d8f50afc-d93f-49f8-9170-b7b9fe880152_Bedroom-22570,bedroom,5.0,1.2925608660850232,14.264407282267156,0.8882275246217699,0.35052280133754776,,sparse
d90e4b61-1b9c-4065-b973-2f6f22120acc_Bedroom-16311,bedroom,7.0,1.8003301869366881,20.637163677683798,0.5894655646881162,0.33919389841199543,,sparse
d9258405-b80f-489c-9cc7-41679420d0b6_MasterBedroom-32770,bedroom,7.0,1.7233661601426942,18.632604795954776,0.39461464761324827,0.3756855295680254,,sparse
d925e3f4-a9e7-4bb8-98ec-5b842e64a0b4_LivingDiningRoom-78953,livingroom,16.0,3.0569297814369683,26.58904826184074,0.6297262098758483,0.601751512217998,,neutral
d92cece8-3eef-46fb-bd24-8572d78e96ac_MasterBedroom-13598,bedroom,3.0,1.5449398358662922,0.34005675064063734,0.689436259380112,8.82205689005809,,dense
d94ae128-dd50-42bc-9214-10a404f07b3f_DiningRoom-78405,diningroom,8.0,1.1905146390199661,1.5311875246612843,0.9410918237949768,5.2247029649550525,,dense
d962e160-ac1a-4f93-9f8e-397818621588_MasterBedroom-1814,bedroom,5.0,1.8584083264768094,8.63258915236353,0.38030143239987857,0.5792005054046899,,neutral
d96a5189-b481-4705-b283-a202d1b19bd2_MasterBedroom-92088,bedroom,5.0,1.7838987638864574,17.662536241810457,0.6624547368206816,0.28308505253985466,,sparse
d96a5189-b481-4705-b283-a202d1b19bd2_SecondBedroom-90826,bedroom,5.0,1.775120022907526,13.377839269924014,0.6805311901625234,0.37375243483758797,,sparse
d97a1fd8-ec70-438d-a7fd-a7badea1eda3_LivingDiningRoom-11440,livingroom,11.0,1.9401493267635035,19.534931416701625,0.6065281263098395,0.5630938632625768,,neutral
d97a1fd8-ec70-438d-a7fd-a7badea1eda3_MasterBedroom-10895,bedroom,5.0,1.8354654533663968,10.919739459177867,0.2787626735099437,0.45788638260939274,,sparse
d97f0b0f-a15c-4385-95f3-1fb5f053f78a_MasterBedroom-17413,bedroom,4.0,1.5213549612940636,8.953032696854695,0.5399988513463355,0.44677598479063374,,sparse
d97f0b0f-a15c-4385-95f3-1fb5f053f78a_SecondBedroom-6993,bedroom,6.0,1.4534803250472375,13.514465674775888,0.3848513956016803,0.44396871799369153,,sparse
d9853b19-5834-49f5-8f78-9975aa5f5575_MasterBedroom-11504,bedroom,8.0,2.1383961045298903,17.260047792462633,0.3847208188098563,0.46349813721220146,,sparse
d9853b19-5834-49f5-8f78-9975aa5f5575_SecondBedroom-17521,bedroom,5.0,1.9591302495256113,9.043502134968593,0.4436348337343308,0.5528831558148756,,neutral
d99124eb-078f-480a-805b-b605da337245_SecondBedroom-578,bedroom,3.0,1.5739542643229167,1.8904203629671203,0.8833105460387977,1.5869486272837923,,dense
d9c6db25-1f85-4ef3-8900-e5fbe1dae53a_SecondBedroom-9574,bedroom,6.0,1.7278922126967005,17.62208859160308,0.310949854839556,0.3404817748367806,,sparse
d9df2354-d80d-49e7-a9e8-2e8fbf31dea3_LivingDiningRoom-998,livingroom,6.0,1.2616302481664912,5.714488907410968,0.3170812511279181,1.0499626645908369,,dense
d9eb740a-ef9b-41f5-8fe9-09200a8702d4_Bedroom-9700,bedroom,5.0,1.7799256043650804,7.5762706973201235,0.3102151272028075,0.6599552998771017,,neutral
d9eb740a-ef9b-41f5-8fe9-09200a8702d4_DiningRoom-9753,diningroom,5.0,1.7794239505747913,7.804264267380813,0.15626242367407142,0.6406753831874081,,neutral
d9f72fce-30b2-42ab-83a9-8bbab2087230_LivingDiningRoom-3127,livingroom,7.0,1.780523224248871,14.1351777575419,0.6583783782920253,0.4952183920195211,,sparse
d9f72fce-30b2-42ab-83a9-8bbab2087230_MasterBedroom-3149,bedroom,6.0,2.226406289019108,15.38945959876466,0.19561992645220228,0.3898772378259228,,sparse
d9f80253-8c05-4c78-9464-230008591d38_Bedroom-18317,bedroom,5.0,1.2315703757758572,8.326406931661278,0.5757924158376331,0.6004991157695441,,neutral
d9f80253-8c05-4c78-9464-230008591d38_SecondBedroom-15519,bedroom,4.0,0.9123794300111348,5.60135324142273,0.6734998081595609,0.7141131486619133,,neutral
da0e2064-ac31-434a-bea9-59fd362db565_Bedroom-122787,bedroom,6.0,0.5691916227340699,5.65636738536783,1.3066764178231105,1.0607514666605808,,dense
da11cee3-8781-49fe-9f85-0ff8fa06e676_Bedroom-34632,bedroom,7.0,1.5712732079041591,6.773231110156744,0.32816918302000403,1.0334801642163378,,dense
da11cee3-8781-49fe-9f85-0ff8fa06e676_Bedroom-35970,bedroom,10.0,2.254155066928216,12.820465818721873,0.3179515015732707,0.7800028595994449,,dense
da244afc-8d39-4036-8c89-2dbef032afa2_Bedroom-17452,bedroom,5.0,1.5925730991027218,10.57915416198599,0.5069828904757039,0.47262757716174225,,sparse
da2f593b-765f-4e30-bf6b-9b5545c88f80_MasterBedroom-14382,bedroom,7.0,2.0517625385652574,17.130077787927743,0.2312439046692176,0.4086379575540038,,sparse
da41c0e0-e010-4fd4-a54b-e884e29d8e18_LivingDiningRoom-476,livingroom,10.0,2.3478004907255197,21.40420674844762,0.3653300102673681,0.4671978792545194,,sparse
da6f8be3-8783-4dfc-933a-ce95d7299c8a_SecondBedroom-17966,bedroom,5.0,1.7981815537692594,6.286428311379171,0.3088181292544074,0.7953641960649444,,dense
da79a86b-abc6-4ce8-a5ed-7a94a7387cc8_MasterBedroom-23811,bedroom,4.0,2.0714506556109575,6.457953159543386,0.2920023111985441,0.6193912995619842,,neutral
da79a86b-abc6-4ce8-a5ed-7a94a7387cc8_SecondBedroom-20347,bedroom,4.0,1.9317630583289522,6.501165776658634,0.3374254792454914,0.615274265788044,,neutral
da86e040-3b36-4e67-8070-397519b019b7_LivingRoom-88523,livingroom,8.0,1.7846038304710006,16.559612959323516,0.6970968663393986,0.4831030785351647,,sparse
da87cfd5-cd48-4394-90cc-ac1765458c3e_Bedroom-4544,bedroom,7.0,1.095735846105483,12.801014828245181,0.991027255708703,0.5468316452969526,,neutral
da8a9f42-2565-4900-a234-de4c2913d604_SecondBedroom-6002,bedroom,5.0,1.0706720954302136,5.297617005870699,0.6288207562574785,0.9438205884757455,,dense
daa1dc6c-8351-42a5-844d-1ab2f5308e64_Bedroom-688,bedroom,5.0,1.713141817401293,7.526135228866297,0.34441349752944733,0.66435160250943,,neutral
daa8fc58-c2f2-47e5-a901-76282b0a3a1e_SecondBedroom-4214,bedroom,5.0,1.7353767156600952,4.986496181126526,0.5691405061003441,1.0027080776527184,,dense
dabfd6fb-2bf4-40e6-9816-6be9708cf9c8_MasterBedroom-7891,bedroom,4.0,1.401078087601581,4.2571645946312815,0.38109803143303084,0.93959251776274,,dense
dad0b720-0403-420a-97cf-a92ba509dff4_MasterBedroom-44763,bedroom,8.0,2.29601019799884,19.852627653471462,0.5728225993217614,0.40296932676320596,,sparse
dad82722-5ce5-4dcd-a402-b11a2fa0929f_MasterBedroom-49544,bedroom,4.0,1.3174275848395085,7.658008075276381,0.6706914037980313,0.5223290391810717,,sparse
dadf76b4-87ba-4988-919a-cccf6d9fcf30_MasterBedroom-70714,bedroom,7.0,1.7500987064950637,7.1597624420775,0.37467030034108484,0.9776860694233952,,dense
db05a54e-7944-49a6-85ae-0be827f515c8_DiningRoom-130,diningroom,7.0,1.0470653983508815,5.303777535024959,0.5986161444549019,1.319814029486261,,dense
db113afa-d8c6-499e-b70c-08ce94e05071_Bedroom-24059,bedroom,8.0,1.9924681865638756,15.85092606629307,0.7962695796320327,0.5047023730059512,,sparse
db16a13e-2960-4bd3-a8ba-167a00e3ac8f_Bedroom-8607,bedroom,3.0,2.0692836621576176,4.940067454937716,0.25234690867260445,0.6072791570895308,,neutral
db16a13e-2960-4bd3-a8ba-167a00e3ac8f_DiningRoom-8626,diningroom,7.0,0.8200922294096176,3.8148969730587448,0.47615822501960614,1.8349119384965913,,dense
db1bb23c-a728-4e9e-97b8-e98ffa8cb31b_MasterBedroom-40255,bedroom,6.0,2.3179726352423944,15.854452403352793,0.3234818267117687,0.378442588072683,,sparse
db2b1031-0769-4d04-a2bd-4fe8651c8461_LivingRoom-17062,livingroom,9.0,1.6365794243876757,19.924141678885935,0.2655082993122979,0.45171331066860987,,sparse
db2b1031-0769-4d04-a2bd-4fe8651c8461_MasterBedroom-17209,bedroom,8.0,1.7193338604491746,20.302578873983798,0.48114087340812245,0.3940386120233912,,sparse
db3662d2-4985-49f8-aaad-3ae88da58577_MasterBedroom-29129,bedroom,5.0,0.8799784451438972,5.940948289088623,0.6834272417776402,0.8416164822008626,,dense
db3662d2-4985-49f8-aaad-3ae88da58577_SecondBedroom-29217,bedroom,6.0,1.478830465649838,9.188040599217832,0.45346614229483423,0.6530228001507496,,neutral
db542eec-5a55-4f04-98cf-435531932c39_LivingDiningRoom-21391,livingroom,12.0,2.4208608193775434,18.057322121482517,0.6116746496581579,0.664550364625981,,neutral
db542eec-5a55-4f04-98cf-435531932c39_MasterBedroom-21419,bedroom,5.0,1.8190654066642657,6.9209655241692065,0.34137804533940697,0.7224425526379429,,neutral
db5a99c8-100b-415e-abe0-bb9dbf261972_MasterBedroom-25069,bedroom,4.0,0.6296723733345667,2.680988211881427,0.5286890354827289,1.4919871643870208,,dense
db5a99c8-100b-415e-abe0-bb9dbf261972_SecondBedroom-24115,bedroom,4.0,0.707321286201477,2.915576472487369,0.439371461418813,1.3719413768583046,,dense
db5e0c75-e464-46b8-8d87-a0bafe9fc137_MasterBedroom-54086,bedroom,6.0,1.2430411986447922,7.974514390358108,0.7752036254996382,0.7523969117485737,,dense
db5e0c75-e464-46b8-8d87-a0bafe9fc137_SecondBedroom-57261,bedroom,6.0,1.4380272251691322,10.458955652870523,0.7238390551017473,0.573671043184246,,neutral
db70885c-e977-4fac-ada7-7b4915235361_MasterBedroom-2464,bedroom,4.0,0.9724378793079752,4.88385219421777,1.0434466861781517,0.8190256053890809,,dense
db78ef58-f372-459e-93c1-ddf43455e805_MasterBedroom-24445,bedroom,6.0,1.304551855723063,5.072400093285309,0.40179421297446166,1.1828719914942474,,dense
db78ef58-f372-459e-93c1-ddf43455e805_SecondBedroom-24363,bedroom,3.0,0.9356938683007394,3.809096850379079,0.8674372426529083,0.7875882703537563,,dense
db90162a-bd64-4667-883e-7c58f9a5cc7b_MasterBedroom-40083,bedroom,7.0,2.1785368709211554,15.86096819441294,0.36033992584072627,0.4413349749018326,,sparse
db9f532a-0268-4c8e-81cc-fc964de51a68_Bedroom-12272,bedroom,4.0,1.4515528368842787,7.307394635400405,0.5379501182154388,0.5473907185225972,,neutral
dba186ea-8a71-47c2-a88f-5c2ad23b7a7d_Bedroom-3456,bedroom,5.0,1.6800580827634086,6.0467403252535386,0.2723044032717301,0.8268918013757025,,dense
dbab9e2d-87df-4c2c-b9b8-612f5b14b28d_Bedroom-89669,bedroom,6.0,1.5190489339726234,8.762207874159515,0.41916722601567896,0.6847589199172622,,neutral
dbc03869-0db5-4896-9251-068efc97f961_SecondBedroom-889,bedroom,7.0,1.6446760664641888,10.396868863291804,0.4659037298904855,0.6732796279382613,,neutral
dbdf84ea-3a94-4c7b-b0bc-f6ca6fd2a62a_MasterBedroom-16793,bedroom,6.0,1.3877675453698484,12.56358419824482,0.7181047205012753,0.477570723873385,,sparse
dbdf84ea-3a94-4c7b-b0bc-f6ca6fd2a62a_SecondBedroom-16837,bedroom,3.0,0.8230494886774018,3.3123555372902524,0.7262147452757017,0.9056998761836472,,dense
dbf53bb3-199d-49e9-9840-70ff939e7bc7_LivingDiningRoom-2152,livingroom,13.0,2.3494524012191635,21.314007721522554,0.5571016263783435,0.6099275260594376,,neutral
dbf53bb3-199d-49e9-9840-70ff939e7bc7_MasterBedroom-2137,bedroom,4.0,1.9195585235232293,6.407190492856037,0.43381384291595376,0.6242985914746824,,neutral
dc270b69-a104-4f96-8676-e13d62b66cc0_MasterBedroom-6169,bedroom,6.0,1.0059323993757407,7.9936176968010075,0.7669870512386295,0.7505988186551829,,dense
dc270b69-a104-4f96-8676-e13d62b66cc0_SecondBedroom-9594,bedroom,6.0,1.52086113581541,17.34485298587946,0.4768291428811274,0.3459239467111444,,sparse
dc3a82da-ec0d-476d-a581-5c25c6952eb5_Bedroom-8821,bedroom,5.0,1.1527738103779788,5.764500849718457,0.8048943124752372,0.8673777887020702,,dense
dc3a82da-ec0d-476d-a581-5c25c6952eb5_LivingDiningRoom-8302,livingroom,14.0,1.4320132224751583,20.119686455711797,1.509407273144751,0.695835893408047,,neutral
dc44410d-8a89-4099-ab84-4444b9ebbcd6_Bedroom-33922,bedroom,6.0,1.2821094660755967,10.23433138797053,0.6099569303852187,0.5862620402396215,,neutral
dc44410d-8a89-4099-ab84-4444b9ebbcd6_LivingRoom-37001,livingroom,11.0,1.341261093593092,22.0650726559055,1.1091666482991729,0.498525437533783,,sparse
dc52d387-0a6b-4ee1-b939-4b4f529665ba_DiningRoom-17262,diningroom,6.0,1.2159557830568721,5.0768945934617875,0.2525709822251321,1.1818248123029818,,dense
dc52d387-0a6b-4ee1-b939-4b4f529665ba_SecondBedroom-17372,bedroom,5.0,1.8000254647513454,12.526481784341806,0.5094181264557266,0.3991543743950545,,sparse
dc53f093-fca0-495b-a659-fd77cd6292a5_LivingDiningRoom-36702,livingroom,12.0,3.7971323901924117,27.606183789371478,0.4616018455666293,0.4346852173251147,,sparse
dc53f093-fca0-495b-a659-fd77cd6292a5_MasterBedroom-36749,bedroom,6.0,2.2665503276228445,11.438459418438743,0.26206041470829206,0.5245461631247323,,sparse
dc5bd6be-b704-47b6-8539-b096765c7041_Bedroom-33476,bedroom,6.0,1.8943903216588796,16.333688626282328,0.41293643426878185,0.36733894818745827,,sparse
dc5bd6be-b704-47b6-8539-b096765c7041_DiningRoom-39011,diningroom,10.0,0.82879101128578,8.211427425884285,0.7744751129366872,1.217815062029012,,dense
dc80719c-65f0-4662-a25c-ce747612ed07_MasterBedroom-18517,bedroom,10.0,1.119584133996786,12.471134179676568,1.1592722817226533,0.8018516885413981,,dense
dc8a8a1f-ea65-445b-9c5f-000d9bb20269_MasterBedroom-50875,bedroom,9.0,2.476647619846085,21.21366256437732,0.37263075156377773,0.42425488633504976,,sparse
dc901ccd-49a6-459e-b7a7-ddf7119fa455_DiningRoom-118281,diningroom,7.0,0.8612036024301172,3.5957050786154445,0.5883993393948005,1.9467670031201243,,dense
dc9bb316-cdad-4925-bc31-95e6867648a0_MasterBedroom-8653,bedroom,3.0,1.1705973003194254,5.476902690554393,0.8122540929611145,0.5477548478584213,,neutral
dcdb0e30-12fe-426d-9cfb-f163940668ea_Bedroom-13276,bedroom,7.0,1.9739005369523104,9.521220988219277,0.4746914654231553,0.735199824545737,,dense
dcde79e6-63d3-4517-9766-0ebc45d8b678_MasterBedroom-25568,bedroom,6.0,1.930453172452667,8.295131126326318,0.2856016513450236,0.7233158715186258,,neutral
dce67d70-f3ce-4696-b473-589b1a66f880_DiningRoom-32563,diningroom,6.0,1.3442837185919205,5.580234148797074,0.2381685657336207,1.0752236985061665,,dense
dce67d70-f3ce-4696-b473-589b1a66f880_MasterBedroom-32667,bedroom,5.0,2.055618855696472,8.553167524957257,0.33640927218862754,0.5845787523055661,,neutral
dce67d70-f3ce-4696-b473-589b1a66f880_SecondBedroom-32620,bedroom,6.0,2.0280562039627776,13.369029706514869,0.20106410283076606,0.4487984641904219,,sparse
dd22d718-475a-4a17-ad13-9c0089edf15f_MasterBedroom-14554,bedroom,7.0,1.9784643872393792,24.62426192043633,0.5755470159120165,0.2842724798257005,,sparse
dd3fc03d-aaf4-42ed-aaab-2f371a57e000_LivingRoom-13009,livingroom,14.0,2.51820284446548,12.730864539369149,0.37703917202207854,1.0996896523960453,,dense
dd3fc03d-aaf4-42ed-aaab-2f371a57e000_SecondBedroom-12960,bedroom,3.0,1.6594700782920937,5.221299879617319,0.31275653884938315,0.5745695648915452,,neutral
dd428ba2-c3df-4f72-8c78-677993205d64_MasterBedroom-14208,bedroom,5.0,0.9444159810426594,7.202430451931319,0.846890442836605,0.694210104959675,,neutral
dd4b29cc-4003-4881-99b4-0c762de73d5f_MasterBedroom-4877,bedroom,5.0,1.261300057300742,5.409534860690076,0.46438064841410426,0.9242938863993505,,dense
dd4b29cc-4003-4881-99b4-0c762de73d5f_SecondBedroom-5052,bedroom,4.0,1.1877813537915547,2.6797339272086136,0.6620596889609571,1.4926855085820636,,dense
dd6acc85-293b-44a7-ba7f-88edf767f587_Bedroom-23600,bedroom,5.0,1.6573827099871323,12.635820980695286,0.501424550129877,0.39570044618698574,,sparse
dd6bddd4-69e6-4636-a698-33c6efba7a7e_DiningRoom-2831,diningroom,6.0,0.8906367778778077,0.8551607822150942,1.1670483664333113,7.016224463028347,,dense
dd6bddd4-69e6-4636-a698-33c6efba7a7e_MasterBedroom-1767,bedroom,4.0,1.2868583847149913,4.250157819019094,0.3934245772595458,0.9411415223454388,,dense
dd6bddd4-69e6-4636-a698-33c6efba7a7e_SecondBedroom-2308,bedroom,4.0,1.5427516958579206,10.489399997090652,0.4333985488567967,0.38133735019252224,,sparse
dd70b5b5-5e6e-4f5f-bdd3-47f32223ed1d_MasterBedroom-13436,bedroom,5.0,1.922617902035979,7.565666115792026,0.27020845181638065,0.6608803406699855,,neutral
dd7856a2-52c4-4b27-bd7c-7ba5df36d181_Bedroom-1898,bedroom,5.0,1.1803867995738984,2.595099427654276,0.6607970761077362,1.9267084515985295,,dense
dd7856a2-52c4-4b27-bd7c-7ba5df36d181_Bedroom-2104,bedroom,3.0,1.0763935457873164,4.258489764042021,0.38262525193251634,0.7044750994428826,,neutral
dd7856a2-52c4-4b27-bd7c-7ba5df36d181_LivingRoom-1255,livingroom,5.0,1.0288398742675782,5.32897925024613,0.8678843523596611,0.9382659915159296,,dense
ddb1220c-cd70-4c09-8dfc-758f19807b7d_Bedroom-12371,bedroom,7.0,1.7041038391841805,13.276930948192911,0.8856375335407796,0.5272302783914645,,sparse
ddb1220c-cd70-4c09-8dfc-758f19807b7d_MasterBedroom-12270,bedroom,7.0,1.6025683947682356,12.013445058766623,0.5902686158080329,0.5826804855524652,,neutral
ddb1220c-cd70-4c09-8dfc-758f19807b7d_SecondBedroom-12387,bedroom,5.0,1.0321501790648195,5.807736453581147,0.6150214188027328,0.8609206082202502,,dense
ddb2ee64-0253-4541-8df3-49d8652aeaf2_LivingRoom-3168,livingroom,15.0,2.584072706342093,16.65112901576756,0.6608942618416278,0.9008398160746911,,dense
ddc26e88-622e-49de-a9b4-d5527d23ce3e_MasterBedroom-43021,bedroom,6.0,1.269034265315805,8.961265855184488,0.7459022943772331,0.6695482643815032,,neutral
ddc26e88-622e-49de-a9b4-d5527d23ce3e_SecondBedroom-43092,bedroom,6.0,1.1446332640180834,8.630648860791956,1.3217499846519023,0.6951968614152881,,neutral
ddd6ce30-4d99-442b-9886-37e431cfdaa0_MasterBedroom-26587,bedroom,7.0,1.2738880788058142,11.796017534991186,0.6912680098796266,0.5934206166814782,,neutral
dde0270b-65a3-4dc3-9c03-b32d90ae0438_Bedroom-2058,bedroom,3.0,0.7212111155192057,1.540332859758204,0.8753054293825113,1.9476309818326731,,dense
dde0270b-65a3-4dc3-9c03-b32d90ae0438_MasterBedroom-2294,bedroom,5.0,1.1499368667602543,3.5518842035336036,0.4037926440913042,1.4077035492952539,,dense
dde0270b-65a3-4dc3-9c03-b32d90ae0438_SecondBedroom-2984,bedroom,5.0,1.5030639688392289,6.897089048727116,0.4454244517831031,0.7249435181531793,,neutral
ddf7cd3b-79ab-4f7f-ad53-34b6d1cfdb38_MasterBedroom-12904,bedroom,8.0,1.0932752132063555,8.603578345735748,0.9417198489457765,0.9298456617141281,,dense
ddf7cd3b-79ab-4f7f-ad53-34b6d1cfdb38_SecondBedroom-12920,bedroom,7.0,1.621348081796528,12.47900256125868,0.4865466745699679,0.5609422680729023,,neutral
de01b3cf-cf60-49b5-aa31-3180baa012ea_Bedroom-44928,bedroom,6.0,1.8843312560033014,7.606107123126674,0.4418222841773133,0.7888397971357463,,dense
de1183f7-1d62-47c9-8f58-fbedc416bf44_Bedroom-34409,bedroom,5.0,1.5345128715038299,5.083501242298055,0.3716478668277552,0.9835740686747021,,dense
de3255bb-33c3-404f-817b-5d7ef7bdf575_LivingDiningRoom-6807,livingroom,18.0,1.950219889945185,29.92541019623522,1.202616471938081,0.6014955144128483,,neutral
de513c79-61f9-4689-b671-fad361e605a3_MasterBedroom-17000,bedroom,7.0,1.8078603135618387,14.622090186417337,0.6354636559718388,0.47872772707300065,,sparse
de7bbe9b-703e-4a0a-af91-01bbd3fa623e_Bedroom-15206,bedroom,4.0,1.7393009617258397,6.8330476328089205,0.25636386288420865,0.5853903287303275,,neutral
de7bbe9b-703e-4a0a-af91-01bbd3fa623e_Bedroom-15247,bedroom,4.0,1.3725319766061708,9.667154930826777,0.7019086981154669,0.4137722037788736,,sparse
de7f5810-bcd8-4eae-889c-ea51d11640a2_LivingDiningRoom-21284,livingroom,12.0,2.573146910500951,18.54802046349283,0.4930923644665992,0.646969309938978,,neutral
de7f5810-bcd8-4eae-889c-ea51d11640a2_MasterBedroom-18739,bedroom,3.0,1.8417739868164062,2.046713493413393,0.8868920654146651,1.4657645096172058,,dense
dea06c5b-ef2d-4101-b5ef-3f8397cbf002_SecondBedroom-40604,bedroom,5.0,1.041133776006764,6.656077053447745,0.7656744935143714,0.7511932268587662,,dense
dea141ae-047d-482c-8838-2c3c0c7d80c1_Bedroom-65,bedroom,6.0,1.919597045580546,9.507118028454755,0.8113313867975911,0.6311060809429346,,neutral
dea8e07c-6c70-434c-89d8-7c1b718bf171_DiningRoom-27853,diningroom,6.0,1.137973459561666,1.7159510825910045,0.8590867007753595,3.496603172941437,,dense
dea8e07c-6c70-434c-89d8-7c1b718bf171_SecondBedroom-27869,bedroom,4.0,0.7998064657052367,2.7483655840492744,0.4262148980268,1.4554104531125163,,dense
deaa4ac0-8d13-423f-930f-78fb25825e8d_Bedroom-5073,bedroom,4.0,1.7367324277707636,6.841527655857497,0.18011655817058878,0.5846647417372242,,neutral
deaa4ac0-8d13-423f-930f-78fb25825e8d_Bedroom-5088,bedroom,5.0,1.7451512761099426,10.957895666268739,0.41433698701243254,0.4562919881954438,,sparse
decb93da-ff77-49c3-9cad-fbb3596d36e8_MasterBedroom-9370,bedroom,8.0,1.9684821022651662,11.014141383609422,0.2808663515766607,0.7263389601939481,,neutral
decb93da-ff77-49c3-9cad-fbb3596d36e8_SecondBedroom-11739,bedroom,5.0,1.5735521316528327,6.59002437652731,0.49208903950207933,0.7587225348982408,,dense
dee82180-497b-489f-8554-cb27be17300f_Bedroom-46392,bedroom,4.0,1.2627402045774565,6.187468719673808,0.4690725408411993,0.6464679146225846,,neutral
dee82180-497b-489f-8554-cb27be17300f_DiningRoom-46322,diningroom,6.0,1.2012361141029686,5.497947447799484,0.2303653557978338,1.0913163606904717,,dense
dee82180-497b-489f-8554-cb27be17300f_MasterBedroom-46271,bedroom,4.0,1.2947998046875002,3.8174672407012977,0.7920425506153121,1.0478151475283308,,dense
deeab9a9-dc28-4fff-a2b0-6e4eec1b60dc_MasterBedroom-11650,bedroom,4.0,0.9563224851254484,5.123341290363157,0.4995488457776876,0.7807404920542524,,dense
deebcfd8-9f7e-49be-8c50-2edb11abb8d9_LivingRoom-26286,livingroom,14.0,1.0927387734172902,17.06346737392244,1.6416203481329865,0.8204663034311397,,dense
deebcfd8-9f7e-49be-8c50-2edb11abb8d9_MasterBedroom-22766,bedroom,5.0,1.4406366438719937,7.34053760173006,0.6084627591966363,0.6811490208593948,,neutral
deebcfd8-9f7e-49be-8c50-2edb11abb8d9_SecondBedroom-26340,bedroom,5.0,1.4306166671937868,8.493713692749354,0.5561727358572259,0.588670654659368,,neutral
df03a9de-c80f-48da-a8d1-3f8587590891_Bedroom-3755,bedroom,5.0,1.3243862957146686,5.959399405719009,0.38676700681640186,0.8390107223224021,,dense
df03a9de-c80f-48da-a8d1-3f8587590891_LivingRoom-3698,livingroom,11.0,1.940058151207929,17.882447623668707,0.5080096146781838,0.6151283219999878,,neutral
df09aaac-b71a-4703-b617-8cd51b421ce5_SecondBedroom-32261,bedroom,6.0,1.0027711387077207,7.1307765329078805,0.9889234262573863,0.8414230865755713,,dense
df0e6d6c-5251-43ab-8334-e67e11ffc697_MasterBedroom-156311,bedroom,6.0,1.756015565253267,11.481463763638624,0.30266502405169404,0.5225814515917195,,sparse
df0e6d6c-5251-43ab-8334-e67e11ffc697_SecondBedroom-155750,bedroom,4.0,1.6549597159852,5.6913553449758,0.14912036990866714,0.7028202875315297,,neutral
df17ede9-742d-4283-b77e-8482e260c71e_Bedroom-15473,bedroom,8.0,1.7579811246822608,11.257536182521505,0.41477299676118845,0.7106350688368944,,neutral
df17ede9-742d-4283-b77e-8482e260c71e_LivingDiningRoom-15419,livingroom,10.0,2.701467996341289,16.908248907581605,0.24981050959530793,0.5914273000509256,,neutral
df23a0f7-9992-4e91-ba9f-e4cdcf677816_MasterBedroom-6775,bedroom,6.0,1.424783516389031,6.48837798480039,0.6723198292145477,0.9247303430927637,,dense
df23a0f7-9992-4e91-ba9f-e4cdcf677816_SecondBedroom-10585,bedroom,6.0,1.7025244284453451,10.851057900123207,0.8657482548403814,0.552941478630565,,neutral
df2c4d5d-b540-4995-8dcd-280638bfef47_MasterBedroom-6118,bedroom,11.0,2.183141918351671,23.836240516607564,0.47673945217588737,0.4614821700735863,,sparse
df2c4d5d-b540-4995-8dcd-280638bfef47_SecondBedroom-6830,bedroom,6.0,0.93497205702862,7.321973839313971,0.99933868818115,0.8194511659935358,,dense
df4aa773-33a5-4f86-9f57-9ce2d6f0e36f_MasterBedroom-24711,bedroom,6.0,1.8278880212162418,14.418904239378698,0.28526617384431635,0.41612038615345825,,sparse
df5730b4-3000-496b-869c-0fb8d4853f55_Bedroom-52368,bedroom,5.0,1.1920983917629466,11.703263617888037,0.7809308392819587,0.42723125473800927,,sparse
df5e8b99-2ccc-4d27-89d8-094cf83706f9_Bedroom-1016,bedroom,5.0,2.006881373626823,11.139977430670504,0.31701207576819485,0.44883394343636973,,sparse
df5e8b99-2ccc-4d27-89d8-094cf83706f9_LivingDiningRoom-838,livingroom,13.0,3.412348392521068,29.67441015402265,0.3779804648157672,0.4380878990525689,,sparse
df5f6372-1d1d-4884-a9f0-c8c33595daaf_SecondBedroom-10536,bedroom,4.0,1.7006965080897014,6.2352893886588205,0.4079892097406249,0.6415099204979129,,neutral
df5f6372-1d1d-4884-a9f0-c8c33595daaf_SecondBedroom-5207,bedroom,5.0,0.5892249286174774,4.477570025856976,1.2077231308544847,1.1166771197605188,,dense
df69e2a1-9ca8-4512-9410-b848e91da0d8_MasterBedroom-1008,bedroom,8.0,2.23307749776989,20.551272861880516,0.45552002479300185,0.38927029258799745,,sparse
df76627b-4746-482a-abe3-b9a6f5388e7a_Bedroom-51521,bedroom,6.0,1.071472069834932,7.0644156522221575,0.7786111191645391,0.8493271482564395,,dense
df84d678-cec9-4909-b09d-e57fad3b9d01_Bedroom-27924,bedroom,5.0,1.5070080880138998,8.525975644652066,0.1997507642889165,0.5864431483728504,,neutral
df84d678-cec9-4909-b09d-e57fad3b9d01_Bedroom-27988,bedroom,4.0,1.3389662980590362,6.47865470343723,0.3883071536458315,0.6174121300025162,,neutral
df84d678-cec9-4909-b09d-e57fad3b9d01_Bedroom-28089,bedroom,4.0,1.517689996924694,5.731466200080842,0.34084181334772967,0.6979016992098078,,neutral
df95b56a-7256-4db7-a07a-fcd45f7c7129_SecondBedroom-9241,bedroom,5.0,0.9704636331025454,5.935940145339033,0.6301380840887365,0.8423265527577896,,dense
dfa26e59-2108-4ad6-93ef-32f4844b56d8_SecondBedroom-6793,bedroom,4.0,1.0516179761344608,3.878910660903837,0.5675800246474701,1.0312173570576508,,dense
dfb54c79-6d74-454e-8bce-a6898527daba_MasterBedroom-64939,bedroom,4.0,1.1532775250950649,7.118035783375188,0.4757187887755349,0.5619527804766533,,neutral
e00c171f-748b-4d28-9e6a-3ebeff291323_LivingDiningRoom-9621,livingroom,13.0,2.642179615651101,21.256455858541877,0.4486944328231084,0.6115789050871323,,neutral
e00c171f-748b-4d28-9e6a-3ebeff291323_MasterBedroom-6963,bedroom,5.0,1.1493019451144428,8.05781112811965,0.5655984729224258,0.6205159094076195,,neutral
e00c171f-748b-4d28-9e6a-3ebeff291323_SecondBedroom-9659,bedroom,4.0,1.4324069893164715,12.650711332981002,0.5315789350338432,0.31618775377253383,,sparse
e00d4702-e681-4d67-90e0-bed64fee50a5_MasterBedroom-12402,bedroom,3.0,1.2909604216775385,4.635749610069079,0.37956173002696375,0.6471445294378821,,neutral
e00d4702-e681-4d67-90e0-bed64fee50a5_SecondBedroom-12430,bedroom,4.0,0.8095570666283073,5.497230346347252,0.7834099399157043,0.7276391469856965,,neutral
e02e2373-1bb0-4d67-819b-8c471edc78a3_Bedroom-8051,bedroom,5.0,2.252554555973453,14.520905674872532,0.4168231471888328,0.34433113966521867,,sparse
e02e2373-1bb0-4d67-819b-8c471edc78a3_SecondBedroom-5355,bedroom,5.0,1.839319636392147,6.2091950717135616,0.2727604484454269,0.8052573549795307,,dense
e038f7d3-4503-402a-8fb1-9165f34a69bb_Bedroom-780,bedroom,5.0,1.8718667671363192,7.26457225872806,0.27568134401033156,0.688271769062896,,neutral
e044737e-5769-46b2-a8da-84b5df66d770_LivingDiningRoom-8871,livingroom,15.0,0.9741159077785352,14.451252785347947,1.2371985731397668,1.0379722936691291,,dense
e044737e-5769-46b2-a8da-84b5df66d770_MasterBedroom-8906,bedroom,6.0,1.4956593984717956,10.912985665621461,0.5578808652582933,0.54980370943778,,neutral
e04caa9e-1a57-436b-8d46-13fefcf6e540_SecondBedroom-9844,bedroom,6.0,1.6689854192724145,7.641316234290034,0.37102920868398515,0.7852050374613856,,dense
e04fb1c1-1b11-4778-85dc-818624587b3e_LivingDiningRoom-45017,livingroom,11.0,1.366156994429827,22.070627144638774,1.1747826284126928,0.4983999742242048,,sparse
e04fb1c1-1b11-4778-85dc-818624587b3e_MasterBedroom-45036,bedroom,6.0,1.2821094660755967,10.23433138797053,0.6099569303852187,0.5862620402396215,,neutral
e06680c8-236b-4b45-ba63-d20d17e2e019_MasterBedroom-34104,bedroom,7.0,1.3626000450811593,9.75748625435726,0.9932728548252593,0.7173978848162978,,neutral
e06680c8-236b-4b45-ba63-d20d17e2e019_SecondBedroom-34183,bedroom,3.0,1.1804334032894994,4.848765239528489,0.8439855641875379,0.6187142193528287,,neutral
e086c12f-2d1f-47f5-9676-74a53179f7e2_Bedroom-82273,bedroom,6.0,1.7429634498221618,9.909302460739635,0.3356202515560465,0.6054916603637667,,neutral
e086c12f-2d1f-47f5-9676-74a53179f7e2_MasterBedroom-82186,bedroom,4.0,0.8208746556949772,4.417250808849858,1.0596788107485204,0.9055406118181232,,dense
e0e8453a-618c-4c12-9d67-0967d1a2adbe_Bedroom-466,bedroom,4.0,1.276435491393595,5.929578847007725,0.6073751617318589,0.6745841657908878,,neutral
e0e8453a-618c-4c12-9d67-0967d1a2adbe_LivingDiningRoom-751,livingroom,11.0,1.3219294562475579,19.55324806093284,0.968195302513297,0.562566381080076,,neutral
e0f35822-09d8-453c-bf87-55f85387ad17_LivingDiningRoom-119029,livingroom,11.0,2.634495130943428,25.6656864807278,0.4284687627172702,0.4285877959375772,,sparse
e0f35822-09d8-453c-bf87-55f85387ad17_MasterBedroom-116808,bedroom,4.0,1.6608296290355258,6.004577708305942,0.3439502590214292,0.6661584201778131,,neutral
e1119a13-1dcf-46c1-88e5-d028b528b634_SecondBedroom-8514,bedroom,4.0,1.7603524390766327,6.81572841625358,0.19978698678364704,0.5868778442610967,,neutral
e111dcdb-094b-4adb-bcce-1db491755d7b_DiningRoom-69757,diningroom,7.0,1.0008691549301147,2.2094083273486262,0.9998670647946766,3.1682690398837527,,dense
e120bc58-b9de-4d01-8d3c-3ef645ff025f_MasterBedroom-3995,bedroom,5.0,2.0604769206252183,9.967140133398441,0.269158275715231,0.5016484099832935,,sparse
e123f56a-fca9-404d-b857-b465a167d940_MasterBedroom-10075,bedroom,5.0,1.7158802274453802,9.501305771145976,0.4677525366067895,0.5262434575239375,,sparse
e123f56a-fca9-404d-b857-b465a167d940_SecondBedroom-10059,bedroom,4.0,1.353314717610677,2.898702181185857,0.5757105880148877,1.3799278953050647,,dense
e1445ad0-35a4-45f4-8152-2dad8e921f3e_MasterBedroom-192362,bedroom,6.0,2.0759308920118986,11.01523509933714,0.28823706945718097,0.5447001308543165,,neutral
e1445ad0-35a4-45f4-8152-2dad8e921f3e_SecondBedroom-185217,bedroom,6.0,1.8685595448650703,10.124049181829681,0.3022058221782047,0.5926482469848732,,neutral
e15e9791-e99e-4f81-b838-692ecd556e81_Bedroom-303113,bedroom,5.0,2.232785654630738,14.688495829140056,0.42396336039430144,0.340402452242976,,sparse
e15e9791-e99e-4f81-b838-692ecd556e81_Bedroom-303723,bedroom,4.0,1.6549399324104572,4.995529135545455,0.30140335978240784,0.8007159785213114,,dense
e16bb544-c6b8-4b18-83c0-84c87f488e7d_MasterBedroom-34945,bedroom,5.0,0.8524959614994024,6.89621473998167,0.7133944821122683,0.7250354271904952,,neutral
e16e222e-f9b3-41eb-983f-b6173f84c35a_Bedroom-2005,bedroom,4.0,2.1112226804799823,6.795968798554679,0.351624543233661,0.5885842208178904,,neutral
e1722dbf-dce1-4409-aca6-bd0cc23bfd06_MasterBedroom-5767,bedroom,5.0,1.5664436578750611,7.504927514657253,0.9191318911336592,0.6662289529425719,,neutral
e17aed6d-9dc1-477f-ac49-dfe7cc92e871_SecondBedroom-14223,bedroom,5.0,1.8080421464661753,13.517883814480856,0.24339046033262868,0.36988037984494404,,sparse
e1a4a544-4918-42d9-b659-c332e05335fa_Bedroom-33792,bedroom,3.0,1.408292708208896,6.923154704518771,0.45013483853328157,0.4333284648459304,,sparse
e1a4a544-4918-42d9-b659-c332e05335fa_LivingRoom-33448,livingroom,7.0,1.3660501854866067,10.957480324920377,0.6359497164251865,0.6388329974072635,,neutral
e1a7f175-ff21-44f6-a020-c0d7e9938be5_MasterBedroom-10726,bedroom,7.0,1.9626710840470696,12.801997741600642,0.4697917634519865,0.5467896605897061,,neutral
e1ade7a0-9d88-4394-b0ca-7ac957e7facb_Bedroom-3130,bedroom,5.0,1.0653146515395104,5.988069552177928,0.9160879340506591,0.8349936413449713,,dense
e1b50a25-5422-4307-8b9c-24ad0bb8d8bc_MasterBedroom-24635,bedroom,5.0,1.0099716568123411,4.144509915565546,0.7274887970950247,1.2064152582242564,,dense
e1b50a25-5422-4307-8b9c-24ad0bb8d8bc_SecondBedroom-24878,bedroom,5.0,1.4597027860701821,9.484087535300706,0.6529054599328268,0.5271988455810334,,sparse
e1beeab5-1299-4241-95ed-2843243e9a2b_MasterBedroom-1199,bedroom,6.0,1.7094514380809847,11.1898345303578,0.7029431942289802,0.5362009584433192,,neutral
e1bfc1be-b96b-43a3-9485-01a1ff78d9da_MasterBedroom-34912,bedroom,7.0,1.3626000450811593,9.75748625435726,0.9932728548252593,0.7173978848162978,,neutral
e1bfc1be-b96b-43a3-9485-01a1ff78d9da_SecondBedroom-34991,bedroom,3.0,1.1804334032894994,4.848765239528489,0.8439855641875379,0.6187142193528287,,neutral
e1c89bbb-0337-46b7-ac45-21e17ae29d91_MasterBedroom-33650,bedroom,6.0,1.7551754374586461,13.369045506982525,0.45357351426514425,0.4487979337691877,,sparse
e1ce0785-e1e1-4f8f-9428-514459737af0_LivingDiningRoom-74522,livingroom,15.0,2.39948701892836,22.60153386285272,0.7901939729731963,0.6636717707311716,,neutral
e1ce0785-e1e1-4f8f-9428-514459737af0_MasterBedroom-74651,bedroom,3.0,1.441407070696524,4.862731090378418,0.19879761654710784,0.6169372610251701,,neutral
e1ce0785-e1e1-4f8f-9428-514459737af0_SecondBedroom-74626,bedroom,4.0,1.275672399817977,6.130642425077007,0.4788639482212669,0.6524601701835115,,neutral
e1ce0785-e1e1-4f8f-9428-514459737af0_SecondBedroom-74670,bedroom,3.0,1.4066413459670881,3.565882248793726,0.0735226463682965,0.8413065240768526,,dense
e1d1eb29-7078-4ab7-9428-6ced49369bf9_Bedroom-1070,bedroom,4.0,1.5822014609972637,5.9603104421033155,0.49290815043874187,0.6711059832964762,,neutral
e1f97282-7ce0-4eb3-86ab-448eb00db818_MasterBedroom-13487,bedroom,5.0,0.9371023358007535,7.045969949379351,0.5949713815967648,0.7096255073356407,,neutral
e2104869-2823-4736-9e92-bc25fd7c9502_LivingRoom-39485,livingroom,11.0,1.2650138538586564,19.998882488760863,0.702688791391311,0.5500307332763154,,neutral
e22025ac-49ae-4e4b-907d-99f7053e98fd_SecondBedroom-16113,bedroom,4.0,1.014009515644638,4.45802915757735,0.8285806622356144,0.8972574782740409,,dense
e22025ac-49ae-4e4b-907d-99f7053e98fd_SecondBedroom-22933,bedroom,4.0,0.8684384779500851,5.5952820398995655,0.7676364941005279,0.7148880023341593,,neutral
e225acaf-a4f0-4b23-9702-094ac7294de9_SecondBedroom-8603,bedroom,4.0,0.991033615542507,4.132735920172562,0.8101592486537356,0.9678818287119056,,dense
e22c70fa-8427-4337-bf22-23496bd5a0a4_MasterBedroom-11557,bedroom,6.0,1.7741684645248401,12.31526581155691,0.6087983056019814,0.48720020272477355,,sparse
e22c70fa-8427-4337-bf22-23496bd5a0a4_SecondBedroom-11456,bedroom,7.0,1.8616310373259812,15.937439228054817,0.6555844251412282,0.43921736107252646,,sparse
e255b2a0-dedb-464d-bad1-bf78d1dc7462_SecondBedroom-17259,bedroom,7.0,1.9186545529863956,14.482104857948674,0.4642528410294086,0.4833551523525924,,sparse
e29c9cea-a331-4062-8d95-17f3f7ed8813_LivingDiningRoom-46190,livingroom,16.0,1.7365093917675931,21.151011225553994,0.9480845316698643,0.7564650138651196,,dense
e29c9cea-a331-4062-8d95-17f3f7ed8813_MasterBedroom-46278,bedroom,7.0,1.3686621583812806,10.107324257802503,0.9714407780568989,0.6925670752668535,,neutral
e2bae01c-2956-4025-8b86-7a8592b9e831_MasterBedroom-29555,bedroom,4.0,2.178911399184536,14.451782552306241,0.459846657838223,0.2767824651057784,,sparse
e2c54d64-ce34-4ace-a9ad-a79407cd383a_Bedroom-647,bedroom,4.0,1.6229007791345298,5.327149450402562,0.37184172221387246,0.7508706179995998,,dense
e2ca3b88-0619-4841-81f7-6dd37d684149_Bedroom-34030,bedroom,5.0,1.8513624397306974,9.067418740149819,0.49859528941145587,0.5514248479405051,,neutral
e2d00f14-06f1-4b29-a9a1-f17618a2d7b7_DiningRoom-60525,diningroom,7.0,1.122247317892685,5.755750888121532,0.7835166921701354,1.2161749415608476,,dense
e2d00f14-06f1-4b29-a9a1-f17618a2d7b7_LivingRoom-60575,livingroom,9.0,1.5570801245992136,18.704756959725536,0.661188198834226,0.4811610233363899,,sparse
e2d00f14-06f1-4b29-a9a1-f17618a2d7b7_SecondBedroom-60474,bedroom,5.0,1.3464131407498472,8.586693893349803,0.3602421102051445,0.5822962902954285,,neutral
e2f3aa79-e130-445e-8773-b697ab77d9b8_MasterBedroom-45873,bedroom,4.0,1.72951840694636,5.950342244848753,0.35705783166260113,0.6722302407836833,,neutral
e2f3aa79-e130-445e-8773-b697ab77d9b8_SecondBedroom-3960,bedroom,4.0,1.7358979894335078,5.174169415470919,0.35246438820715165,0.7730709373450128,,dense
e32456e9-1d2f-4a1d-a84d-99e309fb1b3a_Bedroom-1862,bedroom,3.0,1.8763167558240526,10.30995331099816,0.5407581851162531,0.2909809491377371,,sparse
e32456e9-1d2f-4a1d-a84d-99e309fb1b3a_Bedroom-2324,bedroom,4.0,1.6642078012297674,5.531816410460226,0.40747676072504724,0.7230897960453491,,neutral
e329f479-1ec7-4036-92d3-56af79b638a1_MasterBedroom-19852,bedroom,5.0,1.679716053490425,12.0005653292203,0.615851938096505,0.4166470381045673,,sparse
e3311e06-ea16-45e5-9d71-24ac8cb73050_MasterBedroom-226184,bedroom,6.0,2.0322694270778827,14.802138594695798,0.3293571736151937,0.40534683293331963,,sparse
e3386b37-d80e-4431-ad84-df700fd4b2ff_MasterBedroom-45642,bedroom,4.0,0.9485825268899867,6.13893889102358,0.6209728149672401,0.651578403207245,,neutral
e35cbb00-27a3-442b-8cf6-bf8651e54db1_LivingRoom-4960,livingroom,8.0,1.2612551224216764,14.486576298202792,0.23883307731586068,0.5522353822823189,,neutral
e3674f54-28aa-44af-8651-c98d831ef27e_Bedroom-16148,bedroom,4.0,1.7104943054052753,11.424091302150817,0.6498619002656729,0.3501372576781594,,sparse
e3674f54-28aa-44af-8651-c98d831ef27e_LivingDiningRoom-15529,livingroom,11.0,3.2972466150136577,26.02474394518603,0.3469493354270138,0.42267466773807555,,sparse
e37ef24d-fe80-40e7-a744-51122067af5a_Bedroom-7518,bedroom,9.0,1.8766422974775858,13.019414870539542,0.6356602798165053,0.6912753061095923,,neutral
e37ef24d-fe80-40e7-a744-51122067af5a_SecondBedroom-7328,bedroom,6.0,1.588034709294637,5.949905942289114,0.49960975064972746,1.0084193024556642,,dense
e3868792-6c29-4bc0-96f7-302bb742a456_MasterBedroom-67446,bedroom,8.0,1.9305648460333098,21.702524503083534,0.771055496501052,0.3686207104092128,,sparse
e387ce2f-183d-40a7-b4bf-814181fbea82_LivingDiningRoom-1407,livingroom,8.0,1.8110378008716455,14.37257869516169,0.574382028704503,0.5566154946636735,,neutral
e396e943-0f12-4455-938a-47a4b44bc25c_LivingDiningRoom-22470,livingroom,13.0,1.3604623239145792,17.67655372009496,0.5097024484206361,0.7354374730421243,,dense
e396e943-0f12-4455-938a-47a4b44bc25c_MasterBedroom-22459,bedroom,4.0,1.8802344846614287,6.301701085661427,0.38501572650379445,0.6347492439940381,,neutral
e396e943-0f12-4455-938a-47a4b44bc25c_SecondBedroom-18701,bedroom,7.0,2.0520253766759105,15.261498499714326,0.39412418452289794,0.4586705558521026,,sparse
e3a673e8-9ac7-4e41-831a-24888f0b85ca_LivingRoom-1259,livingroom,6.0,1.7084223542507146,12.84450222923388,0.5664124003455744,0.46712592616816995,,sparse
e3c257be-bb61-46bb-a0e5-80c356019b48_SecondBedroom-213397,bedroom,7.0,2.076998195791416,15.964343738357776,0.23126806525034918,0.4384771535068486,,sparse
e414e3aa-24fb-4922-bbc1-058a04829bbd_MasterBedroom-3258,bedroom,6.0,1.3715523238273675,9.243832135430445,0.8711718562077109,0.6490814536757711,,neutral
e41ed17d-c021-4a43-b71a-d99872106260_LivingRoom-5149,livingroom,15.0,2.180078004816454,18.36226533855886,0.6074205238216621,0.8168926721966897,,dense
e41ed17d-c021-4a43-b71a-d99872106260_MasterBedroom-3979,bedroom,4.0,1.5187551168485338,8.387498663713671,0.41331279119126185,0.4769002250104621,,sparse
e42d2cda-3beb-4996-9bf3-6d2278942239_MasterBedroom-354,bedroom,7.0,1.7626020157820905,14.156400857660271,0.4546702193136174,0.4944759667646865,,sparse
e43620b4-b1d6-4e7b-9e87-cf4835a91370_MasterBedroom-20402,bedroom,5.0,1.8986112647267632,12.293210229460422,0.38468978384419583,0.4067285848587869,,sparse
e43620b4-b1d6-4e7b-9e87-cf4835a91370_SecondBedroom-14765,bedroom,6.0,2.220532689440381,12.068979909858163,0.3822167275670017,0.49714226428524344,,sparse
e44ef7e0-ff39-4430-9f37-15cec7c72ea1_MasterBedroom-365,bedroom,5.0,1.75401566132371,5.8599735454134,0.3992686905312698,0.8532461727431345,,dense
e44ef7e0-ff39-4430-9f37-15cec7c72ea1_SecondBedroom-1020,bedroom,5.0,1.9886779106877839,11.703396281245361,0.19450365974990133,0.4272264118760532,,sparse
e475ec55-ca9b-4908-ba97-1fd593042a06_Bedroom-75916,bedroom,3.0,1.617741584777832,1.5806737524217547,0.8576915541668088,1.8979248535023066,,dense
e4874b32-dbf7-48ae-84e1-bbcf47a528e7_Bedroom-6887,bedroom,3.0,0.720971204945954,4.273492841832865,1.0107266216857598,0.7020018778628223,,neutral
e4874b32-dbf7-48ae-84e1-bbcf47a528e7_Bedroom-7051,bedroom,3.0,1.0095073233003962,2.827910248374113,0.13814793592708846,1.0608540358467278,,dense
e49a3f2c-c856-468b-a7fb-0584f5aa91e8_Bedroom-210267,bedroom,3.0,1.3220398324878768,3.0773065332739002,0.349133461504946,0.9748785074096421,,dense
e49a3f2c-c856-468b-a7fb-0584f5aa91e8_Bedroom-211600,bedroom,4.0,2.0947144768593327,11.736877931031957,0.5484083394624689,0.3408061346045117,,sparse
e49a3f2c-c856-468b-a7fb-0584f5aa91e8_LivingDiningRoom-209282,livingroom,7.0,2.5791103289784765,25.40236950542226,0.1685857456509481,0.2755648443939773,,sparse
e4c63506-0538-4f51-8fcd-e191efee273b_DiningRoom-13317,diningroom,7.0,1.3027642069007372,8.526019442090538,0.3477690687422038,0.8210161902098166,,dense
e4c63506-0538-4f51-8fcd-e191efee273b_LivingRoom-13248,livingroom,8.0,1.6885682971288112,13.408921084947137,0.7143053721029284,0.5966177255663623,,neutral
e4c63506-0538-4f51-8fcd-e191efee273b_MasterBedroom-8642,bedroom,6.0,1.715425073057747,9.456508039153416,0.25793041829894325,0.6344836778182599,,neutral
e4ca237e-c12f-4fc8-a8ec-9eac636b3224_MasterBedroom-20579,bedroom,5.0,1.7854095354245654,7.223314621741485,0.30339876621211737,0.6922029929238412,,neutral
e4d49144-ac70-482d-ac0a-607f68160dca_MasterBedroom-15019,bedroom,6.0,1.8366406292913335,14.908301104611082,0.31642378673030486,0.40246034460252633,,sparse
e4d49144-ac70-482d-ac0a-607f68160dca_SecondBedroom-15120,bedroom,6.0,1.6552853905080656,13.176317232716684,0.2847617824441507,0.4553624426332155,,sparse
e4ee25f7-bb0b-4dbe-b0ce-00f19597c102_MasterBedroom-2718,bedroom,8.0,1.495556088695046,16.38261908578438,0.796820685531223,0.4883224079196107,,sparse
e503e126-bd11-4e31-9b61-aa6816d22630_DiningRoom-19938,diningroom,6.0,1.302453380462382,4.462896076012376,0.189107721019642,1.3444184892069089,,dense
e503e126-bd11-4e31-9b61-aa6816d22630_SecondBedroom-21233,bedroom,6.0,1.989222565862431,16.236360895082353,0.3885826556113095,0.3695409358520278,,sparse
e50797bd-0d25-4337-9642-b89db05e879a_MasterBedroom-16843,bedroom,8.0,1.6506592042487027,14.887543037329259,0.4852807431504547,0.5373620066078516,,neutral
e50797bd-0d25-4337-9642-b89db05e879a_SecondBedroom-16796,bedroom,5.0,1.662428657336303,11.669644443519571,0.5093488463915697,0.42846206876308196,,sparse
e5116cc9-0c46-4d8a-ab2e-953d8b84e404_Bedroom-17410,bedroom,6.0,0.9736967493064199,8.475691449948714,0.9098326696437726,0.7079068457637525,,neutral
e51180c9-2e30-400e-86c2-957f044e13c1_MasterBedroom-9748,bedroom,10.0,2.3699180440712544,24.753756395640234,0.5714371595032129,0.4039790906951502,,sparse
e517ea91-4a71-4a23-a05b-7d325acd0541_DiningRoom-41611,diningroom,8.0,1.1659845828399305,8.23060781350411,0.48369217648723944,0.9719816787861345,,dense
e51bcbec-e156-4642-bbbe-249212378ba5_MasterBedroom-95281,bedroom,3.0,0.5877337455749517,2.552428165927836,0.5562146565355613,1.1753513928606358,,dense
e5203f49-b5f8-49c0-b07c-775eaafbce33_MasterBedroom-13978,bedroom,5.0,0.9046763843336787,5.4320227524631886,0.9064154319776463,0.9204674258281991,,dense
e5203f49-b5f8-49c0-b07c-775eaafbce33_SecondBedroom-14075,bedroom,3.0,1.6894795310138946,7.943141613812898,0.26271151725940917,0.37768431508045697,,sparse
e525ddc0-e901-48c7-9c82-4c266ef1d2c5_MasterBedroom-2632,bedroom,5.0,2.7671158643704463,12.874382780976246,0.16250495866077344,0.3883681326757054,,sparse
e52a7124-05ef-446d-b70e-39af1ac7aa5c_DiningRoom-21611,diningroom,6.0,1.3941916156937106,5.554378692457847,0.2165876133561087,1.0802288306606194,,dense
e52a7124-05ef-446d-b70e-39af1ac7aa5c_MasterBedroom-21579,bedroom,8.0,1.8700215055600802,15.868214565789247,0.23454287950803662,0.5041524972347826,,sparse
e52a7124-05ef-446d-b70e-39af1ac7aa5c_SecondBedroom-21630,bedroom,6.0,1.766341171790397,14.387437960578234,0.36882434919448215,0.417030468971618,,sparse
e52eb1b0-a8fb-4b1c-873d-5d962259a904_LivingRoom-2410,livingroom,8.0,3.554951947935141,24.49665799779801,0.18298886135964482,0.3265751597919649,,sparse
e538b99f-3925-45c2-93b4-981e89efaba7_SecondBedroom-30221,bedroom,3.0,0.8503451938763694,4.441854871830053,0.8660340878295872,0.6753935206271146,,neutral
e544c131-df87-4e5e-b889-75e6b89ae007_LivingDiningRoom-2964,livingroom,11.0,2.9253006217635567,34.79295459635366,0.40290573954437603,0.31615596110233224,,sparse
e544c131-df87-4e5e-b889-75e6b89ae007_MasterBedroom-17206,bedroom,8.0,2.0539361450974263,18.077144455963822,0.592739885508474,0.44254777182801813,,sparse
e56442cc-b416-44d5-87f2-95e578e52e20_MasterBedroom-33021,bedroom,4.0,1.5656647294558041,5.520654849261814,0.35618227033692906,0.7245517260574357,,neutral
e570991b-7105-4848-b2a1-5ee9e7088aff_LivingRoom-1679,livingroom,10.0,1.4923092128363118,10.712287137357446,0.6035090851368574,0.9335074640714722,,dense
e580682e-4cfa-4f03-9d85-0c74c929f896_MasterBedroom-7049,bedroom,6.0,1.673783490247734,12.47268743073983,0.3601266016464735,0.481051099317423,,sparse
e580682e-4cfa-4f03-9d85-0c74c929f896_SecondBedroom-11465,bedroom,5.0,0.9791415502151093,7.161161269971741,0.5704982840854699,0.6982107805567869,,neutral
e59618e8-5343-4f81-9906-360b10d2f935_Bedroom-1109,bedroom,4.0,2.028938725135116,9.06289417246593,0.17957738022784894,0.441360113434011,,sparse
e59618e8-5343-4f81-9906-360b10d2f935_LivingRoom-539,livingroom,12.0,2.6149213062791272,22.377602729334892,0.5163321549105133,0.5362504708455276,,neutral
e5a6fc8c-aaa9-460b-bab3-8fcd9aaaf6e2_MasterBedroom-109561,bedroom,6.0,1.6898275320169887,12.629617205247362,0.27065093872563545,0.47507378113622606,,sparse
e5a744d6-d36d-4682-877f-fea6e9614c94_LivingDiningRoom-17836,livingroom,15.0,1.27394978045099,25.406944672747795,1.3493904052847345,0.5903897612722172,,neutral
e5a744d6-d36d-4682-877f-fea6e9614c94_SecondBedroom-17858,bedroom,5.0,0.887891545828755,5.284881024058271,0.8640901348969692,0.9460950922525195,,dense
e5aba2e0-9afc-476c-8ddf-10b253e3001b_MasterBedroom-15912,bedroom,4.0,1.7923185527324677,6.45387300598502,0.2575317851106017,0.6197828801853689,,neutral
e5afb85b-f9b0-48dc-9fa6-cdd46d3193b6_MasterBedroom-30258,bedroom,8.0,0.9864339260165184,9.95794530291373,0.8488567951803159,0.8033785843008368,,dense
e5afb85b-f9b0-48dc-9fa6-cdd46d3193b6_SecondBedroom-30334,bedroom,9.0,0.9844598272146613,12.239288670315826,1.5467753200974619,0.7353368518734154,,dense
e5c7cabf-6a21-4575-b2bf-e9fe187eb6f9_MasterBedroom-16132,bedroom,5.0,2.0449726706882023,17.31160473283274,0.2592034630317466,0.2888235999587681,,sparse
e5d0d4f7-dff4-48dc-982d-0a4bce850a39_MasterBedroom-17838,bedroom,6.0,1.7173959849385032,13.971144168258348,0.5249629342612432,0.42945659480285525,,sparse
e5d0d4f7-dff4-48dc-982d-0a4bce850a39_SecondBedroom-17932,bedroom,4.0,0.8822246304569044,5.004417674625332,0.8787853580236394,0.7992937960158312,,dense
e5f5c020-50fd-4deb-83ca-ad91542fd9c2_MasterBedroom-11697,bedroom,9.0,2.433717942441571,23.64803720134341,0.43424649819273464,0.380581268685112,,sparse
e604494e-6f67-4fe9-af75-5f30b819d8aa_MasterBedroom-32060,bedroom,4.0,1.562031447627523,6.638285628595347,0.22892170045027518,0.6025652139415995,,neutral
e60add0b-e098-43fb-8555-704624ea66a6_MasterBedroom-8605,bedroom,3.0,1.3790383349050677,4.400053819289767,0.2861205689744912,0.6818098421542134,,neutral
e60add0b-e098-43fb-8555-704624ea66a6_SecondBedroom-8812,bedroom,4.0,1.7052886624415269,6.6595592167413225,0.16935104375225749,0.6006403531850105,,neutral
e60d4680-8a03-4f74-be43-99483b9ad9d3_MasterBedroom-9093,bedroom,8.0,1.5043843131204777,14.83488185794602,0.7852088289955164,0.5392695456967831,,neutral
e6298d68-3c6d-40d9-96cb-0596e02c268a_MasterBedroom-16187,bedroom,6.0,2.1787558941293343,17.80151639579525,0.3376104874009386,0.33704993813994466,,sparse
e6298d68-3c6d-40d9-96cb-0596e02c268a_SecondBedroom-9321,bedroom,5.0,1.51240619946767,4.903271691241464,0.31229370545393537,1.019727299413434,,dense
e64176c6-724a-471a-bd2c-81fc36504a59_Bedroom-11388,bedroom,4.0,0.7684850792090098,2.990945294408631,0.42658292824834043,1.3373698300258878,,dense
e6471913-4880-4757-b422-0fbc0ec6aa21_MasterBedroom-32890,bedroom,6.0,2.0628735110598924,16.16281648846427,0.2693551685739884,0.37122242922712895,,sparse
e6471913-4880-4757-b422-0fbc0ec6aa21_SecondBedroom-33041,bedroom,8.0,1.7615706357438692,13.121682899117157,0.46477095941596325,0.6096778943300215,,neutral
e6518ae8-5905-490a-8314-7823a310f117_MasterBedroom-25765,bedroom,5.0,1.9369900147347767,8.990522177462887,0.31310506569073265,0.556141223090892,,neutral
e6534ac2-3e67-4cb1-8776-f1b5ae914105_SecondBedroom-5427,bedroom,4.0,0.7157858610153202,2.89229275233874,0.48583040842071046,1.3829858670999178,,dense
e659092e-6b62-40b4-a6e0-26801c6b7fcf_Bedroom-52264,bedroom,8.0,1.9506193661324829,23.713196890957736,0.656018734221821,0.33736488744166515,,sparse
e659092e-6b62-40b4-a6e0-26801c6b7fcf_Bedroom-52786,bedroom,8.0,1.9431320919870745,19.17194854006352,0.42690446554642886,0.41727631300920937,,sparse
e68032b2-11be-476a-b4b3-cf9a601db316_Bedroom-117313,bedroom,4.0,1.9832265353316512,5.617978569510981,0.4515016597337971,0.7119998680144807,,neutral
e68032b2-11be-476a-b4b3-cf9a601db316_LivingRoom-117225,livingroom,10.0,2.518700701811842,26.099625455586253,0.3597994089816206,0.38314726075349265,,sparse
e68032b2-11be-476a-b4b3-cf9a601db316_MasterBedroom-117275,bedroom,4.0,1.9029870418244947,6.673041576097688,0.38636223822634225,0.5994268062599349,,neutral
e68e32cc-4817-4f5b-9faa-01f48e210839_MasterBedroom-39086,bedroom,6.0,0.6110115475911808,3.24378933639828,1.0111608335012905,1.849688551804064,,dense
e6a4a8f1-d501-40d8-ba95-ef8163fe2d23_Bedroom-11582,bedroom,5.0,1.5543864364728166,9.244011677168954,0.7513765702369188,0.5408907057472786,,neutral
e6a4a8f1-d501-40d8-ba95-ef8163fe2d23_MasterBedroom-11479,bedroom,6.0,1.5852435589939258,15.065585058523546,0.5226977937491525,0.39825867874977905,,sparse
e6ae70c3-73ac-4a31-8cf5-e1e084f9a9e6_SecondBedroom-101913,bedroom,5.0,0.980525701808402,6.066585206915364,0.8789159908543961,0.8241868908888723,,dense
e6c6bd9a-9db2-43cd-aef8-486948914a90_MasterBedroom-40514,bedroom,6.0,1.4305455048878988,8.18217954629148,0.4966403589426423,0.733300945799883,,dense
e6db34b3-c6a1-4e04-b95a-30c415767e82_MasterBedroom-28172,bedroom,3.0,0.6267364819844571,3.2426376160250356,0.35543473792575436,0.9251727621902841,,dense
e6e919bb-01bf-4003-a676-5276ce19e2b9_DiningRoom-16306,diningroom,8.0,0.9429196885653905,3.657518084310965,1.384307947637712,2.187275582946874,,dense
e6e919bb-01bf-4003-a676-5276ce19e2b9_MasterBedroom-7783,bedroom,6.0,1.6832783657805648,13.671166354763438,0.40468022843604845,0.43887989102769004,,sparse
e73861c0-7072-467d-be89-e48dad7532c8_Bedroom-301,bedroom,7.0,1.5324163445090488,8.058085132727534,0.514646408185582,0.868692733410054,,dense
e75b15c9-b89c-482b-8d0c-14b1b951fd08_SecondBedroom-1541,bedroom,5.0,1.6529669892282377,9.154421868010997,0.19593725254750477,0.5461841361574001,,neutral
e75c45f8-283d-46d2-b5d2-7603205b46c1_Bedroom-394,bedroom,3.0,0.859656810760498,1.327692944077123,0.7568026954936241,2.2595585925067145,,dense
e75e3c07-5b75-4a26-8933-cb6050aa6678_LivingDiningRoom-11555,livingroom,9.0,2.4977307716551014,23.65119360282644,0.28023931462957274,0.3805304777059731,,sparse
e7617091-5ec2-4f8b-801f-848e260ef807_Bedroom-3065,bedroom,4.0,1.7994078464445733,6.780175642319379,0.14375077095474872,0.5899552181264246,,neutral
e76449f3-2e35-4597-8382-bc258aaeae09_Bedroom-69440,bedroom,5.0,1.6120889426386262,6.957323918072997,0.4341473353761775,0.7186671281771906,,neutral
e7750796-5f4c-4d0d-8d32-bda89c09a724_MasterBedroom-2343,bedroom,4.0,1.3714935090912188,5.293326396679077,0.17757634166331346,0.7556684965638085,,dense
e79d4a5f-5089-44c0-bb01-0e2853307d00_Bedroom-6975,bedroom,3.0,1.399967907565007,5.0978712981466225,0.25951149199688295,0.5884809216526665,,neutral
e7c265f5-5542-459e-8df6-d7d7f65cdff5_LivingDiningRoom-554,livingroom,6.0,2.416916759808858,5.9866280834028816,0.5744970650490442,1.002233630753544,,dense
e7c265f5-5542-459e-8df6-d7d7f65cdff5_MasterBedroom-245,bedroom,3.0,0.859656810760498,1.702345013683375,0.5853869111497993,1.7622749653484637,,dense
e7cc0ba0-e5d7-4b0b-9708-07e7a18a0fd8_LivingRoom-52289,livingroom,6.0,1.0797993991759125,18.26569984609065,0.763549561505013,0.3284845393582968,,sparse
e7e9f7bd-8fac-434a-b34e-090a55495daf_Bedroom-1021,bedroom,4.0,0.9683618298192029,6.994726963913658,0.6926464166789265,0.5718593478539351,,neutral
e7fbb76b-21ef-4109-8633-c1433d79cd35_LivingDiningRoom-379,livingroom,7.0,1.1799152124495733,2.664229022523486,0.865405094233463,2.627401751434187,,dense
e7fed67a-ded2-424e-93fd-c64e5a35ae8b_Bedroom-21984,bedroom,4.0,1.5410094013402975,4.657743394854587,0.3879952284844233,0.8587849653587193,,dense
e7fed67a-ded2-424e-93fd-c64e5a35ae8b_Bedroom-22027,bedroom,5.0,1.9145663366220422,8.277701749727601,0.2820440126104756,0.6040323934314905,,neutral
e7ff83c3-7b24-40fb-9e6f-c5a7f4b11903_SecondBedroom-61396,bedroom,8.0,1.7081943816368708,15.953814566554122,0.2681437055178913,0.501447473055839,,sparse
e802c7bd-5cee-421f-9fd7-b5fa4007122f_LivingDiningRoom-23413,livingroom,14.0,3.5215073310842926,27.8326719456537,0.3824818854894215,0.5030059646208784,,sparse
e8093c84-2ce4-4be4-ab4a-e37269d14c47_SecondBedroom-14540,bedroom,5.0,1.389699000433955,4.841381969812883,0.42542871537306665,1.0327629654458452,,dense
e812a184-e26d-4700-b7b1-940b7cfbcd43_MasterBedroom-10156,bedroom,5.0,1.9769775324667347,8.913934125078407,0.36419406835323714,0.5609195591801639,,neutral
e812a184-e26d-4700-b7b1-940b7cfbcd43_SecondBedroom-16519,bedroom,4.0,1.4422491220938796,5.018461112104369,0.39023228283808326,0.7970570879491577,,dense
e8472697-64b0-4c0c-9980-4d8ae0a48c99_MasterBedroom-10650,bedroom,6.0,1.8123672456965099,13.981311351728106,0.30698869382249044,0.4291442947702036,,sparse
e859dbc0-b994-41be-8d51-9857389a0a74_Bedroom-54233,bedroom,7.0,2.4222357270604102,16.315607716795288,0.17110166973256738,0.4290370375106653,,sparse
e876d240-71f0-4ac0-abcc-6205a5247c38_SecondBedroom-28761,bedroom,5.0,1.977576615073294,10.65188202237392,0.20367553014850398,0.46940061760895097,,sparse
e87ede27-f7ba-488c-bfd1-8e1832d96662_LivingDiningRoom-79190,livingroom,12.0,2.491715789792339,23.186748828230318,0.43847136704859513,0.5175369815275597,,sparse
e8924da7-9ca0-4eaa-b936-6636786c97cb_Bedroom-338,bedroom,4.0,2.0724009129000547,11.377967587321688,0.11377729313276869,0.35155663516366004,,sparse
e892807a-549e-4a8f-855b-075fa1b70c9f_Bedroom-19731,bedroom,5.0,1.881456024369739,7.222020155918819,0.2432570849020587,0.6923270625189604,,neutral
e892807a-549e-4a8f-855b-075fa1b70c9f_LivingDiningRoom-19931,livingroom,15.0,3.515425511476978,32.22211231577002,0.3981571317576466,0.46551882921278126,,sparse
e8935429-7f9b-4a4b-bc21-58c0b0d82198_Bedroom-7954,bedroom,3.0,2.133820952832378,6.408688669690255,0.27323513399053245,0.46811448560271474,,sparse
e89afe87-760f-4291-bc6f-8554c65dd30c_LivingDiningRoom-16265,livingroom,10.0,2.562951279459885,29.11245854004771,0.3702868910235065,0.34349555144041816,,sparse
e89afe87-760f-4291-bc6f-8554c65dd30c_SecondBedroom-16306,bedroom,4.0,1.7307296808262833,7.285397022617313,0.25850504989301176,0.5490435164455844,,neutral
e8ab029f-1144-4c2b-a139-4d5d97c3724c_LivingDiningRoom-12300,livingroom,5.0,1.3751632933501057,6.502388026573561,0.3766338025004118,0.7689482663240499,,dense
e8d25f33-3e52-4ea6-904c-2aa8156e63a4_LivingDiningRoom-26523,livingroom,11.0,2.760644049385832,31.58796091220747,0.6859874067219562,0.34823393730834157,,sparse
e8d819e4-bfb3-406e-a683-0ea452650633_LivingDiningRoom-163914,livingroom,17.0,2.9941373601193857,35.27932904895171,0.5597642049019323,0.48186857455286947,,sparse
e8f14d6c-c37d-4ad2-9cf9-cdd57cdfe2b1_Bedroom-17102,bedroom,4.0,1.6933418987684423,5.6353587595293435,0.16051185849113403,0.7098039664708186,,neutral
e8f14d6c-c37d-4ad2-9cf9-cdd57cdfe2b1_Bedroom-19071,bedroom,5.0,1.7606105062675694,6.11611610528855,0.3417667143155473,0.8175122764063529,,dense
e8f14d6c-c37d-4ad2-9cf9-cdd57cdfe2b1_DiningRoom-20935,diningroom,8.0,0.9305222632326139,3.8694885837636095,0.9796247601034931,2.067456674654122,,dense
e8f2696c-3f35-4c36-b414-5127c639c31b_Bedroom-65398,bedroom,5.0,1.97156283341746,12.119111914716559,0.2201180453740857,0.4125714850383028,,sparse
e8f90f1b-9c87-4777-b9ce-e678eadb8e48_Bedroom-986,bedroom,7.0,1.2643840712400556,11.100898359491074,0.19565990531313585,0.630579595750926,,neutral
e8ffd31e-be4d-4840-ba76-5a89b17ec8dd_DiningRoom-4509,diningroom,9.0,1.4236299102903918,10.807828337346924,0.3065878565004377,0.832729732475497,,dense
e93b3e34-be1b-4c2f-83f2-f055304c7c7a_LivingDiningRoom-48904,livingroom,5.0,1.6276334049794765,9.541490429544819,0.35514262268853,0.5240271461697129,,sparse
e93b3e34-be1b-4c2f-83f2-f055304c7c7a_MasterBedroom-48291,bedroom,5.0,1.7916599780473543,7.417208227147655,0.40976817093660084,0.6741080804094924,,neutral
e95ecf25-bf6b-443b-9f23-c2151152da14_MasterBedroom-18042,bedroom,5.0,1.3878593702566757,9.90390473235019,0.5144247105093767,0.5048513828760854,,sparse
e95ecf25-bf6b-443b-9f23-c2151152da14_SecondBedroom-18007,bedroom,7.0,1.0666429946527107,6.549269793361045,0.7175283631501373,1.0688214443533626,,dense
e97de662-f2d1-4d7f-9179-ae7718710e88_LivingDiningRoom-60592,livingroom,16.0,3.494772531405256,28.208487928325752,0.5656909801776037,0.5672051632350519,,neutral
e9b86353-f0b6-4842-9946-262ac8888fed_MasterBedroom-28940,bedroom,6.0,0.966682898579862,7.293307305385736,1.3651574335469705,0.8226720401002856,,dense
e9c4facf-557a-4002-8d8f-acce694871c2_Bedroom-98585,bedroom,7.0,1.8534877998576476,9.596841489205167,0.30112808400663427,0.7294066498726506,,dense
e9ebe917-5812-429a-9154-913dcacb49ff_MasterBedroom-33111,bedroom,5.0,1.8123283477469045,10.598214376968054,0.3693096958497577,0.4717775865023033,,sparse
ea107e07-4507-4189-aa07-445d944d5fce_MasterBedroom-40319,bedroom,8.0,1.1626892217086486,8.100422396612247,0.8194041197580116,0.9876028197425549,,dense
ea328f5b-1235-4041-9b77-8fc1a7eea639_Bedroom-9092,bedroom,5.0,2.1120013805641835,9.59294574872691,0.2600242947688219,0.5212163323933688,,sparse
ea497775-7cb7-4f4d-ad49-eeae6970961d_LivingRoom-4789,livingroom,19.0,3.2702221390448063,30.237480031189996,0.2836561944799683,0.6283592409288564,,neutral
ea74c6b6-9d8b-46bb-bea4-b08ecce7e2a7_MasterBedroom-2243,bedroom,5.0,1.845532263742894,7.7682883953266675,0.2572373052764514,0.6436424274629087,,neutral
ea7e0a92-a291-446c-b428-75aafe1db99a_SecondBedroom-31150,bedroom,4.0,1.3111965512163857,5.194035543712397,0.16835661220164222,0.7701140984378074,,dense
eaa1c03f-cd76-4ecb-abcc-0e66fa5a2c07_MasterBedroom-27465,bedroom,5.0,1.3948133016255482,8.754314601480143,0.7026371966648609,0.5711469404074901,,neutral
eadbefb4-5962-4aea-838c-15591fa851c3_MasterBedroom-26128,bedroom,7.0,2.074446387272928,17.873002926327477,0.34495429831160923,0.3916521487102085,,sparse
eadbefb4-5962-4aea-838c-15591fa851c3_SecondBedroom-26399,bedroom,6.0,1.429521487737192,9.891046706821982,0.5316158080834122,0.606609207078329,,neutral
eae6025c-f93b-49d3-85e5-fabd2958cbd1_Bedroom-60232,bedroom,7.0,2.3898849594894434,16.201795504963204,0.17231738700427043,0.4320508796605687,,sparse
eafd826b-cd4d-4ecc-ad0e-56b3b2a461b8_SecondBedroom-51694,bedroom,7.0,1.7446775502454093,11.28892940298605,0.47626436519686166,0.6200765147976229,,neutral
eb014623-6b94-4fb0-b33d-39773cb0cd8c_SecondBedroom-77167,bedroom,5.0,2.0306459426879884,7.931197701210454,0.3992080024126393,0.6304218087057524,,neutral
eb0ff29a-8033-47b1-85cf-969415958f2e_MasterBedroom-101816,bedroom,5.0,1.5970598697662353,5.625569504426919,0.23881868831455738,0.8887989022383171,,dense
eb14cc50-f729-48f8-aadf-b5e2309927ab_Bedroom-13740,bedroom,3.0,1.6997648554182228,3.7360875335718267,0.3400974177544098,0.8029790450685448,,dense
eb169c9a-318d-42b2-b629-bbacea5c2e55_MasterBedroom-32334,bedroom,5.0,0.9863912062607982,6.369391960803051,1.049181477425844,0.7850042878142487,,dense
eb19c2b1-7eca-4389-9ee7-ff27db482cf4_MasterBedroom-48901,bedroom,5.0,2.153274389856455,15.911799574396134,0.2532099496558161,0.3142322134352144,,sparse
eb19c2b1-7eca-4389-9ee7-ff27db482cf4_SecondBedroom-46831,bedroom,3.0,1.4054154720730898,4.5709879147941415,0.31878100591389447,0.6563132644237384,,neutral
eb1f5725-ab22-470d-b345-cca532813d98_MasterBedroom-25667,bedroom,6.0,0.6378344535827637,3.695362274343888,1.1162000300877073,1.6236567769435544,,dense
eb25553f-fc01-4dc0-b53b-fdc991d1abdd_MasterBedroom-32109,bedroom,6.0,1.742132877784569,12.283033702344893,0.5442696211208105,0.48847867272842943,,sparse
eb29ee2c-5f25-4dbe-965a-ec1c07904585_MasterBedroom-534980,bedroom,7.0,1.6217030346559995,10.680882988170733,0.7128957562532834,0.6553765271796933,,neutral
eb29ee2c-5f25-4dbe-965a-ec1c07904585_SecondBedroom-534911,bedroom,7.0,1.405664937964453,9.601659914900823,0.6778157494899897,0.7290406098571243,,dense
eb29ee2c-5f25-4dbe-965a-ec1c07904585_SecondBedroom-535020,bedroom,7.0,0.9547429147643204,6.18011186188307,1.6253911679096187,1.1326655821836713,,dense
eb41d9bd-e372-479c-9dc9-ea9f738bf9c4_MasterBedroom-28978,bedroom,7.0,1.4347768298731107,14.435646117103706,0.5778358160665208,0.48491075101281605,,sparse
eb8a0928-94bb-4434-bf48-07f311399345_Bedroom-311972,bedroom,5.0,2.232785654630738,14.688495829140056,0.42396336039430144,0.340402452242976,,sparse
eb8a0928-94bb-4434-bf48-07f311399345_Bedroom-312023,bedroom,4.0,1.6549399324104572,4.995529135545455,0.30140335978240784,0.8007159785213114,,dense
ebb55c6a-0af2-4727-ad86-b18d0061a415_Bedroom-25883,bedroom,5.0,1.7525298777431644,5.949000952164599,0.3526553919526821,0.8404772566359574,,dense
ebb55c6a-0af2-4727-ad86-b18d0061a415_Bedroom-25921,bedroom,5.0,1.822261786097656,6.452030018797674,0.33763084679490474,0.7749498972312193,,dense
ebbca084-db5d-4491-8fdc-dafa44c1ad3d_LivingDiningRoom-8006,livingroom,16.0,3.7341567781572187,49.23428892637556,0.5515580543303179,0.324976766170549,,sparse
ebd41253-638e-4273-80b7-971625b5144a_SecondBedroom-32722,bedroom,4.0,1.5091110782504848,6.574795286381168,0.2434203086124832,0.6083839611379961,,neutral
ebead38b-ebb9-4569-a92f-f71668596b7c_SecondBedroom-9370,bedroom,5.0,1.7363792763913914,7.119458287447539,0.3374997820014225,0.7023006243067118,,neutral
ebef71f6-da6e-4b58-ae51-40797ed0114b_LivingRoom-14,livingroom,9.0,2.933094657646791,17.853861804742134,0.2629672705272731,0.5040926214411229,,sparse
ebef71f6-da6e-4b58-ae51-40797ed0114b_MasterBedroom-203,bedroom,6.0,1.3133912493586197,9.997545843126384,0.6442466329839751,0.6001472855586036,,neutral
ebef8637-55d8-48d2-bc27-e880c51f36e8_LivingDiningRoom-2829,livingroom,11.0,2.998705337922044,21.186505491346217,0.3877783831247562,0.5191984116726107,,sparse
ebef8637-55d8-48d2-bc27-e880c51f36e8_MasterBedroom-3260,bedroom,4.0,1.9600862584229761,8.582381390738938,0.37537398246927023,0.46607110752690545,,sparse
ec01eea8-8fd5-4de5-bba3-e91f525ea4c0_MasterBedroom-24596,bedroom,6.0,1.3002548011861639,10.312086308180746,0.7341523853228309,0.5818415227227203,,neutral
ec1d45dd-4935-490b-9c2b-f6caf4261d82_LivingDiningRoom-9763,livingroom,17.0,1.3904822978422882,29.69652877584107,1.3625828618174884,0.5724574790650266,,neutral
ec1d45dd-4935-490b-9c2b-f6caf4261d82_SecondBedroom-6548,bedroom,7.0,1.7451208392633302,14.06455456817854,0.30302003748574163,0.4977050617612663,,sparse
ec35b52a-c501-4e1d-b186-b50e8f97d8e7_MasterBedroom-542,bedroom,6.0,1.9906512815785062,13.405043015258896,0.5798899647124516,0.44759274499680674,,sparse
ec35b52a-c501-4e1d-b186-b50e8f97d8e7_SecondBedroom-292,bedroom,5.0,1.8000096230224725,5.744142101363264,0.3288095850545205,0.8704520034094115,,dense
ec4ce2f3-bf90-45ed-b90a-84f89d87afba_Bedroom-21938,bedroom,4.0,1.347128087712236,4.637332021206087,0.25880679360749587,0.8625649364135181,,dense
ec4ce2f3-bf90-45ed-b90a-84f89d87afba_Bedroom-22004,bedroom,6.0,1.6127503161622845,10.865341973933514,0.6413631198645519,0.5522145565592222,,neutral
ec4daa9d-bd9a-4d2c-9e9d-20e3ecfa851c_SecondBedroom-63799,bedroom,5.0,1.3141372851510515,12.12434452883846,0.7625711170150425,0.4123934277937425,,sparse
ec766bba-cbde-473f-9983-c5bb1f3e932d_SecondBedroom-1052,bedroom,3.0,0.9857745540438486,4.348391449925049,0.4973832760868479,0.6899102885623855,,neutral
ec8a5215-83a6-4325-ad7e-176c9c6f450f_MasterBedroom-392,bedroom,7.0,1.940472592718083,17.556440319541828,0.2144989898020835,0.3987140828433426,,sparse
eca62dc1-f5a9-4b74-a568-420fc7e66d68_LivingDiningRoom-25714,livingroom,15.0,1.5438592488124527,22.29100412194022,0.9911579284215968,0.6729171964593578,,neutral
ecb22a4f-559a-415f-9e24-055a1df32899_Bedroom-10575,bedroom,5.0,1.509539164801777,5.188076799373358,0.21213207391286848,0.96374826228554,,dense
ecb9cf66-3f1a-46a1-846c-0b97406d762f_LivingDiningRoom-5162,livingroom,11.0,4.002770708379209,37.67527327215636,0.3557655113984982,0.2919686851516342,,sparse
ecbff5e1-39fd-4a37-acd1-e836f987a981_MasterBedroom-17404,bedroom,5.0,1.6268319980886166,7.034487402330679,0.31612907902163423,0.7107838445120238,,neutral
ecbff5e1-39fd-4a37-acd1-e836f987a981_SecondBedroom-15800,bedroom,5.0,1.7621674217316063,6.7543783483181254,0.29121865656247814,0.7402605750157637,,dense
ecc2066b-925b-4fa3-8734-e811352a45f5_Bedroom-115907,bedroom,4.0,1.3460070618090338,5.114452453729963,0.3230173937657627,0.7820974065528374,,dense
ecc2066b-925b-4fa3-8734-e811352a45f5_DiningRoom-118252,diningroom,8.0,1.4927180610763024,10.340444144580536,0.6057682181108268,0.7736611588577488,,dense
ecdbeecd-1c5e-4605-a682-ca1085fd0721_DiningRoom-12178,diningroom,6.0,0.4797558148701986,0.6319362118835272,1.1349865125067593,9.494629184354869,,dense
ecdbeecd-1c5e-4605-a682-ca1085fd0721_LivingRoom-10766,livingroom,6.0,1.2792356919551044,10.171390050488345,0.5135754773388034,0.5898898744633169,,neutral
ecfd0c00-3442-4962-bc25-270db6214ab7_LivingDiningRoom-68763,livingroom,14.0,2.451684290665168,26.537807045605422,0.42972689144689136,0.5275492423296655,,sparse
ed0f9c74-bc76-4290-bd21-27912daaee79_Bedroom-44362,bedroom,4.0,0.8811156554370226,3.8129111293337967,0.8589827513524189,1.049067199397037,,dense
ed28807d-83d3-437e-95bd-cf1392ad21e9_DiningRoom-55572,diningroom,12.0,2.072651574642174,23.221049142713422,0.6888074592818244,0.5167725164461616,,sparse
ed3b3a65-f3b1-47d8-9310-593f30c66bc8_MasterBedroom-39087,bedroom,5.0,1.7893757393496206,10.964441873133921,0.49172215284006865,0.45601956377291375,,sparse
ed3b3a65-f3b1-47d8-9310-593f30c66bc8_SecondBedroom-39696,bedroom,5.0,1.8490182778989888,7.1528997184979906,0.2816928573430774,0.6990172093521158,,neutral
ed41e047-ee12-4f00-8add-0ee6b95d1585_MasterBedroom-3712,bedroom,4.0,2.0252870406021484,11.11519997671302,0.2995746878554272,0.3598675694886488,,sparse
ed4b5bca-6791-4177-8dfd-7d25465ced4f_MasterBedroom-4606,bedroom,5.0,1.7877826882009322,7.71805429344866,0.3444215854977424,0.6478316697310831,,neutral
ed8ac36a-974f-4117-8dbc-89e6498bdaab_MasterBedroom-11523,bedroom,5.0,1.860345775945294,6.891322430495272,0.20888606000008217,0.7255501466415432,,neutral
ed9eb96f-9366-485c-aa68-2512ab380096_Bedroom-6019,bedroom,4.0,1.1995705241188228,4.713105316097283,0.20606465938667903,0.8486973516883398,,dense
ed9eb96f-9366-485c-aa68-2512ab380096_MasterBedroom-2721,bedroom,6.0,1.6091950495089415,7.000068174287852,0.5283096544668814,0.8571345093521759,,dense
eda7084f-406e-4d08-8346-d42e75324500_LivingDiningRoom-31431,livingroom,14.0,1.9462224249686753,15.527259153442909,1.050528780365355,0.9016401324695953,,dense
eda7084f-406e-4d08-8346-d42e75324500_MasterBedroom-49089,bedroom,4.0,0.9395109569931627,9.144604703857373,0.5092569251655172,0.4374163924562777,,sparse
edabd944-0255-49c9-a7e6-b509cc392a67_MasterBedroom-17609,bedroom,5.0,2.0945439912403137,12.677160404150301,0.5007884979567305,0.39441009189747883,,sparse
edabd944-0255-49c9-a7e6-b509cc392a67_SecondBedroom-15428,bedroom,5.0,1.7691718313447375,8.019166759469135,0.3531102825384712,0.6235061758874058,,neutral
edd66ac7-760e-45b2-aeeb-0036f683fef8_DiningRoom-63838,diningroom,8.0,1.3558851686663136,12.149171205113584,0.7626913934442942,0.6584811313411075,,neutral
edd66ac7-760e-45b2-aeeb-0036f683fef8_MasterBedroom-59131,bedroom,6.0,1.9475322005907314,16.388981558579818,0.40777356652789126,0.3660996248335475,,sparse
ede1bcab-2298-4756-b03a-690d5cf8dfe5_Bedroom-10952,bedroom,8.0,1.8676159067694376,16.45426782289227,0.3910230327276769,0.4861960487156936,,sparse
ede1bcab-2298-4756-b03a-690d5cf8dfe5_MasterBedroom-11214,bedroom,5.0,1.791002592933086,13.000506016052961,0.37865303565682024,0.38460041430895264,,sparse
ede1bcab-2298-4756-b03a-690d5cf8dfe5_MasterBedroom-6468,bedroom,4.0,1.7438004519789008,11.376176028192944,0.579987345402716,0.3516119995055476,,sparse
ede1bcab-2298-4756-b03a-690d5cf8dfe5_SecondBedroom-12217,bedroom,6.0,1.9199229045395814,16.531116585378026,0.43889393817066613,0.36295188948743323,,sparse
ede1bcab-2298-4756-b03a-690d5cf8dfe5_SecondBedroom-4527,bedroom,8.0,1.3079161339985155,10.781113513256152,0.9893875013891309,0.7420383794460031,,dense
edf37e82-ff08-4c09-a370-35ddd304c720_MasterBedroom-19679,bedroom,5.0,1.5826669618701998,6.446064395065846,0.5074434438498558,0.7756670882511291,,dense
edf37e82-ff08-4c09-a370-35ddd304c720_SecondBedroom-19717,bedroom,5.0,1.6938462791999662,6.779344870807169,0.17940643637815454,0.7375343923762777,,dense
edf9bdcc-bd49-4c27-960f-05511abffcbb_Bedroom-1778,bedroom,6.0,1.734413176983082,7.791054819037161,0.438555824173281,0.7701139498260514,,dense
ee137a12-e725-44c0-8f12-42078b028705_Bedroom-16514,bedroom,5.0,1.8189125491730347,7.533858219431904,0.27933305553098203,0.6636705728153494,,neutral
ee137a12-e725-44c0-8f12-42078b028705_Bedroom-16603,bedroom,5.0,2.1765842842269265,17.40015864013319,0.3694281570506661,0.2873537019638189,,sparse
ee165625-1a56-41fa-b145-232f235a4257_LivingDiningRoom-1028,livingroom,16.0,2.6283465580493384,34.033889682135836,0.4070566912876842,0.47011964102352644,,sparse
ee165625-1a56-41fa-b145-232f235a4257_MasterBedroom-2433,bedroom,5.0,1.8092833583182166,7.876573656131753,0.3285591898100796,0.6347937844912555,,neutral
ee1efacd-d7a1-48c9-bc7e-808187b95022_Bedroom-871,bedroom,5.0,0.9091126192409084,6.4973593861298085,0.9608768619091648,0.769543394917282,,dense
ee2c0ae0-2f44-4e83-80ff-bffcace07edb_Bedroom-16438,bedroom,7.0,1.5662646566709928,15.06605296101116,0.5853256843201625,0.46462069515585946,,sparse
ee2c0ae0-2f44-4e83-80ff-bffcace07edb_Bedroom-21222,bedroom,6.0,1.3088827570366126,7.783833439732194,0.6310033919853695,0.7708284159027987,,dense
ee37e9da-454f-4026-83ef-50c8172e976e_Bedroom-17674,bedroom,5.0,1.8906624473081615,15.797874507336749,0.429962541883673,0.31649827308590983,,sparse
ee3d1267-f097-43b5-9a18-2e408f379b3a_Bedroom-7022,bedroom,3.0,1.0989563862482707,2.1734696247341265,0.8961396638048482,1.3802815396451562,,dense
ee3d1267-f097-43b5-9a18-2e408f379b3a_DiningRoom-7959,diningroom,4.0,1.3047478644020267,3.9640536906906987,0.1384859541675452,1.0090680682236264,,dense
ee41dcf6-414a-4e05-b33f-db4272c90ed0_Bedroom-58778,bedroom,4.0,1.463263231019179,2.64316374450213,0.8690693655692139,1.5133379490090748,,dense
ee4ca189-a9b5-4049-a0ee-9f78402ab039_MasterBedroom-22804,bedroom,4.0,1.9293381233895135,8.417809762993631,0.449925087191336,0.47518298852330887,,sparse
ee5aedcc-fd1e-4de2-93f1-dac088683d96_MasterBedroom-34953,bedroom,5.0,0.9863509702696392,6.371260376834451,1.0488540970176645,0.7847740798947289,,dense
eea7b665-1c20-40db-89b9-7b87a3c9baa7_LivingDiningRoom-16369,livingroom,15.0,2.840802997371277,26.100807826168804,0.5875899390885193,0.5746948561860573,,neutral
eeb71e43-2988-439e-867e-cb143cb3988a_Bedroom-1511,bedroom,6.0,0.7832286437352498,7.146466315577623,1.215828698651548,0.8395757756419289,,dense
eeb71e43-2988-439e-867e-cb143cb3988a_Bedroom-2394,bedroom,6.0,1.860348550797124,14.208881607531481,0.3473046947692247,0.422271095342203,,sparse
eeb71e43-2988-439e-867e-cb143cb3988a_Bedroom-3153,bedroom,4.0,1.578683142614467,6.894751651692809,0.4040797841808423,0.5801514256163113,,neutral
eed2d8f7-791e-41f8-a367-075ff0434685_MasterBedroom-267,bedroom,4.0,0.9562974383158496,5.588094056251397,0.5533482318950005,0.7158075651080358,,neutral
eed2d8f7-791e-41f8-a367-075ff0434685_SecondBedroom-431,bedroom,6.0,0.8635207112149406,6.087038160575087,0.9751223789274842,0.9857010653984689,,dense
eeeeb368-bd8c-4601-8bd1-b6f82e2cea1f_SecondBedroom-138968,bedroom,4.0,1.1068312930814328,5.560820353687186,0.27805418980083396,0.7193183281577762,,neutral
eefd3f2e-a33c-40b0-bd87-3b1a9b111170_Bedroom-5388,bedroom,6.0,1.7569107716325674,8.274007561264993,0.28686098771037116,0.7251624990154921,,neutral
ef0613b7-4461-461b-96c6-cb140f7a2f2a_Bedroom-16717,bedroom,5.0,2.1492808718990384,10.42062344850844,0.22504990277184564,0.47981774072410965,,sparse
ef17e0e8-f83d-466e-9a2c-096d97599757_DiningRoom-233,diningroom,6.0,1.3008262257340912,3.373719091452843,0.44469733607956163,1.7784527512088113,,dense
ef17e0e8-f83d-466e-9a2c-096d97599757_MasterBedroom-1446,bedroom,7.0,1.5385469657134663,10.855528456758535,0.7392507177844517,0.6448327253604936,,neutral
ef2017f0-bd05-48e9-bb25-a7469c906b48_Bedroom-12411,bedroom,8.0,1.2391476789808618,12.104439481509331,0.5895228744222225,0.660914535714004,,neutral
ef2017f0-bd05-48e9-bb25-a7469c906b48_Bedroom-12837,bedroom,6.0,1.6010353439218052,12.736199730812482,0.7286691439853683,0.47109813969737746,,sparse
ef2e95fa-9458-47f8-9779-c3a3c644d670_MasterBedroom-2751,bedroom,10.0,2.013581425701416,17.171554730286886,0.5180294375646095,0.5823584501851877,,neutral
ef3b2db3-0291-4ec4-ab26-87cda512e2fa_MasterBedroom-784,bedroom,3.0,1.2421389797567632,10.55516495130975,0.8415323152485464,0.2842210438054539,,sparse
ef3b2db3-0291-4ec4-ab26-87cda512e2fa_SecondBedroom-1049,bedroom,4.0,0.898409345668922,5.038596126975227,0.6428891588765129,0.7938719236862675,,dense
ef482642-65a4-4ef5-b8ae-f32d09c0febe_MasterBedroom-18069,bedroom,6.0,1.9541637032903383,11.751326855118718,0.782965807120789,0.5105806411457683,,sparse
ef482642-65a4-4ef5-b8ae-f32d09c0febe_SecondBedroom-18088,bedroom,5.0,1.8565279981850729,12.912999089991017,1.3149210995437965,0.3872067182189725,,sparse
ef49fbf5-040b-48d1-9370-e6d496b8d1d0_MasterBedroom-7735,bedroom,6.0,1.4905701920842787,10.793221140521764,0.5093776415658786,0.5559044813298386,,neutral
ef49fbf5-040b-48d1-9370-e6d496b8d1d0_SecondBedroom-7697,bedroom,5.0,1.5231763144461095,8.37040961446222,0.6918069562064003,0.5973423321316442,,neutral
ef5257c8-753d-43a1-a653-ecd20ef21bfd_MasterBedroom-32084,bedroom,7.0,1.3626000450811593,9.75748625435726,0.9932728548252593,0.7173978848162978,,neutral
ef5257c8-753d-43a1-a653-ecd20ef21bfd_SecondBedroom-32163,bedroom,3.0,1.1804334032894994,4.848765239528489,0.8439855641875379,0.6187142193528287,,neutral
ef538119-2339-4538-94d3-06711fe4ae99_LivingDiningRoom-814,livingroom,3.0,0.5626265207926432,0.5649094480852024,0.7192945249093735,5.3105856348636,,dense
ef543f0b-22b8-463f-9def-0bfa6cae51ea_LivingDiningRoom-79295,livingroom,18.0,1.6260615667882092,25.283751887324893,1.668176521809547,0.7119196581352176,,neutral
ef543f0b-22b8-463f-9def-0bfa6cae51ea_MasterBedroom-79424,bedroom,6.0,1.892164647278992,15.527744036731136,0.30847244256023953,0.38640513301912377,,sparse
ef543f0b-22b8-463f-9def-0bfa6cae51ea_SecondBedroom-79497,bedroom,5.0,1.7118844628844752,6.498848708319765,0.44066114652544414,0.7693670409035752,,dense
ef5860ab-d989-4605-93b1-5127126696c6_LivingDiningRoom-70961,livingroom,15.0,2.4128097128279142,20.969739264919184,0.38362956565070633,0.7153164763042088,,neutral
ef5860ab-d989-4605-93b1-5127126696c6_MasterBedroom-71012,bedroom,6.0,1.5844274237811276,4.911545172414804,0.5651707959841153,1.2216114866861845,,dense
ef5860ab-d989-4605-93b1-5127126696c6_SecondBedroom-67009,bedroom,4.0,0.7632541656494141,2.3936159452352257,0.545283872286201,1.6711118623530525,,dense
ef6aa693-77da-4bb2-8da5-e041b3a8e01f_MasterBedroom-2036,bedroom,6.0,1.309346383289155,9.284679496312625,0.9355951617261301,0.6462258608262005,,neutral
ef8fd1e1-1ffe-443c-9250-051ead3af79f_LivingDiningRoom-3061,livingroom,10.0,2.5034531444247876,21.564861458960667,0.6692717326646476,0.4637173310401576,,sparse
ef9270fb-978c-4918-a560-98c6408f12f5_LivingRoom-23777,livingroom,7.0,2.407230345404648,16.839675681370462,0.464405738689703,0.4156849652243611,,sparse
ef9270fb-978c-4918-a560-98c6408f12f5_SecondBedroom-23730,bedroom,4.0,1.857889233262359,13.106296823369686,0.17950733350833442,0.30519681141874083,,sparse
ef9e8fac-ec60-453d-83a0-d286699a1f1a_Bedroom-10393,bedroom,5.0,1.509539164801777,5.188076799373358,0.21213207391286848,0.96374826228554,,dense
ef9e8fac-ec60-453d-83a0-d286699a1f1a_Bedroom-6995,bedroom,4.0,1.5030443213653202,6.175473885433519,0.2220682731604735,0.6477235713740209,,neutral
efae3b03-c5e7-42b6-8a1d-74a60df65af1_MasterBedroom-75082,bedroom,5.0,1.345751671530786,11.906410185778952,1.039967715788188,0.41994185669598494,,sparse
eff4c634-9e2d-45fa-b05f-75a972098be2_MasterBedroom-10048,bedroom,4.0,1.7760539799928665,2.229011405619341,0.9083873501602224,1.7945175111782712,,dense
eff72f0f-049a-47b3-8685-b1b6af535435_Bedroom-17592,bedroom,4.0,1.318584454889659,6.019682345862726,0.2710891368681824,0.6644868898687261,,neutral
eff72f0f-049a-47b3-8685-b1b6af535435_MasterBedroom-17488,bedroom,5.0,1.6350306042889886,7.273862907961473,0.4083180299289843,0.6873926637423069,,neutral
f006ad67-40d2-4068-950c-2ce3805d3932_Bedroom-37799,bedroom,4.0,1.058540207911357,8.12244606700008,0.8033977754533296,0.49246248814765575,,sparse
f01bcd18-7d36-43ed-ab2d-271530c07d6a_LivingRoom-1738,livingroom,19.0,2.3192079847249043,28.62109039966912,1.3490570778478375,0.6638461265689463,,neutral
f01d52ec-ff3e-4157-b0bc-9c29e849f03c_Bedroom-23192,bedroom,5.0,1.9269138141651356,9.581529833599193,0.42290589601480705,0.5218373356691628,,sparse
f01d52ec-ff3e-4157-b0bc-9c29e849f03c_Bedroom-23794,bedroom,3.0,1.6894591740316078,4.123189936700369,0.006130749459165259,0.727591996986873,,neutral
f01d52ec-ff3e-4157-b0bc-9c29e849f03c_LivingDiningRoom-24470,livingroom,14.0,3.9629212759972128,33.71407133102556,0.442474264306143,0.4152568778341649,,sparse
f01e1a67-a4cb-4a75-b37d-c473c47319a9_Bedroom-74104,bedroom,5.0,0.9490709392491194,5.783473965376333,0.98041534643921,0.864532291479702,,dense
f0203867-54d6-46fd-ba3c-f1519e42b9b5_Bedroom-437,bedroom,4.0,1.9960196420826428,8.374295219222303,0.18056077416888244,0.47765213612465274,,sparse
f034b396-40ea-4ece-ab94-e07445475fa6_Bedroom-12169,bedroom,7.0,1.1748350759106905,11.702234132570412,1.0244715480045246,0.5981763756133668,,neutral
f03e152e-17d0-4b0d-a2b2-f28738902c58_MasterBedroom-79358,bedroom,6.0,1.37974782144718,11.648091325636093,0.5346763891529556,0.5151058514449228,,sparse
f03e56a7-395c-40d1-b453-3aadf7c8a92c_MasterBedroom-29025,bedroom,9.0,1.420128004111377,8.701737949073916,0.8895976708783859,1.03427614721009,,dense
f0799208-0c33-4b7f-83a0-51eff554453f_MasterBedroom-17289,bedroom,4.0,2.1929987599277454,8.558089315191518,0.21643630203511685,0.4673940470450075,,sparse
f081f259-c8d0-4745-974c-0e99b28b7e93_SecondBedroom-164083,bedroom,4.0,1.654906789701436,5.691353909934369,0.14904913700435654,0.7028204647435335,,neutral
f086151e-64f0-4fad-b373-22c20dfc2fce_Bedroom-4751,bedroom,4.0,0.8927499729620326,5.859510875535452,0.8783290506842979,0.6826508363864882,,neutral
f086151e-64f0-4fad-b373-22c20dfc2fce_LivingDiningRoom-5082,livingroom,14.0,2.752090316568567,35.36311937314419,0.4520838549599775,0.39589267712146514,,sparse
f086151e-64f0-4fad-b373-22c20dfc2fce_MasterBedroom-5478,bedroom,5.0,1.7740171529390971,8.725689145604864,0.47949858667211337,0.5730206424461618,,neutral
f091233d-1a13-4a73-b1dd-f244780c76eb_Bedroom-13255,bedroom,5.0,1.7746405614518508,13.370862651063097,0.5075908354001879,0.3739474505485596,,sparse
f091233d-1a13-4a73-b1dd-f244780c76eb_Bedroom-14737,bedroom,5.0,1.9086120926296495,7.728978869057992,0.3314033795182586,0.6469159878307961,,neutral
f093d7c7-6f8a-4929-b88a-2d0cb8f0ddbc_MasterBedroom-39274,bedroom,6.0,1.8575060467152065,17.581947809777287,0.4416923170555761,0.3412591178699445,,sparse
f095b85e-d2c5-44e9-8ea6-ef0fd3cfb977_Bedroom-11125,bedroom,7.0,2.1643019944976283,18.295395500375438,0.2279972649741969,0.38260993045252034,,sparse
f0a56d5a-bbd4-44e4-823f-e3f19e25ed43_MasterBedroom-20448,bedroom,5.0,2.3266704819528874,15.71182674299605,0.308170289393075,0.31823161506213005,,sparse
f0a56d5a-bbd4-44e4-823f-e3f19e25ed43_SecondBedroom-20515,bedroom,3.0,1.9261023203531902,2.2683956348639644,0.7662224226375026,1.3225206193715453,,dense
f0bf6457-59d0-4a44-88f6-152ead9dd17d_LivingDiningRoom-26288,livingroom,15.0,1.3548545397743732,24.056116741013707,1.3016631121703357,0.6235420355450068,,neutral
f0f07050-6651-4075-b2b2-5922d677247e_SecondBedroom-6847,bedroom,6.0,1.7261792569174867,13.127735797927581,0.3623525213702298,0.4570475893449344,,sparse
f105dd34-bc81-432e-83bd-314087015257_Bedroom-495,bedroom,3.0,1.1422467627486723,2.8110822167831966,0.17834086316822007,1.0672046452746542,,dense
f105dd34-bc81-432e-83bd-314087015257_Bedroom-97,bedroom,4.0,1.6587446404699806,6.98355199656234,0.20443148824901441,0.5727744279657406,,neutral
f108224b-4b3f-4919-9ca1-7b4306523f17_MasterBedroom-13063,bedroom,7.0,1.3775738988603867,6.009432009535365,0.94067918813476,1.1648355433413455,,dense
f10d8b7b-fef2-443e-80d7-afc5e71a2e21_MasterBedroom-29464,bedroom,8.0,2.4030566796719226,20.867569337140868,0.1958423079603806,0.3833699972790461,,sparse
f11aa158-fcaf-4b0e-86b8-17e51ed32c18_LivingRoom-22976,livingroom,14.0,1.9012426015849149,17.600724214061426,1.3849728963322903,0.7954218150191362,,dense
f11aa158-fcaf-4b0e-86b8-17e51ed32c18_MasterBedroom-23047,bedroom,9.0,1.4449063227972683,12.999840067579946,0.6701419588703745,0.6923162095236024,,neutral
f11aa158-fcaf-4b0e-86b8-17e51ed32c18_SecondBedroom-23087,bedroom,6.0,1.3181892198914191,8.185168472321028,0.65250614295831,0.7330331709468907,,dense
f12586b0-d5a3-445c-9dca-8a40121851d5_MasterBedroom-391,bedroom,3.0,1.401655706493779,3.6517418675888607,0.11124060076229746,0.8215257564141063,,dense
f158a4ff-e75b-401d-9bf4-8113c3407abc_SecondBedroom-7347,bedroom,5.0,1.7187329592831773,8.17491676173113,0.4612579261073856,0.6116270227247176,,neutral
f16b70be-bcb5-4845-8b84-82b2e5b9b3cc_MasterBedroom-2768,bedroom,6.0,1.3037583286407055,10.800377726429982,1.2255209619377787,0.55553612586319,,neutral
f16b8374-c879-4338-932c-1784f1737a41_LivingDiningRoom-10397,livingroom,17.0,1.0698058349153636,10.652060466162487,1.0910582547497354,1.5959353642426726,,dense
f1840b4a-05d6-4f76-9843-22c5d1a016bf_LivingDiningRoom-15790,livingroom,17.0,1.7239350217630127,28.579736521248716,1.1959159319034416,0.5948270372388034,,neutral
f18ac5cc-b441-40b9-ac1e-a799bdb8cf15_LivingDiningRoom-64631,livingroom,12.0,1.3946107625361228,28.066296775205075,0.8421831462873748,0.4275590789947499,,sparse
f18ac5cc-b441-40b9-ac1e-a799bdb8cf15_MasterBedroom-64701,bedroom,6.0,1.3604702063631016,11.493614975806405,0.6875830759809851,0.5220289710965399,,sparse
f18ac5cc-b441-40b9-ac1e-a799bdb8cf15_SecondBedroom-64669,bedroom,7.0,1.5300963941110985,9.869089020909529,0.48174096478906897,0.7092853236169192,,neutral
f18b38d2-6253-4593-b715-8ad6f55ae549_MasterBedroom-13202,bedroom,3.0,1.7897288161972036,10.975965181841168,0.8235862693263646,0.2733244822025541,,sparse
f18b38d2-6253-4593-b715-8ad6f55ae549_SecondBedroom-13296,bedroom,4.0,1.6375534410473482,9.900974757346031,0.20558330164730612,0.40400062600222253,,sparse
f19be8c6-be96-43dd-ab1a-c409aa126621_MasterBedroom-9574,bedroom,5.0,0.9331407831862915,5.3499007272665455,1.0153654862640167,0.9345967813041417,,dense
f1a605ec-155d-48fd-ac89-d54c3ebdbfb6_MasterBedroom-4922,bedroom,8.0,2.006000662994008,11.968984127565069,0.400601589221458,0.6683942358629809,,neutral
f1a605ec-155d-48fd-ac89-d54c3ebdbfb6_SecondBedroom-4588,bedroom,5.0,1.6533194253392072,9.766218063681825,0.5373867134788587,0.5119689082710304,,sparse
f1b8b50c-14ed-4bb0-a04c-a8ecb2b2aadf_MasterBedroom-448821,bedroom,7.0,1.3059780261935021,9.505200483138287,1.1789843749644944,0.7364389643771978,,dense
f1e40a9c-1791-4411-9b5f-5383ecee8c65_Bedroom-8601,bedroom,4.0,1.5415064258164664,4.965295402519368,0.3352425825520376,0.8055915460680181,,dense
f1e45de4-64ae-4d44-9662-937c1b1e9b73_SecondBedroom-13995,bedroom,6.0,1.7285300146156757,10.656437380159762,0.4626123017176384,0.5630399528430436,,neutral
f242015d-0a67-4ac7-a5ad-30199df3e02c_MasterBedroom-23674,bedroom,5.0,1.706531589097099,12.276127164279105,0.409793964885025,0.40729457532412394,,sparse
f242015d-0a67-4ac7-a5ad-30199df3e02c_SecondBedroom-21986,bedroom,4.0,1.1875763767498047,7.619865758192155,0.7311655743519372,0.5249436311525016,,sparse
f2469055-5566-47f8-9625-99ea6f74ceaf_MasterBedroom-60232,bedroom,6.0,1.9998066875106568,14.281959786432664,0.3822055957613032,0.4201104112966191,,sparse
f2469055-5566-47f8-9625-99ea6f74ceaf_SecondBedroom-60291,bedroom,4.0,2.219007358172682,7.545128500164514,0.2067088047184805,0.5301433898591368,,sparse
f25272c2-6718-4baa-8458-e5ee500eefff_MasterBedroom-36996,bedroom,5.0,1.9033951438166856,9.201626113628295,0.3982427395434373,0.5433822172577331,,neutral
f253dd0f-74f2-429c-b8df-f1bf7bd7b96b_MasterBedroom-28179,bedroom,4.0,1.6195944422316721,8.482318042339001,0.502307326759878,0.4715692078550027,,sparse
f275802e-5bf8-45d9-a851-3d1251461365_SecondBedroom-3517,bedroom,5.0,0.9373242635865878,5.317489927263364,0.8310325279059404,0.9402932715235515,,dense
f2773a3a-b8fb-4b98-8d6a-be6de57103ee_LivingRoom-13428,livingroom,14.0,2.916479463209383,24.347585529351402,0.44874641251061026,0.5750056810817146,,neutral
f2773a3a-b8fb-4b98-8d6a-be6de57103ee_MasterBedroom-13482,bedroom,5.0,2.270754335078564,8.655776937905369,0.2555567517131849,0.5776488969007514,,neutral
f2773a3a-b8fb-4b98-8d6a-be6de57103ee_SecondBedroom-13466,bedroom,7.0,1.6268402728642404,14.17687231686608,0.4037722179700863,0.49376194153009134,,sparse
f2904668-3f84-4395-afe2-2c34074c258f_MasterBedroom-32775,bedroom,6.0,1.313270546601795,9.879727824724974,0.43748239304755054,0.6073041794718697,,neutral
f2993a42-1e68-4247-98f1-8eb62109d7c9_Bedroom-62617,bedroom,5.0,0.9319804331599737,6.697546061808213,0.8663215974098676,0.7465420847960683,,dense
f2993a42-1e68-4247-98f1-8eb62109d7c9_LivingRoom-62595,livingroom,4.0,1.26184127976497,1.0435257048549342,0.7129490351353516,3.83315905050567,,dense
f29cea89-70ae-49d7-8d1f-b7c1e7cada53_DiningRoom-24191,diningroom,6.0,1.2976357798796498,6.164599961494556,0.19611578037270735,0.9732991657978323,,dense
f29cea89-70ae-49d7-8d1f-b7c1e7cada53_SecondBedroom-24256,bedroom,5.0,1.6116896800158886,5.2360039331507835,0.44654841196248346,0.9549267081988674,,dense
f29e10da-f170-43c5-b03b-0f1d88149c55_MasterBedroom-1667,bedroom,5.0,1.7741719305040031,13.0157580705767,0.16006779726130277,0.38414973395233526,,sparse
f29e10da-f170-43c5-b03b-0f1d88149c55_SecondBedroom-1654,bedroom,5.0,1.6292879366835522,6.736529733371928,0.44110021063242794,0.7422219151250271,,dense
f2e4a9e6-3c1a-4638-973c-37e84115bbd1_SecondBedroom-17567,bedroom,5.0,1.4637012885330052,8.716184855079074,0.5966794501855321,0.5736454748417149,,neutral
f2e9f7ec-737a-472e-9e4a-9895805dea77_LivingRoom-46675,livingroom,10.0,2.4245466617326574,30.88237436948623,0.7240116703248906,0.323809299128264,,sparse
f31a5ee6-2ba4-4af7-a286-77887385a068_Bedroom-2604,bedroom,4.0,1.4949881882249816,7.173556724270976,0.5624890227989966,0.557603453035566,,neutral
f31e12c4-1134-42eb-b28f-2e9e19bc47d6_Bedroom-701,bedroom,3.0,1.079818285829142,3.6487323512014456,0.38129644711660854,0.8222033603018778,,dense
f31e12c4-1134-42eb-b28f-2e9e19bc47d6_LivingDiningRoom-1307,livingroom,6.0,1.6850844534749012,9.030024628322245,0.352122504524818,0.6644500150288941,,neutral
f32ae7af-2144-411e-b8f4-d83da5a4f44a_Bedroom-24375,bedroom,6.0,1.0790664024603605,4.77414335118084,0.4867194865169388,1.2567699707877342,,dense
f32ae7af-2144-411e-b8f4-d83da5a4f44a_Bedroom-24581,bedroom,4.0,1.3107668761028781,6.39066739581832,0.6115145809959547,0.6259127180703171,,neutral
f36740a2-e955-492c-9645-c1a2e443e964_MasterBedroom-615,bedroom,6.0,1.3867712748009704,9.004926313918503,0.7124413268460076,0.6663019541565903,,neutral
f36740a2-e955-492c-9645-c1a2e443e964_SecondBedroom-5626,bedroom,4.0,0.8647644299163332,5.00934397198305,0.9944188500323313,0.7985077531851978,,dense
f36889f8-d94b-4ab9-9da1-46e06a27ff90_MasterBedroom-12883,bedroom,8.0,1.6055524127970695,6.882727326730586,0.5051007857444029,1.1623299340844493,,dense
f3719575-1f2b-4a1d-b75f-a8a9c7257fbf_Bedroom-25711,bedroom,5.0,1.3594025565464118,8.307013953757163,0.5194448353483199,0.6019009993041554,,neutral
f3719575-1f2b-4a1d-b75f-a8a9c7257fbf_Bedroom-29147,bedroom,7.0,0.8089143188986254,7.952806783250743,1.1638067125597764,0.8801923887730516,,dense
f371cee2-4111-4f1b-b60f-707e8ccc68a8_LivingDiningRoom-71738,livingroom,7.0,0.9177075629742116,14.24518623235941,0.868368213967072,0.4913940671480151,,sparse
f371cee2-4111-4f1b-b60f-707e8ccc68a8_MasterBedroom-68024,bedroom,5.0,0.9275417970034402,6.127837258135496,1.044381535537201,0.8159485621720541,,dense
f3777947-bb99-4cca-b0e7-9992c971ad87_Bedroom-10003,bedroom,5.0,0.9690211684901726,6.864033930840941,0.9595222895582155,0.7284346275641778,,neutral
f378812e-7afa-4eba-ab73-e537abb57780_MasterBedroom-103832,bedroom,3.0,0.7727471424273241,4.08416078466565,1.0657032900292716,0.7345450285071466,,dense
f378812e-7afa-4eba-ab73-e537abb57780_SecondBedroom-103807,bedroom,4.0,1.1771857329551674,8.838732303454702,0.6255399413227382,0.4525535860427137,,sparse
f385547b-42fa-485e-bc25-ab752182db10_MasterBedroom-22837,bedroom,6.0,1.5644819376305024,11.407518682128853,0.6406588214003832,0.5259688953566798,,sparse
f385547b-42fa-485e-bc25-ab752182db10_SecondBedroom-22967,bedroom,6.0,1.4108471616896452,12.107919442397336,0.5755661003847035,0.4955434357277171,,sparse
f389cf45-34e6-48bb-8f32-46210e8e72a5_LivingDiningRoom-2241,livingroom,17.0,2.4368337907927553,22.42644518694588,0.8867469035675384,0.75803364547028,,dense
f389cf45-34e6-48bb-8f32-46210e8e72a5_MasterBedroom-1458,bedroom,5.0,1.7130083927656947,7.135316439899815,0.31501734611048904,0.70073976986369,,neutral
f39d32b7-b0be-4c78-81e7-3568d573035e_Bedroom-21954,bedroom,6.0,1.8383855594725922,6.594158852521579,0.50410864510709,0.9098961875487159,,dense
f3b70889-71b2-4dbe-87df-02ba6788734c_MasterBedroom-1589,bedroom,6.0,1.4479705575592954,10.503071497282017,0.5219652474107247,0.5712614639967631,,neutral
f3b70889-71b2-4dbe-87df-02ba6788734c_SecondBedroom-1148,bedroom,5.0,1.2827750974046719,10.775596372778466,0.1901056240996845,0.4640114409473524,,sparse
f3c74c10-295f-400e-8953-84f44ab3ea0b_SecondBedroom-7774,bedroom,5.0,1.4457845610630746,9.825736734312045,0.6511907970074815,0.5088676946268781,,sparse
f3cfad69-28ff-4db2-ab70-4cc7f6909985_MasterBedroom-39739,bedroom,6.0,1.6447017033894857,6.63693967057484,0.5790083335138274,0.9040311194331418,,dense
f3cfad69-28ff-4db2-ab70-4cc7f6909985_SecondBedroom-39793,bedroom,4.0,0.9438609465043365,5.38384860305201,0.6672464526741826,0.7429629424817908,,dense
f3d2a31b-305b-4630-9035-4ccf77d2b7e2_Bedroom-16036,bedroom,5.0,1.7888140545222213,11.681806508939498,0.5334581801050532,0.42801599189078776,,sparse
f3fb6d7a-9e84-4954-a6be-b0c3bd6a3ca9_SecondBedroom-10109,bedroom,5.0,2.046908222332486,13.734571489233616,0.47182726983177087,0.3640448487176645,,sparse
f409bc31-7e9a-4bb2-b577-449ddb3ea00a_Bedroom-21016,bedroom,4.0,1.4597316009071586,7.142425286426522,0.1983425544262868,0.5600338595913082,,neutral
f419f189-23f4-42f6-89c1-838f09191f87_LivingRoom-27723,livingroom,14.0,2.19625990214874,24.607174221436445,0.3117475667092691,0.5689397682974892,,neutral
f419f189-23f4-42f6-89c1-838f09191f87_MasterBedroom-26413,bedroom,5.0,1.9627698407347367,12.807752603305904,0.2598227822732304,0.3903885525325819,,sparse
f419f189-23f4-42f6-89c1-838f09191f87_SecondBedroom-27136,bedroom,4.0,1.5323593818480477,4.866998444889618,0.35161296272035003,0.821861778936878,,dense
f43f6f88-1a91-4732-8924-a5d5a9fccadd_MasterBedroom-45245,bedroom,5.0,2.0022726670789557,8.022309215755536,0.2617053933208084,0.6232619393653107,,neutral
f43f6f88-1a91-4732-8924-a5d5a9fccadd_SecondBedroom-40528,bedroom,5.0,1.6058546551134611,10.580961171371246,0.4706152374708285,0.4725468621440959,,sparse
f4491796-1b49-474b-a246-5be7f2d65d99_MasterBedroom-15017,bedroom,5.0,1.0212381183210228,6.680801355090782,0.9339494394720408,0.7484132118656681,,dense
f44dc241-42d4-43c8-a017-9d6d52a0e75d_MasterBedroom-28445,bedroom,7.0,2.2616134315368703,16.445735959696727,0.39379847455739964,0.4256422465467508,,sparse
f451b16e-3457-41e1-8f08-b56265549833_DiningRoom-14049,diningroom,7.0,1.5759190902230475,9.434752297440234,0.23143212617065265,0.7419378675049251,,dense
f451b16e-3457-41e1-8f08-b56265549833_LivingRoom-14930,livingroom,9.0,2.1802032046895254,16.86630783089504,0.4996411837118306,0.53360819037787,,sparse
f451b16e-3457-41e1-8f08-b56265549833_MasterBedroom-13511,bedroom,7.0,2.109659254884754,14.093028800847073,0.40655912840518754,0.49669947453589675,,sparse
f451b16e-3457-41e1-8f08-b56265549833_SecondBedroom-14305,bedroom,6.0,1.6783859742730582,7.946781581977446,0.5067098005430164,0.7550226388010256,,dense
f471112d-bd84-4827-9ef8-a3604947b5fa_DiningRoom-5636,diningroom,6.0,1.5862119520782245,9.401662957995406,0.35009207083001903,0.6381849707659911,,neutral
f47e91bf-c4c3-4399-9917-ac2c0d393fee_MasterBedroom-33062,bedroom,3.0,1.3777738001463635,6.844804205289053,0.5578169210319801,0.4382886507815473,,sparse
f485b373-bf78-4417-9ff7-54d25478d312_Bedroom-6694,bedroom,4.0,0.9387146918985163,4.477595386713449,0.9668190987566679,0.893336635969691,,dense
f488ee09-82e1-413f-aeba-a776aeeb333d_MasterBedroom-31775,bedroom,4.0,1.0224601814623586,5.105713945587494,0.665586200836136,0.7834359783232501,,dense
f48a21a7-a87d-434a-8626-4fe208c06877_Bedroom-207,bedroom,4.0,1.7913510927361138,7.216495033343966,0.22338017689975548,0.5542856998470749,,neutral
f48a21a7-a87d-434a-8626-4fe208c06877_Bedroom-822,bedroom,3.0,1.7245974183664183,3.6562642502336336,0.4506351975748684,0.8205096225767329,,dense
f50a3dc4-2f5c-4edd-908a-8e0bcc6ef672_DiningRoom-36032,diningroom,6.0,1.2521118958791098,1.580358246721629,0.921185495192149,3.7966075175971574,,dense
f50a3dc4-2f5c-4edd-908a-8e0bcc6ef672_MasterBedroom-36010,bedroom,5.0,1.9719635531871422,11.829358139762315,0.45889728268129315,0.42267720200248027,,sparse
f50fc676-d5e4-45ad-89f8-11d789079dde_Bedroom-3743,bedroom,7.0,1.6638415203663683,10.589313775294574,0.8133293554705451,0.6610437794686345,,neutral
f50fc676-d5e4-45ad-89f8-11d789079dde_LivingDiningRoom-4010,livingroom,6.0,1.4628105813635108,9.908507101224092,0.6802689820999704,0.6055402634024214,,neutral
f52dc2c0-935d-4e0d-b99d-bd634498ef8f_Bedroom-119686,bedroom,5.0,1.8668962100164648,7.053143159759251,0.2728259817046528,0.7089038017159244,,neutral
f53c1c3b-e142-4ae6-ab15-ebe13d2888cf_MasterBedroom-70236,bedroom,3.0,0.6045319239298502,2.8708434944631707,0.47251948708092506,1.0449890444344758,,dense
f566d9b8-0ec1-446c-a1f8-e429933253cc_MasterBedroom-6807,bedroom,6.0,1.3832718083994855,9.902436366422847,0.557156151345087,0.6059114926852529,,neutral
f5696e0a-1c20-489d-8eb8-b47d856970ce_MasterBedroom-950,bedroom,6.0,2.1569869776883377,20.639926279678743,0.4580082606361015,0.29069871271329895,,sparse
f5ba38ae-7330-4132-b051-cf0bae2b8b44_Bedroom-28476,bedroom,6.0,1.050851874168282,7.3614528482398445,1.0160033078270136,0.8150565008963722,,dense
f5ba38ae-7330-4132-b051-cf0bae2b8b44_Bedroom-29631,bedroom,8.0,1.2899517701161145,11.06492191438429,1.2011179370579066,0.7230055541196435,,neutral
f5ccc1c6-130b-465e-a4da-440c06d64107_SecondBedroom-25993,bedroom,4.0,0.7493203425549565,4.9580266292178585,1.415263058268817,0.8067725930368813,,dense
f5e20ff1-7ed8-4103-886f-1309e7dcd456_MasterBedroom-15607,bedroom,5.0,1.0212381183210228,6.680801355090782,0.9339494394720408,0.7484132118656681,,dense
f5ee5167-b1c2-4fb2-86b4-5f5b609fe371_Bedroom-12315,bedroom,3.0,0.9994782643924734,2.8885368074236104,0.3919226407233166,1.0385881157165546,,dense
f623fc6b-ed49-451d-9858-85a3c1091631_DiningRoom-21748,diningroom,9.0,1.9307383220131205,14.785138555542442,0.36369727128768087,0.6087193546540156,,neutral
f623fc6b-ed49-451d-9858-85a3c1091631_LivingRoom-21654,livingroom,7.0,1.3840234419159967,8.561724829735624,0.5649415091299776,0.8175922654846818,,dense
f623fc6b-ed49-451d-9858-85a3c1091631_MasterBedroom-21792,bedroom,6.0,1.8822187512096302,15.766863071213237,0.30659725830593476,0.3805449424467101,,sparse
f65431c6-3731-45bf-b10e-e3b1a37a87b6_SecondBedroom-14021,bedroom,3.0,0.9655790499502347,3.8540495663319,0.4042968786992353,0.7784020284034013,,dense
f655b350-074a-4b5e-ae1e-ede74c0e75ec_LivingDiningRoom-77193,livingroom,16.0,2.261967243314532,41.96903925240724,1.178735504376611,0.3812334112242581,,sparse
f655b350-074a-4b5e-ae1e-ede74c0e75ec_MasterBedroom-79012,bedroom,5.0,1.5472847461700439,9.107513279580488,0.44087648511325106,0.5489972780177281,,neutral
f655b350-074a-4b5e-ae1e-ede74c0e75ec_SecondBedroom-79435,bedroom,5.0,1.5089955313527674,13.182976378298761,0.8475835374591009,0.3792770203419905,,sparse
f6a13d34-e838-40c9-967c-282083e1c603_SecondBedroom-898,bedroom,5.0,1.7886071817121985,11.992809384020843,0.3811201828561087,0.4169164905315659,,sparse
f6bf9761-7493-486f-8c70-831e83eab521_Bedroom-126560,bedroom,3.0,2.1117049690147764,6.279237390116851,0.1266063182182609,0.4777650236192412,,sparse
f6db8d36-9eac-4b53-bd4d-095a85694626_SecondBedroom-2874,bedroom,3.0,1.541898588188659,8.241949530545984,0.9141229559250534,0.3639915518630052,,sparse
f6eb3b89-4fd1-41fb-8064-4fc54194e472_Bedroom-31327,bedroom,3.0,1.9645702841196346,4.965849172676873,0.1486671955441694,0.6041262824708046,,neutral
f6f93fd0-4130-46ff-99d4-cd42bdd0ffe8_MasterBedroom-108,bedroom,3.0,1.40318576868195,7.931096089146565,0.546893161078012,0.3782579313476479,,sparse
f6f93fd0-4130-46ff-99d4-cd42bdd0ffe8_SecondBedroom-546,bedroom,4.0,1.6096013806917753,5.272801286126294,0.3901348008910298,0.7586100410278561,,dense
f7168796-b600-4453-9d54-41314f27bed3_DiningRoom-50445,diningroom,5.0,1.3555163308563603,6.937713189590977,0.14885348076139265,0.7206985736311163,,neutral
f7168796-b600-4453-9d54-41314f27bed3_MasterBedroom-52771,bedroom,3.0,1.6858275905794187,4.567768285521414,0.2024979199172477,0.6567758722589292,,neutral
f73285cd-a1f5-4c2e-a319-136013991487_DiningRoom-16563,diningroom,9.0,1.2557399739492563,10.189623909482592,0.2255078473224361,0.8832514408725612,,dense
f73285cd-a1f5-4c2e-a319-136013991487_SecondBedroom-16544,bedroom,5.0,1.784579353875727,11.851049609794801,0.6475252422143533,0.4219035583031851,,sparse
f73dc7bc-1916-4186-826f-3017cb235a38_MasterBedroom-14481,bedroom,3.0,1.5449398358662922,0.34005675064063734,0.689436259380112,8.82205689005809,,dense
f76662cd-344f-46ee-be95-3f2d0cfb7249_SecondBedroom-14804,bedroom,5.0,1.7567773934312207,7.337469209503081,0.2560092146117901,0.681433864625187,,neutral
f772e87d-44c4-4821-b975-ef8af7bd0a68_Bedroom-764,bedroom,5.0,1.5744737738116625,5.633465724342607,0.299256952785883,0.8875531057896817,,dense
f783e6e5-ebd1-4cec-94ce-bca4eca8f504_MasterBedroom-55352,bedroom,4.0,1.5708483854929607,4.62013896197854,0.29643104474537424,0.865774824722378,,dense
f788d318-0f9f-4c95-9aab-41d9878998c0_Bedroom-10012,bedroom,4.0,1.9134879370960352,14.663733432958647,0.2822866429633703,0.2727818272398133,,sparse
f792305b-73a1-44ca-a818-33a0172a3a18_Bedroom-4076,bedroom,5.0,1.935056838974728,10.634732462837652,0.27684902916189624,0.47015757260205265,,sparse
f79dd946-de59-4b27-8e89-ea5b2303ee67_Bedroom-20615,bedroom,5.0,0.816680475489429,4.5876036717507755,0.6464281301541607,1.0898936259007397,,dense
f79dd946-de59-4b27-8e89-ea5b2303ee67_LivingDiningRoom-16289,livingroom,13.0,1.0800239288025228,22.73813281878771,1.3140883379051738,0.5717268037619413,,neutral
f7a3bd11-edb2-41ee-b15c-79730eba86b1_MasterBedroom-12183,bedroom,6.0,0.7670104438432891,5.378786313258365,1.102632644389867,1.115493282417705,,dense
f7b437bf-195d-41f4-a0b6-ce3f14dae321_MasterBedroom-20548,bedroom,5.0,0.9444159810426594,7.202430451931319,0.846890442836605,0.694210104959675,,neutral
f7d7e3c8-2593-401f-aa35-37785b9ab987_MasterBedroom-2708,bedroom,3.0,1.490066667397817,1.5909690198193973,0.8495488309838121,1.8856432542857133,,dense
f7e21128-2c30-42f8-945b-343e6baede2d_SecondBedroom-20253,bedroom,5.0,1.7712651814432072,8.633415375381464,0.29665581086261517,0.5791450755697106,,neutral
f7f1f448-8a7e-4b56-935b-83ab1d524a71_LivingRoom-20330,livingroom,12.0,1.471983648524432,16.950886070641765,1.4562654508723174,0.7079275944626578,,neutral
f7f1f448-8a7e-4b56-935b-83ab1d524a71_MasterBedroom-22344,bedroom,4.0,1.226520535601034,9.83662066867178,0.7515981532468891,0.4066437178714662,,sparse
f807cca3-8e6b-4f4f-8823-30c5a3247ed1_Bedroom-302,bedroom,4.0,1.123965044816335,2.0655560981157657,1.2511233192983993,1.9365245047805122,,dense
f80fbd68-006f-4118-a5b2-01678baef76b_LivingDiningRoom-45329,livingroom,6.0,1.8880263585479056,9.908535692416745,0.19602180018276263,0.6055385161090909,,neutral
f82d44c6-df98-404b-870d-b6f378d2151e_LivingDiningRoom-6060,livingroom,14.0,1.2939085809759558,20.08934877075282,1.3353425148759412,0.696886701493379,,neutral
f82d44c6-df98-404b-870d-b6f378d2151e_MasterBedroom-5362,bedroom,6.0,1.6907963572082596,13.981819868514252,0.2960935359983722,0.42912868685366473,,sparse
f8339d99-447d-4c64-a830-8a896194edee_DiningRoom-13952,diningroom,6.0,1.3632201909929267,4.087339695181351,0.23543643819833696,1.467947478667732,,dense
f8339d99-447d-4c64-a830-8a896194edee_MasterBedroom-12131,bedroom,4.0,1.7420479920254832,7.142797118738797,0.2857575626746049,0.560004705930424,,neutral
f851ec5a-4b4b-4640-980d-95da12603880_LivingDiningRoom-734,livingroom,11.0,1.7747261534745962,15.183680310623656,0.43202227144321453,0.7244620391739652,,neutral
f85c9163-8554-4302-8927-6e5c0e31f3f8_MasterBedroom-539,bedroom,6.0,1.8268736169823072,14.295456771791013,0.42721166043545905,0.41971376611342004,,sparse
f877d2a1-678f-49a0-a90e-e99ff27134c7_DiningRoom-13034,diningroom,6.0,1.2960491592082983,3.7602245382547936,0.46913930462331904,1.5956493924654662,,dense
f89c8def-be8d-4a45-948e-714938ca5550_LivingDiningRoom-16828,livingroom,10.0,1.655023147741082,12.891366697332066,0.22926042849415024,0.7757129429938217,,dense
f8c4e5e9-8ba5-4694-8ac1-4823082e99d8_DiningRoom-12276,diningroom,6.0,1.3694165730808432,4.528239071580369,0.3826240199795015,1.3250183802477509,,dense
f8c4e5e9-8ba5-4694-8ac1-4823082e99d8_LivingRoom-13648,livingroom,7.0,1.7480436670727797,13.154591330165564,0.5316561279637382,0.5321335968794325,,sparse
f8d1f7d8-8270-4a12-9b21-785332cd542a_SecondBedroom-9587,bedroom,5.0,2.1640258472746963,11.102809781849393,0.18341414871219394,0.45033645520739085,,sparse
f8dbb08a-c5c7-41d3-b7e5-7fc62c5f610b_MasterBedroom-50346,bedroom,6.0,1.7676367889333522,11.020187333916038,0.6512017391091609,0.5444553543599238,,neutral
f8ee1c9b-799e-4137-80ea-b9a5c240d988_Bedroom-6521,bedroom,4.0,1.318584454889659,6.019682345862726,0.2710891368681824,0.6644868898687261,,neutral
f8ee1c9b-799e-4137-80ea-b9a5c240d988_MasterBedroom-4930,bedroom,5.0,1.6350306042889886,7.273862907961473,0.4083180299289843,0.6873926637423069,,neutral
f91f3891-f90c-43e4-a343-c7c2922badb9_MasterBedroom-6588,bedroom,3.0,1.7334583814064597,14.782898021328622,0.7322401441647344,0.20293720457731826,,sparse
f92faf3f-2b6c-437c-9942-fd8437292634_LivingDiningRoom-11606,livingroom,17.0,1.5239330601577965,28.62026485222242,1.433190024134351,0.593984719840212,,neutral
f92faf3f-2b6c-437c-9942-fd8437292634_MasterBedroom-8221,bedroom,5.0,0.958931736826302,6.100338148902639,0.7171460944642177,0.8196266957593861,,dense
f93473b4-3fa4-401b-924d-ee78112f516b_DiningRoom-15454,diningroom,10.0,2.6859884155788194,24.018316302936192,0.24141407483017502,0.4163489177956042,,sparse
f93473b4-3fa4-401b-924d-ee78112f516b_LivingRoom-67073,livingroom,10.0,2.410191131580201,24.5705946350209,0.36459722049079063,0.40699055714943194,,sparse
f936d670-ce9a-4fdd-a20d-8e790dbb92c5_SecondBedroom-64094,bedroom,5.0,1.2066414833068848,4.170027870648517,0.5499195878717204,1.1990327535202796,,dense
f95acb63-fe70-447f-a493-75b0c6174f59_Bedroom-70517,bedroom,7.0,1.7324292142681539,9.683525690576923,0.44696422561989113,0.7228772064715775,,neutral
f975259e-3295-4fd2-b0b1-f300c3ed3d3d_DiningRoom-21509,diningroom,8.0,1.1193999442102465,5.255866091143742,0.44629455983438326,1.522108794491585,,dense
f975259e-3295-4fd2-b0b1-f300c3ed3d3d_MasterBedroom-22424,bedroom,3.0,1.6380246480305989,1.983086106503175,0.7762250463423915,1.5127936150437635,,dense
f975ad76-0f30-4485-9388-a6c019d19b38_Bedroom-131,bedroom,7.0,1.822305591080063,9.601268388538612,0.5287969530685916,0.7290703391185438,,dense
f98c8dff-7392-45b8-abf5-81c3ca5eb064_Bedroom-3165,bedroom,4.0,2.4069059287784,11.389986549096704,0.29847155626131455,0.35118566494858805,,sparse
f98c8dff-7392-45b8-abf5-81c3ca5eb064_LivingRoom-3792,livingroom,5.0,2.2476070897694216,14.744264985334874,0.4626946858099066,0.3391149036573314,,sparse
f999ea63-2aca-4e3a-a646-dd75bc53fc8c_MasterBedroom-9460,bedroom,5.0,1.927862918912235,11.587546768704707,0.5240973095383067,0.4314977190429857,,sparse
f999ea63-2aca-4e3a-a646-dd75bc53fc8c_SecondBedroom-5887,bedroom,7.0,1.4694035523324849,18.125300127993103,0.48645106641886554,0.3862005015403331,,sparse
f9b500af-25f8-4d88-ab0d-f36dc3e765b8_LivingDiningRoom-99518,livingroom,15.0,3.132583954439154,31.2005415841164,1.0169868966372853,0.48076088549809703,,sparse
f9b500af-25f8-4d88-ab0d-f36dc3e765b8_SecondBedroom-99450,bedroom,4.0,1.8056486491263115,5.991378733135522,0.29455727678768034,0.6676259635996411,,neutral
f9b7f141-b314-441a-8d8d-ba7a0227a483_Bedroom-8136,bedroom,3.0,1.4712807722871266,3.917521498388235,0.05697853294114775,0.7657903093152837,,dense
f9b7f141-b314-441a-8d8d-ba7a0227a483_Bedroom-8246,bedroom,4.0,1.4236482571727151,8.173973826608993,0.6567539989048244,0.4893580631465536,,sparse
f9c1ebe5-82cf-4906-bd19-f62f28516623_MasterBedroom-1122,bedroom,4.0,2.196312400960082,10.626131947738642,0.22598522087685186,0.3764304847401452,,sparse
f9ec2dc6-6ce7-4efb-b1f8-6275c8a282e7_DiningRoom-132563,diningroom,7.0,1.861562833610476,11.711650908144437,0.18951728476811885,0.59769541074112,,neutral
f9f56ff0-e283-492f-bdee-051c886a9d18_LivingDiningRoom-8358,livingroom,14.0,3.3582791452000946,35.953736698695245,0.5524351037045434,0.3893892898344571,,sparse
f9f56ff0-e283-492f-bdee-051c886a9d18_MasterBedroom-8296,bedroom,6.0,1.9819349150782353,16.91134550523498,0.46919210866747246,0.3547914030934247,,sparse
f9f68e7b-7679-43df-87b9-8677dedb2845_Bedroom-20650,bedroom,3.0,1.1748437294361727,8.173468078117132,0.7570934250901503,0.36704125731302667,,sparse
fa083d17-27a3-49b0-8c75-7b7b3535d2b0_Bedroom-1023424,bedroom,8.0,1.7266335341269456,12.398895148403154,0.5546401439364589,0.6452187799192991,,neutral
fa21ce43-f02e-43a0-8f64-31f81cb339b1_DiningRoom-42541,diningroom,6.0,0.8618775367736817,0.7705115036239478,1.0944532755075682,7.787034939491742,,dense
fa21ce43-f02e-43a0-8f64-31f81cb339b1_SecondBedroom-42424,bedroom,4.0,1.4873707806223138,5.187260091735195,0.4034924847926485,0.7711199996262298,,dense
fa3b6dec-1159-425f-b9bb-aa4e535e56d1_Bedroom-7142,bedroom,5.0,1.4984477763942456,8.770911528117805,0.9085364044920626,0.5700661765850664,,neutral
fa3b6dec-1159-425f-b9bb-aa4e535e56d1_Bedroom-7588,bedroom,5.0,1.5625832001588131,12.852398760167608,0.32988581720015675,0.38903243614694655,,sparse
fa4d27ff-6744-4a6d-bf11-55e0cd169d65_Bedroom-27900,bedroom,5.0,1.017207296865613,7.200996830734068,0.8708225172645784,0.6943483128141165,,neutral
fa56e1b0-7c26-4a09-a8f4-6e3f226fc131_LivingDiningRoom-41538,livingroom,11.0,1.5055967911112687,19.239078057185566,1.0757705887872635,0.5717529689990333,,neutral
fa56e1b0-7c26-4a09-a8f4-6e3f226fc131_MasterBedroom-41510,bedroom,10.0,1.7765293167765073,11.317227001920996,0.5928043242873511,0.8836086789018716,,dense
fa56e1b0-7c26-4a09-a8f4-6e3f226fc131_SecondBedroom-41616,bedroom,6.0,1.7159758147391428,6.191813418842153,0.35617188312172304,0.9690214472131137,,dense
faa7f271-a6cb-4f6d-ba11-365ad634c122_SecondBedroom-20352,bedroom,6.0,1.558291740250605,13.26034207634939,0.36199755307699877,0.45247701495584775,,sparse
fab5214f-622a-42bf-8556-92fba66a7c13_Bedroom-8031,bedroom,3.0,2.055089558370337,4.570224148613568,0.11465446116660706,0.6564229461065024,,neutral
facfc0bd-e9d0-45a1-bdfd-73dca226a623_SecondBedroom-40210,bedroom,3.0,1.9106730570073804,5.647649478725596,0.34084783985247297,0.531194439616135,,sparse
fad912df-d3ad-4525-86d7-edbfa2bf20cd_MasterBedroom-1186,bedroom,5.0,1.679564604908228,4.944208364424186,0.3059593300411327,1.0112842403603497,,dense
fadb1a04-d125-46fa-9711-d59110217622_LivingDiningRoom-514,livingroom,11.0,3.143124511777467,23.88338702614565,0.2843359537889665,0.4605711906756805,,sparse
faf62fbc-739a-40da-aac3-12b6807ee7e3_Bedroom-5799,bedroom,5.0,2.046387567158848,9.695506393288907,0.3133985148014793,0.5157028212018848,,sparse
faf9f588-42e9-4745-bddd-7d6cbf8c4f99_Bedroom-9098,bedroom,5.0,0.8835799997170366,6.011140959755357,0.8044421913768359,0.8317888456575956,,dense
faf9f588-42e9-4745-bddd-7d6cbf8c4f99_LivingDiningRoom-9123,livingroom,11.0,1.5770111806579314,16.449056155272007,0.7779640334001477,0.6687313786374571,,neutral
fb1e5f98-564f-47af-bd58-ebf6c57b2d22_DiningRoom-275181,diningroom,9.0,1.5732850859694785,28.498598997561587,0.7484347180655023,0.31580499802008033,,sparse
fb1f8f5e-ab2c-4752-b5d8-6ee6189bd6ba_Bedroom-1213,bedroom,5.0,1.7150571881618706,6.606971322639463,0.2561072428713552,0.7567764041697878,,dense
fb1f8f5e-ab2c-4752-b5d8-6ee6189bd6ba_MasterBedroom-1468,bedroom,5.0,1.848277085883352,11.639604166077344,0.5513378855778459,0.4295678726405562,,sparse
fb5924fc-9540-4659-9764-a38774256527_MasterBedroom-35835,bedroom,7.0,1.8386967909485503,18.591853319365228,0.8832420155483475,0.3765089945448751,,sparse
fb6b040f-414d-4816-977f-c680acb29da6_MasterBedroom-22697,bedroom,7.0,1.843734548076947,11.707524615885196,0.662627264798032,0.5979060672229675,,neutral
fb76c361-48d1-4450-a4a3-0b9bea32fb8e_Bedroom-35064,bedroom,4.0,1.7010454307868066,6.498968289449908,0.19846709388583017,0.6154823076292578,,neutral
fb76c361-48d1-4450-a4a3-0b9bea32fb8e_LivingRoom-35461,livingroom,10.0,2.2058083202497345,20.898580748695256,0.3936554298669019,0.4785013930012602,,sparse
fb8811e2-7290-48d8-af40-fd60b5231fb3_LivingDiningRoom-24287,livingroom,14.0,0.9437340218957238,19.712538966416155,0.8612192627560138,0.7102078541912592,,neutral
fb90b296-f1cd-4741-a3a1-c626dabc6e68_Bedroom-37672,bedroom,4.0,2.562534744212769,18.41692551947433,0.2874574892802592,0.21719151743163326,,sparse
fb90b296-f1cd-4741-a3a1-c626dabc6e68_LivingRoom-37631,livingroom,10.0,1.9543348558585207,15.659506580933156,0.7561389119893471,0.6385897249263198,,neutral
fba13a0d-62f5-4ff8-914b-064b823d5882_Bedroom-12119,bedroom,6.0,1.8898375519618538,16.345284171601516,0.44463777946857236,0.3670783534265173,,sparse
fba48f02-1ffc-4328-b877-e53c3716ec18_MasterBedroom-29774,bedroom,10.0,2.482934184970344,25.32999444082932,0.46547110027172167,0.39478887464266627,,sparse
fba48f02-1ffc-4328-b877-e53c3716ec18_SecondBedroom-29858,bedroom,8.0,1.6721232776687809,16.792083621723226,0.41909823700439885,0.4764149691138228,,sparse
fbb124a7-d4d2-46a0-9465-fc790f714350_Bedroom-12922,bedroom,3.0,1.2470666567484539,2.099283376320386,0.5117197842418756,1.4290590940887578,,dense
fbb124a7-d4d2-46a0-9465-fc790f714350_Bedroom-15586,bedroom,5.0,1.9952457279950941,13.538691316173976,0.7516045665207722,0.3693119137760943,,sparse
fbb124a7-d4d2-46a0-9465-fc790f714350_DiningRoom-13727,diningroom,6.0,1.0285951853644772,5.218357785147115,0.6872742254690329,1.1497870109783686,,dense
fbb124a7-d4d2-46a0-9465-fc790f714350_LivingRoom-14341,livingroom,8.0,1.8975982374185834,20.626915682978705,0.5408359536975932,0.38784276442268034,,sparse
fbb5e9c8-a731-4c49-9a11-176820219861_SecondBedroom-25080,bedroom,3.0,1.349167472700331,3.1586751612873307,0.22322507918823165,0.949765280320037,,dense
fbbcd9c7-e432-4058-94df-5861a0f8e889_Bedroom-1197,bedroom,5.0,1.6111048336908234,15.686303435010974,0.3903739290734764,0.3187494122318374,,sparse
fbd8335f-0637-42e3-8d89-dc96d4651ac2_MasterBedroom-3684,bedroom,11.0,2.291754060231847,26.647931216160057,0.5646764131771534,0.41279001776052654,,sparse
fbe0dae7-7c8a-4a3f-aac9-082d5c509469_Bedroom-11065,bedroom,6.0,1.9153144275102496,15.17994764720464,0.2682793976252237,0.39525828016309983,,sparse
fbef7a6c-6526-42da-b2c1-209ce8e3908c_SecondBedroom-5877,bedroom,4.0,0.942368742189628,4.820232980513361,0.99289270520269,0.8298354075769165,,dense
fc2dadc6-b593-44f0-b1a6-843bc0eb8018_MasterBedroom-9077,bedroom,4.0,1.3493229882105389,5.139282577788215,0.21418714679758968,0.7783187515875949,,dense
fc2dadc6-b593-44f0-b1a6-843bc0eb8018_SecondBedroom-7891,bedroom,7.0,1.5857075953167314,12.121590742038283,0.6256058286513628,0.5774819616474635,,neutral
fc2f0a6b-1a5a-40e0-b88d-47e82a30aec7_Bedroom-5501,bedroom,5.0,1.2398128203441412,6.720044220837258,1.0930691352945512,0.7440427228880712,,dense
fc2f0a6b-1a5a-40e0-b88d-47e82a30aec7_Bedroom-5564,bedroom,6.0,1.8420877448939665,7.446986601958073,0.442349237791979,0.805695017421193,,dense
fc3e0cb0-d178-4b06-830d-1562cda8301c_Bedroom-1215,bedroom,6.0,1.5332686477652286,5.610662640316209,0.32915623954853424,1.0693924024029091,,dense
fc3e6faa-b614-4d9c-87bb-e2c67de6f6b3_Bedroom-20073,bedroom,4.0,1.7644145486604563,12.801842900768559,0.41608367056648904,0.31245501378241874,,sparse
fc54aa89-bd3b-482a-b69c-0a63a5644c7b_Bedroom-140603,bedroom,5.0,1.9480921087810175,8.783142061150492,0.3331900925268915,0.5692723589335928,,neutral
fc6386f3-cdbe-45a7-8410-c16c00d891c9_SecondBedroom-1845,bedroom,5.0,1.5544848840804715,5.919831855324582,0.33597364226085374,0.8446185841415004,,dense
fc854887-6396-42cc-b020-13d5c6abf8c9_SecondBedroom-174,bedroom,4.0,1.4815536424729707,5.233088997561141,0.4132216161309407,0.7643668972310969,,dense
fc867413-7da3-420a-83a4-a292b2114b40_MasterBedroom-319741,bedroom,6.0,2.1974539505830646,10.765954464257888,0.2751373313591898,0.557312407359656,,neutral
fc867413-7da3-420a-83a4-a292b2114b40_SecondBedroom-98122,bedroom,4.0,1.1726597126947471,7.115864683942924,0.5978509987452331,0.5621242361488509,,neutral
fc8c70a8-34ee-41d7-b54f-022c75d117e0_MasterBedroom-1843,bedroom,6.0,1.2631681658941056,9.618146972758561,0.6356984284468965,0.623820785541516,,neutral
fc9c89c7-c736-42ca-bda0-21c253e76b3a_Bedroom-48979,bedroom,5.0,0.9591824399124859,5.888048218353128,0.9106075094047977,0.8491778284720786,,dense
fc9c89c7-c736-42ca-bda0-21c253e76b3a_Bedroom-49471,bedroom,6.0,1.2150471737261705,9.39707878815285,0.7809934929472695,0.6384962960579155,,neutral
fcc5e685-aab1-42bd-aaa7-9167d58f63d6_LivingDiningRoom-31520,livingroom,13.0,3.2431437709917463,24.380704765816983,0.29761121275121294,0.5332085403136777,,sparse
fcc5e685-aab1-42bd-aaa7-9167d58f63d6_MasterBedroom-4746,bedroom,3.0,2.118542051517772,5.463122607481576,0.49897817024703905,0.5491364949217126,,neutral
fccdabaa-fcb2-49bc-8dd7-863f7bc927e7_DiningRoom-42781,diningroom,8.0,1.190388662418423,7.829874523313553,0.46221600957314235,1.0217277398481797,,dense
fce52e47-a592-4988-8ebc-e7a45741b327_MasterBedroom-2328,bedroom,7.0,1.7264734343614179,25.34549054222481,0.9647356074099656,0.2761832519413351,,sparse
fce9aca0-ed23-4c5e-88e9-0b8782e63339_MasterBedroom-17480,bedroom,6.0,1.6224639167644452,11.505783389020364,0.8386255981350753,0.5214768779434547,,sparse
fce9aca0-ed23-4c5e-88e9-0b8782e63339_SecondBedroom-15092,bedroom,5.0,1.6264925525952294,11.384478982951377,0.5062585211717647,0.4391944512777142,,sparse
fd0f6fb9-85c7-4524-abf6-4bf928bf92c1_LivingDiningRoom-241089,livingroom,11.0,1.8807095983284647,17.11164334383926,0.7149627207127802,0.6428371477225975,,neutral
fd2905d1-64c4-4550-a118-3a5a9881c093_MasterBedroom-24714,bedroom,5.0,1.6410417213393917,15.859544531748092,0.4350448143357845,0.31526756584912363,,sparse
fd35a56c-c466-42f9-85c7-7e152d00d631_MasterBedroom-783,bedroom,5.0,1.927862918912235,11.587546768704707,0.5240973095383067,0.4314977190429857,,sparse
fd47d85f-a246-44ef-93f1-33e7b98aed46_Bedroom-62221,bedroom,7.0,2.0237718728347494,22.849182742212875,0.5619612653808905,0.30635669025780093,,sparse
fd5ffce0-b4fa-432d-abc8-3f5b49eb1669_Bedroom-22479,bedroom,6.0,1.7138630596472766,14.879963354476727,0.4868525892148955,0.4032267994930823,,sparse
fd898769-3118-4877-b9d4-9f7f82a0f7b9_MasterBedroom-30566,bedroom,5.0,0.9765316535791959,5.8071313070527575,0.8597226930037742,0.8610103225886253,,dense
fd956aea-c66d-4771-9cb3-9247f5da110c_DiningRoom-71949,diningroom,7.0,1.3472721758063912,9.818225366429262,0.1977383755633033,0.7129598006514076,,neutral
fd956aea-c66d-4771-9cb3-9247f5da110c_MasterBedroom-71933,bedroom,12.0,2.3014072439579003,19.86473346631283,0.4499036879525466,0.6040856284505369,,neutral
fd956aea-c66d-4771-9cb3-9247f5da110c_SecondBedroom-71861,bedroom,7.0,1.8628905653604177,16.202061428065022,0.5212741579868596,0.4320437884450112,,sparse
fd987ee8-eeac-4d95-a947-306db2feada5_Bedroom-18781,bedroom,6.0,1.5106220987427201,11.372164144903472,0.5143341703692156,0.5276040623005736,,sparse
fd987ee8-eeac-4d95-a947-306db2feada5_LivingDiningRoom-18871,livingroom,15.0,1.485391684242586,26.575660158698984,1.5444802024864057,0.5644262422993871,,neutral
fd987ee8-eeac-4d95-a947-306db2feada5_MasterBedroom-11997,bedroom,5.0,1.7905093790587139,14.49566954665645,0.42615840534211763,0.3449306004049529,,sparse
fd9984b0-5f43-40b7-861b-f2cbee90326a_Bedroom-9293,bedroom,4.0,1.5007918060945056,4.7515933277798,0.34960137816914183,0.8418228842553357,,dense
fd9ec869-05a9-4f85-8478-d3932abde306_LivingDiningRoom-72618,livingroom,15.0,2.4128097128279142,20.969739264919184,0.38362956565070633,0.7153164763042088,,neutral
fd9ec869-05a9-4f85-8478-d3932abde306_MasterBedroom-72669,bedroom,6.0,1.5844274237811276,4.911545172414804,0.5651707959841153,1.2216114866861845,,dense
fd9ec869-05a9-4f85-8478-d3932abde306_SecondBedroom-68666,bedroom,4.0,0.7632541656494141,2.3936159452352257,0.545283872286201,1.6711118623530525,,dense
fda72039-c926-4c5a-9c51-627a0ab5d3ca_LivingDiningRoom-2328,livingroom,16.0,2.9565821486927053,33.81805924176927,0.5601558411845853,0.4731199944270641,,sparse
fda72039-c926-4c5a-9c51-627a0ab5d3ca_SecondBedroom-1983,bedroom,7.0,2.130962475128419,12.780046944858801,0.22786128185295002,0.5477288174450707,,neutral
fdb7f1f3-c28e-43f3-ac6b-fbb43396c015_MasterBedroom-14915,bedroom,3.0,2.571079437532782,8.669223239304491,0.2649568891842879,0.34605176463776033,,sparse
fdb7f1f3-c28e-43f3-ac6b-fbb43396c015_SecondBedroom-12633,bedroom,3.0,2.3782926156953894,6.318118944110072,0.2651601439832629,0.4748248690057797,,sparse
fdc0b569-e71a-4cf9-9a16-a6f60bffc326_MasterBedroom-36309,bedroom,8.0,1.6208496465611515,15.732766314132883,0.4795577590767632,0.5084929020278862,,sparse
fdc0b569-e71a-4cf9-9a16-a6f60bffc326_SecondBedroom-36167,bedroom,3.0,0.6702173128927617,3.050374488257288,0.7580975517419185,0.9834858020052261,,dense
fde0fdcc-7a6a-4e8f-a1bd-ff10cbb09b29_Bedroom-55017,bedroom,6.0,2.027442126723126,18.317196587866036,0.3673810395720443,0.32756104195412816,,sparse
fde0fdcc-7a6a-4e8f-a1bd-ff10cbb09b29_LivingDiningRoom-61187,livingroom,12.0,2.072656681678489,18.01620533087869,0.4570368603659749,0.6660670090961232,,neutral
fde5a857-8d3e-4f26-913d-901b182198be_SecondBedroom-28196,bedroom,5.0,1.582860995049088,10.966795718806967,0.4784077179841653,0.4559216865347,,sparse
fe174e21-5e11-4004-8347-f4e5e2e7b30c_LivingDiningRoom-20428,livingroom,12.0,2.4918257083822715,21.201151765180455,0.41542806057993653,0.5660069855123676,,neutral
fe174e21-5e11-4004-8347-f4e5e2e7b30c_SecondBedroom-16460,bedroom,5.0,1.7589433695567571,8.213270384670944,0.34782596258402826,0.6087708995106119,,neutral
fe1c870e-fd97-4d8c-b0ef-ab646c06e3cc_MasterBedroom-13878,bedroom,5.0,1.4541096687316895,5.312507504162393,0.438264859353967,0.9411751411329696,,dense
fe34c57e-fdaa-4d29-85ac-a580bdafd66a_MasterBedroom-22054,bedroom,4.0,1.5392698417114603,4.953835346375818,0.5222974126913349,0.8074551777192928,,dense
fe34c57e-fdaa-4d29-85ac-a580bdafd66a_SecondBedroom-22085,bedroom,6.0,1.793562089417171,6.878628686422159,0.40230580275226896,0.8722668824737554,,dense
fe3731be-633d-487d-a502-63a3c0ebfbc7_LivingDiningRoom-1985,livingroom,10.0,1.2599298859341586,13.749801591211531,0.8133599681552788,0.7272832217733023,,neutral
fe45ec66-33bb-480a-bac0-a5ec4e909977_MasterBedroom-3500,bedroom,3.0,1.8342171112787604,4.177784370442248,0.19764033452960666,0.7180839732239289,,neutral
fe49d5e3-8a9e-4e22-ab9a-414b2553a561_Bedroom-1155,bedroom,5.0,2.065919600273251,7.492097019836167,0.31084260163335853,0.6673698948054115,,neutral
fe4aa477-9203-4c50-a540-e1bbdf2d9fec_MasterBedroom-9360,bedroom,5.0,1.7835332531022936,13.950065016112438,0.7586611240628562,0.3584212685908603,,sparse
fe4aa477-9203-4c50-a540-e1bbdf2d9fec_SecondBedroom-3766,bedroom,4.0,1.8593032589035208,14.415465884206823,0.7979037123951802,0.27747975904006594,,sparse
fe4aa477-9203-4c50-a540-e1bbdf2d9fec_SecondBedroom-819,bedroom,4.0,1.4770624748277907,12.54903797309039,0.6237963529118642,0.31874953351622853,,sparse
fe6dd857-df5a-4dbd-8121-e22d1c321455_Bedroom-164,bedroom,7.0,2.0743846167467437,16.260730317816048,0.25156891855754293,0.43048496981285395,,sparse
fe717e28-bb7e-4705-a176-b78780ffd7ad_Bedroom-10293,bedroom,6.0,1.8941197526056162,14.154644355889415,0.44669712393828226,0.4238891383734089,,sparse
fe74af37-407d-4335-910c-1dc03e0c9303_Bedroom-13709,bedroom,6.0,2.0321831252515845,14.378837389613581,0.3400983953807587,0.4172799119582536,,sparse
fe74af37-407d-4335-910c-1dc03e0c9303_LivingRoom-13753,livingroom,8.0,1.8536996755072352,14.525298547264256,0.4518591890798076,0.5507632062754915,,neutral
fe94c17a-ba89-49ae-91e1-9173ded16545_SecondBedroom-130646,bedroom,5.0,1.265568305502441,7.42548832698543,0.7189044477424971,0.6733563881353349,,neutral
feacc183-06d2-4bb4-9c24-a62921abdc29_LivingDiningRoom-70369,livingroom,15.0,1.1960855309853622,20.20617653216127,1.4610447728775777,0.74234727070335,,dense
feacc183-06d2-4bb4-9c24-a62921abdc29_MasterBedroom-71130,bedroom,4.0,0.970940856816739,7.301485384393836,0.7734934876180363,0.5478337337426687,,neutral
fed3d417-97a3-44e0-ba86-b76c71672dc4_LivingDiningRoom-15471,livingroom,9.0,2.444704578833455,21.950880720039315,0.5440099429399292,0.4100063279822642,,sparse
fed3d417-97a3-44e0-ba86-b76c71672dc4_MasterBedroom-13989,bedroom,5.0,1.448042668091651,7.391687662185753,0.6398970559721531,0.6764355081693859,,neutral
fed3d417-97a3-44e0-ba86-b76c71672dc4_SecondBedroom-14107,bedroom,5.0,1.9065570301730808,7.996986343389806,0.3901844028719334,0.6252355306487335,,neutral
feddc846-b266-435d-b48b-a23a4f201c3f_SecondBedroom-9994,bedroom,5.0,1.992385981991474,8.463675977306385,0.2697810779781974,0.5907598558128261,,neutral
fef4c9c4-a340-4388-908b-53f9a866731f_Bedroom-8493,bedroom,4.0,2.379656678003599,17.80971389914101,0.11950556450126984,0.22459653325441273,,sparse
fefb59b1-a1ed-42d8-ab19-95808008e573_MasterBedroom-10659,bedroom,5.0,0.9083868205640686,5.821862369970568,0.5874687341422539,0.8588317074945344,,dense
ff08fb34-a3a4-495d-955b-a621cac7cba8_LivingDiningRoom-527,livingroom,17.0,3.954446929693496,34.06773090846799,0.4502533417792095,0.49900593748597505,,sparse
ff08fb34-a3a4-495d-955b-a621cac7cba8_MasterBedroom-441,bedroom,5.0,1.923457003754233,8.801388458988967,0.3629147762203961,0.5680921849203734,,neutral
ff39ebbf-6599-4edb-bec9-480ad1de6115_LivingRoom-211,livingroom,5.0,0.674093868404084,6.39195877371036,0.8400782700284447,0.7822328298744071,,dense
ff46cfd8-c02e-40b9-a7dd-f27a3239e8ae_LivingRoom-48845,livingroom,8.0,1.6560765934882546,14.100376662156016,0.33920229349569486,0.5673607302612838,,neutral
ff507d6c-aab0-476e-9f58-1f765cb8956e_Bedroom-13858,bedroom,5.0,0.8635858406457599,5.564842472328332,0.752785557731814,0.8984980302430733,,dense
ff7b42d9-0e58-4847-8d47-f793a11cd3bd_MasterBedroom-83934,bedroom,6.0,2.0233091127651073,8.141366871656274,0.3507999683395131,0.7369769836670392,,dense
ff92de73-ae8f-4ea1-a936-40cbf888f6b4_SecondBedroom-1116,bedroom,3.0,1.3504490951575565,4.953060383730545,0.4343134947805574,0.6056861349508645,,neutral
ff9c0083-f842-4adb-8278-b7ab67cdcdd8_SecondBedroom-62375,bedroom,5.0,1.6748844396935063,10.459362856887804,0.6095897237037771,0.47804059084797407,,sparse
ffa247bb-94fc-4f11-abb5-5681b09d1d81_MasterBedroom-37428,bedroom,5.0,2.0781244391448337,15.53598738971074,0.62944444392555,0.3218334229153293,,sparse
ffa6f9b3-4a73-435c-996a-f780833e77e1_MasterBedroom-39095,bedroom,4.0,2.242218429453365,8.784052085578642,0.37332940087209104,0.45537070602837887,,sparse
ffb067ad-cf9a-4321-82ae-4e684c59ea3e_DiningRoom-9450,diningroom,8.0,1.3141090833222744,15.465838351893773,0.2528111176476159,0.5172690815703767,,sparse
ffb067ad-cf9a-4321-82ae-4e684c59ea3e_LivingRoom-53948,livingroom,5.0,1.4684414507165813,11.239844458305532,0.5135144233991081,0.44484601353227066,,sparse
ffc7ddf1-827b-4154-9eee-5f8b497d0a12_Bedroom-860,bedroom,5.0,1.5174046778736556,10.773390954828528,0.5710030288348498,0.4641064286039902,,sparse
ffd38d23-f910-44db-a3ec-7347ecc1f185_Bedroom-16443,bedroom,5.0,1.8415265521696387,8.221144558380344,0.2435472282426602,0.608187821597563,,neutral
ffd7218c-06dc-4550-96ab-72705ec4f3aa_MasterBedroom-60990,bedroom,4.0,1.0459798551778767,8.163874545928639,0.8909838345816502,0.4899634331096891,,sparse
ffd98024-7200-429e-8b9a-1234a5937826_LivingRoom-360,livingroom,6.0,1.205798499503554,7.855991482248995,1.018856560980601,0.7637482822578537,,dense
ffd98024-7200-429e-8b9a-1234a5937826_MasterBedroom-118,bedroom,3.0,1.0641778122150634,3.013023023992658,0.40630132364900823,0.9956777549029808,,dense
