Bedroom-17410,train
SecondBedroom-66096,train
MasterBedroom-52171,train
Bedroom-33611,train
MasterBedroom-41963,train
MasterBedroom-28172,train
SecondBedroom-10764,train
MasterBedroom-22766,train
SecondBedroom-51336,train
MasterBedroom-33922,train
Bedroom-17564,train
SecondBedroom-8475,train
MasterBedroom-15017,train
Bedroom-160646,train
MasterBedroom-192362,train
Bedroom-16514,train
Bedroom-12973,train
Bedroom-1403,train
MasterBedroom-19255,train
SecondBedroom-1018,train
MasterBedroom-77770,train
Bedroom-59127,train
Bedroom-30450,train
SecondBedroom-6065,train
SecondBedroom-115910,train
SecondBedroom-10635,train
SecondBedroom-30652,train
Bedroom-7773,train
MasterBedroom-79012,train
SecondBedroom-102,train
Bedroom-10640,train
MasterBedroom-21103,train
SecondBedroom-14024,train
Bedroom-5020,train
Bedroom-16810,train
SecondBedroom-110849,train
MasterBedroom-26181,train
Bedroom-22145,train
MasterBedroom-120497,train
Bedroom-24692,train
MasterBedroom-3425,train
Bedroom-70996,train
MasterBedroom-31095,train
Bedroom-2841,train
Bedroom-86755,train
MasterBedroom-14879,train
MasterBedroom-7968,train
Bedroom-1397,train
SecondBedroom-7808,train
MasterBedroom-10939,train
MasterBedroom-73093,train
SecondBedroom-712,train
Bedroom-2719,train
SecondBedroom-45271,train
MasterBedroom-71322,train
Bedroom-45428,train
MasterBedroom-10013,train
MasterBedroom-5490,train
SecondBedroom-49949,train
MasterBedroom-13683,train
MasterBedroom-32484,train
MasterBedroom-21047,train
MasterBedroom-26618,train
Bedroom-67513,train
MasterBedroom-48291,train
MasterBedroom-50333,train
MasterBedroom-467,train
SecondBedroom-8364,train
MasterBedroom-69844,train
Bedroom-23898,train
Bedroom-29147,train
Bedroom-212,train
MasterBedroom-37718,train
MasterBedroom-71406,train
SecondBedroom-1636,train
SecondBedroom-51226,train
Bedroom-10573,train
Bedroom-15206,train
MasterBedroom-108890,train
MasterBedroom-1480,train
Bedroom-6312,train
Bedroom-61812,train
MasterBedroom-15661,train
MasterBedroom-10912,train
Bedroom-49598,train
Bedroom-46392,train
MasterBedroom-38133,train
MasterBedroom-53904,train
SecondBedroom-16156,train
Bedroom-75240,train
MasterBedroom-15985,train
SecondBedroom-44692,train
MasterBedroom-1962,train
Bedroom-593,train
MasterBedroom-7033,train
Bedroom-19967,train
SecondBedroom-37249,train
Bedroom-11362,train
SecondBedroom-6818,train
Bedroom-495,train
SecondBedroom-27170,train
MasterBedroom-30572,train
MasterBedroom-2601,train
Bedroom-10740,train
Bedroom-3805,train
SecondBedroom-31129,train
MasterBedroom-8179,train
MasterBedroom-7129,train
MasterBedroom-79358,train
Bedroom-17496,train
Bedroom-1475,train
SecondBedroom-6793,train
MasterBedroom-16138,train
MasterBedroom-17000,train
Bedroom-208237,train
Bedroom-22329,train
MasterBedroom-40236,train
MasterBedroom-76130,train
Bedroom-20594,train
SecondBedroom-6425,train
SecondBedroom-13764,train
SecondBedroom-22620,train
MasterBedroom-102831,train
MasterBedroom-20944,train
SecondBedroom-116679,train
MasterBedroom-6619,train
MasterBedroom-237,train
Bedroom-6887,train
Bedroom-12129,train
MasterBedroom-17488,train
MasterBedroom-354,train
Bedroom-2916,train
SecondBedroom-17020,train
SecondBedroom-62784,train
MasterBedroom-44790,train
MasterBedroom-34464,train
SecondBedroom-16154,train
SecondBedroom-61776,train
MasterBedroom-49878,train
MasterBedroom-1095,train
MasterBedroom-2458,train
SecondBedroom-9126,train
Bedroom-6460,train
Bedroom-2246,train
SecondBedroom-14607,train
MasterBedroom-31517,train
MasterBedroom-25568,train
MasterBedroom-49925,train
MasterBedroom-74105,train
MasterBedroom-17448,train
SecondBedroom-12073,train
Bedroom-3082,train
MasterBedroom-12272,train
Bedroom-62330,train
MasterBedroom-33021,train
MasterBedroom-15388,train
MasterBedroom-271962,train
MasterBedroom-5265,train
SecondBedroom-5597,train
MasterBedroom-22121,train
MasterBedroom-26128,train
MasterBedroom-22581,train
SecondBedroom-4782,train
MasterBedroom-26187,train
MasterBedroom-8520,train
MasterBedroom-8206,train
MasterBedroom-8266,train
SecondBedroom-439,train
MasterBedroom-6075,train
Bedroom-31435,train
Bedroom-5699,train
SecondBedroom-19482,train
MasterBedroom-1063,train
SecondBedroom-28894,train
SecondBedroom-13679,train
MasterBedroom-107126,train
SecondBedroom-65636,train
SecondBedroom-185607,train
MasterBedroom-67468,train
SecondBedroom-34703,train
Bedroom-6314,train
MasterBedroom-5465,train
MasterBedroom-12445,train
MasterBedroom-2514,train
SecondBedroom-26371,train
SecondBedroom-11132,train
SecondBedroom-551,train
MasterBedroom-40642,train
SecondBedroom-7053,train
SecondBedroom-15946,train
SecondBedroom-20253,train
Bedroom-28476,train
Bedroom-4593,train
SecondBedroom-10248,train
MasterBedroom-26925,train
SecondBedroom-46,train
MasterBedroom-27377,train
Bedroom-53437,train
Bedroom-20397,train
SecondBedroom-34991,train
MasterBedroom-2343,train
SecondBedroom-76086,train
SecondBedroom-15362,train
MasterBedroom-32718,train
SecondBedroom-16390,train
MasterBedroom-17838,train
MasterBedroom-28921,train
MasterBedroom-19531,train
MasterBedroom-34134,train
MasterBedroom-1741,train
SecondBedroom-17752,train
SecondBedroom-32722,train
Bedroom-3394,train
SecondBedroom-19717,train
MasterBedroom-8296,train
MasterBedroom-3635,train
Bedroom-12169,train
Bedroom-949,train
MasterBedroom-18517,train
MasterBedroom-16791,train
SecondBedroom-1427,train
Bedroom-117313,train
MasterBedroom-16029,train
SecondBedroom-7619,train
MasterBedroom-257118,train
MasterBedroom-17694,train
Bedroom-70517,train
Bedroom-29697,train
SecondBedroom-54537,train
Bedroom-88317,train
Bedroom-1394,train
SecondBedroom-23415,train
SecondBedroom-18355,train
Bedroom-35061,train
MasterBedroom-16944,train
MasterBedroom-9217,train
SecondBedroom-116485,train
SecondBedroom-34317,train
Bedroom-127,train
Bedroom-311972,train
SecondBedroom-22,train
MasterBedroom-28978,train
SecondBedroom-1282,train
MasterBedroom-267972,train
Bedroom-11388,train
MasterBedroom-60951,train
MasterBedroom-7845,train
MasterBedroom-86835,train
MasterBedroom-251,train
SecondBedroom-23568,train
Bedroom-3620,train
MasterBedroom-50346,train
SecondBedroom-11179,train
Bedroom-21085,train
MasterBedroom-68509,train
Bedroom-2973,train
Bedroom-38270,train
SecondBedroom-4214,train
MasterBedroom-63855,train
SecondBedroom-37176,train
MasterBedroom-14970,train
SecondBedroom-21695,train
Bedroom-16914,train
Bedroom-12515,train
MasterBedroom-5328,train
MasterBedroom-26587,train
SecondBedroom-4278,train
Bedroom-11338,train
MasterBedroom-17212,train
MasterBedroom-20476,train
MasterBedroom-20828,train
Bedroom-7968,train
SecondBedroom-110415,train
SecondBedroom-28196,train
Bedroom-1740,train
Bedroom-9232,train
SecondBedroom-3229,train
SecondBedroom-58474,train
MasterBedroom-6807,train
MasterBedroom-468,train
SecondBedroom-13466,train
MasterBedroom-2371,train
MasterBedroom-17823,train
SecondBedroom-213397,train
MasterBedroom-1758,train
MasterBedroom-29378,train
MasterBedroom-193,train
MasterBedroom-25203,train
SecondBedroom-75552,train
MasterBedroom-2540,train
SecondBedroom-69556,train
MasterBedroom-10891,train
SecondBedroom-9343,train
MasterBedroom-3943,train
SecondBedroom-17713,train
MasterBedroom-22676,train
Bedroom-83360,train
Bedroom-8821,train
MasterBedroom-20881,train
Bedroom-9535,train
MasterBedroom-12477,train
SecondBedroom-24115,train
MasterBedroom-9404,train
MasterBedroom-24397,train
SecondBedroom-9100,train
Bedroom-17101,train
SecondBedroom-25080,train
Bedroom-7459,train
SecondBedroom-16593,train
Bedroom-25908,train
SecondBedroom-5150,train
MasterBedroom-2061,train
SecondBedroom-14200,train
SecondBedroom-16901,train
MasterBedroom-9661,train
MasterBedroom-11202,train
MasterBedroom-12940,train
MasterBedroom-35445,train
Bedroom-3742,train
SecondBedroom-13085,train
Bedroom-34632,train
MasterBedroom-14075,train
SecondBedroom-992,train
MasterBedroom-26273,train
SecondBedroom-42209,train
MasterBedroom-534,train
Bedroom-7518,train
MasterBedroom-25712,train
Bedroom-19315,train
MasterBedroom-26153,train
Bedroom-90068,train
MasterBedroom-11589,train
MasterBedroom-10707,train
Bedroom-3435,train
Bedroom-13907,train
MasterBedroom-21140,train
SecondBedroom-6146,train
Bedroom-10390,train
Bedroom-10660,train
MasterBedroom-462,train
MasterBedroom-682,train
MasterBedroom-261,train
Bedroom-9836,train
Bedroom-23003,train
SecondBedroom-140603,train
MasterBedroom-97223,train
SecondBedroom-110921,train
Bedroom-72527,train
Bedroom-43442,train
MasterBedroom-4198,train
MasterBedroom-7022,train
MasterBedroom-38344,train
MasterBedroom-7952,train
Bedroom-33048,train
Bedroom-366,train
MasterBedroom-6654,train
SecondBedroom-68666,train
SecondBedroom-34587,train
MasterBedroom-271170,train
SecondBedroom-909,train
Bedroom-21497,train
MasterBedroom-21507,train
MasterBedroom-79213,train
MasterBedroom-107799,train
SecondBedroom-41025,train
Bedroom-1853,train
MasterBedroom-7314,train
SecondBedroom-19303,train
SecondBedroom-4385,train
MasterBedroom-29595,train
MasterBedroom-7727,train
MasterBedroom-1640,train
MasterBedroom-28904,train
SecondBedroom-25535,train
MasterBedroom-149227,train
SecondBedroom-30334,train
Bedroom-20673,train
Bedroom-8166,train
Bedroom-2457,train
SecondBedroom-226338,train
MasterBedroom-121478,train
MasterBedroom-6180,train
MasterBedroom-5467,train
MasterBedroom-39028,train
SecondBedroom-32869,train
SecondBedroom-37794,train
Bedroom-13921,train
MasterBedroom-9445,train
SecondBedroom-14908,train
MasterBedroom-7049,train
MasterBedroom-299,train
Bedroom-13084,train
Bedroom-62235,train
Bedroom-43042,train
MasterBedroom-88517,train
Bedroom-3801,train
SecondBedroom-6462,train
MasterBedroom-10400,train
MasterBedroom-73119,train
MasterBedroom-14158,train
Bedroom-14930,train
MasterBedroom-8696,train
SecondBedroom-1417,train
MasterBedroom-2820,train
Bedroom-16963,train
MasterBedroom-49820,train
Bedroom-26487,train
MasterBedroom-30192,train
SecondBedroom-23036,train
SecondBedroom-11303,train
SecondBedroom-11204,train
SecondBedroom-9370,train
MasterBedroom-27414,train
MasterBedroom-15631,train
SecondBedroom-13794,train
Bedroom-6853,train
Bedroom-8051,train
Bedroom-1898,train
MasterBedroom-6844,train
SecondBedroom-3970,train
SecondBedroom-69015,train
MasterBedroom-18730,train
SecondBedroom-15677,train
Bedroom-61799,train
SecondBedroom-272,train
MasterBedroom-4067,train
Bedroom-396,train
SecondBedroom-32163,train
MasterBedroom-95281,train
Bedroom-1262,train
SecondBedroom-21866,train
Bedroom-86672,train
Bedroom-32665,train
MasterBedroom-2647,train
MasterBedroom-19322,train
SecondBedroom-5506,train
Bedroom-353,train
Bedroom-2901,train
SecondBedroom-51334,train
MasterBedroom-304,train
MasterBedroom-26247,train
SecondBedroom-31059,train
MasterBedroom-12108,train
MasterBedroom-11347,train
MasterBedroom-31015,train
SecondBedroom-38435,train
Bedroom-11392,train
SecondBedroom-42233,train
MasterBedroom-2367,train
MasterBedroom-9222,train
MasterBedroom-35310,train
Bedroom-14458,train
MasterBedroom-534980,train
SecondBedroom-147068,train
MasterBedroom-892,train
SecondBedroom-6105,train
MasterBedroom-5413,train
SecondBedroom-36248,train
SecondBedroom-13296,train
SecondBedroom-51694,train
MasterBedroom-6712,train
SecondBedroom-22111,train
Bedroom-73409,train
MasterBedroom-11523,train
MasterBedroom-1122,train
SecondBedroom-56104,train
SecondBedroom-106269,train
Bedroom-23167,train
Bedroom-3652,train
MasterBedroom-1408,train
MasterBedroom-13482,train
SecondBedroom-18701,train
SecondBedroom-16186,train
SecondBedroom-14021,train
MasterBedroom-38741,train
MasterBedroom-6937,train
MasterBedroom-49865,train
MasterBedroom-12755,train
MasterBedroom-3845,train
MasterBedroom-8605,train
Bedroom-7470,train
SecondBedroom-27831,train
SecondBedroom-19247,train
SecondBedroom-72478,train
Bedroom-12371,train
MasterBedroom-12519,train
MasterBedroom-32589,train
SecondBedroom-968,train
MasterBedroom-25034,train
Bedroom-15031,train
SecondBedroom-1286,train
Bedroom-29482,train
Bedroom-62070,train
MasterBedroom-6344,train
MasterBedroom-1328,train
MasterBedroom-9893,train
MasterBedroom-61,train
SecondBedroom-120852,train
Bedroom-1861,train
Bedroom-1197,train
MasterBedroom-10650,train
MasterBedroom-39086,train
MasterBedroom-6133,train
MasterBedroom-15559,train
SecondBedroom-14102,train
SecondBedroom-25837,train
SecondBedroom-32620,train
Bedroom-156,train
SecondBedroom-45042,train
SecondBedroom-32499,train
Bedroom-217,train
MasterBedroom-10156,train
SecondBedroom-1654,train
MasterBedroom-19852,train
Bedroom-28379,train
MasterBedroom-5710,train
Bedroom-5352,train
MasterBedroom-32234,train
Bedroom-27284,train
Bedroom-59718,train
Bedroom-1155,train
MasterBedroom-5297,train
SecondBedroom-11311,train
Bedroom-27402,train
MasterBedroom-3124,train
Bedroom-379,train
SecondBedroom-13841,train
MasterBedroom-9819,train
SecondBedroom-5427,train
MasterBedroom-2548,train
Bedroom-1021,train
MasterBedroom-11778,train
MasterBedroom-111919,train
SecondBedroom-155750,train
Bedroom-14771,train
Bedroom-11398,train
MasterBedroom-8787,train
MasterBedroom-104361,train
SecondBedroom-9950,train
MasterBedroom-7504,train
SecondBedroom-40210,train
MasterBedroom-16884,train
Bedroom-19303,train
Bedroom-1989,train
Bedroom-412,train
SecondBedroom-3517,train
Bedroom-274,train
MasterBedroom-33999,train
MasterBedroom-77618,train
SecondBedroom-4901,train
MasterBedroom-86447,train
SecondBedroom-48379,train
SecondBedroom-15145,train
MasterBedroom-54525,train
Bedroom-3375,train
Bedroom-14963,train
MasterBedroom-9197,train
Bedroom-96082,train
MasterBedroom-6958,train
MasterBedroom-1288,train
Bedroom-4604,train
SecondBedroom-11757,train
Bedroom-5998,train
SecondBedroom-1145,train
Bedroom-5740,train
MasterBedroom-5562,train
MasterBedroom-42928,train
Bedroom-6958,train
MasterBedroom-14406,train
Bedroom-13675,train
Bedroom-3653,train
MasterBedroom-15538,train
Bedroom-8646,train
MasterBedroom-17855,train
SecondBedroom-15519,train
MasterBedroom-1362,train
Bedroom-23310,train
MasterBedroom-10505,train
MasterBedroom-59375,train
MasterBedroom-63654,train
MasterBedroom-13131,train
Bedroom-22027,train
MasterBedroom-30932,train
Bedroom-28081,train
Bedroom-14389,train
SecondBedroom-1804,train
MasterBedroom-8393,train
Bedroom-47682,train
Bedroom-734,train
SecondBedroom-66284,train
SecondBedroom-2279,train
MasterBedroom-74290,train
Bedroom-2878,train
SecondBedroom-69017,train
Bedroom-12965,train
Bedroom-64012,train
MasterBedroom-52062,train
Bedroom-52264,train
SecondBedroom-10891,train
Bedroom-50925,train
MasterBedroom-218,train
Bedroom-4843,train
Bedroom-922,train
SecondBedroom-9451,train
Bedroom-51228,train
MasterBedroom-125741,train
SecondBedroom-42647,train
MasterBedroom-3049,train
MasterBedroom-282636,train
SecondBedroom-55429,train
SecondBedroom-7233,train
SecondBedroom-28815,train
Bedroom-23604,train
Bedroom-4850,train
SecondBedroom-26881,train
MasterBedroom-2036,train
Bedroom-47437,train
SecondBedroom-104740,train
MasterBedroom-77359,train
MasterBedroom-7326,train
SecondBedroom-7947,train
MasterBedroom-29660,train
MasterBedroom-17068,train
MasterBedroom-2328,train
MasterBedroom-22837,train
Bedroom-36373,train
MasterBedroom-35288,train
SecondBedroom-1070,train
MasterBedroom-18800,train
SecondBedroom-154355,train
MasterBedroom-46846,train
SecondBedroom-60291,train
MasterBedroom-59239,train
SecondBedroom-48433,train
MasterBedroom-6635,train
SecondBedroom-22936,train
MasterBedroom-22855,train
Bedroom-21463,train
Bedroom-13645,train
MasterBedroom-58885,train
Bedroom-539,train
SecondBedroom-2103,train
Bedroom-28692,train
Bedroom-21273,train
MasterBedroom-17936,train
Bedroom-6792,train
Bedroom-227,train
MasterBedroom-53441,train
MasterBedroom-192,train
SecondBedroom-7228,train
SecondBedroom-3286,train
SecondBedroom-44116,train
MasterBedroom-15307,train
MasterBedroom-15054,train
Bedroom-4046,train
MasterBedroom-16200,train
MasterBedroom-103832,train
MasterBedroom-3202,train
SecondBedroom-224930,train
Bedroom-214,train
Bedroom-5426,train
MasterBedroom-10264,train
SecondBedroom-1279,train
Bedroom-35970,train
MasterBedroom-1008,train
MasterBedroom-19072,train
SecondBedroom-14075,train
SecondBedroom-20952,train
Bedroom-2165,train
SecondBedroom-1885,train
MasterBedroom-22054,train
SecondBedroom-86509,train
SecondBedroom-103441,train
MasterBedroom-8726,train
SecondBedroom-56385,train
Bedroom-106236,train
Bedroom-1683,train
SecondBedroom-28782,train
MasterBedroom-14546,train
MasterBedroom-963,train
SecondBedroom-20673,train
MasterBedroom-245977,train
MasterBedroom-68024,train
Bedroom-99976,train
Bedroom-9835,train
MasterBedroom-29514,train
Bedroom-25945,train
MasterBedroom-13978,train
MasterBedroom-557,train
SecondBedroom-13353,train
SecondBedroom-42885,train
MasterBedroom-89427,train
SecondBedroom-8691,train
SecondBedroom-15797,train
MasterBedroom-16095,train
Bedroom-14230,train
MasterBedroom-49236,train
MasterBedroom-12682,train
Bedroom-14550,train
MasterBedroom-34508,train
Bedroom-22479,train
Bedroom-614,train
SecondBedroom-3150,train
Bedroom-33603,train
Bedroom-699,train
MasterBedroom-7635,train
MasterBedroom-11355,train
SecondBedroom-274,train
SecondBedroom-41206,train
SecondBedroom-46517,train
Bedroom-23859,train
SecondBedroom-9463,train
SecondBedroom-697,train
Bedroom-5521,train
MasterBedroom-9653,train
SecondBedroom-22522,train
MasterBedroom-22134,train
MasterBedroom-4864,train
MasterBedroom-63698,train
MasterBedroom-241,train
SecondBedroom-1143,train
MasterBedroom-3786,train
SecondBedroom-17793,train
Bedroom-46918,train
Bedroom-19819,train
MasterBedroom-35187,train
MasterBedroom-25212,train
SecondBedroom-3031,train
SecondBedroom-67466,train
MasterBedroom-871,train
MasterBedroom-11214,train
MasterBedroom-8909,train
MasterBedroom-1458,train
MasterBedroom-81930,train
SecondBedroom-334,train
MasterBedroom-113,train
Bedroom-22219,train
MasterBedroom-21186,train
SecondBedroom-39793,train
Bedroom-6656,train
Bedroom-22265,train
MasterBedroom-1903,train
SecondBedroom-717,train
SecondBedroom-81247,train
MasterBedroom-48846,train
Bedroom-97983,train
MasterBedroom-9574,train
Bedroom-28019,train
SecondBedroom-28376,train
MasterBedroom-67446,train
MasterBedroom-53974,train
Bedroom-4098,train
SecondBedroom-2399,train
MasterBedroom-149010,train
Bedroom-10696,train
MasterBedroom-11918,train
Bedroom-4788,train
SecondBedroom-270847,train
Bedroom-634,train
MasterBedroom-13832,train
SecondBedroom-15642,train
Bedroom-33711,train
MasterBedroom-41036,train
SecondBedroom-14726,train
MasterBedroom-20856,train
SecondBedroom-18046,train
Bedroom-1023424,train
MasterBedroom-2433,train
MasterBedroom-27534,train
MasterBedroom-17289,train
Bedroom-5024,train
Bedroom-7405,train
MasterBedroom-57384,train
MasterBedroom-11888,train
MasterBedroom-35481,train
Bedroom-2336,train
SecondBedroom-11598,train
Bedroom-10575,train
MasterBedroom-19138,train
MasterBedroom-3732,train
MasterBedroom-22801,train
Bedroom-8136,train
MasterBedroom-1154,train
MasterBedroom-191839,train
SecondBedroom-17415,train
Bedroom-8289,train
SecondBedroom-18111,train
SecondBedroom-22643,train
SecondBedroom-19262,train
MasterBedroom-12887,train
MasterBedroom-31461,train
MasterBedroom-52359,train
Bedroom-22339,train
Bedroom-22071,train
MasterBedroom-39095,train
SecondBedroom-39696,train
SecondBedroom-33705,train
MasterBedroom-6275,train
SecondBedroom-262,train
SecondBedroom-2080,train
SecondBedroom-3610,train
Bedroom-727,train
SecondBedroom-44122,train
SecondBedroom-562,train
Bedroom-582,train
MasterBedroom-14005,train
MasterBedroom-12479,train
MasterBedroom-34842,train
SecondBedroom-28302,train
Bedroom-15797,train
Bedroom-6864,train
SecondBedroom-10585,train
MasterBedroom-1433,train
MasterBedroom-13598,train
SecondBedroom-30547,train
Bedroom-15247,train
Bedroom-24730,train
SecondBedroom-15353,train
MasterBedroom-654,train
MasterBedroom-2137,train
MasterBedroom-8587,train
SecondBedroom-174,train
MasterBedroom-475,train
SecondBedroom-6646,train
MasterBedroom-3854,train
SecondBedroom-34440,train
Bedroom-19428,train
Bedroom-17102,train
MasterBedroom-4842,train
SecondBedroom-22431,train
MasterBedroom-12848,train
SecondBedroom-58234,train
SecondBedroom-22780,train
MasterBedroom-4123,train
SecondBedroom-1301,train
MasterBedroom-50625,train
Bedroom-28183,train
SecondBedroom-76,train
MasterBedroom-13144,train
MasterBedroom-1071,train
MasterBedroom-22041,train
MasterBedroom-267,train
MasterBedroom-3451,train
MasterBedroom-68654,train
MasterBedroom-152647,train
MasterBedroom-10048,train
Bedroom-288,train
SecondBedroom-23730,train
MasterBedroom-10364,train
MasterBedroom-2957,train
Bedroom-8995,train
SecondBedroom-315405,train
SecondBedroom-46845,train
SecondBedroom-1762446,train
MasterBedroom-157649,train
MasterBedroom-40355,train
MasterBedroom-28090,train
MasterBedroom-45577,train
Bedroom-16422,train
SecondBedroom-15823,train
MasterBedroom-2411,train
MasterBedroom-2723,train
MasterBedroom-71942,train
Bedroom-497,train
MasterBedroom-120616,train
Bedroom-23945,train
Bedroom-52292,train
MasterBedroom-2618,train
SecondBedroom-27136,train
Bedroom-1137,train
SecondBedroom-20515,train
MasterBedroom-147951,train
Bedroom-89669,train
Bedroom-9794,train
MasterBedroom-95003,train
SecondBedroom-52686,train
MasterBedroom-48345,train
SecondBedroom-42887,train
MasterBedroom-3452,train
SecondBedroom-24856,train
MasterBedroom-20130,train
Bedroom-13201,train
SecondBedroom-38398,train
SecondBedroom-85594,train
Bedroom-12281,train
SecondBedroom-8840,train
Bedroom-86259,train
MasterBedroom-9784,train
MasterBedroom-15911,train
Bedroom-14989,train
MasterBedroom-1403,train
MasterBedroom-30460,train
SecondBedroom-8177,train
MasterBedroom-1647,train
SecondBedroom-2034,train
MasterBedroom-21731,train
MasterBedroom-8111,train
SecondBedroom-4397,train
MasterBedroom-38249,train
MasterBedroom-28214,train
MasterBedroom-12207,train
MasterBedroom-13916,train
SecondBedroom-90826,train
Bedroom-69440,train
SecondBedroom-36965,train
SecondBedroom-1440,train
MasterBedroom-9477,train
MasterBedroom-20448,train
MasterBedroom-7175,train
SecondBedroom-5683,train
MasterBedroom-50482,train
SecondBedroom-8208,train
Bedroom-15841,train
Bedroom-83361,train
SecondBedroom-78413,train
Bedroom-140603,train
Bedroom-10952,train
MasterBedroom-13158,train
Bedroom-2364,train
SecondBedroom-11704,train
MasterBedroom-24481,train
Bedroom-16110,train
SecondBedroom-67182,train
Bedroom-8246,train
SecondBedroom-1983,train
MasterBedroom-17609,train
MasterBedroom-29761,train
SecondBedroom-10142,train
SecondBedroom-18032,train
MasterBedroom-16450,train
Bedroom-2662,train
SecondBedroom-140641,train
Bedroom-1862,train
MasterBedroom-109742,train
SecondBedroom-8812,train
MasterBedroom-13813,train
MasterBedroom-144074,train
SecondBedroom-25927,train
SecondBedroom-30593,train
MasterBedroom-48903,train
Bedroom-357,train
MasterBedroom-2426,train
MasterBedroom-1504,train
MasterBedroom-76324,train
Bedroom-1213,train
Bedroom-24655,train
MasterBedroom-23240,train
Bedroom-23635,train
Bedroom-24070,train
SecondBedroom-59406,train
MasterBedroom-13145,train
MasterBedroom-17216,train
SecondBedroom-25354,train
SecondBedroom-52351,train
SecondBedroom-20519,train
Bedroom-40204,train
MasterBedroom-11980,train
MasterBedroom-8283,train
MasterBedroom-58491,train
MasterBedroom-707,train
Bedroom-10024,train
Bedroom-21938,train
Bedroom-13468,train
Bedroom-23580,train
SecondBedroom-10372,train
MasterBedroom-26903,train
SecondBedroom-4103,train
Bedroom-41817,train
Bedroom-21016,train
Bedroom-32464,train
Bedroom-3587,train
SecondBedroom-18500,train
Bedroom-11435,train
Bedroom-3132,train
MasterBedroom-14637,train
Bedroom-12991,train
Bedroom-6694,train
Bedroom-37589,train
MasterBedroom-18725,train
MasterBedroom-99,train
MasterBedroom-21463,train
SecondBedroom-5207,train
MasterBedroom-29631,train
MasterBedroom-8911,train
Bedroom-22570,train
SecondBedroom-18803,train
SecondBedroom-18401,train
MasterBedroom-15019,train
MasterBedroom-49008,train
MasterBedroom-7143,train
SecondBedroom-108917,train
MasterBedroom-1709,train
MasterBedroom-184809,train
MasterBedroom-9858,train
Bedroom-6482,train
Bedroom-6820,train
MasterBedroom-14405,train
MasterBedroom-20990,train
MasterBedroom-19148,train
SecondBedroom-21632,train
SecondBedroom-40528,train
MasterBedroom-25791,train
Bedroom-16813,train
SecondBedroom-9071,train
Bedroom-5165,train
SecondBedroom-8094,train
MasterBedroom-74514,train
SecondBedroom-6087,train
SecondBedroom-100315,train
SecondBedroom-7785,train
SecondBedroom-15281,train
SecondBedroom-1891,train
Bedroom-14262,train
Bedroom-4142,train
Bedroom-33448,train
MasterBedroom-48054,train
SecondBedroom-2731,train
Bedroom-76188,train
Bedroom-16036,train
MasterBedroom-163174,train
Bedroom-32729,train
SecondBedroom-16113,train
MasterBedroom-56375,train
Bedroom-12119,train
Bedroom-24375,train
Bedroom-14265,train
SecondBedroom-30126,train
MasterBedroom-13112,train
Bedroom-53,train
MasterBedroom-14481,train
MasterBedroom-11259,train
SecondBedroom-425,train
SecondBedroom-46451,train
SecondBedroom-48703,train
SecondBedroom-884,train
Bedroom-26089,train
MasterBedroom-9380,train
MasterBedroom-52003,train
SecondBedroom-16436,train
MasterBedroom-23537,train
SecondBedroom-9417,train
SecondBedroom-2750,train
SecondBedroom-17265,train
MasterBedroom-36842,train
MasterBedroom-116808,train
Bedroom-10062,train
SecondBedroom-59226,train
SecondBedroom-1059,train
Bedroom-43072,train
MasterBedroom-12595,train
SecondBedroom-11739,train
SecondBedroom-40617,train
MasterBedroom-87369,train
SecondBedroom-73426,train
Bedroom-6679,train
MasterBedroom-1895,train
MasterBedroom-44501,train
SecondBedroom-23087,train
SecondBedroom-13688,train
MasterBedroom-26280,train
Bedroom-11354,train
SecondBedroom-35405,train
SecondBedroom-30034,train
Bedroom-20037,train
MasterBedroom-12534,train
MasterBedroom-37265,train
SecondBedroom-932,train
SecondBedroom-35274,train
MasterBedroom-22686,train
MasterBedroom-49467,train
SecondBedroom-5626,train
MasterBedroom-14051,train
MasterBedroom-12676,train
SecondBedroom-278,train
MasterBedroom-1186,train
MasterBedroom-120163,train
MasterBedroom-28264,train
SecondBedroom-1670,train
SecondBedroom-2259,train
SecondBedroom-47691,train
Bedroom-25411,train
SecondBedroom-1912,train
MasterBedroom-83298,train
SecondBedroom-11322,train
SecondBedroom-10098,train
SecondBedroom-4514,train
MasterBedroom-7982,train
Bedroom-1345,train
SecondBedroom-1097,train
MasterBedroom-470,train
SecondBedroom-4739,train
Bedroom-29707,train
MasterBedroom-29281,train
SecondBedroom-62406,train
SecondBedroom-5571,train
SecondBedroom-8823,train
MasterBedroom-1956,train
MasterBedroom-33231,train
MasterBedroom-29774,train
SecondBedroom-36266,train
MasterBedroom-32168,train
MasterBedroom-8961,train
MasterBedroom-58737,train
MasterBedroom-14654,train
MasterBedroom-7098,train
SecondBedroom-32238,train
MasterBedroom-108544,train
SecondBedroom-380,train
Bedroom-22435,train
SecondBedroom-7774,train
Bedroom-32051,train
MasterBedroom-24604,train
MasterBedroom-57124,train
MasterBedroom-17957,train
SecondBedroom-20716,train
Bedroom-3619,train
SecondBedroom-2330,train
MasterBedroom-11997,train
MasterBedroom-13595,train
SecondBedroom-5355,train
SecondBedroom-9070,train
Bedroom-923,train
SecondBedroom-702,train
Bedroom-20113,train
MasterBedroom-4863,train
MasterBedroom-5861,train
SecondBedroom-6754,train
SecondBedroom-8325,train
SecondBedroom-13493,train
MasterBedroom-24635,train
Bedroom-34195,train
Bedroom-50410,train
MasterBedroom-25762,train
MasterBedroom-12123,train
MasterBedroom-3445,train
MasterBedroom-118537,train
SecondBedroom-16071,train
MasterBedroom-142318,train
MasterBedroom-17451,train
SecondBedroom-21233,train
MasterBedroom-42698,train
MasterBedroom-90580,train
Bedroom-24248,train
SecondBedroom-11828,train
MasterBedroom-8686,train
SecondBedroom-61396,train
MasterBedroom-77600,train
SecondBedroom-23886,train
Bedroom-65973,train
MasterBedroom-9069,train
SecondBedroom-15424,train
MasterBedroom-6656,train
Bedroom-13315,train
SecondBedroom-629,train
SecondBedroom-9498,train
MasterBedroom-4328,train
Bedroom-44824,train
MasterBedroom-28975,train
SecondBedroom-339,train
MasterBedroom-21684,train
MasterBedroom-952,train
SecondBedroom-19608,train
SecondBedroom-15092,train
MasterBedroom-14861,train
MasterBedroom-41349,train
SecondBedroom-3814,train
Bedroom-1361,train
Bedroom-15856,train
MasterBedroom-12579,train
SecondBedroom-12139,train
SecondBedroom-23875,train
SecondBedroom-266050,train
MasterBedroom-1543,train
MasterBedroom-101780,train
MasterBedroom-141250,train
MasterBedroom-12928,train
SecondBedroom-34979,train
MasterBedroom-4249,train
MasterBedroom-3247,train
Bedroom-49471,train
MasterBedroom-10091,train
SecondBedroom-2311,train
Bedroom-20615,train
Bedroom-246,train
MasterBedroom-1269,train
SecondBedroom-7924,train
MasterBedroom-37428,train
Bedroom-19384,train
MasterBedroom-20766,train
MasterBedroom-319741,train
MasterBedroom-50988,train
SecondBedroom-10031,train
Bedroom-9293,train
MasterBedroom-73361,train
MasterBedroom-4008,train
MasterBedroom-23047,train
MasterBedroom-7393,train
Bedroom-12109,train
Bedroom-47196,train
MasterBedroom-4030,train
Bedroom-10372,train
MasterBedroom-1212,train
SecondBedroom-117377,train
MasterBedroom-40514,train
SecondBedroom-9802,train
SecondBedroom-39441,train
Bedroom-14560,train
SecondBedroom-8018,train
MasterBedroom-6682,train
Bedroom-12837,train
SecondBedroom-15576,train
MasterBedroom-7735,train
SecondBedroom-73546,train
SecondBedroom-15040,train
SecondBedroom-24604,train
Bedroom-142430,train
Bedroom-3410,train
Bedroom-153,train
SecondBedroom-152228,train
SecondBedroom-38515,train
Bedroom-19731,train
MasterBedroom-2906,train
SecondBedroom-579,train
MasterBedroom-85660,train
Bedroom-33922,train
MasterBedroom-13199,train
SecondBedroom-7873,train
Bedroom-2412,train
MasterBedroom-39088,train
MasterBedroom-24269,train
Bedroom-7284,train
Bedroom-11842,train
MasterBedroom-74651,train
MasterBedroom-14958,train
Bedroom-171,train
SecondBedroom-39603,train
MasterBedroom-27045,train
SecondBedroom-16096,train
SecondBedroom-23047,train
Bedroom-24581,train
Bedroom-1892,train
SecondBedroom-14305,train
MasterBedroom-14433,train
MasterBedroom-10297,train
Bedroom-17188,train
MasterBedroom-2295,train
SecondBedroom-18194,train
Bedroom-91438,train
MasterBedroom-9557,train
SecondBedroom-5959,train
SecondBedroom-28256,train
MasterBedroom-22459,train
SecondBedroom-152,train
SecondBedroom-10798,train
SecondBedroom-270406,train
SecondBedroom-6621,train
SecondBedroom-37984,train
SecondBedroom-31811,train
MasterBedroom-14272,train
SecondBedroom-58644,train
MasterBedroom-6430,train
SecondBedroom-6908,train
Bedroom-109970,train
Bedroom-27900,train
SecondBedroom-304,train
Bedroom-2582,train
MasterBedroom-25765,train
SecondBedroom-20743,train
MasterBedroom-78755,train
Bedroom-16786,train
Bedroom-55928,train
MasterBedroom-10107,train
SecondBedroom-60474,train
SecondBedroom-2941,train
MasterBedroom-4384,train
Bedroom-30790,train
Bedroom-35912,train
SecondBedroom-20347,train
SecondBedroom-11912,train
Bedroom-367,train
SecondBedroom-8043,train
Bedroom-14072,train
MasterBedroom-11896,train
MasterBedroom-19437,train
Bedroom-258,train
Bedroom-2284,train
MasterBedroom-18464,train
SecondBedroom-1083,train
MasterBedroom-51236,train
SecondBedroom-27243,train
MasterBedroom-37369,train
MasterBedroom-25619,train
MasterBedroom-29464,train
SecondBedroom-147166,train
SecondBedroom-22112,train
Bedroom-5668,train
Bedroom-83832,train
Bedroom-10854,train
SecondBedroom-25993,train
SecondBedroom-13488,train
MasterBedroom-5760,train
Bedroom-211817,train
SecondBedroom-64669,train
SecondBedroom-23275,train
SecondBedroom-32096,train
Bedroom-5988,train
MasterBedroom-22424,train
MasterBedroom-29105,train
MasterBedroom-62487,train
MasterBedroom-48561,train
MasterBedroom-43021,train
Bedroom-39015,train
MasterBedroom-37707,train
Bedroom-3673,train
Bedroom-91204,train
MasterBedroom-32109,train
Bedroom-18203,train
SecondBedroom-8229,train
Bedroom-40470,train
MasterBedroom-3128,train
Bedroom-3153,train
MasterBedroom-10075,train
Bedroom-54381,train
SecondBedroom-7017,train
SecondBedroom-2966,train
MasterBedroom-448821,train
Bedroom-18329,train
MasterBedroom-24780,train
MasterBedroom-27711,train
Bedroom-39641,train
MasterBedroom-79424,train
MasterBedroom-74238,train
MasterBedroom-21019,train
MasterBedroom-539,train
MasterBedroom-3579,train
MasterBedroom-9614,train
MasterBedroom-5128,train
MasterBedroom-146891,train
Bedroom-6995,train
MasterBedroom-18203,train
Bedroom-18,train
SecondBedroom-5887,train
MasterBedroom-18842,train
Bedroom-14,train
MasterBedroom-49492,train
MasterBedroom-16793,train
MasterBedroom-8331,train
Bedroom-100768,train
MasterBedroom-11734,train
SecondBedroom-6844,train
MasterBedroom-11254,train
SecondBedroom-8120,train
SecondBedroom-67719,train
SecondBedroom-39915,train
Bedroom-6922,train
MasterBedroom-617,train
Bedroom-6019,train
Bedroom-16438,train
SecondBedroom-65077,train
MasterBedroom-11574,train
Bedroom-41542,train
MasterBedroom-18042,train
Bedroom-15584,train
Bedroom-9265,train
MasterBedroom-22066,train
MasterBedroom-85470,train
MasterBedroom-32473,train
Bedroom-343,train
SecondBedroom-51128,train
MasterBedroom-8841,train
MasterBedroom-46660,train
MasterBedroom-8852,train
MasterBedroom-615,train
MasterBedroom-7042,train
MasterBedroom-147840,train
MasterBedroom-8571,train
SecondBedroom-88275,train
Bedroom-55636,train
Bedroom-2042,train
SecondBedroom-14682,train
MasterBedroom-29148,train
MasterBedroom-63052,train
MasterBedroom-54753,train
MasterBedroom-1502,train
MasterBedroom-31474,train
MasterBedroom-10724,train
Bedroom-20550,train
MasterBedroom-1114,train
SecondBedroom-32005,train
SecondBedroom-101913,train
MasterBedroom-5025,train
Bedroom-604596,train
MasterBedroom-1339,train
MasterBedroom-12402,train
SecondBedroom-26029,train
MasterBedroom-22264,train
MasterBedroom-2218,train
SecondBedroom-10318,train
Bedroom-48979,train
SecondBedroom-26455,train
Bedroom-38939,train
Bedroom-33967,train
Bedroom-3535,train
MasterBedroom-6613,train
MasterBedroom-7154,train
MasterBedroom-4225,train
SecondBedroom-1443,train
MasterBedroom-311,train
Bedroom-32287,train
MasterBedroom-32060,train
SecondBedroom-7682,train
Bedroom-14736,train
SecondBedroom-268980,train
MasterBedroom-15321,train
MasterBedroom-36178,train
Bedroom-25641,train
SecondBedroom-3301,train
SecondBedroom-16763,train
MasterBedroom-6710,train
MasterBedroom-41843,train
Bedroom-8446,train
MasterBedroom-14570,train
MasterBedroom-7940,train
SecondBedroom-38244,train
SecondBedroom-50464,train
Bedroom-21829,train
Bedroom-210267,train
MasterBedroom-120814,train
MasterBedroom-649,train
SecondBedroom-9812,train
SecondBedroom-8548,train
SecondBedroom-7891,train
SecondBedroom-19241,train
MasterBedroom-20685,train
SecondBedroom-9106,train
SecondBedroom-31876,train
Bedroom-5218,train
MasterBedroom-333,train
MasterBedroom-59528,train
MasterBedroom-19957,train
Bedroom-517,train
Bedroom-6601,train
Bedroom-3920,train
SecondBedroom-2906,train
Bedroom-1838,train
Bedroom-2422,train
Bedroom-23192,train
MasterBedroom-7802,train
MasterBedroom-480,train
SecondBedroom-1546,train
Bedroom-12490,train
MasterBedroom-2630,train
Bedroom-13209,train
MasterBedroom-6169,train
Bedroom-2207,train
SecondBedroom-6295,train
Bedroom-860,train
MasterBedroom-6118,train
Bedroom-28795,train
Bedroom-3307,train
MasterBedroom-2751,train
SecondBedroom-243138,train
SecondBedroom-6070,train
MasterBedroom-33618,train
Bedroom-8818,train
Bedroom-8008,train
SecondBedroom-5349,train
Bedroom-24461,train
MasterBedroom-59476,train
SecondBedroom-33375,train
SecondBedroom-9342,train
SecondBedroom-15676,train
MasterBedroom-2035,train
Bedroom-23021,train
SecondBedroom-585,train
MasterBedroom-2435,train
MasterBedroom-102651,train
SecondBedroom-16269,train
MasterBedroom-12270,train
MasterBedroom-4922,train
MasterBedroom-38021,train
MasterBedroom-3391,train
Bedroom-25795,train
Bedroom-7809,train
MasterBedroom-246,train
Bedroom-1889,train
MasterBedroom-8375,train
Bedroom-361,train
SecondBedroom-116,train
MasterBedroom-131,train
MasterBedroom-2303,train
Bedroom-42930,train
Bedroom-23794,train
SecondBedroom-46575,train
Bedroom-10665,train
MasterBedroom-11146,train
MasterBedroom-95118,train
Bedroom-25720,train
MasterBedroom-70714,train
MasterBedroom-100337,train
SecondBedroom-8739,train
Bedroom-19090,train
MasterBedroom-6069,train
MasterBedroom-275,train
MasterBedroom-7712,train
MasterBedroom-16160,train
MasterBedroom-9302,train
Bedroom-35152,train
Bedroom-7232,train
SecondBedroom-12155,train
SecondBedroom-13795,train
MasterBedroom-11867,train
SecondBedroom-1314,train
MasterBedroom-21419,train
MasterBedroom-29109,train
SecondBedroom-28118,train
MasterBedroom-62315,train
Bedroom-149,train
MasterBedroom-27443,train
SecondBedroom-83138,train
MasterBedroom-23674,train
MasterBedroom-535,train
SecondBedroom-9241,train
MasterBedroom-1851,train
MasterBedroom-13001,train
Bedroom-507,train
SecondBedroom-47089,train
Bedroom-3743,train
Bedroom-12411,train
Bedroom-332,train
MasterBedroom-17138,train
MasterBedroom-26003,train
SecondBedroom-140986,train
SecondBedroom-1167,train
SecondBedroom-12618,train
MasterBedroom-52705,train
SecondBedroom-6191,train
SecondBedroom-1310,train
SecondBedroom-28690,train
Bedroom-15473,train
Bedroom-44928,train
Bedroom-3456,train
MasterBedroom-43954,train
MasterBedroom-935,train
SecondBedroom-144825,train
MasterBedroom-10895,train
SecondBedroom-2540,train
MasterBedroom-42336,train
Bedroom-4584,train
Bedroom-3895,train
Bedroom-14257,train
MasterBedroom-3073,train
SecondBedroom-6548,train
SecondBedroom-10368,train
SecondBedroom-6123,train
MasterBedroom-10043,train
Bedroom-1395,train
SecondBedroom-38216,train
Bedroom-17515,train
SecondBedroom-26143,train
Bedroom-35900,train
Bedroom-7050,train
SecondBedroom-20838,train
Bedroom-4308,train
MasterBedroom-29025,train
MasterBedroom-28057,train
MasterBedroom-4992,train
Bedroom-18974,train
Bedroom-57639,train
MasterBedroom-21566,train
MasterBedroom-1247,train
SecondBedroom-8680,train
SecondBedroom-8426,train
SecondBedroom-37424,train
MasterBedroom-34104,train
Bedroom-137551,train
MasterBedroom-784,train
MasterBedroom-2732,train
SecondBedroom-12582,train
MasterBedroom-771,train
MasterBedroom-10543,train
SecondBedroom-8653,train
Bedroom-1109,train
MasterBedroom-15607,train
Bedroom-7423,train
MasterBedroom-394,train
MasterBedroom-3293,train
SecondBedroom-182759,train
SecondBedroom-11300,train
MasterBedroom-87130,train
MasterBedroom-245,train
SecondBedroom-2478,train
MasterBedroom-11697,train
Bedroom-402,train
MasterBedroom-13692,train
MasterBedroom-41970,train
SecondBedroom-16544,train
SecondBedroom-12689,train
SecondBedroom-81865,train
MasterBedroom-12178,train
SecondBedroom-13413,train
MasterBedroom-11564,train
Bedroom-13276,train
MasterBedroom-15235,train
MasterBedroom-29436,train
MasterBedroom-45020,train
MasterBedroom-2661,train
SecondBedroom-12680,train
MasterBedroom-47111,train
SecondBedroom-89491,train
Bedroom-5993,train
SecondBedroom-2984,train
SecondBedroom-40906,train
MasterBedroom-67795,train
SecondBedroom-10141,train
MasterBedroom-9460,train
Bedroom-32636,train
SecondBedroom-5730,train
SecondBedroom-57808,train
MasterBedroom-1461,train
Bedroom-18862,train
MasterBedroom-13100,train
MasterBedroom-20681,train
Bedroom-47615,train
Bedroom-70215,train
Bedroom-57460,train
MasterBedroom-42449,train
SecondBedroom-1862,train
Bedroom-3065,train
SecondBedroom-22460,train
MasterBedroom-13645,train
MasterBedroom-5540,train
MasterBedroom-20569,train
SecondBedroom-25760,train
MasterBedroom-88093,train
MasterBedroom-7347,train
Bedroom-41872,train
SecondBedroom-63777,train
MasterBedroom-12352,train
SecondBedroom-636,train
Bedroom-3064,train
SecondBedroom-143,train
SecondBedroom-17691,train
MasterBedroom-5463,train
MasterBedroom-137524,train
SecondBedroom-44580,train
Bedroom-10139,train
Bedroom-28121,train
Bedroom-113,train
Bedroom-20829,train
SecondBedroom-43263,train
Bedroom-46540,train
Bedroom-39186,train
Bedroom-38049,train
MasterBedroom-16178,train
MasterBedroom-74547,train
Bedroom-18499,train
MasterBedroom-41181,train
MasterBedroom-820,train
MasterBedroom-4830,train
Bedroom-4256,train
MasterBedroom-6203,train
SecondBedroom-12960,train
SecondBedroom-184694,train
MasterBedroom-13713,train
MasterBedroom-71742,train
MasterBedroom-33296,train
SecondBedroom-99450,train
Bedroom-206,train
MasterBedroom-10664,train
SecondBedroom-17374,train
MasterBedroom-240350,train
MasterBedroom-12942,train
Bedroom-2005,train
MasterBedroom-98806,train
Bedroom-780,train
MasterBedroom-6468,train
SecondBedroom-100695,train
Bedroom-112,train
Bedroom-2685,train
Bedroom-1573,train
Bedroom-27600,train
MasterBedroom-37355,train
MasterBedroom-144,train
MasterBedroom-30488,train
SecondBedroom-5466,train
MasterBedroom-38123,train
MasterBedroom-25057,train
SecondBedroom-16638,train
SecondBedroom-68353,train
SecondBedroom-11580,train
SecondBedroom-3914,train
MasterBedroom-26054,train
Bedroom-62269,train
MasterBedroom-68624,train
MasterBedroom-10862,train
MasterBedroom-66911,train
MasterBedroom-31582,train
SecondBedroom-14072,train
Bedroom-21222,train
Bedroom-803,train
MasterBedroom-11391,train
Bedroom-314,train
Bedroom-38427,train
Bedroom-14501,train
SecondBedroom-19119,train
MasterBedroom-46749,train
MasterBedroom-2856,train
Bedroom-21192,train
MasterBedroom-26907,train
MasterBedroom-16901,train
Bedroom-9668,train
MasterBedroom-3500,train
Bedroom-22290,train
MasterBedroom-5468,train
MasterBedroom-39199,train
SecondBedroom-54502,train
MasterBedroom-29275,train
SecondBedroom-13758,train
MasterBedroom-1166,train
SecondBedroom-33314,train
SecondBedroom-3805,train
Bedroom-197,train
Bedroom-388,train
Bedroom-394,train
SecondBedroom-25725,train
MasterBedroom-1505,train
SecondBedroom-1065,train
Bedroom-8139,train
MasterBedroom-5794,train
MasterBedroom-10659,train
SecondBedroom-9587,train
SecondBedroom-8681,train
Bedroom-35224,train
MasterBedroom-10518,train
MasterBedroom-12805,train
Bedroom-5981,train
Bedroom-10003,train
Bedroom-1784,train
MasterBedroom-319,train
MasterBedroom-45036,train
SecondBedroom-23974,train
Bedroom-15959,train
Bedroom-13255,train
MasterBedroom-52872,train
Bedroom-12508,train
Bedroom-1509,train
MasterBedroom-67870,train
MasterBedroom-17431,train
Bedroom-12028,train
MasterBedroom-7711,train
SecondBedroom-12565,train
Bedroom-36404,train
SecondBedroom-33144,train
MasterBedroom-21362,train
MasterBedroom-1016,train
MasterBedroom-49863,train
Bedroom-20168,train
Bedroom-23984,train
Bedroom-1017,train
SecondBedroom-3628,train
MasterBedroom-6424,train
Bedroom-24179,train
MasterBedroom-28179,train
SecondBedroom-116295,train
Bedroom-15868,train
Bedroom-275,train
MasterBedroom-1979,train
MasterBedroom-16774,train
SecondBedroom-22809,train
Bedroom-12012,train
MasterBedroom-2364,train
SecondBedroom-5468,train
SecondBedroom-3022,train
MasterBedroom-21751,train
MasterBedroom-1803,train
MasterBedroom-10670,train
MasterBedroom-16132,train
SecondBedroom-42478,train
SecondBedroom-66007,train
MasterBedroom-3857,train
SecondBedroom-68695,train
Bedroom-19320,train
MasterBedroom-956,train
MasterBedroom-8822,train
MasterBedroom-2153,train
SecondBedroom-1028,train
Bedroom-312023,train
MasterBedroom-9702,train
MasterBedroom-8601,train
Bedroom-108873,train
MasterBedroom-35145,train
Bedroom-6975,train
MasterBedroom-3510,train
Bedroom-10367,train
Bedroom-2976,train
MasterBedroom-4779,train
MasterBedroom-4390,train
MasterBedroom-151442,train
Bedroom-1265,train
Bedroom-302,train
SecondBedroom-27973,train
Bedroom-62619,train
MasterBedroom-199,train
SecondBedroom-7140,train
MasterBedroom-12307,train
SecondBedroom-29711,train
Bedroom-17082,train
Bedroom-10342,train
MasterBedroom-57730,train
SecondBedroom-12387,train
Bedroom-15603,train
MasterBedroom-6488,train
MasterBedroom-13519,train
SecondBedroom-12920,train
MasterBedroom-29013,train
MasterBedroom-873,train
Bedroom-1205,train
MasterBedroom-72447,train
SecondBedroom-12206,train
MasterBedroom-533,train
MasterBedroom-60471,train
Bedroom-5097,train
MasterBedroom-33899,train
Bedroom-7177,train
SecondBedroom-4527,train
MasterBedroom-59979,train
SecondBedroom-46591,train
MasterBedroom-147134,train
Bedroom-4530,train
MasterBedroom-4104,train
SecondBedroom-107035,train
Bedroom-1127,train
Bedroom-2588,train
SecondBedroom-3467,train
Bedroom-358,train
MasterBedroom-34953,train
Bedroom-36219,train
MasterBedroom-32890,train
MasterBedroom-536,train
SecondBedroom-420,train
MasterBedroom-95193,train
SecondBedroom-36167,train
SecondBedroom-7218,train
SecondBedroom-6693,train
MasterBedroom-34488,train
SecondBedroom-15428,train
Bedroom-219,train
MasterBedroom-14201,train
SecondBedroom-10153,train
MasterBedroom-6663,train
SecondBedroom-5145,train
SecondBedroom-11688,train
SecondBedroom-8497,train
Bedroom-14731,train
Bedroom-46678,train
MasterBedroom-109910,train
MasterBedroom-4256,train
MasterBedroom-9914,train
SecondBedroom-17722,train
SecondBedroom-18175,train
Bedroom-13247,train
SecondBedroom-40163,train
MasterBedroom-1862,train
Bedroom-8507,train
MasterBedroom-22965,train
MasterBedroom-45307,train
MasterBedroom-8229,train
Bedroom-5088,train
MasterBedroom-816,train
MasterBedroom-18875,train
MasterBedroom-5292,train
SecondBedroom-17932,train
SecondBedroom-13208,train
MasterBedroom-6040,train
Bedroom-60068,train
SecondBedroom-14861,train
SecondBedroom-45033,train
SecondBedroom-2260,train
MasterBedroom-19265,train
SecondBedroom-24808,train
Bedroom-46578,train
MasterBedroom-4284,train
Bedroom-4026,train
MasterBedroom-37219,train
MasterBedroom-6493,train
SecondBedroom-14527,train
SecondBedroom-27399,train
SecondBedroom-23318,train
Bedroom-13858,train
MasterBedroom-128453,train
MasterBedroom-1629,train
MasterBedroom-132469,train
Bedroom-22264,train
SecondBedroom-819,train
MasterBedroom-364,train
Bedroom-623,train
SecondBedroom-119762,train
MasterBedroom-13291,train
Bedroom-15630,train
SecondBedroom-1132,train
SecondBedroom-26550,train
MasterBedroom-2632,train
SecondBedroom-3003,train
MasterBedroom-31477,train
Bedroom-8715,train
MasterBedroom-30872,train
SecondBedroom-4485,train
MasterBedroom-22370,train
MasterBedroom-3545,train
SecondBedroom-791,train
MasterBedroom-48205,train
MasterBedroom-32121,train
Bedroom-35514,train
SecondBedroom-8204,train
SecondBedroom-22408,train
MasterBedroom-59131,train
MasterBedroom-44810,train
SecondBedroom-2827,train
Bedroom-44489,train
Bedroom-1912,train
MasterBedroom-17579,train
SecondBedroom-17966,train
MasterBedroom-1762595,train
Bedroom-7308,train
Bedroom-12734,train
MasterBedroom-150024,train
Bedroom-38342,train
MasterBedroom-64939,train
SecondBedroom-13995,train
SecondBedroom-1977,train
SecondBedroom-6212,train
SecondBedroom-4296,train
SecondBedroom-28725,train
MasterBedroom-200023,train
MasterBedroom-58086,train
Bedroom-75674,train
MasterBedroom-7745,train
MasterBedroom-398,train
Bedroom-89166,train
SecondBedroom-58083,train
Bedroom-67585,train
SecondBedroom-58192,train
MasterBedroom-4746,train
MasterBedroom-1762,train
SecondBedroom-3766,train
SecondBedroom-127291,train
MasterBedroom-854,train
Bedroom-23724,train
MasterBedroom-29432,train
SecondBedroom-34183,train
MasterBedroom-5452,train
SecondBedroom-11462,train
Bedroom-12257,train
Bedroom-7187,train
SecondBedroom-49725,train
MasterBedroom-136536,train
MasterBedroom-54784,train
MasterBedroom-1462,train
MasterBedroom-16250,train
SecondBedroom-12046,train
MasterBedroom-5249,train
MasterBedroom-20604,train
Bedroom-39649,train
Bedroom-71366,train
Bedroom-8158,train
Bedroom-3183,train
MasterBedroom-37633,train
MasterBedroom-22922,train
SecondBedroom-9807,train
SecondBedroom-11385,train
Bedroom-62638,train
SecondBedroom-39039,train
SecondBedroom-3549,train
Bedroom-4191,train
SecondBedroom-38751,train
MasterBedroom-25285,train
SecondBedroom-155582,train
MasterBedroom-28365,train
Bedroom-1215,train
MasterBedroom-350851,train
MasterBedroom-3544,train
SecondBedroom-47313,train
Bedroom-6294,train
Bedroom-26428,train
Bedroom-4321,train
Bedroom-6376,train
MasterBedroom-10958,train
MasterBedroom-34912,train
MasterBedroom-16486,train
Bedroom-98387,train
Bedroom-12514,train
MasterBedroom-9476,train
Bedroom-22136,train
MasterBedroom-23705,train
Bedroom-11819,train
Bedroom-664,train
MasterBedroom-45563,train
Bedroom-3165,train
SecondBedroom-33218,train
MasterBedroom-99492,train
SecondBedroom-30248,train
SecondBedroom-964,train
Bedroom-4858,train
SecondBedroom-15800,train
SecondBedroom-17030,train
Bedroom-101913,train
MasterBedroom-110,train
SecondBedroom-30951,train
MasterBedroom-8645,train
MasterBedroom-16874,train
MasterBedroom-13874,train
Bedroom-5073,train
MasterBedroom-20171,train
Bedroom-69416,train
Bedroom-62184,train
SecondBedroom-313,train
MasterBedroom-44806,train
SecondBedroom-18403,train
MasterBedroom-18427,train
SecondBedroom-17999,train
SecondBedroom-555,train
SecondBedroom-67319,train
MasterBedroom-18110,train
MasterBedroom-2311,train
Bedroom-34319,train
MasterBedroom-12325,train
SecondBedroom-64295,train
MasterBedroom-46100,train
MasterBedroom-33506,train
SecondBedroom-22968,train
SecondBedroom-10884,train
Bedroom-64841,train
SecondBedroom-34825,train
SecondBedroom-8847,train
SecondBedroom-36408,train
MasterBedroom-73650,train
MasterBedroom-19867,train
Bedroom-9025,train
MasterBedroom-32955,train
MasterBedroom-6762,train
MasterBedroom-116901,train
MasterBedroom-45712,train
MasterBedroom-44763,train
MasterBedroom-1170,train
SecondBedroom-18007,train
MasterBedroom-6399,train
SecondBedroom-31291,train
MasterBedroom-30716,train
Bedroom-303723,train
SecondBedroom-110053,train
MasterBedroom-102878,train
MasterBedroom-24714,train
SecondBedroom-24866,train
MasterBedroom-6588,train
MasterBedroom-77395,train
SecondBedroom-5222,train
Bedroom-11172,train
SecondBedroom-2176,train
Bedroom-13686,train
Bedroom-35064,train
Bedroom-48241,train
SecondBedroom-12283,train
Bedroom-13661,train
SecondBedroom-46764,train
Bedroom-46909,train
MasterBedroom-2763,train
SecondBedroom-27606,train
SecondBedroom-73206,train
SecondBedroom-23255,train
MasterBedroom-26625,train
MasterBedroom-4499,train
MasterBedroom-7594,train
MasterBedroom-14994,train
MasterBedroom-44572,train
MasterBedroom-31276,train
MasterBedroom-71130,train
MasterBedroom-18415,train
SecondBedroom-60421,train
MasterBedroom-9984,train
SecondBedroom-4501,train
Bedroom-1705,train
MasterBedroom-8546,train
SecondBedroom-17567,train
Bedroom-680,train
SecondBedroom-10895,train
MasterBedroom-2721,train
MasterBedroom-1087,train
MasterBedroom-36867,train
SecondBedroom-1613,train
MasterBedroom-621,train
SecondBedroom-142,train
Bedroom-2276,train
MasterBedroom-6196,train
MasterBedroom-13968,train
SecondBedroom-546,train
SecondBedroom-1116,train
SecondBedroom-1652,train
Bedroom-869,train
Bedroom-16379,train
Bedroom-20286,train
MasterBedroom-9966,train
MasterBedroom-1073,train
SecondBedroom-31597,train
SecondBedroom-100131,train
MasterBedroom-137733,train
MasterBedroom-34597,train
Bedroom-27059,train
SecondBedroom-1255,train
Bedroom-12574,train
MasterBedroom-8245,train
MasterBedroom-121454,train
Bedroom-1005,train
SecondBedroom-19046,train
MasterBedroom-137035,train
SecondBedroom-15551,train
MasterBedroom-427,train
SecondBedroom-13218,train
MasterBedroom-2045,train
MasterBedroom-8176,train
MasterBedroom-33779,train
Bedroom-10786,train
MasterBedroom-21582,train
MasterBedroom-35124,train
MasterBedroom-7158,train
MasterBedroom-15154,train
SecondBedroom-9825,train
MasterBedroom-12936,train
MasterBedroom-3269,train
MasterBedroom-30627,train
SecondBedroom-6278,train
MasterBedroom-11456,train
SecondBedroom-46456,train
Bedroom-36351,train
SecondBedroom-13359,train
SecondBedroom-35781,train
MasterBedroom-11479,train
Bedroom-62056,train
SecondBedroom-13869,train
MasterBedroom-9526,train
MasterBedroom-89620,train
Bedroom-25069,train
MasterBedroom-76124,train
SecondBedroom-1830,train
MasterBedroom-7894,train
Bedroom-21407,train
SecondBedroom-94626,train
MasterBedroom-6528,train
Bedroom-16443,train
MasterBedroom-19029,train
MasterBedroom-8778,train
Bedroom-5573,train
Bedroom-822,train
Bedroom-98585,train
MasterBedroom-30258,train
Bedroom-7588,train
SecondBedroom-19972,train
SecondBedroom-12861,train
MasterBedroom-9390,train
MasterBedroom-44703,train
Bedroom-22004,train
MasterBedroom-7854,train
MasterBedroom-32346,train
Bedroom-6842,train
Bedroom-29441,train
MasterBedroom-95497,train
MasterBedroom-8131,train
MasterBedroom-13164,train
MasterBedroom-17413,train
Bedroom-13327,train
MasterBedroom-17209,train
MasterBedroom-12753,train
Bedroom-191156,train
SecondBedroom-14409,train
Bedroom-75221,train
SecondBedroom-7309,train
SecondBedroom-54345,train
SecondBedroom-86,train
Bedroom-1411,train
SecondBedroom-94646,train
Bedroom-9406,train
SecondBedroom-6511,train
SecondBedroom-1213,train
MasterBedroom-30526,train
SecondBedroom-35832,train
SecondBedroom-37197,train
Bedroom-2092,train
SecondBedroom-7743,train
MasterBedroom-70575,train
MasterBedroom-809,train
MasterBedroom-55352,train
SecondBedroom-258,train
Bedroom-4076,train
SecondBedroom-22944,train
Bedroom-451,train
SecondBedroom-2000,train
MasterBedroom-71012,train
MasterBedroom-2737,train
MasterBedroom-13810,train
SecondBedroom-22416,train
MasterBedroom-37799,train
Bedroom-2706,train
Bedroom-10393,train
MasterBedroom-1051,train
MasterBedroom-2363,train
Bedroom-7051,train
MasterBedroom-26526,train
SecondBedroom-22967,train
MasterBedroom-27086,train
Bedroom-837,train
SecondBedroom-79435,train
Bedroom-4521,train
Bedroom-16717,train
Bedroom-6915,train
Bedroom-1511,train
MasterBedroom-19575,train
MasterBedroom-30167,train
SecondBedroom-13267,train
Bedroom-455,train
MasterBedroom-1054,train
SecondBedroom-14540,train
SecondBedroom-9923,train
Bedroom-27924,train
MasterBedroom-14388,train
Bedroom-47580,train
MasterBedroom-18785,train
MasterBedroom-21810,train
SecondBedroom-118528,train
MasterBedroom-54203,train
Bedroom-37666,train
MasterBedroom-32113,train
Bedroom-54233,train
MasterBedroom-45642,train
MasterBedroom-14299,train
MasterBedroom-5493,train
MasterBedroom-110156,train
SecondBedroom-1632,train
SecondBedroom-11003,train
MasterBedroom-49544,train
Bedroom-637,train
SecondBedroom-44725,train
Bedroom-7001,train
Bedroom-37672,train
MasterBedroom-11832,train
SecondBedroom-23254,train
MasterBedroom-949,train
SecondBedroom-12217,train
Bedroom-17674,train
MasterBedroom-30313,train
Bedroom-411,train
SecondBedroom-9739,train
MasterBedroom-16187,train
SecondBedroom-10500,train
MasterBedroom-13597,train
Bedroom-301,train
SecondBedroom-32261,train
MasterBedroom-12177,train
SecondBedroom-21470,train
Bedroom-5265,train
MasterBedroom-7524,train
MasterBedroom-122777,train
MasterBedroom-8653,train
SecondBedroom-14328,train
MasterBedroom-27797,train
MasterBedroom-28791,train
Bedroom-13655,train
MasterBedroom-40083,train
SecondBedroom-116989,train
MasterBedroom-13945,train
Bedroom-1447,train
MasterBedroom-22924,train
Bedroom-15975,train
Bedroom-124,train
MasterBedroom-1514,train
MasterBedroom-9345,train
MasterBedroom-43924,train
MasterBedroom-15131,train
MasterBedroom-5754,train
MasterBedroom-6890,train
SecondBedroom-1656,train
MasterBedroom-365,train
MasterBedroom-101816,train
MasterBedroom-32084,train
MasterBedroom-10667,train
Bedroom-56702,train
Bedroom-110163,train
MasterBedroom-45779,train
SecondBedroom-9414,train
SecondBedroom-19446,train
SecondBedroom-12268,train
Bedroom-3372,train
SecondBedroom-8097,train
Bedroom-28486,train
Bedroom-936,train
SecondBedroom-1776,train
Bedroom-5215,train
Bedroom-32536,train
MasterBedroom-52699,train
Bedroom-9098,train
SecondBedroom-8814,train
SecondBedroom-5766,train
MasterBedroom-76318,train
Bedroom-29751,train
MasterBedroom-5883,train
SecondBedroom-9392,train
Bedroom-13135,train
MasterBedroom-13855,train
MasterBedroom-20459,train
SecondBedroom-107766,train
SecondBedroom-59274,train
MasterBedroom-537,train
MasterBedroom-4843,train
MasterBedroom-91396,train
MasterBedroom-26744,train
MasterBedroom-16392,train
SecondBedroom-82189,train
Bedroom-51343,train
SecondBedroom-9844,train
Bedroom-22361,train
MasterBedroom-25650,train
MasterBedroom-8642,train
Bedroom-68029,train
Bedroom-2913,train
SecondBedroom-1621,train
MasterBedroom-16741,train
SecondBedroom-90886,train
MasterBedroom-102143,train
MasterBedroom-34915,train
Bedroom-73620,train
Bedroom-65752,train
Bedroom-74627,train
MasterBedroom-100198,train
MasterBedroom-26002,train
MasterBedroom-33111,train
MasterBedroom-20798,train
SecondBedroom-5878,train
SecondBedroom-72017,train
MasterBedroom-57359,train
SecondBedroom-7736,train
Bedroom-600,train
SecondBedroom-6900,train
MasterBedroom-19679,train
SecondBedroom-4588,train
MasterBedroom-27795,train
SecondBedroom-259637,train
MasterBedroom-12441,train
Bedroom-12479,train
MasterBedroom-19251,train
MasterBedroom-27974,train
SecondBedroom-46831,train
SecondBedroom-2833,train
SecondBedroom-22595,train
SecondBedroom-37944,train
MasterBedroom-132843,train
SecondBedroom-16796,train
SecondBedroom-30001,train
MasterBedroom-54208,train
MasterBedroom-1081,train
Bedroom-21704,train
MasterBedroom-179552,train
MasterBedroom-17237,train
Bedroom-871,train
SecondBedroom-5791,train
MasterBedroom-53789,train
SecondBedroom-15597,train
SecondBedroom-7914,train
SecondBedroom-592,train
SecondBedroom-535020,train
Bedroom-41491,train
MasterBedroom-45414,train
MasterBedroom-514,train
SecondBedroom-1463,train
Bedroom-90564,train
SecondBedroom-74670,train
MasterBedroom-13746,train
SecondBedroom-17858,train
MasterBedroom-156311,train
MasterBedroom-42154,train
Bedroom-1276,train
MasterBedroom-50107,train
SecondBedroom-24334,train
MasterBedroom-11106,train
MasterBedroom-3260,train
Bedroom-9227,train
Bedroom-128872,train
SecondBedroom-392,train
MasterBedroom-1065,train
SecondBedroom-7328,train
MasterBedroom-951,train
Bedroom-4797,train
Bedroom-82273,train
MasterBedroom-9326,train
Bedroom-222,train
Bedroom-6144,train
SecondBedroom-217432,train
MasterBedroom-19988,train
SecondBedroom-71965,train
Bedroom-24236,train
SecondBedroom-14518,train
SecondBedroom-45973,train
MasterBedroom-4969,train
SecondBedroom-4947,train
SecondBedroom-91744,train
MasterBedroom-801,train
Bedroom-21752,train
MasterBedroom-22072,train
SecondBedroom-43866,train
MasterBedroom-20647,train
MasterBedroom-29010,train
SecondBedroom-941,train
Bedroom-15706,train
MasterBedroom-28940,train
Bedroom-2730,train
MasterBedroom-1843,train
MasterBedroom-42208,train
MasterBedroom-35489,train
MasterBedroom-742,train
MasterBedroom-2801,train
MasterBedroom-33700,train
SecondBedroom-222181,train
MasterBedroom-45245,train
Bedroom-2087,train
Bedroom-1093,train
Bedroom-300,train
Bedroom-2301,train
Bedroom-421,train
MasterBedroom-18055,train
Bedroom-26447,train
Bedroom-4576,train
MasterBedroom-78206,train
MasterBedroom-4146,train
MasterBedroom-13327,train
Bedroom-2175,train
Bedroom-6248,train
MasterBedroom-13825,train
SecondBedroom-14765,train
SecondBedroom-34098,train
Bedroom-6002,train
Bedroom-23931,train
SecondBedroom-10238,train
SecondBedroom-7433,train
SecondBedroom-1309,train
SecondBedroom-16034,train
Bedroom-10080,train
SecondBedroom-62375,train
Bedroom-74,train
SecondBedroom-1916,train
MasterBedroom-44897,train
MasterBedroom-33444,train
SecondBedroom-913,train
SecondBedroom-18421,train
Bedroom-369,train
MasterBedroom-92088,train
MasterBedroom-442,train
Bedroom-2914,train
MasterBedroom-20015,train
MasterBedroom-45353,train
MasterBedroom-89243,train
MasterBedroom-3595,train
MasterBedroom-4381,train
MasterBedroom-2171,train
MasterBedroom-11400,train
SecondBedroom-168927,train
MasterBedroom-11395,train
MasterBedroom-1589,train
MasterBedroom-67961,train
Bedroom-164,train
MasterBedroom-11658,train
SecondBedroom-51399,train
MasterBedroom-10045,train
Bedroom-19359,train
MasterBedroom-270353,train
SecondBedroom-14975,train
SecondBedroom-47052,train
MasterBedroom-1966,train
Bedroom-79365,train
Bedroom-12297,train
MasterBedroom-56165,train
MasterBedroom-11336,train
MasterBedroom-12350,train
SecondBedroom-106044,train
MasterBedroom-16919,train
Bedroom-71694,train
Bedroom-15622,train
Bedroom-13499,train
Bedroom-43109,train
MasterBedroom-1369,train
SecondBedroom-2302,train
SecondBedroom-19183,train
SecondBedroom-7635,train
Bedroom-14024,train
Bedroom-6637,train
MasterBedroom-4847,train
Bedroom-167264,train
SecondBedroom-47822,train
SecondBedroom-21986,train
SecondBedroom-102751,train
MasterBedroom-27465,train
Bedroom-1529,train
SecondBedroom-10536,train
Bedroom-12272,train
MasterBedroom-45724,train
MasterBedroom-3191,train
Bedroom-116156,train
Bedroom-2152,train
Bedroom-4744,train
SecondBedroom-19500,train
Bedroom-268,train
MasterBedroom-5264,train
SecondBedroom-8146,train
MasterBedroom-29731,train
Bedroom-4727,train
SecondBedroom-29324,train
Bedroom-17813,train
Bedroom-13740,train
Bedroom-1738,train
MasterBedroom-145762,train
MasterBedroom-23811,train
Bedroom-437,train
SecondBedroom-33650,train
Bedroom-1681,train
Bedroom-25921,train
MasterBedroom-5547,train
SecondBedroom-39146,train
MasterBedroom-1448,train
MasterBedroom-369,train
MasterBedroom-72870,train
Bedroom-52786,train
MasterBedroom-1699,train
Bedroom-11065,train
SecondBedroom-79497,train
SecondBedroom-34345,train
SecondBedroom-49533,train
Bedroom-8024,train
SecondBedroom-37702,train
Bedroom-10751,train
Bedroom-3755,train
MasterBedroom-1261,train
SecondBedroom-9075,train
Bedroom-18397,train
MasterBedroom-60232,train
MasterBedroom-5908,train
SecondBedroom-14567,train
SecondBedroom-8687,train
SecondBedroom-25073,train
SecondBedroom-8820,train
Bedroom-23685,train
SecondBedroom-17521,train
Bedroom-152,train
SecondBedroom-58832,train
MasterBedroom-14707,train
MasterBedroom-243116,train
Bedroom-12864,train
MasterBedroom-49133,train
MasterBedroom-1615,train
MasterBedroom-76653,train
SecondBedroom-15077,train
Bedroom-3338,train
Bedroom-20650,train
SecondBedroom-14246,train
MasterBedroom-38383,train
Bedroom-12972,train
SecondBedroom-14981,train
Bedroom-163574,train
MasterBedroom-142285,train
SecondBedroom-6182,train
Bedroom-8660,train
Bedroom-8481,train
MasterBedroom-1763231,train
MasterBedroom-25342,train
SecondBedroom-120097,train
SecondBedroom-23557,train
MasterBedroom-270794,train
SecondBedroom-18838,train
Bedroom-37799,train
SecondBedroom-92664,train
SecondBedroom-9255,train
MasterBedroom-32534,train
SecondBedroom-3545,train
Bedroom-12351,train
SecondBedroom-114156,train
MasterBedroom-87312,train
SecondBedroom-1435,train
MasterBedroom-2895,train
MasterBedroom-14915,train
SecondBedroom-35395,train
SecondBedroom-25830,train
Bedroom-47558,train
SecondBedroom-10954,train
SecondBedroom-10210,train
MasterBedroom-5215,train
Bedroom-16311,train
Bedroom-18928,train
Bedroom-73234,train
SecondBedroom-15458,train
SecondBedroom-35198,train
SecondBedroom-52968,train
MasterBedroom-8284,train
MasterBedroom-7336,train
MasterBedroom-28255,train
MasterBedroom-1637,train
MasterBedroom-20614,train
SecondBedroom-31150,train
Bedroom-1658,train
SecondBedroom-2072,train
Bedroom-3651,train
SecondBedroom-14359,train
MasterBedroom-2002,train
MasterBedroom-137626,train
SecondBedroom-10357,train
MasterBedroom-32488,train
MasterBedroom-21002,train
MasterBedroom-1167,train
MasterBedroom-11787,train
MasterBedroom-7150,train
Bedroom-263,train
SecondBedroom-88841,train
Bedroom-17436,train
MasterBedroom-7208,train
MasterBedroom-6737,train
MasterBedroom-27279,train
SecondBedroom-3137,train
SecondBedroom-3382,train
SecondBedroom-18352,train
MasterBedroom-56412,train
Bedroom-2075,train
MasterBedroom-1468,train
MasterBedroom-1282,train
MasterBedroom-30165,train
MasterBedroom-9227,train
Bedroom-26320,train
Bedroom-1196,train
SecondBedroom-27455,train
MasterBedroom-16735,train
SecondBedroom-40604,train
Bedroom-573,train
SecondBedroom-208237,train
SecondBedroom-13577,train
MasterBedroom-83604,train
MasterBedroom-9410,train
Bedroom-25711,train
MasterBedroom-7997,train
MasterBedroom-10454,train
SecondBedroom-3516,train
SecondBedroom-33219,train
MasterBedroom-8545,train
Bedroom-251,train
Bedroom-10773,train
MasterBedroom-6631,train
MasterBedroom-3684,train
Bedroom-13487,train
SecondBedroom-20,train
Bedroom-11063,train
Bedroom-145448,train
Bedroom-25883,train
Bedroom-29834,train
SecondBedroom-15564,train
SecondBedroom-1763082,train
MasterBedroom-52661,train
MasterBedroom-40296,train
MasterBedroom-21792,train
MasterBedroom-4461,train
MasterBedroom-17233,train
MasterBedroom-4329,train
MasterBedroom-63839,train
Bedroom-8493,train
MasterBedroom-13651,train
SecondBedroom-17616,train
SecondBedroom-21363,train
MasterBedroom-29555,train
SecondBedroom-244311,train
Bedroom-3521,train
MasterBedroom-11058,train
MasterBedroom-2224,train
MasterBedroom-13878,train
SecondBedroom-86380,train
Bedroom-1695,train
SecondBedroom-14227,train
MasterBedroom-72713,train
SecondBedroom-15421,train
MasterBedroom-1244,train
SecondBedroom-42190,train
SecondBedroom-26015,train
MasterBedroom-114213,train
MasterBedroom-24067,train
Bedroom-75916,train
MasterBedroom-49298,train
Bedroom-29259,train
SecondBedroom-30632,train
SecondBedroom-72827,train
SecondBedroom-6400,train
MasterBedroom-24711,train
Bedroom-1440,train
MasterBedroom-72062,train
SecondBedroom-242180,train
Bedroom-57748,train
MasterBedroom-5579,train
MasterBedroom-71933,train
SecondBedroom-116544,train
SecondBedroom-13179,train
SecondBedroom-145304,train
SecondBedroom-25646,train
Bedroom-16767,train
MasterBedroom-37895,train
MasterBedroom-62978,train
Bedroom-32206,train
MasterBedroom-1683,train
MasterBedroom-5719,train
MasterBedroom-32452,train
Bedroom-27912,train
Bedroom-10293,train
Bedroom-11582,train
SecondBedroom-9994,train
MasterBedroom-13931,train
Bedroom-12047,train
Bedroom-39542,train
SecondBedroom-7904,train
MasterBedroom-6907,train
Bedroom-3027,train
SecondBedroom-19492,train
SecondBedroom-505,train
SecondBedroom-41297,train
MasterBedroom-15409,train
Bedroom-5697,train
SecondBedroom-18314,train
SecondBedroom-160421,train
SecondBedroom-30670,train
MasterBedroom-52848,train
SecondBedroom-52543,train
Bedroom-42001,train
MasterBedroom-1859,train
MasterBedroom-30887,train
SecondBedroom-20724,train
MasterBedroom-1503,train
SecondBedroom-2049,train
Bedroom-73888,train
Bedroom-131,train
Bedroom-1621,train
MasterBedroom-27127,train
MasterBedroom-11237,train
MasterBedroom-37858,train
SecondBedroom-153586,train
SecondBedroom-5641,train
Bedroom-16148,train
Bedroom-30371,train
SecondBedroom-1245,train
Bedroom-29500,train
SecondBedroom-43157,train
Bedroom-252,train
Bedroom-41983,train
SecondBedroom-58336,train
MasterBedroom-8474,train
MasterBedroom-6128,train
Bedroom-10043,train
MasterBedroom-5836,train
Bedroom-50869,train
Bedroom-6993,train
MasterBedroom-3213,train
MasterBedroom-34361,train
SecondBedroom-92853,train
MasterBedroom-104323,train
SecondBedroom-25652,train
Bedroom-13271,train
MasterBedroom-35458,train
MasterBedroom-56783,train
MasterBedroom-15718,train
MasterBedroom-12006,train
SecondBedroom-137783,train
MasterBedroom-15309,train
MasterBedroom-23712,train
Bedroom-518,train
MasterBedroom-19750,train
SecondBedroom-56936,train
Bedroom-22018,train
MasterBedroom-23131,train
Bedroom-62536,train
MasterBedroom-55531,train
Bedroom-97,train
SecondBedroom-118939,train
SecondBedroom-1956,train
Bedroom-1103,train
SecondBedroom-13315,train
MasterBedroom-505,train
Bedroom-741,train
MasterBedroom-5934,train
SecondBedroom-11426,train
Bedroom-19866,train
MasterBedroom-11265,train
SecondBedroom-7971,train
Bedroom-169,train
SecondBedroom-11396,train
Bedroom-5804,train
MasterBedroom-18017,train
MasterBedroom-9857,train
Bedroom-23278,train
Bedroom-10034,train
Bedroom-1971,train
Bedroom-1298,train
MasterBedroom-10020,train
SecondBedroom-12164,train
SecondBedroom-71861,train
MasterBedroom-40319,train
MasterBedroom-4027,train
MasterBedroom-39274,train
SecondBedroom-22098,train
SecondBedroom-121249,train
Bedroom-260,train
Bedroom-5403,train
Bedroom-29727,train
Bedroom-102143,train
Bedroom-5817,train
MasterBedroom-26081,train
MasterBedroom-8791,train
SecondBedroom-13281,train
SecondBedroom-37647,train
SecondBedroom-4383,train
SecondBedroom-7811,train
MasterBedroom-24915,train
SecondBedroom-33263,train
MasterBedroom-40557,train
MasterBedroom-12767,train
Bedroom-21210,train
MasterBedroom-3530,train
MasterBedroom-14320,train
Bedroom-12315,train
SecondBedroom-24363,train
SecondBedroom-104672,train
MasterBedroom-283,train
MasterBedroom-8427,train
MasterBedroom-13579,train
MasterBedroom-36010,train
Bedroom-71736,train
SecondBedroom-13987,train
MasterBedroom-2243,train
MasterBedroom-9141,train
SecondBedroom-7287,train
SecondBedroom-2308,train
Bedroom-23858,train
SecondBedroom-25214,train
MasterBedroom-181000,train
MasterBedroom-17598,train
MasterBedroom-17097,train
MasterBedroom-32143,train
SecondBedroom-1313,train
MasterBedroom-1376,train
SecondBedroom-10802,train
SecondBedroom-594,train
SecondBedroom-1955,train
Bedroom-11072,train
MasterBedroom-1823,train
SecondBedroom-14284,train
SecondBedroom-30221,train
SecondBedroom-12024,train
MasterBedroom-1672,train
Bedroom-14021,train
SecondBedroom-60357,train
MasterBedroom-12485,train
MasterBedroom-78127,train
MasterBedroom-148398,train
MasterBedroom-5872,train
SecondBedroom-6442,train
SecondBedroom-19505,train
MasterBedroom-13715,train
SecondBedroom-58235,train
MasterBedroom-75552,train
MasterBedroom-251223,train
SecondBedroom-19232,train
MasterBedroom-3673,train
MasterBedroom-149783,train
Bedroom-9783,train
MasterBedroom-25667,train
MasterBedroom-52196,train
MasterBedroom-20776,train
SecondBedroom-218174,train
MasterBedroom-13989,train
SecondBedroom-25677,train
SecondBedroom-2295,train
SecondBedroom-33345,train
SecondBedroom-9892,train
MasterBedroom-118594,train
MasterBedroom-7015,train
MasterBedroom-6822,train
SecondBedroom-15743,train
SecondBedroom-5877,train
SecondBedroom-8341,train
MasterBedroom-79904,train
SecondBedroom-373,train
Bedroom-24486,train
MasterBedroom-12040,train
Bedroom-42079,train
Bedroom-13239,train
MasterBedroom-7439,train
SecondBedroom-16583,train
MasterBedroom-23296,train
SecondBedroom-17587,train
SecondBedroom-19165,train
Bedroom-12002,train
MasterBedroom-110518,train
SecondBedroom-6482,train
MasterBedroom-22674,train
SecondBedroom-46220,train
Bedroom-9803,train
MasterBedroom-14747,train
SecondBedroom-5044,train
SecondBedroom-714,train
MasterBedroom-49696,train
Bedroom-4123,train
MasterBedroom-28439,train
SecondBedroom-1179,train
SecondBedroom-13950,train
MasterBedroom-25936,train
MasterBedroom-7034,train
Bedroom-28089,train
Bedroom-1181,train
SecondBedroom-151547,train
MasterBedroom-15007,train
MasterBedroom-50869,train
SecondBedroom-6704,train
MasterBedroom-1814,train
SecondBedroom-5581,train
SecondBedroom-13211,train
Bedroom-2160,train
MasterBedroom-23485,train
MasterBedroom-5536,train
Bedroom-61862,train
Bedroom-22351,train
Bedroom-19853,train
Bedroom-1351,train
MasterBedroom-8184,train
Bedroom-13336,train
Bedroom-18055,train
Bedroom-126874,train
SecondBedroom-37482,train
SecondBedroom-89711,train
MasterBedroom-54633,train
SecondBedroom-6135,train
MasterBedroom-6803,train
MasterBedroom-109317,train
MasterBedroom-101566,train
Bedroom-2459,train
Bedroom-29486,train
MasterBedroom-60200,train
Bedroom-1720,train
Bedroom-2694,train
MasterBedroom-17206,train
MasterBedroom-1409,train
MasterBedroom-32994,train
SecondBedroom-417,train
MasterBedroom-34945,train
SecondBedroom-242776,train
MasterBedroom-16651,train
MasterBedroom-10688,train
MasterBedroom-9804,train
MasterBedroom-69896,train
MasterBedroom-117275,train
MasterBedroom-17160,train
MasterBedroom-1688,train
MasterBedroom-604,train
SecondBedroom-8010,train
SecondBedroom-23205,train
MasterBedroom-7232,train
SecondBedroom-1756,train
MasterBedroom-36309,train
MasterBedroom-8547,train
SecondBedroom-16837,train
Bedroom-15114,train
MasterBedroom-37107,train
Bedroom-11125,train
MasterBedroom-3919,train
SecondBedroom-58428,train
SecondBedroom-6285,train
MasterBedroom-223908,train
MasterBedroom-56793,train
MasterBedroom-18673,train
Bedroom-8397,train
MasterBedroom-12220,train
Bedroom-11457,train
Bedroom-12495,train
MasterBedroom-232,train
MasterBedroom-2689,train
MasterBedroom-35376,train
MasterBedroom-10386,train
Bedroom-5666,train
SecondBedroom-6879,train
SecondBedroom-26903,train
MasterBedroom-203,train
SecondBedroom-14817,train
SecondBedroom-11271,train
SecondBedroom-17251,train
SecondBedroom-1901,train
Bedroom-54434,train
MasterBedroom-19189,train
Bedroom-3173,train
SecondBedroom-27194,train
MasterBedroom-4374,train
SecondBedroom-4535,train
MasterBedroom-32770,train
SecondBedroom-33477,train
SecondBedroom-14044,train
SecondBedroom-1216517,train
Bedroom-2858,train
Bedroom-27871,train
SecondBedroom-58732,train
MasterBedroom-46932,train
MasterBedroom-17590,train
MasterBedroom-9070,train
MasterBedroom-10472,train
SecondBedroom-28138,train
MasterBedroom-109561,train
MasterBedroom-49089,train
SecondBedroom-20454,train
MasterBedroom-16935,train
SecondBedroom-15933,train
MasterBedroom-9875,train
MasterBedroom-149108,train
SecondBedroom-32294,train
SecondBedroom-2470,train
Bedroom-6636,train
MasterBedroom-54235,train
MasterBedroom-51516,train
MasterBedroom-34763,train
MasterBedroom-4993,train
Bedroom-47007,train
MasterBedroom-9810,train
Bedroom-3130,train
MasterBedroom-14249,train
MasterBedroom-1901,train
Bedroom-9299,train
Bedroom-7143,train
MasterBedroom-11331,train
SecondBedroom-108747,train
MasterBedroom-29735,train
SecondBedroom-11465,train
SecondBedroom-431,train
MasterBedroom-60990,train
SecondBedroom-10941,train
MasterBedroom-7113,train
Bedroom-35027,train
SecondBedroom-1060,train
Bedroom-113166,train
MasterBedroom-16950,train
MasterBedroom-1801,train
SecondBedroom-64303,train
MasterBedroom-15945,train
MasterBedroom-1692,train
SecondBedroom-3777,train
MasterBedroom-65519,train
SecondBedroom-22622,train
SecondBedroom-68005,train
Bedroom-68718,train
SecondBedroom-11545,train
SecondBedroom-19781,train
MasterBedroom-294,train
MasterBedroom-72148,train
MasterBedroom-3985,train
Bedroom-85414,train
SecondBedroom-18208,train
SecondBedroom-149130,train
SecondBedroom-147398,train
MasterBedroom-13936,train
MasterBedroom-13511,train
MasterBedroom-15809,train
SecondBedroom-45070,train
SecondBedroom-9725,train
SecondBedroom-82001,train
MasterBedroom-5403,train
SecondBedroom-42376,train
Bedroom-1299,train
MasterBedroom-928,train
Bedroom-2277,train
MasterBedroom-2432,train
Bedroom-2394,train
Bedroom-12094,train
SecondBedroom-29462,train
SecondBedroom-6847,train
SecondBedroom-5378,train
MasterBedroom-16040,train
MasterBedroom-23692,train
Bedroom-986,train
Bedroom-87733,train
SecondBedroom-879,train
MasterBedroom-26413,train
Bedroom-10537,train
MasterBedroom-3935,train
SecondBedroom-898,train
MasterBedroom-13404,train
MasterBedroom-22824,train
MasterBedroom-20327,train
SecondBedroom-57811,train
MasterBedroom-4955,train
Bedroom-233,train
MasterBedroom-40255,train
MasterBedroom-65728,train
Bedroom-5388,train
Bedroom-243932,train
MasterBedroom-38443,train
Bedroom-8226,train
SecondBedroom-9667,train
MasterBedroom-412,train
MasterBedroom-75082,train
Bedroom-11202,train
SecondBedroom-100095,train
MasterBedroom-6281,train
Bedroom-10508,train
MasterBedroom-9481,train
MasterBedroom-5110,train
MasterBedroom-22333,train
SecondBedroom-43092,train
Bedroom-24337,train
SecondBedroom-45332,train
Bedroom-68021,train
MasterBedroom-5933,train
SecondBedroom-21442,train
MasterBedroom-15527,train
SecondBedroom-16492,train
Bedroom-9255,train
Bedroom-10012,train
MasterBedroom-17825,train
MasterBedroom-8404,train
Bedroom-3313,train
MasterBedroom-28098,train
Bedroom-9169,train
SecondBedroom-72989,train
MasterBedroom-15002,train
SecondBedroom-65696,train
Bedroom-12659,train
SecondBedroom-32118,train
SecondBedroom-26399,train
MasterBedroom-838,train
SecondBedroom-43096,train
MasterBedroom-22804,train
MasterBedroom-1180,train
MasterBedroom-135740,train
SecondBedroom-8921,train
SecondBedroom-12933,train
MasterBedroom-30923,train
SecondBedroom-20065,train
Bedroom-2197,train
Bedroom-4751,train
MasterBedroom-31896,train
MasterBedroom-515,train
MasterBedroom-15500,train
MasterBedroom-5636,train
SecondBedroom-20973,train
MasterBedroom-32892,train
Bedroom-16055,train
MasterBedroom-18383,train
SecondBedroom-6616,train
Bedroom-62617,train
SecondBedroom-40147,train
Bedroom-16315,train
Bedroom-740,train
SecondBedroom-67009,train
MasterBedroom-2940,train
SecondBedroom-781,train
MasterBedroom-4606,train
MasterBedroom-10673,train
Bedroom-21295,train
Bedroom-7835,train
Bedroom-3241,train
MasterBedroom-42455,train
Bedroom-86824,train
Bedroom-30440,train
MasterBedroom-8733,train
SecondBedroom-20352,train
MasterBedroom-4716,train
Bedroom-15592,train
Bedroom-207,train
SecondBedroom-1986,train
Bedroom-51292,train
Bedroom-56319,train
SecondBedroom-35859,train
SecondBedroom-1419,train
SecondBedroom-9931,train
Bedroom-126560,train
SecondBedroom-3960,train
MasterBedroom-11650,train
MasterBedroom-13063,train
SecondBedroom-41119,train
MasterBedroom-93966,train
Bedroom-74674,train
MasterBedroom-9093,train
SecondBedroom-5185,train
MasterBedroom-131194,train
Bedroom-68902,train
SecondBedroom-24878,train
Bedroom-88515,train
MasterBedroom-41884,train
Bedroom-13343,train
MasterBedroom-12835,train
MasterBedroom-9748,train
MasterBedroom-22056,train
Bedroom-14220,train
MasterBedroom-138,train
SecondBedroom-6500,train
MasterBedroom-50407,train
Bedroom-9417,train
MasterBedroom-2976,train
MasterBedroom-61232,train
MasterBedroom-89411,train
SecondBedroom-29217,train
SecondBedroom-1064,train
SecondBedroom-7347,train
SecondBedroom-48968,train
MasterBedroom-40818,train
Bedroom-17761,train
SecondBedroom-86888,train
MasterBedroom-27352,train
MasterBedroom-3752,train
Bedroom-30978,train
Bedroom-2885,train
SecondBedroom-27519,train
Bedroom-522,train
SecondBedroom-2936,train
Bedroom-701,train
SecondBedroom-35011,train
SecondBedroom-6026,train
SecondBedroom-7863,train
MasterBedroom-9031,train
MasterBedroom-18739,train
MasterBedroom-15896,train
SecondBedroom-11216,train
MasterBedroom-3182,train
SecondBedroom-8350,train
Bedroom-33188,train
MasterBedroom-23278,train
Bedroom-7707,train
MasterBedroom-36096,train
MasterBedroom-6351,train
MasterBedroom-783,train
MasterBedroom-26202,train
SecondBedroom-16748,train
MasterBedroom-19693,train
Bedroom-225,train
MasterBedroom-11653,train
SecondBedroom-1902,train
SecondBedroom-1762979,train
MasterBedroom-43075,train
SecondBedroom-42938,train
Bedroom-22495,train
Bedroom-39690,train
Bedroom-48850,train
SecondBedroom-49012,train
MasterBedroom-14208,train
MasterBedroom-1422,train
SecondBedroom-1603,train
Bedroom-17400,train
MasterBedroom-59200,train
SecondBedroom-2658,train
MasterBedroom-12904,train
MasterBedroom-28235,train
MasterBedroom-23191,train
SecondBedroom-4082,train
SecondBedroom-8279,train
Bedroom-34622,train
MasterBedroom-52264,train
SecondBedroom-17372,train
SecondBedroom-7799,train
Bedroom-6866,train
SecondBedroom-64094,train
Bedroom-4544,train
MasterBedroom-2213,train
SecondBedroom-1807,train
MasterBedroom-25843,train
MasterBedroom-53,train
MasterBedroom-6943,train
SecondBedroom-9959,train
Bedroom-8490,train
SecondBedroom-67739,train
Bedroom-161064,train
Bedroom-19071,train
Bedroom-422,train
MasterBedroom-7269,train
SecondBedroom-1808,train
Bedroom-9287,train
Bedroom-13709,train
Bedroom-10310,train
MasterBedroom-91485,train
Bedroom-5546,train
MasterBedroom-32667,train
MasterBedroom-28111,train
SecondBedroom-307,train
SecondBedroom-1684,train
MasterBedroom-16174,train
Bedroom-398,train
Bedroom-3107,train
MasterBedroom-25068,train
MasterBedroom-4622,train
Bedroom-6984,train
Bedroom-1541,train
SecondBedroom-27156,train
MasterBedroom-32242,train
SecondBedroom-8785,train
Bedroom-125104,train
Bedroom-3753,train
SecondBedroom-4803,train
Bedroom-81765,train
SecondBedroom-12980,train
Bedroom-466,train
SecondBedroom-1044,train
MasterBedroom-3149,train
MasterBedroom-25534,train
MasterBedroom-30468,train
SecondBedroom-37378,train
MasterBedroom-19310,train
SecondBedroom-130,train
MasterBedroom-950,train
Bedroom-17442,train
SecondBedroom-57261,train
SecondBedroom-32099,train
MasterBedroom-16305,train
MasterBedroom-5048,train
MasterBedroom-10340,train
MasterBedroom-242754,train
MasterBedroom-107429,train
SecondBedroom-15023,train
MasterBedroom-6775,train
Bedroom-1715,train
MasterBedroom-542,train
MasterBedroom-16811,train
Bedroom-30773,train
MasterBedroom-4340,train
SecondBedroom-42173,train
Bedroom-14447,train
SecondBedroom-48014,train
Bedroom-79925,train
MasterBedroom-35172,train
MasterBedroom-441,train
SecondBedroom-18088,train
SecondBedroom-1727,train
MasterBedroom-43761,train
SecondBedroom-125678,train
Bedroom-28863,train
Bedroom-232,train
Bedroom-211600,train
Bedroom-35975,train
MasterBedroom-55695,train
MasterBedroom-28445,train
MasterBedroom-28468,train
MasterBedroom-38660,train
Bedroom-12602,train
MasterBedroom-736,train
SecondBedroom-1622,train
MasterBedroom-15217,train
Bedroom-6801,train
MasterBedroom-12873,train
SecondBedroom-2149,train
Bedroom-583,train
SecondBedroom-1499,train
SecondBedroom-5373,train
SecondBedroom-22933,train
Bedroom-1124,train
MasterBedroom-17535,train
SecondBedroom-31401,train
SecondBedroom-12633,train
SecondBedroom-36964,train
MasterBedroom-3822,train
SecondBedroom-15319,train
SecondBedroom-77167,train
MasterBedroom-18161,train
SecondBedroom-1020,train
SecondBedroom-312996,train
Bedroom-77815,train
Bedroom-6936,train
MasterBedroom-5561,train
SecondBedroom-889,train
MasterBedroom-42805,train
SecondBedroom-7253,train
SecondBedroom-12671,train
SecondBedroom-5811,train
MasterBedroom-7562,train
SecondBedroom-6800,train
SecondBedroom-85409,train
SecondBedroom-36289,train
SecondBedroom-16823,train
Bedroom-62451,train
MasterBedroom-9119,train
Bedroom-5315,train
Bedroom-1983,train
MasterBedroom-16628,train
MasterBedroom-40654,train
Bedroom-790,train
Bedroom-2257,train
Bedroom-8607,train
MasterBedroom-12131,train
MasterBedroom-1762236,train
SecondBedroom-3449,train
Bedroom-9508,train
MasterBedroom-627,train
SecondBedroom-3776,train
SecondBedroom-4816,train
Bedroom-144341,train
MasterBedroom-48826,train
MasterBedroom-1102,train
Bedroom-1433,train
Bedroom-9092,train
MasterBedroom-4520,train
SecondBedroom-42606,train
Bedroom-28090,train
Bedroom-7142,train
Bedroom-1680,train
MasterBedroom-19994,train
SecondBedroom-10509,train
SecondBedroom-17365,train
SecondBedroom-5810,train
MasterBedroom-31419,train
Bedroom-563,train
MasterBedroom-127266,train
Bedroom-8532,train
MasterBedroom-44999,train
Bedroom-3916,train
SecondBedroom-20455,train
MasterBedroom-3618,train
SecondBedroom-1251,train
MasterBedroom-13508,train
SecondBedroom-292,train
MasterBedroom-28990,train
Bedroom-166575,train
MasterBedroom-15926,train
SecondBedroom-6519,train
SecondBedroom-8913,train
SecondBedroom-14900,train
SecondBedroom-52584,train
MasterBedroom-3995,train
Bedroom-13131,train
Bedroom-7783,train
SecondBedroom-8016,train
SecondBedroom-218199,train
Bedroom-13741,train
Bedroom-3098,train
Bedroom-24525,train
MasterBedroom-352,train
Bedroom-13712,train
Bedroom-32115,train
MasterBedroom-2924,train
SecondBedroom-19612,train
MasterBedroom-3979,train
SecondBedroom-8304,train
SecondBedroom-1906,train
MasterBedroom-2604,train
MasterBedroom-3135,train
Bedroom-7954,train
Bedroom-14292,train
MasterBedroom-994,train
SecondBedroom-2309,train
Bedroom-33476,train
SecondBedroom-35873,train
MasterBedroom-32008,train
SecondBedroom-860,train
MasterBedroom-7783,train
SecondBedroom-57682,train
MasterBedroom-32217,train
Bedroom-1611,train
MasterBedroom-14015,train
Bedroom-279,train
MasterBedroom-13590,train
Bedroom-21117,train
MasterBedroom-56404,train
SecondBedroom-30625,train
SecondBedroom-35477,train
Bedroom-15614,train
SecondBedroom-44058,train
MasterBedroom-24034,train
SecondBedroom-5283,train
Bedroom-18950,train
SecondBedroom-70961,train
MasterBedroom-108,train
MasterBedroom-21200,train
Bedroom-10136,train
MasterBedroom-49597,train
MasterBedroom-29891,train
Bedroom-208700,train
Bedroom-10256,train
MasterBedroom-30566,train
SecondBedroom-21312,train
Bedroom-21984,train
MasterBedroom-21338,train
MasterBedroom-39739,train
Bedroom-34903,train
Bedroom-87322,train
SecondBedroom-74626,train
MasterBedroom-4588,train
SecondBedroom-675666,train
MasterBedroom-33062,train
MasterBedroom-26071,train
SecondBedroom-57298,train
SecondBedroom-8514,train
SecondBedroom-35143,train
MasterBedroom-7936,train
Bedroom-9552,train
MasterBedroom-24596,train
SecondBedroom-7221,train
SecondBedroom-16477,train
MasterBedroom-3147,train
MasterBedroom-27362,train
MasterBedroom-12560,train
MasterBedroom-10209,train
SecondBedroom-21947,train
MasterBedroom-20579,train
SecondBedroom-5067,train
MasterBedroom-4105,train
Bedroom-20007,train
SecondBedroom-12420,train
MasterBedroom-1091,train
MasterBedroom-8979,train
SecondBedroom-2293,train
SecondBedroom-130646,train
MasterBedroom-8863,train
Bedroom-2636,train
MasterBedroom-46278,train
SecondBedroom-12952,train
MasterBedroom-6963,train
MasterBedroom-50979,train
SecondBedroom-11167,train
MasterBedroom-1096,train
SecondBedroom-25260,train
MasterBedroom-57483,train
Bedroom-68754,train
MasterBedroom-17404,train
MasterBedroom-1199,train
MasterBedroom-2464,train
SecondBedroom-34631,train
MasterBedroom-6372,train
Bedroom-6012,train
MasterBedroom-34278,train
MasterBedroom-17139,train
SecondBedroom-1689,train
Bedroom-2104,train
SecondBedroom-164083,train
SecondBedroom-96865,train
Bedroom-46399,train
SecondBedroom-58410,train
SecondBedroom-1845,train
MasterBedroom-50875,train
SecondBedroom-10825,train
SecondBedroom-16892,train
MasterBedroom-40378,train
SecondBedroom-32832,train
SecondBedroom-35698,train
Bedroom-8043,train
MasterBedroom-17461,train
SecondBedroom-8161,train
Bedroom-11659,train
SecondBedroom-23506,train
MasterBedroom-13040,train
SecondBedroom-14804,train
SecondBedroom-10078,train
MasterBedroom-64477,train
MasterBedroom-9298,train
Bedroom-47481,train
MasterBedroom-72669,train
SecondBedroom-52786,train
Bedroom-11746,train
Bedroom-30358,train
Bedroom-7022,train
SecondBedroom-26340,train
SecondBedroom-14942,train
MasterBedroom-71103,train
Bedroom-15482,train
SecondBedroom-35821,train
MasterBedroom-74389,train
Bedroom-53458,train
MasterBedroom-32334,train
SecondBedroom-17259,train
MasterBedroom-168,train
SecondBedroom-7076,train
MasterBedroom-22634,train
Bedroom-5501,train
Bedroom-11397,train
MasterBedroom-19801,train
MasterBedroom-52711,train
MasterBedroom-35892,train
SecondBedroom-1494,train
Bedroom-4213,train
MasterBedroom-8221,train
SecondBedroom-31776,train
MasterBedroom-1763128,train
Bedroom-88208,train
MasterBedroom-63341,train
SecondBedroom-3873,train
Bedroom-94555,train
SecondBedroom-7807,train
MasterBedroom-14739,train
MasterBedroom-27387,train
Bedroom-151327,train
MasterBedroom-25891,train
SecondBedroom-40706,train
SecondBedroom-38613,train
SecondBedroom-110019,train
SecondBedroom-18509,train
SecondBedroom-534911,train
MasterBedroom-14581,train
SecondBedroom-22467,train
MasterBedroom-39197,train
MasterBedroom-30669,train
MasterBedroom-13658,train
SecondBedroom-3942,train
MasterBedroom-142,train
Bedroom-27692,train
Bedroom-33792,train
SecondBedroom-2743,train
SecondBedroom-9632,train
SecondBedroom-13653,train
SecondBedroom-15655,train
MasterBedroom-45873,train
Bedroom-2241,train
Bedroom-17608,train
Bedroom-6521,train
MasterBedroom-391,train
MasterBedroom-24161,train
MasterBedroom-6295,train
SecondBedroom-27869,train
Bedroom-23540,train
SecondBedroom-27411,train
MasterBedroom-34469,train
SecondBedroom-50507,train
SecondBedroom-1148,train
Bedroom-44231,train
SecondBedroom-7317,train
SecondBedroom-10109,train
MasterBedroom-1352,train
MasterBedroom-20760,train
MasterBedroom-5478,train
Bedroom-11599,train
SecondBedroom-24774,train
SecondBedroom-24608,train
MasterBedroom-244,train
MasterBedroom-34223,val
SecondBedroom-13159,val
Bedroom-146,val
SecondBedroom-39528,val
MasterBedroom-13947,val
Bedroom-10503,val
SecondBedroom-22085,val
MasterBedroom-146184,val
MasterBedroom-6210,val
MasterBedroom-13827,val
Bedroom-1833,val
MasterBedroom-5522,val
MasterBedroom-83868,val
MasterBedroom-1069,val
SecondBedroom-101544,val
MasterBedroom-2294,val
MasterBedroom-211121,val
MasterBedroom-940,val
SecondBedroom-27301,val
SecondBedroom-12402,val
MasterBedroom-29310,val
SecondBedroom-1405,val
SecondBedroom-129545,val
MasterBedroom-17259,val
MasterBedroom-144596,val
SecondBedroom-24855,val
SecondBedroom-89516,val
MasterBedroom-244289,val
MasterBedroom-97964,val
Bedroom-27855,val
Bedroom-559,val
MasterBedroom-5362,val
Bedroom-48166,val
SecondBedroom-78718,val
MasterBedroom-35272,val
Bedroom-17297,val
MasterBedroom-42,val
Bedroom-1070,val
Bedroom-41242,val
MasterBedroom-5851,val
Bedroom-1778,val
SecondBedroom-738,val
SecondBedroom-624,val
MasterBedroom-29284,val
Bedroom-9593,val
SecondBedroom-26731,val
SecondBedroom-92373,val
Bedroom-473,val
Bedroom-14136,val
MasterBedroom-73294,val
MasterBedroom-41297,val
Bedroom-2210,val
SecondBedroom-127,val
MasterBedroom-402,val
SecondBedroom-1238,val
SecondBedroom-15167,val
Bedroom-1448,val
Bedroom-30701,val
SecondBedroom-28761,val
SecondBedroom-55519,val
SecondBedroom-18593,val
MasterBedroom-6127,val
SecondBedroom-39559,val
SecondBedroom-8873,val
MasterBedroom-47915,val
SecondBedroom-1360,val
MasterBedroom-1056,val
MasterBedroom-31997,val
MasterBedroom-45301,val
MasterBedroom-9934,val
Bedroom-20629,val
SecondBedroom-50270,val
MasterBedroom-12204,val
Bedroom-44609,val
Bedroom-84734,val
SecondBedroom-12430,val
MasterBedroom-14554,val
Bedroom-855,val
MasterBedroom-8750,val
SecondBedroom-78680,val
Bedroom-10348,val
Bedroom-691,val
MasterBedroom-92245,val
MasterBedroom-1446,val
SecondBedroom-10059,val
SecondBedroom-16072,val
SecondBedroom-34058,val
SecondBedroom-18201,val
Bedroom-647,val
MasterBedroom-7226,val
MasterBedroom-22898,val
MasterBedroom-8499,val
Bedroom-26648,val
MasterBedroom-836,val
SecondBedroom-103807,val
MasterBedroom-27269,val
SecondBedroom-13814,val
MasterBedroom-54665,val
SecondBedroom-13044,val
SecondBedroom-6261,val
Bedroom-2324,val
MasterBedroom-13238,val
Bedroom-29839,val
MasterBedroom-184355,val
Bedroom-10811,val
MasterBedroom-7618,val
MasterBedroom-10726,val
MasterBedroom-83934,val
MasterBedroom-4026,val
SecondBedroom-24733,val
MasterBedroom-9370,val
Bedroom-15276,val
MasterBedroom-35072,val
Bedroom-11907,val
MasterBedroom-26672,val
MasterBedroom-36745,val
SecondBedroom-151735,val
SecondBedroom-10070,val
Bedroom-24059,val
SecondBedroom-6830,val
SecondBedroom-22752,val
SecondBedroom-21667,val
Bedroom-18123,val
Bedroom-76307,val
MasterBedroom-25069,val
Bedroom-65398,val
Bedroom-33921,val
MasterBedroom-946,val
MasterBedroom-13262,val
MasterBedroom-9682,val
Bedroom-17452,val
Bedroom-7489,val
Bedroom-719,val
SecondBedroom-117427,val
MasterBedroom-45472,val
Bedroom-19328,val
MasterBedroom-13614,val
SecondBedroom-7697,val
MasterBedroom-13842,val
SecondBedroom-31759,val
Bedroom-362,val
Bedroom-2007,val
SecondBedroom-27358,val
Bedroom-9841,val
MasterBedroom-13141,val
SecondBedroom-5052,val
Bedroom-5673,val
MasterBedroom-8118,val
SecondBedroom-1849,val
MasterBedroom-20402,val
MasterBedroom-17635,val
Bedroom-119,val
SecondBedroom-30549,val
SecondBedroom-16272,val
SecondBedroom-9038,val
SecondBedroom-41859,val
MasterBedroom-2377,val
Bedroom-7980,val
SecondBedroom-1228,val
MasterBedroom-11471,val
SecondBedroom-38516,val
SecondBedroom-74434,val
SecondBedroom-6797,val
Bedroom-32859,val
Bedroom-303113,val
SecondBedroom-7694,val
Bedroom-23600,val
MasterBedroom-20096,val
MasterBedroom-11013,val
MasterBedroom-18771,val
SecondBedroom-26156,val
MasterBedroom-19001,val
SecondBedroom-42337,val
MasterBedroom-36996,val
SecondBedroom-78515,val
SecondBedroom-31187,val
Bedroom-8601,val
Bedroom-18759,val
Bedroom-24002,val
MasterBedroom-9688,val
SecondBedroom-18640,val
Bedroom-2876,val
MasterBedroom-4184,val
Bedroom-24019,val
MasterBedroom-8000,val
MasterBedroom-18069,val
MasterBedroom-17329,val
Bedroom-8031,val
MasterBedroom-3151,val
MasterBedroom-1585,val
Bedroom-191,val
Bedroom-933,val
MasterBedroom-235420,val
Bedroom-55017,val
MasterBedroom-50612,val
MasterBedroom-273,val
Bedroom-9314,val
SecondBedroom-13613,val
Bedroom-2471,val
MasterBedroom-4676,val
SecondBedroom-8848,val
Bedroom-13743,val
SecondBedroom-29858,val
SecondBedroom-24295,val
Bedroom-1692,val
Bedroom-7331,val
SecondBedroom-3558,val
SecondBedroom-591,val
Bedroom-35225,val
Bedroom-23983,val
MasterBedroom-24185,val
MasterBedroom-1289,val
Bedroom-21840,val
SecondBedroom-131661,val
SecondBedroom-22972,val
Bedroom-11504,val
MasterBedroom-48626,val
SecondBedroom-8463,val
MasterBedroom-22961,val
Bedroom-5263,val
SecondBedroom-107545,val
MasterBedroom-2888,val
MasterBedroom-7914,val
MasterBedroom-22033,val
SecondBedroom-53615,val
SecondBedroom-12975,val
MasterBedroom-35835,val
Bedroom-17331,val
MasterBedroom-20548,val
Bedroom-14863,val
SecondBedroom-12248,val
SecondBedroom-578,val
Bedroom-51521,val
Bedroom-1206,val
MasterBedroom-11294,val
MasterBedroom-6074,val
MasterBedroom-19102,val
MasterBedroom-8164,val
MasterBedroom-16024,val
SecondBedroom-30536,val
Bedroom-2358,val
SecondBedroom-26863,val
MasterBedroom-7891,val
Bedroom-59236,val
SecondBedroom-9577,val
MasterBedroom-10120,val
SecondBedroom-16460,val
SecondBedroom-9158,val
Bedroom-20752,val
Bedroom-186,val
SecondBedroom-3784,val
SecondBedroom-9594,val
MasterBedroom-47626,val
MasterBedroom-2276,val
MasterBedroom-18093,val
MasterBedroom-159368,val
MasterBedroom-5792,val
MasterBedroom-44714,val
MasterBedroom-129464,val
MasterBedroom-1303,val
Bedroom-122787,val
SecondBedroom-12435,val
MasterBedroom-37530,val
SecondBedroom-31355,val
Bedroom-267,val
MasterBedroom-5767,val
MasterBedroom-8978,val
SecondBedroom-46806,val
MasterBedroom-70605,val
SecondBedroom-17779,val
MasterBedroom-5121,val
SecondBedroom-26049,val
MasterBedroom-476,val
MasterBedroom-112394,val
MasterBedroom-1150,val
SecondBedroom-25309,val
SecondBedroom-18135,val
MasterBedroom-12046,val
MasterBedroom-52550,val
SecondBedroom-22729,val
MasterBedroom-573,val
MasterBedroom-46271,val
Bedroom-2765,val
SecondBedroom-9574,val
SecondBedroom-1544,val
MasterBedroom-21392,val
MasterBedroom-1624,val
Bedroom-42376,val
Bedroom-1059,val
MasterBedroom-12360,val
MasterBedroom-19983,val
MasterBedroom-39087,val
MasterBedroom-11688,val
Bedroom-207892,val
MasterBedroom-22344,val
MasterBedroom-48394,val
SecondBedroom-57502,val
SecondBedroom-84778,val
Bedroom-12891,val
MasterBedroom-8388,val
MasterBedroom-12592,val
MasterBedroom-47889,val
MasterBedroom-62195,val
MasterBedroom-29129,val
SecondBedroom-42424,val
Bedroom-373,val
SecondBedroom-33041,val
MasterBedroom-13224,val
MasterBedroom-224,val
MasterBedroom-15595,val
SecondBedroom-2874,val
MasterBedroom-118964,val
MasterBedroom-8821,val
SecondBedroom-2131,val
MasterBedroom-8798,val
SecondBedroom-6751,val
SecondBedroom-112,val
Bedroom-17437,val
SecondBedroom-22370,val
MasterBedroom-289120,val
SecondBedroom-138968,val
Bedroom-15373,val
Bedroom-69096,val
SecondBedroom-10643,val
SecondBedroom-76776,val
SecondBedroom-10577,val
SecondBedroom-93457,val
SecondBedroom-32567,val
MasterBedroom-2442,val
MasterBedroom-25729,val
MasterBedroom-11662,val
MasterBedroom-53935,val
MasterBedroom-14837,val
MasterBedroom-9818,val
Bedroom-21185,val
MasterBedroom-36282,val
SecondBedroom-1056,val
SecondBedroom-1082,val
MasterBedroom-81749,val
SecondBedroom-1001,val
Bedroom-34030,val
MasterBedroom-2827,val
Bedroom-10749,val
MasterBedroom-1158,val
SecondBedroom-29739,val
MasterBedroom-3280,val
MasterBedroom-18435,val
SecondBedroom-10226,val
SecondBedroom-10225,val
MasterBedroom-106127,val
SecondBedroom-45226,val
Bedroom-7445,val
MasterBedroom-13436,val
Bedroom-5237,val
MasterBedroom-7176,val
Bedroom-18781,val
MasterBedroom-9583,val
MasterBedroom-32031,val
MasterBedroom-392,val
SecondBedroom-11456,val
MasterBedroom-48901,val
Bedroom-50382,val
Bedroom-46146,val
SecondBedroom-1152,val
MasterBedroom-12180,val
Bedroom-44362,val
SecondBedroom-6685,val
SecondBedroom-63799,val
MasterBedroom-10833,val
Bedroom-323257,val
MasterBedroom-7747,val
Bedroom-56238,val
SecondBedroom-9822,val
Bedroom-12498,val
MasterBedroom-2012,val
MasterBedroom-3903,val
SecondBedroom-3852,val
MasterBedroom-16845,val
MasterBedroom-7162,val
MasterBedroom-26641,val
MasterBedroom-15724,val
MasterBedroom-22008,val
MasterBedroom-10211,val
MasterBedroom-45545,val
Bedroom-25940,val
MasterBedroom-2708,val
Bedroom-14276,val
Bedroom-21954,val
Bedroom-649,val
SecondBedroom-11035,val
Bedroom-20944,val
SecondBedroom-12923,val
SecondBedroom-12785,val
SecondBedroom-22166,val
MasterBedroom-9077,val
Bedroom-764,val
MasterBedroom-2401,val
SecondBedroom-8716,val
MasterBedroom-44641,val
Bedroom-430,val
MasterBedroom-13668,val
Bedroom-9787,val
Bedroom-7832,val
MasterBedroom-149026,val
SecondBedroom-54811,val
SecondBedroom-25444,val
MasterBedroom-51218,val
SecondBedroom-6480,val
SecondBedroom-71986,val
SecondBedroom-10321,val
Bedroom-17464,val
MasterBedroom-10501,val
SecondBedroom-259226,val
MasterBedroom-31680,val
MasterBedroom-76652,val
SecondBedroom-27642,val
MasterBedroom-15089,val
SecondBedroom-185217,val
SecondBedroom-41862,val
MasterBedroom-40855,val
MasterBedroom-198576,val
MasterBedroom-141734,val
Bedroom-168,val
MasterBedroom-1752,val
Bedroom-67985,val
MasterBedroom-223838,val
SecondBedroom-8920,val
Bedroom-9661,val
MasterBedroom-29842,val
MasterBedroom-28078,val
SecondBedroom-14223,val
MasterBedroom-65092,val
MasterBedroom-14257,val
SecondBedroom-2393,val
MasterBedroom-256747,val
MasterBedroom-6134,val
SecondBedroom-11050,val
SecondBedroom-1752,val
MasterBedroom-454,val
MasterBedroom-32615,val
Bedroom-4631,val
Bedroom-12905,val
Bedroom-272,val
SecondBedroom-1541,val
MasterBedroom-9433,val
SecondBedroom-9823,val
MasterBedroom-4089,val
Bedroom-110,val
SecondBedroom-25694,val
SecondBedroom-24256,val
MasterBedroom-40171,val
MasterBedroom-121485,val
MasterBedroom-17415,val
MasterBedroom-2355,test
SecondBedroom-35695,test
SecondBedroom-19291,test
Bedroom-755,test
SecondBedroom-56631,test
MasterBedroom-33464,test
MasterBedroom-628,test
MasterBedroom-31598,test
MasterBedroom-42363,test
Bedroom-52396,test
MasterBedroom-82186,test
MasterBedroom-2805,test
Bedroom-1965,test
MasterBedroom-121748,test
SecondBedroom-11406,test
Bedroom-5564,test
Bedroom-70462,test
MasterBedroom-42103,test
SecondBedroom-176067,test
SecondBedroom-6002,test
MasterBedroom-2080,test
MasterBedroom-38086,test
SecondBedroom-28623,test
Bedroom-58778,test
Bedroom-52368,test
MasterBedroom-144863,test
Bedroom-797,test
Bedroom-12922,test
MasterBedroom-10044,test
Bedroom-4459,test
MasterBedroom-6537,test
Bedroom-1937,test
Bedroom-21632,test
SecondBedroom-25948,test
MasterBedroom-6887,test
SecondBedroom-9659,test
MasterBedroom-28784,test
Bedroom-115907,test
Bedroom-10325,test
MasterBedroom-13694,test
Bedroom-93,test
MasterBedroom-4930,test
Bedroom-63480,test
MasterBedroom-13622,test
MasterBedroom-62947,test
SecondBedroom-12408,test
SecondBedroom-10458,test
SecondBedroom-116650,test
Bedroom-6881,test
SecondBedroom-218799,test
Bedroom-9426,test
MasterBedroom-1797,test
Bedroom-2251,test
MasterBedroom-15912,test
SecondBedroom-27997,test
SecondBedroom-48054,test
Bedroom-10566,test
MasterBedroom-8333,test
Bedroom-88273,test
Bedroom-56809,test
SecondBedroom-28201,test
MasterBedroom-16561,test
MasterBedroom-14876,test
MasterBedroom-9415,test
Bedroom-18317,test
SecondBedroom-2501,test
Bedroom-65,test
MasterBedroom-5591,test
Bedroom-3894,test
MasterBedroom-24935,test
MasterBedroom-2504,test
MasterBedroom-18841,test
MasterBedroom-9638,test
MasterBedroom-54086,test
MasterBedroom-49524,test
SecondBedroom-15120,test
MasterBedroom-72370,test
MasterBedroom-41510,test
SecondBedroom-25516,test
MasterBedroom-5621,test
SecondBedroom-407,test
Bedroom-46532,test
MasterBedroom-1767,test
Bedroom-1277,test
Bedroom-5443,test
SecondBedroom-21651,test
SecondBedroom-88577,test
SecondBedroom-100203,test
MasterBedroom-4651,test
MasterBedroom-424,test
MasterBedroom-11504,test
MasterBedroom-630,test
MasterBedroom-1003,test
SecondBedroom-11596,test
MasterBedroom-42650,test
MasterBedroom-9735,test
MasterBedroom-575,test
Bedroom-75036,test
SecondBedroom-9321,test
Bedroom-19444,test
MasterBedroom-24445,test
SecondBedroom-55438,test
SecondBedroom-762,test
SecondBedroom-3935,test
SecondBedroom-3496,test
MasterBedroom-13202,test
MasterBedroom-38385,test
Bedroom-2058,test
MasterBedroom-7907,test
MasterBedroom-7728,test
Bedroom-17634,test
MasterBedroom-25773,test
SecondBedroom-22593,test
Bedroom-16260,test
MasterBedroom-19652,test
SecondBedroom-18829,test
SecondBedroom-1049,test
Bedroom-3316,test
MasterBedroom-11742,test
SecondBedroom-226,test
SecondBedroom-44145,test
Bedroom-39679,test
Bedroom-236,test
Bedroom-9700,test
SecondBedroom-17873,test
MasterBedroom-1512,test
MasterBedroom-63953,test
Bedroom-3336,test
Bedroom-48198,test
MasterBedroom-32775,test
MasterBedroom-5874,test
Bedroom-6778,test
MasterBedroom-31445,test
MasterBedroom-36749,test
MasterBedroom-643,test
Bedroom-4582,test
Bedroom-157258,test
MasterBedroom-16961,test
Bedroom-22896,test
MasterBedroom-18220,test
MasterBedroom-1860,test
MasterBedroom-22697,test
Bedroom-33100,test
SecondBedroom-15967,test
SecondBedroom-2787,test
MasterBedroom-12524,test
SecondBedroom-20702,test
SecondBedroom-59715,test
SecondBedroom-14107,test
SecondBedroom-4698,test
MasterBedroom-70236,test
MasterBedroom-11557,test
SecondBedroom-34863,test
SecondBedroom-8603,test
MasterBedroom-103288,test
SecondBedroom-45688,test
Bedroom-71031,test
Bedroom-1285,test
SecondBedroom-16519,test
MasterBedroom-27760,test
Bedroom-589,test
Bedroom-74104,test
MasterBedroom-24539,test
Bedroom-9192,test
MasterBedroom-52771,test
MasterBedroom-6536,test
Bedroom-11538,test
SecondBedroom-199664,test
Bedroom-108,test
SecondBedroom-56702,test
MasterBedroom-6532,test
SecondBedroom-40509,test
MasterBedroom-3712,test
SecondBedroom-2866,test
Bedroom-19942,test
MasterBedroom-16433,test
MasterBedroom-23353,test
SecondBedroom-4121,test
Bedroom-931,test
MasterBedroom-6212,test
MasterBedroom-8906,test
MasterBedroom-11301,test
Bedroom-489,test
SecondBedroom-71864,test
Bedroom-752,test
MasterBedroom-27787,test
MasterBedroom-9360,test
MasterBedroom-2824,test
Bedroom-16603,test
Bedroom-2872,test
MasterBedroom-116419,test
SecondBedroom-9386,test
Bedroom-43407,test
SecondBedroom-26472,test
MasterBedroom-75042,test
SecondBedroom-63538,test
MasterBedroom-10019,test
MasterBedroom-80856,test
MasterBedroom-14778,test
SecondBedroom-53256,test
SecondBedroom-1791,test
MasterBedroom-33763,test
MasterBedroom-29249,test
MasterBedroom-3138,test
SecondBedroom-426,test
MasterBedroom-17480,test
MasterBedroom-21432,test
Bedroom-9500,test
MasterBedroom-78759,test
MasterBedroom-33631,test
MasterBedroom-69027,test
MasterBedroom-1667,test
SecondBedroom-2472,test
MasterBedroom-33650,test
SecondBedroom-8391,test
SecondBedroom-22054,test
MasterBedroom-9694,test
MasterBedroom-2768,test
SecondBedroom-7359,test
MasterBedroom-12518,test
SecondBedroom-6938,test
Bedroom-56759,test
SecondBedroom-394,test
Bedroom-29738,test
Bedroom-5799,test
Bedroom-37409,test
SecondBedroom-2230,test
MasterBedroom-30521,test
MasterBedroom-9786,test
Bedroom-7011,test
SecondBedroom-21482,test
Bedroom-1033,test
SecondBedroom-60495,test
Bedroom-13067,test
SecondBedroom-1074,test
Bedroom-38944,test
MasterBedroom-39571,test
MasterBedroom-6438,test
Bedroom-237,test
MasterBedroom-7220,test
MasterBedroom-12183,test
SecondBedroom-11974,test
MasterBedroom-541,test
MasterBedroom-26687,test
Bedroom-60232,test
MasterBedroom-2118,test
Bedroom-27988,test
MasterBedroom-20971,test
Bedroom-34223,test
Bedroom-10941,test
MasterBedroom-36389,test
Bedroom-6059,test
Bedroom-119686,test
MasterBedroom-2718,test
SecondBedroom-16870,test
SecondBedroom-69136,test
Bedroom-241,test
MasterBedroom-5424,test
SecondBedroom-20466,test
MasterBedroom-29214,test
SecondBedroom-19185,test
MasterBedroom-221,test
SecondBedroom-58860,test
Bedroom-8044,test
MasterBedroom-4683,test
Bedroom-64106,test
Bedroom-88662,test
MasterBedroom-28862,test
MasterBedroom-39683,test
SecondBedroom-10251,test
SecondBedroom-40748,test
SecondBedroom-11643,test
SecondBedroom-7640,test
MasterBedroom-172369,test
Bedroom-2235,test
SecondBedroom-6993,test
SecondBedroom-16350,test
SecondBedroom-41616,test
MasterBedroom-76782,test
MasterBedroom-52585,test
Bedroom-14516,test
Bedroom-18163,test
SecondBedroom-24075,test
Bedroom-40071,test
MasterBedroom-18177,test
MasterBedroom-22904,test
MasterBedroom-12883,test
SecondBedroom-22298,test
SecondBedroom-11711,test
Bedroom-338,test
MasterBedroom-97178,test
SecondBedroom-9110,test
Bedroom-16403,test
Bedroom-6105,test
MasterBedroom-14382,test
MasterBedroom-24658,test
MasterBedroom-87405,test
MasterBedroom-5359,test
SecondBedroom-16777,test
Bedroom-75355,test
SecondBedroom-332,test
Bedroom-19737,test
Bedroom-31327,test
MasterBedroom-118,test
SecondBedroom-113391,test
Bedroom-17592,test
MasterBedroom-169246,test
Bedroom-51813,test
SecondBedroom-32971,test
MasterBedroom-31685,test
SecondBedroom-16306,test
SecondBedroom-31012,test
MasterBedroom-4877,test
Bedroom-8384,test
Bedroom-20073,test
MasterBedroom-2083,test
MasterBedroom-4145,test
Bedroom-66453,test
MasterBedroom-196,test
Bedroom-80398,test
SecondBedroom-98122,test
Bedroom-31405,test
Bedroom-34409,test
MasterBedroom-10682,test
MasterBedroom-10236,test
MasterBedroom-35384,test
MasterBedroom-78468,test
MasterBedroom-17166,test
SecondBedroom-6067,test
MasterBedroom-18854,test
Bedroom-17603,test
MasterBedroom-34310,test
MasterBedroom-3270,test
Bedroom-652,test
SecondBedroom-5710,test
MasterBedroom-67062,test
Bedroom-63726,test
MasterBedroom-25927,test
MasterBedroom-59071,test
Bedroom-14737,test
SecondBedroom-121535,test
MasterBedroom-87179,test
MasterBedroom-9670,test
Bedroom-2035,test
MasterBedroom-38990,test
Bedroom-18751,test
MasterBedroom-16843,test
MasterBedroom-3258,test
MasterBedroom-12988,test
MasterBedroom-29958,test
Bedroom-27118,test
Bedroom-42175,test
MasterBedroom-14596,test
Bedroom-16446,test
MasterBedroom-7197,test
MasterBedroom-15573,test
SecondBedroom-1688,test
Bedroom-14888,test
MasterBedroom-24725,test
SecondBedroom-93585,test
Bedroom-297,test
SecondBedroom-390,test
SecondBedroom-3246,test
SecondBedroom-3719,test
Bedroom-2604,test
Bedroom-60102,test
MasterBedroom-57920,test
MasterBedroom-488,test
Bedroom-35611,test
SecondBedroom-168,test
SecondBedroom-3877,test
SecondBedroom-1607,test
Bedroom-39512,test
SecondBedroom-895,test
SecondBedroom-18044,test
MasterBedroom-2605,test
MasterBedroom-1188,test
MasterBedroom-1549,test
Bedroom-8789,test
MasterBedroom-34041,test
Bedroom-1016,test
MasterBedroom-12970,test
MasterBedroom-31775,test
Bedroom-13369,test
Bedroom-6033,test
MasterBedroom-69048,test
SecondBedroom-5509,test
Bedroom-91160,test
MasterBedroom-20425,test
MasterBedroom-7665,test
Bedroom-30225,test
SecondBedroom-1905,test
MasterBedroom-108697,test
Bedroom-766,test
MasterBedroom-34727,test
MasterBedroom-50863,test
MasterBedroom-32352,test
MasterBedroom-4882,test
SecondBedroom-12902,test
SecondBedroom-5013,test
Bedroom-35352,test
MasterBedroom-3908,test
MasterBedroom-10267,test
SecondBedroom-31363,test
MasterBedroom-91021,test
Bedroom-2224,test
Bedroom-62221,test
MasterBedroom-3054,test
MasterBedroom-37550,test
MasterBedroom-17288,test
SecondBedroom-750,test
MasterBedroom-13487,test
MasterBedroom-1599,test
SecondBedroom-3380,test
SecondBedroom-1037,test
Bedroom-8518,test
Bedroom-2671,test
Bedroom-285,test
Bedroom-5021,test
MasterBedroom-226184,test
Bedroom-6506,test
Bedroom-15586,test
SecondBedroom-4462,test
SecondBedroom-258160,test
SecondBedroom-81245,test
Bedroom-29631,test
Bedroom-248,test
SecondBedroom-4799,test
MasterBedroom-64701,test
SecondBedroom-739,test
SecondBedroom-21630,test
SecondBedroom-33779,test
MasterBedroom-10399,test
MasterBedroom-15334,test
Bedroom-17414,test
Bedroom-688,test
Bedroom-27213,test
MasterBedroom-81302,test
MasterBedroom-17213,test
Bedroom-128261,test
MasterBedroom-12778,test
MasterBedroom-21579,test
MasterBedroom-12892,test
MasterBedroom-41983,test
SecondBedroom-7004,test
SecondBedroom-740,test
MasterBedroom-42913,test
Bedroom-66596,test
Bedroom-44526,test
MasterBedroom-61839,test
MasterBedroom-5149,test
SecondBedroom-1052,test
SecondBedroom-214733,test
MasterBedroom-9881,test
