9e8b8e5d-85fe-42ab-b582-7a8484399699_DiningRoom-15222,train
5e870702-4768-446f-9c7e-a50e4ace9796_Bedroom-212,train
9f7ebccd-db81-4599-aafa-936c371f9012_LivingDiningRoom-22877,train
11d9ffe4-5a0b-4fe6-85a0-536423cf0137_LivingDiningRoom-67883,train
71afc86e-1261-4c9e-a2b0-59e0811180e3_Bedroom-2685,train
902c1435-1c52-4ba5-bb15-03a3dd11d5ae_LivingDiningRoom-38341,train
cd9ef0ed-362a-40a5-b233-cef072ad22ba_LivingDiningRoom-8243,train
8130be63-1fe1-4c4e-b2aa-d0ee9e7f0710_DiningRoom-35087,train
68f61309-f9e6-4dfb-a1a6-82c1bef6b6f9_LivingRoom-23471,train
7d47a9ea-c7be-4ca0-8282-0cd176391b3f_SecondBedroom-15676,train
8b6fe022-f180-46df-8230-f86de5c4fc14_DiningRoom-12423,train
eefd3f2e-a33c-40b0-bd87-3b1a9b111170_Bedroom-5388,train
26ede85c-343c-47a4-a84d-6afa5dbae091_LivingDiningRoom-12169,train
c080c532-92bb-4d9e-a266-8556c7a06731_Bedroom-16813,train
142511ba-78c2-49cd-8942-843b89a696d2_MasterBedroom-6654,train
a33765d2-6c9f-441e-a839-5de9d487648c_MasterBedroom-26641,train
ecb22a4f-559a-415f-9e24-055a1df32899_Bedroom-10575,train
e111dcdb-094b-4adb-bcce-1db491755d7b_DiningRoom-69757,train
67f526c0-865c-42d8-8390-94251681daca_LivingDiningRoom-50487,train
57b535e1-49e2-46f0-a54d-a3e50fe9c413_LivingDiningRoom-2729,train
41102cdc-f833-4edf-8d5b-4dcd24607969_LivingDiningRoom-18581,train
103aa1f7-93f7-41d7-8f19-df5c073a4d87_SecondBedroom-110053,train
6de860f5-8cca-498d-830c-7e9b301a43bd_SecondBedroom-28201,train
d42a800f-ad34-4c25-92c5-a1103a256fe8_SecondBedroom-259637,train
fd956aea-c66d-4771-9cb3-9247f5da110c_MasterBedroom-71933,train
36678f29-129a-40ef-b197-a2c3fde6778c_DiningRoom-3929,train
785aec91-b165-4561-a384-1a191e6690ba_SecondBedroom-107035,train
644f3b6e-ad35-4254-92ea-626e3e8a65b1_SecondBedroom-33705,train
c3f1bddc-8460-45a5-99f0-d5b31d7adc2d_LivingRoom-126,train
b2e0b670-b308-4817-b3b6-2a8b7312c18f_SecondBedroom-6261,train
0e49912b-d9f3-4f1a-93e2-0245e6fb67c1_SecondBedroom-10798,train
64321004-c08d-4334-984b-4bdbed4895d1_MasterBedroom-65519,train
6123cc37-6e39-4065-b00c-f6004076d287_Bedroom-752,train
2fee88c4-7d23-4a57-ac24-ad3c1eefb992_LivingDiningRoom-6295,train
e659092e-6b62-40b4-a6e0-26801c6b7fcf_Bedroom-52786,train
66ec97ae-5863-4444-9492-6856cf9ea710_SecondBedroom-60357,train
eadbefb4-5962-4aea-838c-15591fa851c3_SecondBedroom-26399,train
15205240-8f74-4da2-a891-49267a5aacb3_LivingDiningRoom-420,train
cbaa2bb7-048d-4939-9d36-77379f49cb98_SecondBedroom-13281,train
6ae5c274-8d8c-4832-878c-ea4f74082dfa_LivingDiningRoom-3674,train
e75e3c07-5b75-4a26-8933-cb6050aa6678_LivingDiningRoom-11555,train
80362a97-c88e-46b6-a6b6-b8322b826d59_Bedroom-2878,train
5e004059-c7c4-44e2-99bb-93f7ec7b5b46_DiningRoom-33907,train
cca746ee-8e5d-42d5-9e00-4f09c06bb31a_Bedroom-949,train
e35cbb00-27a3-442b-8cf6-bf8651e54db1_LivingRoom-4960,train
4df0b21c-821f-4e15-b7d3-226a9d80ade8_MasterBedroom-20614,train
b2312fb9-ca25-4e89-ab5a-0bc96888cebf_MasterBedroom-22924,train
8504e027-78af-4833-b36d-2ab919e84ee2_SecondBedroom-16638,train
fbb124a7-d4d2-46a0-9465-fc790f714350_DiningRoom-13727,train
be37ae8e-a3aa-4202-a812-9be187c941b5_DiningRoom-31322,train
7876c1d8-d9b9-44b4-b480-50889c3af043_MasterBedroom-121485,train
feacc183-06d2-4bb4-9c24-a62921abdc29_LivingDiningRoom-70369,train
fa56e1b0-7c26-4a09-a8f4-6e3f226fc131_SecondBedroom-41616,train
71cc3390-7abf-4be5-a2e9-8673e556538a_Bedroom-5021,train
d94ae128-dd50-42bc-9214-10a404f07b3f_DiningRoom-78405,train
d25c96c5-d328-48d1-84f8-ea4ee5207a72_LivingDiningRoom-14386,train
39b05074-7903-4cac-acda-ca1f62e8dfa6_Bedroom-2730,train
1a336564-b639-4d0c-b57e-f1e4f0ffeee6_MasterBedroom-28365,train
19f89243-8169-4b3c-90c9-2cda483580cd_SecondBedroom-11216,train
bf0d1803-a01d-4e17-9986-0607fbab1cd0_LivingDiningRoom-10921,train
3fde61aa-d606-4c6a-8c79-0762d11cd33b_MasterBedroom-57730,train
9b3dc3de-8ce6-473e-b1ed-e4eb43c369b1_MasterBedroom-15054,train
3d14c3d3-63af-4354-b828-da3be8367a90_MasterBedroom-12524,train
aeeeea78-c030-4ea8-bedb-6688383c7b37_MasterBedroom-27387,train
41a6ff52-5596-4560-97c4-14f827d12914_LivingDiningRoom-11510,train
dc901ccd-49a6-459e-b7a7-ddf7119fa455_DiningRoom-118281,train
a2f77d1e-d982-4fd4-9216-38f97718082a_LivingDiningRoom-23314,train
2318608d-bfb7-4c3e-ba13-4c0dbd615260_SecondBedroom-1684,train
206826dc-c962-4044-aa42-4709a4e1455c_MasterBedroom-20171,train
d03b14a0-31a6-4136-8e7c-d364c7b09955_LivingDiningRoom-2393,train
8555557f-34b5-485a-a0f1-db9ee2580959_SecondBedroom-110849,train
f8339d99-447d-4c64-a830-8a896194edee_DiningRoom-13952,train
ec1d45dd-4935-490b-9c2b-f6caf4261d82_LivingDiningRoom-9763,train
40c54a07-55c4-4c83-9624-957261e07ab8_DiningRoom-65753,train
57cb9c1c-82b6-4708-9514-472c1a05b919_LivingRoom-36683,train
38adcc1b-67d2-458a-bab4-b099b1ee7230_LivingRoom-41411,train
4fa56715-fad5-4f60-a57e-e628df21a914_LivingDiningRoom-17107,train
bd0da5c7-2afe-4dba-bb2e-77806ca8ecce_SecondBedroom-41206,train
bf13d794-3b0d-45a6-a699-fe0af6304ff3_DiningRoom-13915,train
e570991b-7105-4848-b2a1-5ee9e7088aff_LivingRoom-1679,train
a2b307d5-8d70-4332-9317-010891dd68f0_MasterBedroom-12272,train
01ba1742-4fa5-4d1e-8ba4-2f807fe6b283_LivingDiningRoom-4271,train
0e49912b-d9f3-4f1a-93e2-0245e6fb67c1_MasterBedroom-10236,train
2ed67650-9178-4ba8-b112-94a8893cb278_Bedroom-25908,train
df03a9de-c80f-48da-a8d1-3f8587590891_LivingRoom-3698,train
082c278d-5696-4a40-8fe0-36df9003db39_Bedroom-26428,train
7e223a35-096e-44ea-b06f-1a34778ddead_SecondBedroom-27455,train
1928f513-0f29-4311-b8cd-bb9faa1d3be0_MasterBedroom-4104,train
43907bbc-4b39-4f1a-8747-3287c8bce690_LivingDiningRoom-46747,train
24dda742-a73b-48ec-af54-f30e11a17e55_SecondBedroom-130,train
6180d725-3d29-4a32-93b0-45dda664dde4_LivingDiningRoom-1921,train
c3164354-e3f5-4e95-ad54-dd9254316d97_Bedroom-12047,train
13a27655-e337-4846-af2e-ebabfb631742_LivingRoom-318,train
0b4abd30-b157-4ecf-a077-989285598cf2_DiningRoom-9719,train
aa7599ea-5d9c-44bd-a3e5-1e4216dcbf34_DiningRoom-11642,train
5f730139-4d72-453f-b4e0-e8861590dbfd_Bedroom-3082,train
4a577e5e-fbdc-4da3-906d-23e3456d166d_LivingRoom-42021,train
4ae3d49f-5e7a-4de8-b5d6-5bfd00bf6303_MasterBedroom-64477,train
e41ed17d-c021-4a43-b71a-d99872106260_LivingRoom-5149,train
cd47dd5b-277a-4c26-85d3-c679bbd494a2_DiningRoom-29434,train
6577e150-653b-42f2-968d-69aec166976d_LivingDiningRoom-13072,train
76e6bb3d-b50b-453e-9a5e-8dd192714572_MasterBedroom-34464,train
f105dd34-bc81-432e-83bd-314087015257_Bedroom-495,train
99e87673-0512-41c8-b35e-fd1ea39d1f0c_MasterBedroom-1433,train
daa8fc58-c2f2-47e5-a901-76282b0a3a1e_SecondBedroom-4214,train
1cd0db41-bcd9-4af7-a0be-cce5de62cc35_MasterBedroom-22056,train
799c9b05-8901-4113-ac72-b268bc542a13_LivingDiningRoom-11910,train
b4d8801b-aac0-4051-b973-e84b0114a621_SecondBedroom-35781,train
60e6bf2e-0c25-455c-9f53-ccff3034be5f_LivingRoom-1698,train
d11d0783-dad6-41da-b9f5-93c51fc5e6ce_SecondBedroom-35698,train
0f13029f-8c56-47d0-b23d-639738301ca0_DiningRoom-135699,train
b0a8d497-5e4d-4aa4-837b-276a34e9987c_Bedroom-2876,train
3a55f775-fc7c-4c6f-ab9f-59e31c04e093_DiningRoom-35823,train
ef5860ab-d989-4605-93b1-5127126696c6_LivingDiningRoom-70961,train
3fc1b9bb-5392-41ee-b8dc-3ab622be9c13_LivingDiningRoom-26031,train
c76960e2-bf7d-4cec-8ead-554c40227983_DiningRoom-12475,train
f2773a3a-b8fb-4b98-8d6a-be6de57103ee_LivingRoom-13428,train
8dc8fc67-db43-418b-b333-702af39ce83a_DiningRoom-69515,train
e50797bd-0d25-4337-9642-b89db05e879a_SecondBedroom-16796,train
2fe35e65-12fe-4cef-a2ab-e77718407d40_SecondBedroom-12268,train
5b69a767-6a05-4cd5-b4d1-77ae696dadc5_MasterBedroom-18730,train
61157ded-23c7-49b8-97a1-7ab2283a3258_SecondBedroom-636,train
f8c4e5e9-8ba5-4694-8ac1-4823082e99d8_DiningRoom-12276,train
ecc2066b-925b-4fa3-8734-e811352a45f5_DiningRoom-118252,train
0d85b6f8-d94d-4a7f-8601-53382c62fc6e_MasterBedroom-13713,train
174948c4-2519-4d82-bb1b-7784330d2fed_LivingDiningRoom-7707,train
f772e87d-44c4-4821-b975-ef8af7bd0a68_Bedroom-764,train
b8366424-8564-4127-9238-097bf6200861_MasterBedroom-150024,train
da87cfd5-cd48-4394-90cc-ac1765458c3e_Bedroom-4544,train
e5a744d6-d36d-4682-877f-fea6e9614c94_LivingDiningRoom-17836,train
f29e10da-f170-43c5-b03b-0f1d88149c55_SecondBedroom-1654,train
98d10fb0-300f-4ded-a42f-06855b4d865a_MasterBedroom-10267,train
d4237a89-ec0b-42da-b170-231cfa26f8a8_DiningRoom-19885,train
eca62dc1-f5a9-4b74-a568-420fc7e66d68_LivingDiningRoom-25714,train
2450e37d-483a-4504-8379-063a0e9035d2_MasterBedroom-16095,train
40dcaad6-b0b5-4030-bd90-13ceadc84ce1_Bedroom-5265,train
733aa566-0120-43c8-afe3-ab36ae21d3b7_LivingDiningRoom-27185,train
e5afb85b-f9b0-48dc-9fa6-cdd46d3193b6_SecondBedroom-30334,train
4abcb667-c57f-4d8f-940a-d964152329d5_LivingDiningRoom-11771,train
257d6d2c-8251-4f06-8880-7ec5cfff78fa_SecondBedroom-36965,train
d81e0b1f-c11e-4a88-974f-4c570fb22a20_Bedroom-24179,train
c66de0ae-5dba-443b-b181-09927e2bfe5e_SecondBedroom-9807,train
9fc7b9d8-1325-4bed-88cc-bdc8a16807f0_Bedroom-14021,train
48f4336c-cf23-4023-bb5d-f339e7e1770c_LivingRoom-30927,train
838bdb43-9217-4b8b-a6ea-340a256cca0e_LivingDiningRoom-71691,train
24caaf37-afd3-4cc9-84b5-f27e9cf84d8a_SecondBedroom-34979,train
e7fbb76b-21ef-4109-8633-c1433d79cd35_LivingDiningRoom-379,train
e396e943-0f12-4455-938a-47a4b44bc25c_LivingDiningRoom-22470,train
b2e0b670-b308-4817-b3b6-2a8b7312c18f_LivingDiningRoom-7096,train
8de223d3-24f3-4219-b7ba-1da244e0279b_LivingDiningRoom-49733,train
aa1d9b4a-81db-487f-956f-5fc7734b74b2_DiningRoom-259036,train
d7da27dc-5634-4e68-8566-671892606454_Bedroom-23310,train
3f00a056-ba0a-467a-9565-0326eca9cc5d_MasterBedroom-87369,train
bb9f9b20-031c-4bac-a543-db5687b5f8a6_Bedroom-13084,train
f3b70889-71b2-4dbe-87df-02ba6788734c_SecondBedroom-1148,train
5c337554-ee3f-4c1b-80c0-f8ee49d87e8d_SecondBedroom-14246,train
b77fac8b-d1a7-4444-ae6b-5fd394a82535_Bedroom-12028,train
706c2d0b-66ca-43f4-9c40-09398a8b4bda_LivingDiningRoom-19680,train
0e563bef-ab48-4a9a-94c1-3018575fa499_SecondBedroom-9451,train
a2acfbc4-7112-42de-b249-027deac584d5_SecondBedroom-16156,train
8d29c73c-1246-4852-b7e1-d076ca22d7cc_SecondBedroom-85594,train
43362117-720e-48f6-bab0-d3cd0f0ccdff_DiningRoom-17793,train
9a1745e1-f537-4faa-a403-15b1f06e8178_LivingDiningRoom-277579,train
62fd4a86-b6d1-47e6-a5de-205ed002026c_DiningRoom-71388,train
c1877e6b-8428-480a-997e-cc81e6139023_Bedroom-50382,train
d86cc127-c307-40fa-b4c5-620f57b3e004_MasterBedroom-24915,train
d925e3f4-a9e7-4bb8-98ec-5b842e64a0b4_LivingDiningRoom-78953,train
4448c201-24bc-4eb1-b534-87f656f3094f_SecondBedroom-10954,train
84792e19-2521-40c2-864b-c755010f6c00_SecondBedroom-68005,train
e04caa9e-1a57-436b-8d46-13fefcf6e540_SecondBedroom-9844,train
64567682-0316-4217-b190-975dc4ff0266_MasterBedroom-11146,train
45fb7506-342f-4dc6-b2c3-2e041fe69faa_DiningRoom-10547,train
00fe8139-76e8-42b4-bb41-7f9f085ac351_DiningRoom-15534,train
4135af07-0edb-47c3-92b2-852b30c3c93c_DiningRoom-5692,train
7f8636c8-33d3-4221-bfcf-ccdd43f519af_LivingDiningRoom-12325,train
5d8f96db-9043-4356-93c8-4f3198ceba34_DiningRoom-41675,train
45f82c57-4293-48eb-b0dd-378f97cda662_MasterBedroom-32217,train
472b168a-54af-48ae-8a25-07f280742ac5_SecondBedroom-750,train
9dc08332-0442-4e9b-975c-7c1b336d8d31_LivingDiningRoom-5774,train
9af95d77-acc9-4ab0-b951-1dc42afae8a4_SecondBedroom-2941,train
2479eff0-7d6e-4657-8de9-f0f9358f342a_MasterBedroom-52196,train
f1a605ec-155d-48fd-ac89-d54c3ebdbfb6_MasterBedroom-4922,train
890ec3eb-3604-4919-879a-dbe03a2e845c_MasterBedroom-1188,train
9b65961c-da2e-4758-97a3-21702e5e8931_LivingDiningRoom-23971,train
88cb9d3f-0703-455c-a951-8d04b2bb66a2_MasterBedroom-2737,train
be05ec39-347e-4e1c-a75c-494d679eb8aa_SecondBedroom-61776,train
ad2204ba-60fd-4802-b8cd-6ac2cfea507c_DiningRoom-18657,train
787e7cd0-14ab-420d-8862-b1d45ea47725_MasterBedroom-30192,train
34b6d12a-ce09-450f-be92-9c59ecf1c10a_Bedroom-931,train
7b48d192-1ac0-406c-af41-800853de2d7f_LivingRoom-41466,train
838bdb43-9217-4b8b-a6ea-340a256cca0e_MasterBedroom-71742,train
f451b16e-3457-41e1-8f08-b56265549833_MasterBedroom-13511,train
c4076ab1-2794-4678-bab5-a06d1d334e53_LivingRoom-83039,train
1b37464e-7502-4990-a740-b6eedc419c8f_SecondBedroom-53256,train
08cfec4b-56a0-43f0-8428-e31c210d8c6c_SecondBedroom-27997,train
c8bbbdc5-96c2-493a-861c-dd6b38076c7d_SecondBedroom-121535,train
a34c7f5c-ce25-48c7-b6fc-7b347b98b30b_SecondBedroom-9577,train
1658b9ab-c1db-492f-8094-b12c44939e3d_Bedroom-88208,train
52657fac-1e38-494f-86fe-e221b95e0043_LivingDiningRoom-27589,train
c05880a2-1426-4f4f-947a-cb0c2b43b913_LivingDiningRoom-14432,train
a3dddf33-bde7-4524-83bd-fe31a9ae0f4a_SecondBedroom-11711,train
7719f139-6a07-47c3-9435-eb894ce81069_SecondBedroom-8161,train
068b2b34-52cb-4499-b33e-b777e632e4a1_MasterBedroom-12970,train
312b2349-10f9-4ff3-bbee-ae179761c21d_DiningRoom-7217,train
5f91098f-9e45-4113-a86c-25df2aa8a403_Bedroom-197,train
5358e585-649f-471f-81a6-2bcb67a815b9_DiningRoom-14960,train
cb7c11d8-038d-42f1-b874-a64fb4dc3d04_LivingRoom-23725,train
1b21fb55-10f7-47ac-bf69-4ea9b62b417f_Bedroom-43442,train
3922ab15-7973-4443-ab72-b7ebd0a89b6e_SecondBedroom-19972,train
d19b8b80-a9af-477a-bf3f-41cd20cf840b_SecondBedroom-21632,train
198eb9ec-9059-4e26-958e-dc8fb8187713_Bedroom-12864,train
49b97a8d-f594-4e76-b347-6455da1eb950_Bedroom-13135,train
ed9eb96f-9366-485c-aa68-2512ab380096_MasterBedroom-2721,train
78e9ca5b-4781-45dc-8417-1c82e7435761_SecondBedroom-39146,train
d90e4b61-1b9c-4065-b973-2f6f22120acc_Bedroom-16311,train
ef17e0e8-f83d-466e-9a2c-096d97599757_DiningRoom-233,train
23b1facb-b178-4875-86c3-1a2a853a3dae_SecondBedroom-14527,train
e73861c0-7072-467d-be89-e48dad7532c8_Bedroom-301,train
b64e1a46-dbb0-4d5c-b504-971cd38dba07_MasterBedroom-3147,train
bb4a55db-d988-4d61-bc52-175a9a8cec51_DiningRoom-87276,train
3bc9ad8f-554f-4dec-93ec-53459445e20e_Bedroom-21497,train
568879d9-c6df-424b-9776-71321681b4ea_MasterBedroom-9069,train
d07f94d4-1eeb-4a27-a6d9-6433fffde056_DiningRoom-2029,train
d8cfd50c-2467-4c31-bedc-8bdebb392362_MasterBedroom-55695,train
5f6f938a-e502-404f-9cbb-a9dc265deec3_LivingRoom-1353,train
b6fbd17c-7013-4fed-802f-e7075cce8329_LivingDiningRoom-56789,train
1f397944-0127-417c-aebc-397096d2614d_SecondBedroom-5581,train
c1877e6b-8428-480a-997e-cc81e6139023_DiningRoom-53897,train
0aad3aa3-ec12-49a0-b7cf-548d42b0b12b_LivingDiningRoom-98003,train
bf16c7d0-b6da-482a-9795-a0c255a5cf2d_SecondBedroom-1752,train
6788eee2-b676-41d3-9811-3a2a32248c06_SecondBedroom-6616,train
a134945c-fa98-40f6-8549-9d2a0fe0c200_SecondBedroom-37378,train
3e9f2a5c-2530-42c4-981e-c134bd7b8591_Bedroom-14560,train
5e1e0861-354c-407d-b267-083216bda705_SecondBedroom-18401,train
b41434c7-ea34-404b-a426-34221b17c942_DiningRoom-3024,train
ffb067ad-cf9a-4321-82ae-4e684c59ea3e_DiningRoom-9450,train
f2993a42-1e68-4247-98f1-8eb62109d7c9_Bedroom-62617,train
8879fdaf-a95e-4a05-b1ae-e1bede3cb592_Bedroom-21210,train
3bb97ab1-bbc0-45f1-9b38-47496e555b1d_SecondBedroom-14409,train
6d3301a6-0851-40da-a4b5-ffe5753bb936_Bedroom-14276,train
80362a97-c88e-46b6-a6b6-b8322b826d59_DiningRoom-1814,train
d5842ca3-e056-4063-ba21-f572c96d1454_Bedroom-14072,train
5dc561df-3712-44ec-9344-5e629f2098eb_LivingDiningRoom-3484,train
173d8bac-a580-4cfc-9138-2a27aa020f52_MasterBedroom-14637,train
7c5d4d55-ecb4-486d-aff4-67e910b66b9e_Bedroom-20673,train
64321004-c08d-4334-984b-4bdbed4895d1_LivingDiningRoom-70212,train
dcdb0e30-12fe-426d-9cfb-f163940668ea_Bedroom-13276,train
15bed03e-d66d-4da2-8b8f-7dacde3d3d8b_DiningRoom-35065,train
44d15f42-a914-4d48-8add-393c57addfb4_Bedroom-16110,train
dee82180-497b-489f-8554-cb27be17300f_DiningRoom-46322,train
c20ab624-9677-40e6-a832-ed2c906e408f_DiningRoom-46638,train
5ac451ba-b3f0-4734-ac59-e7ac821e3c83_SecondBedroom-110415,train
ae8d145b-5c7c-4970-a4b6-7855e64ea4eb_LivingDiningRoom-4682,train
f50fc676-d5e4-45ad-89f8-11d789079dde_Bedroom-3743,train
4af35004-7b2b-4ef5-b148-b5e63b48b569_Bedroom-32729,train
826004c1-e596-467f-99b1-b10c1b1f31e5_LivingRoom-7407,train
7c997405-cdec-49a5-b0f5-b7cb3843428e_LivingDiningRoom-186,train
8422cae1-c835-4703-aa9d-b15c8824bbc3_LivingDiningRoom-1287,train
796d838f-5a6c-4c84-a355-2e2aa27d2cc9_MasterBedroom-19957,train
a796ac9a-abc1-4003-b7a3-d1e84fb7fc28_MasterBedroom-26202,train
e52a7124-05ef-446d-b70e-39af1ac7aa5c_MasterBedroom-21579,train
d4d0237f-a66b-40cf-bf85-56e11cb20602_SecondBedroom-2936,train
aeeeea78-c030-4ea8-bedb-6688383c7b37_LivingRoom-27368,train
5130545c-cb6d-4547-b120-5815531c8589_DiningRoom-116178,train
c84945ea-5844-42e4-9049-3685b127bd22_MasterBedroom-1369,train
df23a0f7-9992-4e91-ba9f-e4cdcf677816_SecondBedroom-10585,train
c56d010b-bafb-44c5-a397-3cdfa2684f20_LivingDiningRoom-544,train
80d80e4a-197a-4bd5-9ed1-81c48786a321_LivingDiningRoom-398,train
b58a5ff0-ae4c-4af0-ba06-13153ecb9f4d_MasterBedroom-75042,train
3bcd937b-c084-40c8-9d5b-adf7ef20f842_LivingRoom-32091,train
acb8fcb4-8679-4fda-90e8-4d8c2ac42ae7_SecondBedroom-6285,train
05aa0174-838c-4255-a34d-1b419365f7a7_DiningRoom-8661,train
dd7856a2-52c4-4b27-bd7c-7ba5df36d181_Bedroom-2104,train
52657fac-1e38-494f-86fe-e221b95e0043_MasterBedroom-27974,train
93e4d5d6-5508-4ac2-bbe4-6e31c66163c2_MasterBedroom-32589,train
f389cf45-34e6-48bb-8f32-46210e8e72a5_LivingDiningRoom-2241,train
36672c0e-419c-476e-83c0-5b04654d3690_MasterBedroom-146184,train
1aad0aaa-7604-45eb-91db-8482b861b803_LivingDiningRoom-20425,train
b5ff7957-6e19-4997-a8c5-fa9a5b8043fd_SecondBedroom-6818,train
56400f40-07af-405b-b3f5-577245b13ce9_LivingRoom-98034,train
157620f5-804d-4fb4-ac22-bfd514951c74_LivingDiningRoom-3376,train
b28bad76-991d-4a95-9a37-2934374109e8_Bedroom-20397,train
a0fc42de-e479-416f-b9f0-e39d823af4b2_SecondBedroom-72989,train
4448c201-24bc-4eb1-b534-87f656f3094f_MasterBedroom-13842,train
994206c4-c697-480a-9825-85141dd8a205_Bedroom-68754,train
94b0b508-e122-4300-a4b4-e3c5fb52a06d_Bedroom-3241,train
82c74c70-ad7b-47de-a718-66e8386256a5_LivingDiningRoom-31700,train
492f7d99-2d61-4c57-a95b-f83d9bb4f2eb_SecondBedroom-11311,train
814ba6f7-fdd2-4b5d-9604-9e3b682db37f_MasterBedroom-27443,train
d58219e4-e1d2-4bbd-bb79-3af6aec38e6f_Bedroom-2913,train
750705bf-a44a-4391-8c7a-dd199a96bdae_Bedroom-14447,train
19e48746-a5c1-4223-842d-43e28ace0f97_SecondBedroom-7053,train
cb204b08-c975-4080-a969-3abc86d7dbc3_Bedroom-6842,train
e75b15c9-b89c-482b-8d0c-14b1b951fd08_SecondBedroom-1541,train
0fc4b1e0-8a22-4d27-bd2f-dfd3ac22a8a7_Bedroom-2914,train
6010c58f-92ad-4bd6-b515-5aa0f42e48f8_Bedroom-13741,train
c1575512-d8f9-4d74-a8d3-fdd840f0d9a9_LivingDiningRoom-7013,train
131fb697-ef09-458a-b28d-df6f10798fb2_LivingDiningRoom-27416,train
ec8a5215-83a6-4325-ad7e-176c9c6f450f_MasterBedroom-392,train
57a02a22-1219-421b-a6e6-d2f46224f6c5_MasterBedroom-7635,train
5c70ea0d-cb3a-43ca-ab0b-a2498fae8bd5_LivingDiningRoom-1711,train
9f433842-0a34-4228-a2ec-8e7888cbe29e_SecondBedroom-42647,train
a6aa92c3-577b-4425-bad9-e9e01da85658_LivingRoom-41893,train
3ba16a91-d753-4a16-a316-12f29948cef9_Bedroom-5699,train
25a7b45c-961d-475a-8969-9c00b0e7d021_Bedroom-116156,train
258948d9-50d8-4c90-a6f4-d9d1072e45bb_SecondBedroom-9070,train
e1ce0785-e1e1-4f8f-9428-514459737af0_SecondBedroom-74626,train
488518b2-894d-47a8-bb81-ac58a802d015_LivingDiningRoom-39432,train
591b9224-4c2c-4f24-95f2-c4e7213ed482_MasterBedroom-4067,train
77993e73-b0e6-4620-b0ec-83b261c297a6_DiningRoom-690,train
177baa22-21a7-4d8b-91df-a6934117160c_DiningRoom-18481,train
9334958c-caf6-4b8c-8334-b924a9483401_Bedroom-12905,train
3186dc14-6778-4412-8792-68bbc2dae22a_MasterBedroom-2363,train
aabbb864-d09f-4c95-8b84-a01b8f8cc3a2_SecondBedroom-16034,train
bc62f166-d9c1-4b04-a971-f6e8c9b05811_SecondBedroom-56936,train
e123f56a-fca9-404d-b857-b465a167d940_SecondBedroom-10059,train
5dc561df-3712-44ec-9344-5e629f2098eb_SecondBedroom-2472,train
f31e12c4-1134-42eb-b28f-2e9e19bc47d6_LivingDiningRoom-1307,train
cb7d522c-c582-4d16-a005-1f2e4636453e_LivingDiningRoom-8271,train
3e40b128-6291-41ff-89aa-0ae707a594c6_MasterBedroom-11237,train
ecbff5e1-39fd-4a37-acd1-e836f987a981_MasterBedroom-17404,train
c13a4e1c-5ff3-4a9f-8f83-ba07d5b1a79f_LivingDiningRoom-12564,train
801829a3-7355-4383-a3ce-41876ef1d358_LivingRoom-327,train
fda72039-c926-4c5a-9c51-627a0ab5d3ca_SecondBedroom-1983,train
122783c6-2e29-430f-9e44-0ea3f73835c0_SecondBedroom-38613,train
99ac1d0e-f0f1-4cb9-9b0c-d39a67083168_MasterBedroom-62947,train
a5040c13-c69d-4651-9ee6-eeb2afb539af_MasterBedroom-3182,train
5e60dc5c-7541-46ee-ba0f-6524fe05a00a_Bedroom-23278,train
e7ff83c3-7b24-40fb-9e6f-c5a7f4b11903_SecondBedroom-61396,train
65a7ec51-0813-4bdf-9f92-cb4a84b0d4c0_SecondBedroom-182759,train
33107872-d240-44a2-93dd-66cd02757db6_LivingRoom-5732,train
7d35e4ba-137f-4f29-a62c-7b80ea8f4a14_LivingRoom-61247,train
14002def-a25d-4c07-ac11-41e2f201bc07_Bedroom-62056,train
32320a79-b44d-45cf-8742-a654a5348bba_MasterBedroom-53441,train
b60a4f18-3082-465b-b0e9-c0217666e201_LivingDiningRoom-75271,train
92c1c4c2-73f3-4688-b0e8-493c94f7fbe4_SecondBedroom-57682,train
347d6023-0450-4d6f-afa4-05345777cff2_MasterBedroom-1409,train
473fb8fd-a6d4-4fc1-bd5d-1afd61a9617e_MasterBedroom-6488,train
16190659-dff5-4ef7-a96f-eb2b71f88a2a_MasterBedroom-4864,train
3436d038-1d66-4ee8-bbbe-89ed6a9f8ed9_LivingDiningRoom-13536,train
0a9c667d-033d-448c-b17c-dc55e6d3c386_DiningRoom-11628,train
76e3732e-9326-491d-a741-dbb8899d03dd_LivingDiningRoom-34192,train
05edf1fe-08c8-4589-966d-6d242fe1d3d1_Bedroom-7331,train
44d15f42-a914-4d48-8add-393c57addfb4_LivingDiningRoom-16072,train
1fb8e3cb-c6be-4933-bcae-8e24c6c5fb61_MasterBedroom-10340,train
81dc4064-023a-41b3-adda-8a5ac462dc13_LivingDiningRoom-54190,train
86963bbe-7969-4632-a379-1cd39e2a69ab_SecondBedroom-14975,train
fa3b6dec-1159-425f-b9bb-aa4e535e56d1_Bedroom-7588,train
47230ba1-5a12-450a-80da-80527cc31c35_LivingDiningRoom-6087,train
1ecf4f03-a7cf-4d84-b332-4d58894afd6b_LivingRoom-76893,train
7cb44194-7156-4c8f-94dc-3c0322833ef1_LivingDiningRoom-768,train
157620f5-804d-4fb4-ac22-bfd514951c74_MasterBedroom-4123,train
c07f558e-acf1-4bc1-9ad8-2cf78ca8295e_SecondBedroom-3286,train
979e98a1-4cac-41a9-94e2-0913935f75bb_LivingDiningRoom-226690,train
b3a4cdd9-5144-43b7-bdad-067fdd7530c4_DiningRoom-71750,train
3712c1c1-69f8-4217-814a-60dc38c11e65_LivingRoom-89400,train
58064c7d-8e8b-4149-9b3a-672cf22d4733_DiningRoom-11336,train
e1b50a25-5422-4307-8b9c-24ad0bb8d8bc_MasterBedroom-24635,train
a77ba88e-3c46-4246-a5f8-92715d0a7068_SecondBedroom-1417,train
5a74379c-00fc-4e6b-8641-e577a8f0bcc2_Bedroom-27855,train
c9b3ee78-9e2f-4634-b5fd-b7a0686a511f_Bedroom-2336,train
6d0f311f-5d41-4f24-9484-eb44915ede82_LivingRoom-9418,train
d15f5658-c053-4d7b-b8f9-b1f8ce4d226a_Bedroom-2901,train
5fef6bd0-837a-4ad9-a6fd-4b9ce517701b_LivingDiningRoom-68606,train
65892a72-e69e-417c-9cfe-a9918126ed90_Bedroom-2277,train
6508123c-1d2a-446a-a300-7ecfd8bee038_LivingDiningRoom-4830,train
244bbf54-71c0-4572-9ea6-765e6faee099_LivingDiningRoom-39494,train
99fd1d4c-1da6-4e4b-a469-30eaa6f5befb_SecondBedroom-3970,train
bc3508cf-b422-480f-baa2-80fd11a6a11d_Bedroom-17436,train
ab97be19-0a1f-429f-9b79-60f506722470_Bedroom-8397,train
3302e0fc-33e4-47b4-8303-88616dca641b_Bedroom-5673,train
be642e05-b8e2-4acf-b43a-4765248f1996_LivingDiningRoom-13912,train
878a346d-66ea-4807-8ee1-ce1bcc9080fa_SecondBedroom-5641,train
af8d354c-2b22-4af8-a35c-4d3bd37cbdf6_SecondBedroom-8921,train
624ea9fb-febe-49ae-98c8-d5cd01590a09_SecondBedroom-242776,train
597ab527-f011-4680-87a1-342a8f0223da_LivingDiningRoom-11815,train
0bb3d53a-d91c-4f86-afb3-0fbf0e35d1d5_SecondBedroom-11167,train
5a2857c7-b831-4e4a-b56c-24bea08a9aaa_SecondBedroom-1238,train
92ae01f5-6f87-4e2b-85a4-f2890b62b3c4_Bedroom-4631,train
9432d96b-5e6d-4a93-a395-48894ad49bfc_LivingDiningRoom-10892,train
bf0c006b-a15a-4357-ac71-9d0249d85d72_DiningRoom-20718,train
7fe08405-d4de-48f9-9435-ba3c18de84b6_LivingRoom-8766,train
c5378a6f-43f0-46bd-999e-dfc675646c1d_MasterBedroom-29284,train
6bb9d1bf-8fd5-4278-b4a0-38ea346dafcd_LivingRoom-26049,train
a4824c35-ccb2-4e70-89c7-eda575054197_LivingDiningRoom-1538,train
3bc6c458-c350-4da0-a441-c882bbb05731_LivingDiningRoom-20064,train
810c7c5f-af5f-42f7-b64c-ecd80a5d253d_Bedroom-15856,train
c07f558e-acf1-4bc1-9ad8-2cf78ca8295e_MasterBedroom-3135,train
e93b3e34-be1b-4c2f-83f2-f055304c7c7a_LivingDiningRoom-48904,train
1cd0db41-bcd9-4af7-a0be-cce5de62cc35_LivingDiningRoom-22096,train
447ddf50-7fdb-43f4-ba37-b6735a1871f1_SecondBedroom-2399,train
22faf1bf-263a-444d-971e-2931dd27acc9_DiningRoom-5313,train
6379e703-a2fb-4d36-a417-30e0357a31ad_LivingDiningRoom-121211,train
f086151e-64f0-4fad-b373-22c20dfc2fce_LivingDiningRoom-5082,train
118b3f14-ed71-4c7a-93d2-b02a5b12ba11_LivingRoom-7470,train
bc3508cf-b422-480f-baa2-80fd11a6a11d_LivingDiningRoom-17385,train
370938e1-1b18-46cb-874d-a23ceeb0cd1e_MasterBedroom-13327,train
c2e171f2-69b9-4e7b-8cdb-e8d7c533d990_DiningRoom-33943,train
555d38a7-689e-4340-ae91-a9a1dd650216_LivingDiningRoom-26885,train
14125793-35c5-4ab8-be6e-3089eaa45bc1_DiningRoom-91678,train
787e7cd0-14ab-420d-8862-b1d45ea47725_SecondBedroom-30248,train
7c5c1051-6dde-4fee-ab30-9c08b9755a77_LivingDiningRoom-2439,train
809652f3-1c3d-4962-90d3-737fadb964ec_DiningRoom-16187,train
8442cc57-83b6-4c2a-b7f3-ed7cc2780098_DiningRoom-17200,train
f11aa158-fcaf-4b0e-86b8-17e51ed32c18_SecondBedroom-23087,train
5688d36e-44d9-4420-9a4a-501418b5f2b8_LivingDiningRoom-62089,train
22843330-f141-4cb6-8ce6-8b32b56388ba_SecondBedroom-9822,train
772d72e3-a9e9-467c-954b-b2aa3d1f347a_MasterBedroom-319,train
09e6ca5d-7f96-4ee2-9a27-ecacf0f69b65_LivingDiningRoom-2258,train
ede1bcab-2298-4756-b03a-690d5cf8dfe5_SecondBedroom-4527,train
deebcfd8-9f7e-49be-8c50-2edb11abb8d9_MasterBedroom-22766,train
3dc195aa-0a30-440e-bf84-5f1995ec1c3f_SecondBedroom-22,train
e00c171f-748b-4d28-9e6a-3ebeff291323_LivingDiningRoom-9621,train
23a5fa77-0aa5-45f4-8399-3265005b1def_LivingDiningRoom-106046,train
d235526d-92b4-4bbd-80b9-0d5f277676f4_Bedroom-8384,train
6130928e-d71f-451b-862c-b6e809a85096_MasterBedroom-19072,train
1cc0fd55-1c5a-4885-a2de-f30c6d387353_DiningRoom-33249,train
a14845b0-e64c-49fe-8de7-e10df6fcab69_LivingDiningRoom-45836,train
12572a45-9432-4198-9ee6-061bee66dae4_SecondBedroom-73546,train
8ad8bd52-f739-4021-8ad9-9e02f2cb7456_LivingDiningRoom-1625,train
a77ba88e-3c46-4246-a5f8-92715d0a7068_MasterBedroom-854,train
ae6e05dc-ce87-415f-b98e-3349488d984b_SecondBedroom-12902,train
fd956aea-c66d-4771-9cb3-9247f5da110c_DiningRoom-71949,train
0432b048-ede1-4049-982d-8bccfacfb541_LivingRoom-8377,train
ef5860ab-d989-4605-93b1-5127126696c6_MasterBedroom-71012,train
97791006-5ca8-43fe-bb21-1d8f6e252ab5_SecondBedroom-697,train
96bc1382-7f9a-42ff-8937-f0175468d63f_SecondBedroom-34863,train
fda72039-c926-4c5a-9c51-627a0ab5d3ca_LivingDiningRoom-2328,train
e04fb1c1-1b11-4778-85dc-818624587b3e_MasterBedroom-45036,train
3bcd937b-c084-40c8-9d5b-adf7ef20f842_Bedroom-33448,train
8f43d942-cf5b-4e85-b31b-32e537f24cb3_LivingDiningRoom-44356,train
4409ab36-f1e1-442c-8fbc-ff49638af1e8_DiningRoom-26150,train
22690830-2a2d-4265-87ae-0a3f4957d085_DiningRoom-70428,train
8bc14971-a14f-42c9-83b1-6b74010c6c98_LivingDiningRoom-10610,train
706922ae-ac4e-4495-af82-91ffa695bff2_LivingDiningRoom-8120,train
057af01e-97b2-46b7-9bd3-eefbdfe4f31c_LivingRoom-20951,train
fe74af37-407d-4335-910c-1dc03e0c9303_LivingRoom-13753,train
76e6bb3d-b50b-453e-9a5e-8dd192714572_SecondBedroom-33650,train
d6c96f85-d2f8-4ecd-8454-ba282131218c_SecondBedroom-24866,train
76a2dc69-14be-41d5-ad13-306d09cdd47d_DiningRoom-46577,train
b5fea2a3-9686-4764-9a8d-b35c02f2d71e_Bedroom-332,train
8ef1ac63-da17-4f85-94ad-d784649329c6_DiningRoom-451,train
f2773a3a-b8fb-4b98-8d6a-be6de57103ee_SecondBedroom-13466,train
003ac11d-2abc-44f8-9836-4354e7dfa543_LivingRoom-9232,train
721aac20-b1b8-411f-93cd-285290b9fa45_LivingRoom-890,train
46d37cd0-5b76-4fdd-ad97-efc7ea3ef346_SecondBedroom-9463,train
e52a7124-05ef-446d-b70e-39af1ac7aa5c_SecondBedroom-21630,train
dce67d70-f3ce-4696-b473-589b1a66f880_SecondBedroom-32620,train
d8cf6893-a2fc-4f7b-b6ee-ebaba19c7518_MasterBedroom-25203,train
219a8aab-25f7-4ea0-a9d2-345fd362ad9b_SecondBedroom-3496,train
bfdec636-7f20-41f6-94c2-b110479f7123_LivingDiningRoom-65070,train
d6eca762-0ddd-40e3-a250-ee5928eeafa3_Bedroom-719,train
8458bf29-9feb-4dc2-a804-bb2f7b9be0b6_LivingDiningRoom-57979,train
33635b59-7c01-4e50-8c68-a401b3563182_LivingDiningRoom-10681,train
8c3184be-d255-443f-bb65-5a17a15a2f58_SecondBedroom-27358,train
1f44e5e7-2f9f-4a7e-a1f9-2424bf23e780_MasterBedroom-54208,train
b28a98d3-1348-478e-825d-572ee7454666_SecondBedroom-13653,train
5e44b2a9-66ec-4d5b-adf0-c87ab69cc93c_MasterBedroom-3854,train
24cbb52c-4daf-417f-a324-0e9a055272a9_Bedroom-13369,train
cbbaa3ef-e12d-42bf-a8c6-35719d6e86c8_SecondBedroom-74434,train
cc7bd93b-9511-421e-a67c-fb5f39c86208_MasterBedroom-40296,train
3cb1b735-8b88-42ee-ab06-4592c359b291_MasterBedroom-480,train
cdf2cf2f-6cc4-40a7-b8a6-e0cd078c210b_MasterBedroom-7712,train
dbf53bb3-199d-49e9-9840-70ff939e7bc7_LivingDiningRoom-2152,train
8c31d21f-f082-49a4-886c-912c321d6244_Bedroom-66596,train
03787fb6-0503-4d43-9617-e29e46150d1c_LivingDiningRoom-51556,train
f3719575-1f2b-4a1d-b75f-a8a9c7257fbf_Bedroom-25711,train
fd9ec869-05a9-4f85-8478-d3932abde306_MasterBedroom-72669,train
7292d96f-1294-4a92-88c1-69c91c47e883_Bedroom-8507,train
677be953-f176-4ce7-9641-32745d188f04_Bedroom-44609,train
8f372918-d31a-4d8d-93b3-c82eec26215f_MasterBedroom-59200,train
8373d0f1-b5de-4f24-b5c9-9a087e2ae1d7_LivingDiningRoom-69519,train
53992538-a81a-4f27-ae40-f743549c0325_DiningRoom-10103,train
57184c2b-7ec2-44ac-b842-e3320ea99486_LivingDiningRoom-3715,train
67b26a1f-a7d2-4c9b-ad51-3caa25c5ce4e_SecondBedroom-20724,train
6ae4511d-5a72-45f3-af6e-2ddbf8fbe0b9_MasterBedroom-1860,train
46e18f9a-ebed-492e-b2de-e21865579a35_SecondBedroom-22968,train
53cf7da8-7c02-419d-bc4a-acf5d4337cac_LivingDiningRoom-6226,train
06a619f2-8939-4188-9eb3-ce01717de2b0_DiningRoom-197500,train
fd0f6fb9-85c7-4524-abf6-4bf928bf92c1_LivingDiningRoom-241089,train
b68b868f-5ed9-4917-b922-4d58ca68ed7d_MasterBedroom-45020,train
c3a08e36-b8bf-478c-834a-af534ec13947_LivingDiningRoom-1520,train
0c883c9f-0ecf-4bfd-8941-a41b59c636fe_LivingRoom-2151,train
49d213b4-57e6-4422-84de-ee107e179d19_SecondBedroom-5222,train
0da4d8b3-d0fc-44c6-83bc-016a8e7a1503_Bedroom-22435,train
54234f8f-0f41-47d8-911f-506320aa75c0_DiningRoom-22156,train
be1f3c71-ec18-4ebd-be16-1e0c43738d39_SecondBedroom-27301,train
19937077-943b-4751-ac40-4eb60941a9e1_Bedroom-8446,train
87033dd1-ac83-4bc2-84a0-c1b99d877cfd_DiningRoom-11640,train
0a28563b-19e4-4d67-8130-9a87a547daf6_DiningRoom-16628,train
39629e24-b405-420b-8fb0-72cef0238f70_DiningRoom-6513,train
5b274239-637c-451f-ade5-f71c97d6d86c_LivingDiningRoom-13620,train
44077407-784d-4f64-9af1-790a19a5aef0_SecondBedroom-19446,train
81558907-9dff-4a6d-a766-6e0748997ae6_Bedroom-5697,train
d7366a84-972e-454d-b574-271f0c72e04e_SecondBedroom-6480,train
86223b94-4407-468b-b593-c436c1ee5127_Bedroom-13468,train
0857b91d-e04a-497a-ac00-7d912e032e99_SecondBedroom-4383,train
cca427ff-6f8e-40cc-a890-321a87d3664b_MasterBedroom-63698,train
7625e6ce-dafa-4c31-8c1a-f3a6582b01b1_DiningRoom-12246,train
089458cc-75b2-45c8-a58d-177cb6aced8c_MasterBedroom-27795,train
ada38237-cee3-477f-9bbb-45cb29f29d4c_SecondBedroom-5145,train
f79dd946-de59-4b27-8e89-ea5b2303ee67_LivingDiningRoom-16289,train
e5a6fc8c-aaa9-460b-bab3-8fcd9aaaf6e2_MasterBedroom-109561,train
1bae485f-bd6f-402f-9aae-e08a729a148b_SecondBedroom-7873,train
079a7b7d-cb1d-4508-8d06-e29b9153600f_MasterBedroom-7618,train
a4e28b69-2a4e-47fe-910e-c0df5879dcd5_SecondBedroom-23974,train
4e90cfdc-f6e6-4097-bf15-0bb61288ca1c_DiningRoom-18090,train
ae07aa05-8333-48c3-8637-0845be0fadb4_LivingRoom-1537,train
0ffdc546-d600-4218-8270-90bb71c46a8d_LivingDiningRoom-220,train
daa1dc6c-8351-42a5-844d-1ab2f5308e64_Bedroom-688,train
be5b08cc-5357-42d8-963d-9910b2e602d7_LivingRoom-18059,train
486ba848-916f-48ae-8f44-858c2fb95c85_SecondBedroom-10210,train
30054695-4a17-4698-a482-06047262a526_SecondBedroom-6800,train
fc2dadc6-b593-44f0-b1a6-843bc0eb8018_SecondBedroom-7891,train
50519e1e-1355-41f3-b092-6256d2ce205f_MasterBedroom-5636,train
39ebc63e-060d-457c-aa76-5293bfb804ac_Bedroom-14550,train
eeeeb368-bd8c-4601-8bd1-b6f82e2cea1f_SecondBedroom-138968,train
0ab72fdf-ba1b-4df5-8df2-6efcfa7bb53a_LivingRoom-71071,train
46bd67dc-caae-4fcb-b660-525c940af26f_LivingRoom-46192,train
cf94fa93-585e-4b9c-b07e-ba982d22cc79_DiningRoom-14251,train
48812187-9207-4686-9f6e-e8e1e97eeabd_SecondBedroom-8840,train
db16a13e-2960-4bd3-a8ba-167a00e3ac8f_DiningRoom-8626,train
99fd1d4c-1da6-4e4b-a469-30eaa6f5befb_LivingDiningRoom-3910,train
cc14e409-5e44-4237-a4b0-11521ca7639d_LivingDiningRoom-10768,train
6c294141-0ec8-47cd-b1cb-102d60dc252c_DiningRoom-55362,train
912682a8-3a2a-46ea-9430-a32af806ce3c_LivingRoom-26168,train
3e2a08c1-5a26-453c-bc8f-a6058ddd6952_Bedroom-55636,train
1843ffd3-4865-4d1f-a4df-f30d063b08b6_Bedroom-1448,train
d56b4502-5b8c-4eea-814c-c01f0e388894_MasterBedroom-70605,train
57aca5c1-cbe5-4df7-922e-6c6cf9ba2a0e_DiningRoom-22308,train
33fabe16-27bd-473f-b361-5904fb1c8baa_LivingDiningRoom-11695,train
db05a54e-7944-49a6-85ae-0be827f515c8_DiningRoom-130,train
86bd6c59-e949-41d5-a944-832b67e3d763_SecondBedroom-8913,train
30f2574f-dd2d-4e97-a937-dce8be2af98e_SecondBedroom-118939,train
4563570e-14ba-4e61-8f4e-39086aef3ef9_SecondBedroom-47313,train
070bb554-f9b7-4b80-a1a2-fc91f1c861fb_LivingDiningRoom-43900,train
542c1605-f5d0-4e21-bc49-9169ed52802a_SecondBedroom-40748,train
0e3f92e0-8f04-4643-a737-23603f438e68_LivingRoom-1951,train
d2f4784e-0fdf-43ea-915b-515f11791cf6_SecondBedroom-23886,train
5df48768-5e1b-4db0-9ca1-97ad05d9a896_MasterBedroom-9476,train
11261c4b-35d8-422e-b517-ab73455935f6_LivingDiningRoom-7994,train
da41c0e0-e010-4fd4-a54b-e884e29d8e18_LivingDiningRoom-476,train
43f7c2b8-5eed-4aa6-ae66-8cb06a47148e_MasterBedroom-2827,train
ed0f9c74-bc76-4290-bd21-27912daaee79_Bedroom-44362,train
01df4fc6-be42-4c30-ab7f-0add3ec82213_Bedroom-44231,train
c9f70be8-2021-4fb1-b599-da3b4e184543_LivingDiningRoom-941,train
09defafb-4bb8-44ed-bd94-cd9359b14bb2_DiningRoom-77736,train
2fee88c4-7d23-4a57-ac24-ad3c1eefb992_SecondBedroom-4082,train
d7499538-b770-47e6-ab24-9b78007f6384_SecondBedroom-8716,train
8ea12414-feaa-426d-9b89-b3379668761b_MasterBedroom-63839,train
ffd98024-7200-429e-8b9a-1234a5937826_LivingRoom-360,train
acb86b11-fe85-4f83-b47c-c6243982298a_LivingRoom-824,train
91dde31a-632c-4353-85cf-b36a2c6c0be6_LivingDiningRoom-3471,train
6a58fca6-3af8-4807-b3cd-80b97aa81c7b_DiningRoom-31702,train
42dac4e2-8940-4ea3-9039-030961b73776_SecondBedroom-8208,train
a1a61778-5124-4062-937e-3d6eef4ad426_MasterBedroom-17138,train
4c7d3c24-b50c-4a53-84b8-d7620fc6b252_DiningRoom-31660,train
8e27615c-f396-40e2-9311-e2e85f9a58f5_SecondBedroom-594,train
93a20906-9d65-4541-ba47-61c7d13a06bb_MasterBedroom-10688,train
371c2846-ec26-43ca-a9dd-05e49db6ba62_LivingDiningRoom-60564,train
031fba32-7c48-4c1e-8342-aab66d6e531f_LivingDiningRoom-5339,train
a1d2b052-006c-402c-809f-269aa27fd81f_LivingDiningRoom-17672,train
b514db66-e26d-44b7-92d8-338b17a5da28_MasterBedroom-58491,train
cce3fe83-2d9a-4ac9-9e93-f9b687f1ae51_LivingDiningRoom-54045,train
203f67cf-e43d-4395-8bd6-75ce85fb2481_SecondBedroom-26455,train
52898c59-72fd-413a-b6e9-d388cb9624ba_MasterBedroom-76318,train
190b2156-1fac-4905-93ea-5d823735a199_Bedroom-208700,train
01861393-3d82-4926-af4c-e2d29c6d0c0b_DiningRoom-32107,train
4abcb667-c57f-4d8f-940a-d964152329d5_Bedroom-11746,train
95f3ed13-768e-4d9e-9c55-47c0bbc213fd_LivingDiningRoom-2943,train
d859ce89-1e14-4ef8-ba97-f6631f3f0b87_MasterBedroom-17213,train
109aae3e-2fef-4732-aeee-f2897e73a694_DiningRoom-14238,train
10551224-293c-4894-939c-8070832cf518_SecondBedroom-5571,train
f92faf3f-2b6c-437c-9942-fd8437292634_LivingDiningRoom-11606,train
c399ce02-05e4-470c-a353-0670dfc45a03_SecondBedroom-14682,train
21c3b027-c6b7-480c-9933-d519eefab02d_MasterBedroom-2401,train
23608ced-9c2c-4d17-b7a8-4e3656d2acca_SecondBedroom-21651,train
c080c532-92bb-4d9e-a266-8556c7a06731_LivingDiningRoom-16314,train
d8dfd6e8-21e5-4f18-a38c-c99a003d1bf0_Bedroom-10256,train
0f737b17-9449-4961-b978-e115bcba56de_DiningRoom-41151,train
14abc843-9e80-447d-866b-7b4c16dc5097_LivingRoom-91063,train
33ed8cde-22ec-495f-bbe9-fe35fe87c76b_Bedroom-3920,train
5b80db18-446e-401e-909b-747de26f6c54_SecondBedroom-46845,train
b983c974-ad79-4389-a02a-d8175f933411_LivingRoom-67314,train
f999ea63-2aca-4e3a-a646-dd75bc53fc8c_SecondBedroom-5887,train
15205240-8f74-4da2-a891-49267a5aacb3_MasterBedroom-475,train
c05880a2-1426-4f4f-947a-cb0c2b43b913_Bedroom-13487,train
a0f0e5f2-09a8-4a38-a4a3-7e88a67c1575_LivingDiningRoom-1315,train
b9ec12bf-2806-41d4-829a-18e3f58558c3_LivingDiningRoom-79595,train
15de4a4c-2258-4015-9cc3-f2ebbb9d61e5_SecondBedroom-35821,train
f89c8def-be8d-4a45-948e-714938ca5550_LivingDiningRoom-16828,train
0ed2f341-9ad9-441d-a33c-ace6a9f741b4_LivingDiningRoom-7751,train
057d0255-2178-4594-a21a-74bf5b0f380d_MasterBedroom-17936,train
5e1cf772-2618-4b24-bf20-8670d2fea4e9_LivingRoom-23405,train
fde0fdcc-7a6a-4e8f-a1bd-ff10cbb09b29_LivingDiningRoom-61187,train
98d10fb0-300f-4ded-a42f-06855b4d865a_SecondBedroom-10251,train
4252f77a-ff14-44a0-b4b5-f18c7db19bc2_MasterBedroom-1502,train
88c063af-0d7d-4f18-ad36-a226497e25aa_SecondBedroom-13179,train
935075cb-fbaf-40e8-837d-b5288251ccbb_MasterBedroom-29514,train
9178e733-092a-49e5-a900-b375d6a68dd1_DiningRoom-18332,train
04546af5-acd6-43b1-981a-3e976e01adce_MasterBedroom-108890,train
bcd72137-7c98-48f1-ab1d-8b79e5f59864_MasterBedroom-107126,train
18e61c1d-d0e2-440b-a095-79acffaeebe4_LivingDiningRoom-15409,train
9b3dc3de-8ce6-473e-b1ed-e4eb43c369b1_SecondBedroom-15319,train
9b893109-d943-428e-8af9-81e9c4e8ec2c_DiningRoom-23097,train
7e335c82-9746-4c86-aa62-8dbd2725a9c3_LivingRoom-10453,train
9af95d77-acc9-4ab0-b951-1dc42afae8a4_DiningRoom-5492,train
abc63a60-6190-47f5-a331-12f2d90bf8b7_Bedroom-41817,train
a7f64d89-c953-4ba9-bbd4-6f74eb69710b_Bedroom-16810,train
19dc4a0c-8b39-4339-9420-ab1ae4e95d48_SecondBedroom-23415,train
0071fae9-a2ce-481e-8a37-a2d307e1213d_SecondBedroom-199664,train
8ea4096f-5ce1-4e23-8847-313b1312c64a_LivingDiningRoom-1994,train
0c79dbe0-dd22-403a-a757-1afd9a33ffe7_MasterBedroom-1699,train
3ed02f51-4e42-4b78-9829-44ac6f2f52da_SecondBedroom-107545,train
14ea58a6-a039-424f-a693-d22ab49701fb_DiningRoom-25949,train
d532808e-59b6-4222-8e09-13fe41bdf133_Bedroom-21632,train
0967e330-aa37-41d5-af14-04c9e8ea820c_LivingDiningRoom-629,train
d1951fba-7ccf-4642-a054-839cbc9ee0c7_SecondBedroom-13679,train
7170830d-8ce7-455a-a0f5-f7a4edb745d1_MasterBedroom-13668,train
7a2de022-745d-4f10-a4fa-d7ab5bb8809f_DiningRoom-8044,train
eb29ee2c-5f25-4dbe-965a-ec1c07904585_SecondBedroom-535020,train
b6a24513-baa6-4f67-8a78-4a19c5536dce_LivingDiningRoom-2831,train
789015e3-c63f-4bf9-a557-3a3cd6867a83_DiningRoom-3538,train
4f51046e-37c1-4308-9e81-2408fb164852_LivingRoom-72876,train
55bb9324-8a55-4e77-8672-ba135f7f9ae3_LivingDiningRoom-45270,train
cb7d522c-c582-4d16-a005-1f2e4636453e_Bedroom-5804,train
86669bea-46aa-4a87-96f5-cbbe054e6d08_Bedroom-23167,train
73726d4e-12e5-4828-8faa-b4baa3a4a52f_LivingDiningRoom-504,train
cd02c5d6-e2cd-4af5-aecb-7cbfef80fa18_LivingDiningRoom-43974,train
5e4f139b-2870-476f-a2c8-5e9867e179f2_LivingDiningRoom-13860,train
6f969906-b789-4a47-a930-008d35ca0458_LivingRoom-513,train
05e407ce-9c38-4b23-ae7d-b9036fdb9d67_SecondBedroom-6462,train
8e8d0bfc-0af5-4c74-97dd-7d08af6998f8_LivingDiningRoom-7862,train
17b0d207-79c5-448b-b649-5c9c708abc7f_SecondBedroom-93585,train
ce427ceb-7eb7-423e-b68b-d01cf1fa516a_DiningRoom-34207,train
71b6e531-ed61-4ff3-8816-5f1b0ebbb464_Bedroom-19942,train
7c4c43e1-b28a-44a0-81c9-e5da48d8b212_MasterBedroom-40378,train
eb29ee2c-5f25-4dbe-965a-ec1c07904585_SecondBedroom-534911,train
23c4cd36-eee4-4bd4-93c8-0b07d192d1ef_DiningRoom-20887,train
2e1c9079-14c8-4459-8831-b63eef7883c8_Bedroom-14501,train
2deeee08-d427-4827-93cf-4314c594d488_LivingDiningRoom-20192,train
9886aa9f-f331-48e4-88a0-4e56ccaabe7f_DiningRoom-9982,train
66f67e6f-2c22-473c-9997-0690a62661ec_LivingRoom-7404,train
3bc5a441-247a-42fb-8da0-dcfbfe89a631_SecondBedroom-16823,train
2ec90c50-4ece-40be-bb69-a2150a4678a9_SecondBedroom-78515,train
2d485e95-fb65-44eb-ba85-0de22a0b80f6_LivingDiningRoom-152170,train
9d3329f3-b506-49ce-9edd-ac5155143bf4_DiningRoom-3017,train
1a8dbd8d-0025-4373-8b94-ee9dd9fa7295_SecondBedroom-40509,train
b7c74b29-1bc9-4112-9587-03a1b330a284_Bedroom-274,train
24caaf37-afd3-4cc9-84b5-f27e9cf84d8a_LivingDiningRoom-35029,train
5fe21893-ef9b-479f-9b9e-dd9456c0e41e_LivingDiningRoom-2620,train
d9c6db25-1f85-4ef3-8900-e5fbe1dae53a_SecondBedroom-9574,train
577c772f-369a-46ae-85ed-bf392426180f_LivingRoom-1097,train
2463f2a4-6b9d-4410-9d93-a2415fdffd86_MasterBedroom-21684,train
3cb92d64-e832-4c05-be86-a286b92a1ac6_LivingRoom-5774,train
e3c257be-bb61-46bb-a0e5-80c356019b48_SecondBedroom-213397,train
c0525323-5f95-48b6-9a62-5a0d55a0c10e_Bedroom-39679,train
a137a098-9a96-4b7c-9553-13e5178d29b0_LivingDiningRoom-13439,train
00add26c-7a26-4a61-b192-b97aa493b3f3_LivingRoom-76661,train
23608ced-9c2c-4d17-b7a8-4e3656d2acca_LivingDiningRoom-21234,train
e50797bd-0d25-4337-9642-b89db05e879a_MasterBedroom-16843,train
ebb55c6a-0af2-4727-ad86-b18d0061a415_Bedroom-25883,train
4557a700-5a64-4734-839c-bacf8f2bd27e_SecondBedroom-152,train
cf94fa93-585e-4b9c-b07e-ba982d22cc79_Bedroom-14292,train
6a03badb-61ab-4e22-9564-de2fd2ed1938_DiningRoom-25528,train
26387a08-3ebc-4638-83cd-33150de9f17a_MasterBedroom-26153,train
dadf76b4-87ba-4988-919a-cccf6d9fcf30_MasterBedroom-70714,train
3bf3db41-ef01-4ef1-82be-5b97ffddd4a3_LivingDiningRoom-16427,train
2e6f78b9-74f5-4273-adfe-6d07f1cf115c_DiningRoom-19847,train
30b4457b-420a-4c1b-b951-b589e741229c_SecondBedroom-83138,train
3016ecbb-ddfd-4a33-a2db-0245e539ac6e_SecondBedroom-25516,train
c807b9e8-cc51-46f9-9eb3-5573742f106a_SecondBedroom-38515,train
e517ea91-4a71-4a23-a05b-7d325acd0541_DiningRoom-41611,train
c22b8f01-a606-4b65-a964-79be4c0036a0_SecondBedroom-1060,train
d6cfb01e-6757-48ab-9112-66c3c4454a9d_SecondBedroom-10884,train
062fec71-ea9d-4e11-a650-ed5829298c73_Bedroom-9406,train
5442e552-4595-4772-bf9e-eb10f8476e5c_Bedroom-18329,train
db542eec-5a55-4f04-98cf-435531932c39_LivingDiningRoom-21391,train
0ed12a92-fdda-4476-a267-e076b77646c5_SecondBedroom-6123,train
9e8b8e5d-85fe-42ab-b582-7a8484399699_Bedroom-15276,train
2f02d9e6-8490-47a6-bcdb-2f2f99ac8294_MasterBedroom-5710,train
5549a237-e795-4893-870c-33c27eb02bc3_LivingDiningRoom-15128,train
02f7ad87-8aaf-49a0-bd98-c010e7b84c33_SecondBedroom-17020,train
7e1344a6-49f6-49cc-8f5d-2e5772c68c6e_LivingDiningRoom-12009,train
8ac826bb-0229-443a-a9fc-fdc6ce7af073_LivingDiningRoom-13451,train
453652dc-fd47-48b7-8a51-a762b22b5c2a_SecondBedroom-35011,train
02fb72ea-8e75-4f7b-85bd-18798232b263_DiningRoom-40734,train
78aa7bd5-d98a-4e86-b342-7a00beadb426_SecondBedroom-66096,train
282c3591-6893-4980-a521-98a540d9c3d0_LivingDiningRoom-2166,train
d9eb740a-ef9b-41f5-8fe9-09200a8702d4_DiningRoom-9753,train
49e7d085-8a30-4a62-b6ec-2a52ae5153b4_SecondBedroom-6500,train
6048ff60-5420-4ad5-ab02-856f989ed67d_SecondBedroom-1955,train
9b65961c-da2e-4758-97a3-21702e5e8931_Bedroom-24525,train
d79c4380-6d73-4ff7-9f7d-c085c7e1ccfb_LivingDiningRoom-1037,train
7fe08405-d4de-48f9-9435-ba3c18de84b6_SecondBedroom-8785,train
f0f07050-6651-4075-b2b2-5922d677247e_SecondBedroom-6847,train
c7f22934-9a25-418c-adaf-4d23a6447d63_SecondBedroom-505,train
35667e9d-d406-4e6d-9569-b626b176cd36_LivingRoom-3695,train
cbd4a8a0-be44-4629-a271-0518654ab3d9_LivingDiningRoom-8843,train
1db2e62e-6516-47da-bc4d-6469ba619d2f_LivingDiningRoom-1654,train
48bbf3cf-fc51-4b2c-a4fb-377c9f0918ae_Bedroom-13201,train
b0dc2c16-296a-491e-a82b-d2d7fd8fdada_LivingDiningRoom-968,train
2e03c81c-fc03-472c-91c8-025217a1ef58_Bedroom-207892,train
3b5a9dae-0314-490c-b0ff-5ee9edfa4741_MasterBedroom-31582,train
61939f19-9114-46ad-86c6-ab10c1668ed7_LivingDiningRoom-17356,train
ab7d2771-19a9-4473-bfd9-8abead7d8a2a_LivingDiningRoom-582,train
5bd22e7d-960b-4e14-93bd-f955001f799e_DiningRoom-6151,train
12f93edf-43d1-4009-9639-92b3b604b352_LivingDiningRoom-3542,train
c75f9c75-5902-4ba5-ba0a-62510d5dfaf8_DiningRoom-26076,train
0dd9e55c-dac2-4727-b8a1-f266fd11c987_SecondBedroom-17251,train
cc7358c4-23db-4474-b21b-2351115fe453_MasterBedroom-32534,train
93e914f5-081c-43d8-89ee-986ce6ef1707_DiningRoom-16799,train
6a14c9df-bb67-4cc2-a6c5-9e5093024506_Bedroom-10136,train
6845a1ea-b5b7-496c-bbf4-0ba36d9a115b_LivingRoom-2136,train
8e6f8c6f-a9ac-43a2-946f-18bdc645432c_Bedroom-14389,train
ff39ebbf-6599-4edb-bec9-480ad1de6115_LivingRoom-211,train
7dbb372a-75d0-4e3d-9954-06240f8bb8ad_MasterBedroom-2548,train
35a3b63f-83c0-4bdd-aef5-4f7c5df8c5d7_SecondBedroom-4278,train
47ed8915-d698-4d0b-9537-41f6d16e5065_DiningRoom-28390,train
a655711b-402f-4e32-8db5-456bbbff373b_MasterBedroom-13810,train
fe6dd857-df5a-4dbd-8121-e22d1c321455_Bedroom-164,train
84bf591e-7035-41e7-8e3c-23b6ec81cc6e_LivingDiningRoom-10021,train
89fa67ad-b45d-4ed3-9e2b-9371df9625e4_LivingDiningRoom-10026,train
d25c96c5-d328-48d1-84f8-ea4ee5207a72_MasterBedroom-14405,train
76d4dd1b-ae9d-4edc-b636-a02b1082383f_SecondBedroom-25927,train
956e67d6-e368-401d-a3aa-b45e401f5121_LivingDiningRoom-1679,train
1f5d59ce-7227-4643-9540-21f8d90618a2_Bedroom-652,train
8e234f22-483c-4dfd-9ce5-cc2d052a97e8_LivingDiningRoom-5956,train
0cbce4a0-0f3d-4444-830d-002a546bbf82_SecondBedroom-34440,train
fc3e0cb0-d178-4b06-830d-1562cda8301c_Bedroom-1215,train
e1ce0785-e1e1-4f8f-9428-514459737af0_LivingDiningRoom-74522,train
fb76c361-48d1-4450-a4a3-0b9bea32fb8e_LivingRoom-35461,train
807602ef-635e-4315-a24c-191c4b825dbf_LivingDiningRoom-144857,train
3332e155-0105-4d97-937a-b7a64daedb40_MasterBedroom-71406,train
9a697b01-5800-40fe-b290-86c2779e2517_Bedroom-10080,train
e42d2cda-3beb-4996-9bf3-6d2278942239_MasterBedroom-354,train
f975259e-3295-4fd2-b0b1-f300c3ed3d3d_DiningRoom-21509,train
deebcfd8-9f7e-49be-8c50-2edb11abb8d9_LivingRoom-26286,train
b68b868f-5ed9-4917-b922-4d58ca68ed7d_SecondBedroom-45042,train
db2b1031-0769-4d04-a2bd-4fe8651c8461_LivingRoom-17062,train
edd66ac7-760e-45b2-aeeb-0036f683fef8_DiningRoom-63838,train
db3662d2-4985-49f8-aaad-3ae88da58577_SecondBedroom-29217,train
18abc0cb-4f4c-41fe-9faa-77bba613b781_MasterBedroom-604,train
3e9f2a5c-2530-42c4-981e-c134bd7b8591_Bedroom-14516,train
0e563bef-ab48-4a9a-94c1-3018575fa499_SecondBedroom-8341,train
68e20f2b-e004-4767-9eac-6d3e4d63ee80_LivingDiningRoom-101134,train
786669de-f41a-409f-b487-ec62413e2ee0_Bedroom-65973,train
0e1e24f2-72dd-41db-a26d-ef81d18d3de7_DiningRoom-675761,train
4fcffea9-2794-489a-a20e-cbae6c6e71b5_Bedroom-20550,train
b741b776-33dc-43b0-b33a-2a488c920045_LivingDiningRoom-50574,train
fd9ec869-05a9-4f85-8478-d3932abde306_LivingDiningRoom-72618,train
6a14c9df-bb67-4cc2-a6c5-9e5093024506_LivingDiningRoom-10183,train
0ddd9ee0-6ba9-4038-beaf-62a12a12a1a1_MasterBedroom-27414,train
d97f0b0f-a15c-4385-95f3-1fb5f053f78a_SecondBedroom-6993,train
1c79cb23-f69d-4766-b829-2747eb6152c5_LivingRoom-5401,train
fb8811e2-7290-48d8-af40-fd60b5231fb3_LivingDiningRoom-24287,train
296674d1-43cb-468f-a25c-9c1b82ab4318_MasterBedroom-1851,train
0bd1cdea-366c-47b6-a65d-ee7ccde0aaa9_LivingDiningRoom-23474,train
2439fa78-a76a-4e6b-acfc-26758a938472_LivingDiningRoom-13186,train
154620a2-e63e-474b-b950-b7cc287b0e43_DiningRoom-150053,train
fc6386f3-cdbe-45a7-8410-c16c00d891c9_SecondBedroom-1845,train
9128b366-4314-4397-998b-894ef7863614_Bedroom-28081,train
181fa1b2-dd7a-43c3-b09c-163924bb37de_LivingDiningRoom-758,train
bee6daae-fb60-4c9f-a30f-f2c4dd8bfce6_SecondBedroom-1808,train
2dc39940-b53e-4451-84f8-ce8cf3aa9171_Bedroom-10751,train
9e50138a-d669-41f1-9dcf-3c77fdb17397_LivingDiningRoom-1048,train
bbf5f0c3-25b9-4288-afa1-f2545fab15ba_DiningRoom-16460,train
06a60335-aa4d-4550-9e09-cae4f437988d_Bedroom-10310,train
a88f5922-2f3b-4ad8-b834-82fa1c0d00c8_DiningRoom-16498,train
e0e8453a-618c-4c12-9d67-0967d1a2adbe_LivingDiningRoom-751,train
8cb25305-b65d-46b7-bf85-34604674d5ab_LivingDiningRoom-8968,train
7b0f919e-5ad6-4b4b-bbca-eeae4b365ccc_LivingRoom-30722,train
bab46499-2458-45be-8b65-a0e4f3b41202_SecondBedroom-9812,train
ea107e07-4507-4189-aa07-445d944d5fce_MasterBedroom-40319,train
66082784-28d9-41e7-94bd-09a72fa335cf_LivingDiningRoom-2891,train
6a8ad1d5-8c81-49bf-a752-fbe9448ff3b1_SecondBedroom-36408,train
3d746247-8cd0-4b3c-8186-2ee990b66efa_DiningRoom-31843,train
cce3fe83-2d9a-4ac9-9e93-f9b687f1ae51_Bedroom-55928,train
0ec7ce97-e93d-4842-9c89-b947136bb393_DiningRoom-29864,train
38989644-ba58-47b8-abad-1bd9d4271fe9_SecondBedroom-57811,train
5113fd61-0a51-4309-9ca3-9461623f92d1_SecondBedroom-185607,train
31c76e1b-92f5-402a-8685-63a845bc6c6c_SecondBedroom-714,train
e4c63506-0538-4f51-8fcd-e191efee273b_DiningRoom-13317,train
ef543f0b-22b8-463f-9def-0bfa6cae51ea_LivingDiningRoom-79295,train
c6c726a2-8051-48ee-b099-edd487682340_MasterBedroom-20096,train
e52a7124-05ef-446d-b70e-39af1ac7aa5c_DiningRoom-21611,train
d099aa82-c37c-4c77-aa35-26f02862f55b_Bedroom-837,train
089458cc-75b2-45c8-a58d-177cb6aced8c_DiningRoom-27660,train
ec1d45dd-4935-490b-9c2b-f6caf4261d82_SecondBedroom-6548,train
bcd72137-7c98-48f1-ab1d-8b79e5f59864_SecondBedroom-110921,train
ecbff5e1-39fd-4a37-acd1-e836f987a981_SecondBedroom-15800,train
99533e24-4bd1-4780-808b-02e8ca8a37e5_Bedroom-29751,train
ace13641-659e-4668-8d02-3cc4a05803a8_Bedroom-10696,train
f7a3bd11-edb2-41ee-b15c-79730eba86b1_MasterBedroom-12183,train
35033c21-ccdb-4e41-b701-f5df9e0d90d7_LivingDiningRoom-12058,train
6e2e3a16-bf5f-4bb9-b416-4c6dd042ba72_SecondBedroom-1301,train
555d38a7-689e-4340-ae91-a9a1dd650216_Bedroom-29707,train
6a8ad1d5-8c81-49bf-a752-fbe9448ff3b1_MasterBedroom-36389,train
78b48ded-6abb-476c-825a-19751792fab1_SecondBedroom-226,train
641eaf99-ec77-40a6-bef8-2ff72ef2b1d1_MasterBedroom-9445,train
a90f38f6-c1ad-4d64-9fcc-0f3d982912c4_DiningRoom-45358,train
e9c4facf-557a-4002-8d8f-acce694871c2_Bedroom-98585,train
5df48768-5e1b-4db0-9ca1-97ad05d9a896_SecondBedroom-9414,train
ada41ea4-604e-4c03-a3ef-3e8b4dd57c7a_Bedroom-1740,train
7ec2d100-1e0b-49b0-b703-9d518d412657_SecondBedroom-85409,train
44fe868a-6c2c-4a95-8928-dfe4c7ea534a_SecondBedroom-1228,train
387a6322-efff-41e8-a11a-f4d04321ce10_LivingRoom-6512,train
1bb912af-497d-4200-831b-be4ac6d86d1f_LivingDiningRoom-37551,train
37301a61-1ddf-4bd9-b965-ecbebc50ba71_SecondBedroom-28690,train
9e7fc1a1-6a12-4766-81c8-5e2cf29ac49f_DiningRoom-22610,train
d25c96c5-d328-48d1-84f8-ea4ee5207a72_SecondBedroom-11596,train
37fee753-1c40-4784-ab50-4f5d72df6f65_DiningRoom-19325,train
a5efdf8a-2480-4453-a958-3218e5929d6c_LivingDiningRoom-7999,train
ee165625-1a56-41fa-b145-232f235a4257_LivingDiningRoom-1028,train
1af21af5-a873-492c-b201-c8d3eb4888b4_LivingRoom-728,train
eda7084f-406e-4d08-8346-d42e75324500_LivingDiningRoom-31431,train
64321004-c08d-4334-984b-4bdbed4895d1_SecondBedroom-64295,train
5e024c0f-0bca-4074-ac77-4b72a7629d0a_LivingDiningRoom-1080,train
8920f107-0501-4193-8265-26184aae7b28_SecondBedroom-69015,train
917d2b6f-a607-4a67-bc6d-dc8952bc2c1a_MasterBedroom-2976,train
a6295210-e8d7-401e-a5db-6efeef45e5d5_LivingDiningRoom-19698,train
9f1fb816-ff49-446b-892f-0cd7d1cd5647_DiningRoom-67006,train
9243a675-6bbe-4b57-98d4-14f5c2c23686_Bedroom-1033,train
510e1d36-b89a-4e57-91fe-87671d00977e_LivingDiningRoom-13574,train
47bdd0ae-6956-469e-954b-680655c6252b_LivingDiningRoom-59355,train
37301a61-1ddf-4bd9-b965-ecbebc50ba71_MasterBedroom-28791,train
61e6ebe5-da92-4e8d-80ad-052996ac6e34_SecondBedroom-21363,train
e2d00f14-06f1-4b29-a9a1-f17618a2d7b7_SecondBedroom-60474,train
eed2d8f7-791e-41f8-a367-075ff0434685_SecondBedroom-431,train
2bfba6fb-59bf-4cde-a606-6a5a95017905_MasterBedroom-5048,train
aa772832-5eb8-4470-9a7e-39f965b45060_Bedroom-1833,train
3c7b86d5-3af6-4748-b9a1-cf45b85b1d1b_DiningRoom-27933,train
706922ae-ac4e-4495-af82-91ffa695bff2_MasterBedroom-8601,train
3fde61aa-d606-4c6a-8c79-0762d11cd33b_LivingDiningRoom-61638,train
30f2574f-dd2d-4e97-a937-dce8be2af98e_LivingDiningRoom-118911,train
bfc9a79e-7433-45f9-8daa-77f41504f917_DiningRoom-273,train
e2d00f14-06f1-4b29-a9a1-f17618a2d7b7_DiningRoom-60525,train
d3a21eb4-0cfa-4bde-b0d2-5affd5d138de_LivingRoom-3449,train
98cf66bc-adf1-4140-b893-e8df0e483a20_Bedroom-21407,train
16ebc7a1-5845-4030-986a-a9469100d534_DiningRoom-17747,train
dc5bd6be-b704-47b6-8539-b096765c7041_DiningRoom-39011,train
bc2fec07-323e-4ab5-bda7-64febe8f69f8_LivingDiningRoom-4827,train
78ea1591-9502-47a2-ad5d-db8a633f8179_Bedroom-10503,train
2fca4177-ee2b-4165-aad6-3ad38d344655_SecondBedroom-10225,train
a94a1d56-0246-4dd5-904b-8f721214b91f_SecondBedroom-49012,train
12d55a0f-c015-4a15-a64e-883547a6a645_SecondBedroom-941,train
fe174e21-5e11-4004-8347-f4e5e2e7b30c_LivingDiningRoom-20428,train
3cb92d64-e832-4c05-be86-a286b92a1ac6_SecondBedroom-1622,train
39ea30b1-4302-4a07-885b-bd498facd30d_SecondBedroom-14861,train
3a757643-3a34-41ce-ac90-f54ad79b0117_SecondBedroom-21312,train
a40d170f-a598-42ca-85ba-0141e6cadb9a_LivingDiningRoom-1984,train
129a997d-b773-4039-ac5d-411e69c3f4a7_LivingDiningRoom-10339,train
da0e2064-ac31-434a-bea9-59fd362db565_Bedroom-122787,train
adb44d12-29d6-47f7-87bc-f54fdd017b50_Bedroom-18950,train
5530455f-bf14-464b-88c0-7eaee2d2d85b_LivingDiningRoom-3064,train
09389527-fe13-4cc0-841e-c5e21d1aef0a_SecondBedroom-39603,train
57713c25-228a-422e-9399-3a2c9ffcbd1a_SecondBedroom-23318,train
29de9cfc-57d4-46d9-a40c-bdc7991f6902_LivingDiningRoom-2143,train
aa772832-5eb8-4470-9a7e-39f965b45060_Bedroom-2916,train
de513c79-61f9-4689-b671-fad361e605a3_MasterBedroom-17000,train
4d94c89f-b5fa-4649-aff1-5ae51ce0e63a_DiningRoom-12832,train
e8f90f1b-9c87-4777-b9ce-e678eadb8e48_Bedroom-986,train
532f51b0-9e98-4f27-9bef-8d8726fa8161_Bedroom-32636,train
620192ba-29c5-4d21-a924-5393d0d8f4fa_LivingRoom-3540,train
a327b51f-5b13-410f-8acb-b2b564612600_LivingDiningRoom-77579,train
a696bf11-ddd3-4313-9c69-a71e6b6dfdfd_Bedroom-13661,train
62d27fcc-a6df-477e-a4ff-e8687eae2b15_LivingDiningRoom-13259,train
124f6e30-6e91-44e4-bcaa-5583b78767d0_SecondBedroom-73426,train
2c324317-0e3e-488a-a456-37fcd2cd90df_LivingRoom-88888,train
eafd826b-cd4d-4ecc-ad0e-56b3b2a461b8_SecondBedroom-51694,train
c84945ea-5844-42e4-9049-3685b127bd22_SecondBedroom-1905,train
34881046-5866-4a55-bc9e-93445a22c8bf_MasterBedroom-8184,train
bb755eb0-434b-4805-9d28-214380ae6a29_LivingRoom-15768,train
e123f56a-fca9-404d-b857-b465a167d940_MasterBedroom-10075,train
43f8cf3d-030c-45d1-82b2-2c28746f58c5_DiningRoom-20627,train
4ae64ebd-5968-4246-bc51-d1bcefab622b_SecondBedroom-22522,train
74eafabd-fe9b-4f87-81f4-5af7f0b566ff_Bedroom-26487,train
8ffad8ff-f37e-4939-b62b-9814a1e72b69_Bedroom-3338,train
e0f35822-09d8-453c-bf87-55f85387ad17_LivingDiningRoom-119029,train
8eebb493-c733-478d-a90b-b43620d3291a_DiningRoom-61715,train
a8489fa3-46a7-452e-ae5b-dd9bc5c71a05_Bedroom-9535,train
40c54a07-55c4-4c83-9624-957261e07ab8_LivingRoom-65671,train
97089e6f-2c65-4a2a-96cf-6841c0a238f5_LivingDiningRoom-65030,train
66bc95cb-672b-4acd-92f1-ba4ed3a6aa83_DiningRoom-2432,train
7fd048fd-4980-45b6-8a28-57a0585dffe3_SecondBedroom-35405,train
0d699125-c20e-445b-aed1-1534519a6558_MasterBedroom-21582,train
2e3dc383-7463-471b-a083-5c74edc8cc8b_Bedroom-70215,train
0e008211-22a0-4f07-939c-6d453cf5991f_Bedroom-30225,train
479c05de-800f-4eec-a64e-961eae9f568e_DiningRoom-19388,train
dd7856a2-52c4-4b27-bd7c-7ba5df36d181_Bedroom-1898,train
04773d20-6f81-4e68-a72c-2e0e0f1d73b9_MasterBedroom-44703,train
013d6a38-6fa2-4e16-9903-53921f86114a_DiningRoom-9584,train
db2b1031-0769-4d04-a2bd-4fe8651c8461_MasterBedroom-17209,train
ca0e30eb-62c0-4b91-8df2-1cf1becf6ef2_DiningRoom-15848,train
15bed03e-d66d-4da2-8b8f-7dacde3d3d8b_MasterBedroom-23712,train
4c2eb1df-64de-4320-aad6-f26c0ac97646_Bedroom-17188,train
222602e0-a430-45a8-9b70-928d8bf3ba71_DiningRoom-26294,train
a6ab60f4-e824-4980-86da-082b05bd9480_DiningRoom-242139,train
01951c96-631e-4880-83ab-1d69835e635c_LivingDiningRoom-5217,train
99f3729a-84c5-49b4-b31d-5e6c248040c1_Bedroom-5546,train
62e9d3ab-899d-40b0-86e2-a6468e9de575_DiningRoom-442,train
145a8dee-2950-4483-90e6-36e70fec5c60_LivingRoom-4460,train
f95acb63-fe70-447f-a493-75b0c6174f59_Bedroom-70517,train
0f7ec058-f0d6-48bf-b313-49519b2189cf_LivingDiningRoom-7249,train
5385105a-4574-4afe-a14c-4f520b27494c_LivingDiningRoom-60607,train
d36f79ba-3eaf-4cc2-b3b0-87c7e0d0775c_LivingDiningRoom-20731,train
8061b714-949a-4a46-a6d2-69085c163cb3_LivingDiningRoom-21727,train
c1c65ebb-faa1-4a74-abd5-05959bc4e8d5_LivingDiningRoom-13047,train
40023299-f0a9-4017-a1fa-1972bddaaeea_MasterBedroom-10891,train
8cbec3a7-cd0a-4af7-92f7-281c31769248_Bedroom-922,train
d48c19cb-6142-4344-aeb6-9ea23eb87ac2_LivingDiningRoom-36481,train
86ee5b13-72d1-4100-a8af-0e86d7e69aa4_Bedroom-7809,train
103b8933-85cf-4b6f-bfd1-6a779076bc6a_SecondBedroom-12980,train
89e34f34-33fa-4090-8388-f912a75e9400_SecondBedroom-153586,train
e5afb85b-f9b0-48dc-9fa6-cdd46d3193b6_MasterBedroom-30258,train
206ffdfc-12b9-4e0f-89f1-037aeb0e5007_SecondBedroom-11426,train
a92d096e-20d4-4426-95a7-ada1d9f309ab_DiningRoom-4330,train
a169f204-56f4-4598-878b-93c6b69d00af_LivingDiningRoom-13061,train
106b7f57-ede9-48bf-a45f-dacf369fd800_LivingDiningRoom-5733,train
bbfbce07-fd71-4e7c-a40d-4eb3a9bb70d2_DiningRoom-2412,train
d65ffaee-7fb8-4163-8a5f-594ca4daefc6_MasterBedroom-3579,train
a4515359-59cb-46d6-9914-c54de45598a5_Bedroom-21085,train
9a26b2a5-3a4f-40b8-93b7-dec4feef5f38_DiningRoom-4628,train
c34f0011-6d7a-4b69-b121-1028b993f611_LivingRoom-10252,train
6799c7da-4248-4fa1-9d6d-c8acf521a414_SecondBedroom-13218,train
bef459c6-112e-4678-b361-a345e3da9c0d_SecondBedroom-82189,train
e76449f3-2e35-4597-8382-bc258aaeae09_Bedroom-69440,train
7719f139-6a07-47c3-9435-eb894ce81069_LivingDiningRoom-8095,train
d4237a89-ec0b-42da-b170-231cfa26f8a8_Bedroom-19819,train
fb90b296-f1cd-4741-a3a1-c626dabc6e68_LivingRoom-37631,train
9c8f3906-2496-4648-bf73-68538caed694_SecondBedroom-42173,train
b7c96fc7-b8f8-45c0-83c6-539da3c005a5_SecondBedroom-10643,train
b8c9c3ae-2aa0-4140-b7cd-8578cee5b571_MasterBedroom-1244,train
173d8bac-a580-4cfc-9138-2a27aa020f52_SecondBedroom-11828,train
45f0c9b3-a06b-4e38-838f-1829297ee000_SecondBedroom-108917,train
423a87ad-9f80-426b-8faf-9015764a0978_SecondBedroom-30625,train
76b1f40f-6a8d-45f9-96c0-80f3247d69bf_SecondBedroom-2478,train
5a6cc890-9073-420c-ad20-d8a99f9d4968_DiningRoom-38885,train
0e91094c-3cad-424b-bc52-a451bcd66587_Bedroom-21185,train
97bdbfe9-052e-4864-b98d-9080b266cc5e_Bedroom-5426,train
dc80719c-65f0-4662-a25c-ce747612ed07_MasterBedroom-18517,train
a33765d2-6c9f-441e-a839-5de9d487648c_SecondBedroom-22622,train
cb90b8ee-abe2-4e9f-a6ad-33413624cf82_SecondBedroom-13795,train
31067a38-bcda-4496-9cbf-f0d8e538ed7e_DiningRoom-12114,train
3657101a-8373-4753-a960-17be0bfea8fd_LivingDiningRoom-2077,train
acb8fcb4-8679-4fda-90e8-4d8c2ac42ae7_MasterBedroom-6656,train
015c0c73-e5fd-447d-9919-acf4786db46a_SecondBedroom-3516,train
8d92ff74-8338-43f7-bd6f-9a18c52365ef_SecondBedroom-11912,train
edf37e82-ff08-4c09-a370-35ddd304c720_SecondBedroom-19717,train
46d93d61-5f50-4431-b92e-9f9bd4da5b7c_LivingDiningRoom-48528,train
f451b16e-3457-41e1-8f08-b56265549833_SecondBedroom-14305,train
cd054a93-9223-4940-afbb-3ed2c96f2e90_LivingDiningRoom-8718,train
a6dfce68-511d-4762-8f43-fb568fe8b6d9_Bedroom-741,train
2cfba055-1bf9-49ee-a012-e7729b2e3c7f_LivingDiningRoom-126850,train
b765f7c7-09af-4952-898b-f04f17fba1f1_SecondBedroom-31012,train
b6840c65-cf40-4bd6-8492-f4b7aae57ed5_SecondBedroom-52351,train
503ebcb6-9815-4412-90ea-f0bbd59ddbe9_SecondBedroom-143,train
a9f95562-fcfa-4da6-bd23-d537e751d8b5_LivingDiningRoom-1201,train
40de1b9b-b29b-4e8d-a403-b6dfeb1c77d4_MasterBedroom-6663,train
38d90d55-8add-4c08-b054-4fe57e4768e5_LivingDiningRoom-15208,train
2ccbadbd-5c68-4b09-90fb-0c79585cef29_SecondBedroom-16072,train
5d9ce2ba-db3c-4c78-8c5a-3bdb1d61de88_LivingDiningRoom-7287,train
d4d0237f-a66b-40cf-bf85-56e11cb20602_MasterBedroom-120814,train
334e4726-e94f-4689-8a73-85e93072f13a_LivingRoom-52940,train
685804c9-0747-4f2e-af3c-fe3742626c1c_Bedroom-10034,train
c69e0c9d-9bec-44ec-9ced-73935534013a_MasterBedroom-3752,train
74e9a688-df21-44c4-a4e1-a57081a62bc0_SecondBedroom-78413,train
59787c5e-881c-4ba3-b469-7fcc910268e7_Bedroom-649,train
af30f054-a88b-4acf-b497-5f67cbd25af6_Bedroom-110163,train
8fcb1678-644a-4fd9-b956-231be0805cfd_DiningRoom-43342,train
a9efa7e9-ca08-4e7b-84cb-a1cbe3a71211_SecondBedroom-43263,train
a66bbfeb-dc00-42c6-b9c2-62bd75651c32_MasterBedroom-42650,train
9f787e94-23c0-44ec-a98b-ca7d2503d030_MasterBedroom-45472,train
c15251b8-f844-46be-9d3e-9302dc494945_SecondBedroom-13488,train
7dc2bdd5-7f8f-438d-9f31-c71932a0ea71_MasterBedroom-7129,train
0693202e-7fe9-47bc-9ceb-bc3cf22f7f74_SecondBedroom-2470,train
0b4abd30-b157-4ecf-a077-989285598cf2_SecondBedroom-6482,train
de3255bb-33c3-404f-817b-5d7ef7bdf575_LivingDiningRoom-6807,train
aa8112cc-d57e-4a9f-a425-d40e7d114b08_DiningRoom-34036,train
159a7b33-c633-4a75-8ad6-00b62bcc81e0_SecondBedroom-21470,train
6cc1d22f-47b3-4a3a-81b4-19575f2ec3cd_MasterBedroom-15896,train
64f12868-d3f0-4add-9598-4478c4e7cee0_MasterBedroom-476,train
f5ba38ae-7330-4132-b051-cf0bae2b8b44_Bedroom-29631,train
43b85f54-1a49-413f-8b9d-2858c270c442_MasterBedroom-3073,train
af30f054-a88b-4acf-b497-5f67cbd25af6_DiningRoom-114621,train
85a4cbf5-71f3-4b22-a877-662d179cdce6_LivingDiningRoom-57707,train
19532cd1-e49f-4ab7-9f46-ae5f4286a3f1_LivingDiningRoom-4473,train
ce98e1dc-5cab-4390-a433-985fcff9b435_SecondBedroom-10070,train
ff46cfd8-c02e-40b9-a7dd-f27a3239e8ae_LivingRoom-48845,train
18abc0cb-4f4c-41fe-9faa-77bba613b781_LivingDiningRoom-698,train
dbc03869-0db5-4896-9251-068efc97f961_SecondBedroom-889,train
e1c89bbb-0337-46b7-ac45-21e17ae29d91_MasterBedroom-33650,train
87d50727-70e7-4346-8f30-f00979a98a24_SecondBedroom-27156,train
b9e0dff9-03dd-4c4a-a00f-0b04b45d8df4_MasterBedroom-62195,train
524e8d0e-dda1-4e7b-8560-ce96d67b415b_MasterBedroom-45577,train
12d084a8-6632-472a-af65-32e7109e5783_LivingRoom-791,train
2eda727a-ae93-4af9-bf12-4104825a19d6_LivingRoom-6833,train
81cd1f33-a6e7-4ff5-b0ae-f132fd8ded6e_MasterBedroom-14388,train
e6e919bb-01bf-4003-a676-5276ce19e2b9_DiningRoom-16306,train
7407dade-c1a0-4fb7-af1b-9af240f44cfc_MasterBedroom-15500,train
6d89d79f-b69d-4435-b0a0-dd77507c8c1b_LivingDiningRoom-24764,train
be5e905c-cad3-4b8a-8f0b-1c3e93996efc_MasterBedroom-71322,train
785aec91-b165-4561-a384-1a191e6690ba_DiningRoom-107223,train
a34c7f5c-ce25-48c7-b6fc-7b347b98b30b_MasterBedroom-9326,train
6a697e31-513f-4bc5-adc6-1d2a8b8f7d61_SecondBedroom-112,train
26abcff9-1d9d-4a8f-8ae8-71d542b54548_LivingDiningRoom-4154,train
106b7f57-ede9-48bf-a45f-dacf369fd800_MasterBedroom-9345,train
9ec57030-6db6-4eb0-a0e1-5d1478906827_LivingDiningRoom-13962,train
35b18265-6de3-44f9-be6a-81583a53bcbf_MasterBedroom-244,train
35970ff6-4588-4bcf-8461-16448f1d0650_LivingDiningRoom-233,train
9f524658-1955-42a7-a344-eeb240b23267_SecondBedroom-89516,train
9d21c2a0-3cc4-4ce4-a926-506ed2c32a14_DiningRoom-375,train
67f1d8aa-6ef0-404a-b540-fdb4f1f3dbb1_MasterBedroom-157649,train
99f3729a-84c5-49b4-b31d-5e6c248040c1_MasterBedroom-4863,train
b5922b83-8f9a-42e8-b999-680441fd30b5_LivingDiningRoom-9992,train
ffd38d23-f910-44db-a3ec-7347ecc1f185_Bedroom-16443,train
bd590377-7a74-4991-8d13-260fae63ceae_MasterBedroom-28904,train
d48c19cb-6142-4344-aeb6-9ea23eb87ac2_MasterBedroom-32346,train
320753f3-80d9-4237-9f59-38c4201a2782_SecondBedroom-591,train
fa21ce43-f02e-43a0-8f64-31f81cb339b1_DiningRoom-42541,train
326567e9-39d0-4dd4-ad64-acd6e6b1d97d_SecondBedroom-17713,train
99fd1d4c-1da6-4e4b-a469-30eaa6f5befb_MasterBedroom-4008,train
107179df-064b-4134-b988-82a44d664444_LivingDiningRoom-7057,train
30f12fbf-3033-4c68-878c-497d0251b75a_LivingDiningRoom-58272,train
7581635e-6702-4e03-ad0b-60b859d19bcb_SecondBedroom-9106,train
17b0d207-79c5-448b-b649-5c9c708abc7f_MasterBedroom-3903,train
6a50a50b-b1a9-4755-8785-3cca0c80a2ad_SecondBedroom-1440,train
1b7fe9e0-7c21-4a87-8904-a146b0bc50bf_Bedroom-94555,train
4846c351-6019-4a91-80ee-4888147cb903_LivingDiningRoom-17826,train
9f465ca9-cb35-4b6e-beb4-fb73a86d4656_MasterBedroom-1966,train
787e7cd0-14ab-420d-8862-b1d45ea47725_SecondBedroom-30126,train
0cbce4a0-0f3d-4444-830d-002a546bbf82_MasterBedroom-33922,train
deebcfd8-9f7e-49be-8c50-2edb11abb8d9_SecondBedroom-26340,train
479d2d66-4d1a-47ca-a023-4286fc547301_LivingDiningRoom-91005,train
057af01e-97b2-46b7-9bd3-eefbdfe4f31c_Bedroom-19090,train
8174e94b-cb97-4d24-bd3a-81a095192bbe_Bedroom-33603,train
a65aa3c5-680c-4bbd-bd81-fa2e610c1b5f_MasterBedroom-91021,train
258948d9-50d8-4c90-a6f4-d9d1072e45bb_DiningRoom-71866,train
eb25553f-fc01-4dc0-b53b-fdc991d1abdd_MasterBedroom-32109,train
cdd84514-2dcf-41a8-8404-de480f15508a_MasterBedroom-102143,train
79c086e6-b5cb-4488-9361-1a70db853c7b_SecondBedroom-40706,train
68f61309-f9e6-4dfb-a1a6-82c1bef6b6f9_DiningRoom-23398,train
1f397944-0127-417c-aebc-397096d2614d_MasterBedroom-5562,train
48005d2a-cb97-4128-b068-20a03b678bde_MasterBedroom-21019,train
a40d170f-a598-42ca-85ba-0141e6cadb9a_SecondBedroom-425,train
d63a99e5-6b3d-4a99-8408-437794a5ea31_LivingRoom-151325,train
4d8b6b63-f624-42c9-8442-4e7bfeb7e2f9_SecondBedroom-20743,train
89b6e11d-a814-4339-9140-4a2a4206a84b_SecondBedroom-89491,train
7c21dd91-e3ba-46d9-b158-27c9a589e1fd_SecondBedroom-32869,train
3935a020-6a26-4e14-ba45-39062fc8aed0_MasterBedroom-37265,train
7d35e4ba-137f-4f29-a62c-7b80ea8f4a14_DiningRoom-62423,train
5df48768-5e1b-4db0-9ca1-97ad05d9a896_LivingDiningRoom-9454,train
56b05fc4-f06e-43ee-ac96-1a531da87e84_LivingRoom-704,train
b8d5c14b-b931-4b1e-969f-b96f5c1f3bb5_SecondBedroom-14942,train
15205240-8f74-4da2-a891-49267a5aacb3_SecondBedroom-86,train
08c22a05-81e2-41f4-8e22-c707aa082bdd_LivingRoom-17951,train
8478b032-a360-4549-80dc-1409a87f4a2b_MasterBedroom-18055,train
2d5c6029-ecfd-454a-969a-af5bafd30e3f_LivingDiningRoom-23254,train
be9ef449-fc77-4210-83b9-ac818af242d9_SecondBedroom-58336,train
f16b8374-c879-4338-932c-1784f1737a41_LivingDiningRoom-10397,train
6845a1ea-b5b7-496c-bbf4-0ba36d9a115b_DiningRoom-4627,train
a642f3da-97a3-48fc-b36b-582797d5faa1_SecondBedroom-32005,train
d5841be1-57f4-4fd9-94a5-3caa4836674e_SecondBedroom-18032,train
c54ea712-9d13-40c5-8c18-da66837c4780_LivingRoom-16017,train
5ce5c956-4ecf-439d-be7f-36b46a2f0de8_SecondBedroom-3805,train
dd6bddd4-69e6-4636-a698-33c6efba7a7e_DiningRoom-2831,train
28b5e0bd-6017-4298-88da-7af8d5a521a1_MasterBedroom-136536,train
f851ec5a-4b4b-4640-980d-95da12603880_LivingDiningRoom-734,train
89da35d7-a1dd-4a7d-98ac-4e6a5da27a64_Bedroom-63726,train
fe74af37-407d-4335-910c-1dc03e0c9303_Bedroom-13709,train
3abf3ff3-5ba9-439d-b4c8-49a9e3c11556_Bedroom-28121,train
d370c471-53bd-4027-aafb-1e611b97946a_DiningRoom-12376,train
22029510-ee86-4d46-9182-b4f56a0d8f91_DiningRoom-10559,train
f275802e-5bf8-45d9-a851-3d1251461365_SecondBedroom-3517,train
39629e24-b405-420b-8fb0-72cef0238f70_SecondBedroom-1255,train
594abe36-d4a7-4cfc-a3cb-5de355ca999d_Bedroom-23540,train
75081366-64f8-4a8f-a9dc-180caac4b73d_SecondBedroom-7808,train
2b1ad3e7-91ce-4447-a950-656a6204d756_DiningRoom-154097,train
882b0669-0498-4ec9-8baf-2932c5c7112a_LivingRoom-2050,train
d9258405-b80f-489c-9cc7-41679420d0b6_MasterBedroom-32770,train
9b383eb3-9453-4853-ae45-a4a461406696_Bedroom-24486,train
1cd0db41-bcd9-4af7-a0be-cce5de62cc35_SecondBedroom-18593,train
b405df56-846b-4266-9523-ccab1feef7f2_LivingDiningRoom-11362,train
66f67e6f-2c22-473c-9997-0690a62661ec_Bedroom-7423,train
7cbabe0c-5239-4e90-95cb-5c79adb0ede6_LivingDiningRoom-76216,train
370938e1-1b18-46cb-874d-a23ceeb0cd1e_DiningRoom-15022,train
8c069e29-9332-4e92-b13d-a6f190df120f_DiningRoom-6259,train
5e00e9df-d996-4b30-9137-4d39bf1ea713_LivingDiningRoom-162404,train
702a3f08-a072-4459-a2ba-2b0b132be3a3_LivingDiningRoom-13989,train
9ef7f10d-9bda-4518-8c1c-548e190aac76_Bedroom-4308,train
1f79806e-ecb3-4dbe-a569-74164ef37d2a_MasterBedroom-7150,train
902c1435-1c52-4ba5-bb15-03a3dd11d5ae_SecondBedroom-35695,train
49b97a8d-f594-4e76-b347-6455da1eb950_LivingDiningRoom-15929,train
3ed02f51-4e42-4b78-9829-44ac6f2f52da_LivingDiningRoom-108722,train
48199d67-e001-405f-847f-2c5c6c7b3b36_LivingDiningRoom-112491,train
8278f1d9-9da7-47cd-bc34-2e476e2bda69_LivingDiningRoom-39667,train
6781a219-c0f0-42b0-8c40-4ef700a5dacb_Bedroom-2636,train
67dd6924-f510-4d42-bee3-071e3652e8cf_MasterBedroom-31685,train
1154c0d6-6d5c-4c64-89a3-238fa042ba6d_MasterBedroom-32615,train
4b95d149-431c-4f94-aa7c-2e1a8bb20599_LivingDiningRoom-4247,train
384a185c-6d2b-41c5-9f35-9b33c1aad421_Bedroom-1983,train
2f0b781b-d111-40ad-8881-68e7f9a68e67_LivingDiningRoom-61958,train
e8ffd31e-be4d-4840-ba76-5a89b17ec8dd_DiningRoom-4509,train
ddf7cd3b-79ab-4f7f-ad53-34b6d1cfdb38_MasterBedroom-12904,train
f9ec2dc6-6ce7-4efb-b1f8-6275c8a282e7_DiningRoom-132563,train
256d7c62-a550-4dd1-a57b-541a2260bff2_DiningRoom-9824,train
4afc655d-557d-4e0b-9bcd-47e65fe0ad02_Bedroom-19320,train
217a37c6-075b-4f4c-a0ab-196e07bb5f3d_MasterBedroom-52550,train
e2104869-2823-4736-9e92-bc25fd7c9502_LivingRoom-39485,train
0192a842-531c-419a-923e-28db4add8656_DiningRoom-31158,train
1a2853ed-7b80-419a-9707-7107959afeff_Bedroom-243932,train
4b9140b1-ff90-4f44-aab1-35d08d1b1511_LivingRoom-16096,train
416f3a24-3c1b-4c05-baa9-dd26451e6401_LivingDiningRoom-37172,train
b2a1d795-9ed6-4282-9934-c176f2f4f8a2_MasterBedroom-17068,train
b28bad76-991d-4a95-9a37-2934374109e8_LivingRoom-20386,train
ae3855cc-a0de-4e86-8148-d65b94f07f3f_DiningRoom-30756,train
0a9f5311-49e1-414c-ba7b-b42a171459a3_SecondBedroom-18509,train
7b6e2c62-4717-405e-a343-327bf2b938a9_SecondBedroom-11050,train
917d2b6f-a607-4a67-bc6d-dc8952bc2c1a_LivingDiningRoom-6079,train
386553cb-c7ee-47e6-926a-679a9e65fa1a_DiningRoom-23106,train
c3164354-e3f5-4e95-ad54-dd9254316d97_LivingDiningRoom-10711,train
e4ee25f7-bb0b-4dbe-b0ce-00f19597c102_MasterBedroom-2718,train
da11cee3-8781-49fe-9f85-0ff8fa06e676_Bedroom-34632,train
4431da97-8901-416b-8011-ed50913cef8e_Bedroom-8518,train
4801e1fe-d026-4e42-9c7b-68961ab25943_SecondBedroom-259226,train
0ba3737a-4fa2-4f70-a7e7-e2629a79483b_Bedroom-7773,train
b64c9910-6be7-4c05-90e8-ff1530649b58_SecondBedroom-37197,train
6005503e-27de-412a-9f10-2711d5d3bf1e_MasterBedroom-14433,train
aed687f8-271d-4310-870a-f97ebafd1bec_DiningRoom-166476,train
6400fde7-9e67-42dc-9966-670e0a3ade78_SecondBedroom-20673,train
a796ac9a-abc1-4003-b7a3-d1e84fb7fc28_LivingRoom-40968,train
490f9a57-79fd-4854-901d-023d0a56fadc_MasterBedroom-30669,train
b3a256df-54e0-40c1-b04e-5ace4cccaddb_LivingDiningRoom-2917,train
8f6ecf1e-d00d-40be-8653-d86b9df6c719_SecondBedroom-46517,train
64ac0b68-fc6c-490d-ab08-6f45e947b4a7_SecondBedroom-23254,train
120e3c35-05c5-40a7-b92b-1abbd5592026_Bedroom-33921,train
1d1d69da-23d2-45e6-a06f-1f5334e70bd5_DiningRoom-14211,train
3a8ee0ff-5ff4-47df-81ab-c3a522237eef_DiningRoom-10922,train
1b5b1674-b4bb-4a39-85c2-60191dff763f_DiningRoom-18833,train
d88c6598-b40e-4ea8-ac07-f4f1d80d7f31_LivingDiningRoom-17293,train
cd02c5d6-e2cd-4af5-aecb-7cbfef80fa18_SecondBedroom-46806,train
f01bcd18-7d36-43ed-ab2d-271530c07d6a_LivingRoom-1738,train
315408d8-5cf4-4e47-a59d-f054282e8119_LivingRoom-104297,train
d317680d-eb33-4085-bc3a-ec3a5a22f0a0_Bedroom-17331,train
4d94c89f-b5fa-4649-aff1-5ae51ce0e63a_LivingRoom-12351,train
f451b16e-3457-41e1-8f08-b56265549833_DiningRoom-14049,train
9243a675-6bbe-4b57-98d4-14f5c2c23686_LivingDiningRoom-1320,train
96ef296c-dfa6-4905-8d84-4f8d706a7ad7_MasterBedroom-5883,train
b3d57bb3-3859-4986-8da8-568bb1095d43_DiningRoom-18888,train
1638a636-f721-497f-930e-d141752cd5c9_LivingDiningRoom-37405,train
1bae485f-bd6f-402f-9aae-e08a729a148b_MasterBedroom-7854,train
8a557542-429f-4a17-b22e-059d8bfc3f5a_SecondBedroom-18355,train
bbc1b345-a8db-4c3f-a70e-12f59d11410b_SecondBedroom-1603,train
167cd3f9-810a-4d7e-b4a6-1ad0555bfd71_SecondBedroom-103441,train
08c22a05-81e2-41f4-8e22-c707aa082bdd_SecondBedroom-18046,train
113df359-12ee-4a36-ac63-b342d827e117_LivingDiningRoom-15768,train
23b1facb-b178-4875-86c3-1a2a853a3dae_MasterBedroom-14546,train
df84d678-cec9-4909-b09d-e57fad3b9d01_Bedroom-27924,train
cf6bc3a8-7f5f-401c-ba9b-45994eac05eb_LivingDiningRoom-77748,train
6d3ebe90-a07a-4c02-93c6-a997c9890cc3_SecondBedroom-72827,train
76e408e8-8b96-4bbe-943c-e5c43fb963d9_DiningRoom-9293,train
54b8104f-05e8-49a4-a8df-004a3ed42064_LivingDiningRoom-34577,train
5493b6a0-cd82-4236-8814-1001e9c5b9cf_LivingDiningRoom-77544,train
71af0582-e827-4368-ad45-6a56821b8840_MasterBedroom-33999,train
a8b833c1-8d0d-4b95-9032-b5fdd2476ecb_LivingDiningRoom-1128,train
6b2a7e3f-4f6a-487e-9da4-9f30a0f064c9_DiningRoom-15882,train
0419bc7b-5bd0-47fc-802a-69c21ee0c80b_LivingDiningRoom-33368,train
58ff6eaa-c53f-4f88-8e83-352de9374778_SecondBedroom-244311,train
ddb1220c-cd70-4c09-8dfc-758f19807b7d_Bedroom-12371,train
0ad5052c-bae4-41ed-ae58-e82c4ab63d6e_MasterBedroom-257118,train
7d95196d-5b65-4180-97db-aab7af789280_LivingDiningRoom-12385,train
de7f5810-bcd8-4eae-889c-ea51d11640a2_LivingDiningRoom-21284,train
d71ccf98-e923-4134-8f7f-d831838b614e_DiningRoom-2157,train
b3d120be-7c88-41b6-bb85-16d61a97e542_SecondBedroom-32096,train
b090fa20-9b1c-4c5e-bcc4-e83c44cc84c2_Bedroom-15797,train
114a00ef-8b44-4714-b92c-f5f76dc90121_MasterBedroom-16944,train
14125793-35c5-4ab8-be6e-3089eaa45bc1_Bedroom-87322,train
8c069e29-9332-4e92-b13d-a6f190df120f_Bedroom-5352,train
e7e9f7bd-8fac-434a-b34e-090a55495daf_Bedroom-1021,train
fccdabaa-fcb2-49bc-8dd7-863f7bc927e7_DiningRoom-42781,train
263d93fc-42cc-45b2-9149-aa9feda6654d_MasterBedroom-11787,train
21a2b6a2-7126-4727-bf72-68e5f6b57c6b_MasterBedroom-871,train
22ab3b63-db92-4737-bdca-6aeaa111e541_LivingDiningRoom-11122,train
05aa0174-838c-4255-a34d-1b419365f7a7_SecondBedroom-5150,train
9bf58256-675c-40d8-a685-e1496d9b84a7_SecondBedroom-68695,train
ecfd0c00-3442-4962-bc25-270db6214ab7_LivingDiningRoom-68763,train
9629ce14-0f3f-4610-913b-d815eed1b7eb_LivingDiningRoom-26811,train
8d3fce57-cba3-4aa1-be97-5f8a03f7c723_LivingDiningRoom-6155,train
0ed2f341-9ad9-441d-a33c-ace6a9f741b4_Bedroom-7783,train
9e50138a-d669-41f1-9dcf-3c77fdb17397_MasterBedroom-1462,train
1448feb3-c86d-40d5-9259-32835abb85c6_MasterBedroom-15089,train
793eccb1-f86a-4998-a4e9-0ab8b96bcce7_DiningRoom-4028,train
6e3dbf3d-cf2f-41ea-adad-c6a40129c200_LivingDiningRoom-6884,train
07f02d16-a025-4bc4-a45d-5f487c545f49_SecondBedroom-110019,train
30054695-4a17-4698-a482-06047262a526_LivingDiningRoom-6746,train
64b7a725-7b94-443b-a8b1-d582ba1cd3d9_LivingDiningRoom-1764,train
1a8dbd8d-0025-4373-8b94-ee9dd9fa7295_MasterBedroom-40654,train
0298054f-93f3-4365-8724-484202d53981_SecondBedroom-51128,train
12b5252a-0921-4e41-b07e-a9a1ba9d40f6_LivingDiningRoom-997,train
00fc9d81-7397-4578-a865-920c4d89b44b_MasterBedroom-19988,train
8ad8bd52-f739-4021-8ad9-9e02f2cb7456_Bedroom-623,train
23b1facb-b178-4875-86c3-1a2a853a3dae_LivingDiningRoom-14508,train
66abf732-abfb-4aec-b06d-841e713017c8_Bedroom-1611,train
df23a0f7-9992-4e91-ba9f-e4cdcf677816_MasterBedroom-6775,train
750705bf-a44a-4391-8c7a-dd199a96bdae_LivingDiningRoom-14848,train
2b2d0238-534a-46bd-95f6-2e45a098de5e_MasterBedroom-935,train
7dbb372a-75d0-4e3d-9954-06240f8bb8ad_SecondBedroom-1862,train
0fdce50f-b5e6-4d43-909a-fbae7a64f508_SecondBedroom-3784,train
062fec71-ea9d-4e11-a650-ed5829298c73_MasterBedroom-10013,train
55bb9324-8a55-4e77-8672-ba135f7f9ae3_MasterBedroom-45301,train
92b94d94-a523-4ae6-bbde-55f5e01590da_SecondBedroom-93457,train
5fe24490-bf9f-4719-b563-97ba74ac5ca5_MasterBedroom-311,train
ee3d1267-f097-43b5-9a18-2e408f379b3a_DiningRoom-7959,train
708218c2-ff5f-450f-9a8a-c82e6ad896a9_LivingDiningRoom-32452,train
e044737e-5769-46b2-a8da-84b5df66d770_LivingDiningRoom-8871,train
e8472697-64b0-4c0c-9980-4d8ae0a48c99_MasterBedroom-10650,train
1426a7e7-7805-43ca-b258-05c9b637375a_DiningRoom-2817,train
a1efe26e-57c1-4624-ba4e-27c75f2b684d_DiningRoom-22307,train
73818192-7ca3-4161-8cf1-ca3e5e51b1ab_LivingDiningRoom-62037,train
57b41cf3-b6ec-46ec-987c-b0434321b674_DiningRoom-27196,train
7bb7b619-1e6c-40f2-b95c-caef17c17fb7_LivingDiningRoom-26193,train
b9865b8e-99c4-4005-9f4d-9cae08209da0_LivingDiningRoom-6403,train
ef2e95fa-9458-47f8-9779-c3a3c644d670_MasterBedroom-2751,train
0be73303-6270-482d-be06-528c07da02fb_Bedroom-1411,train
23444087-afa2-4072-977e-ae4d446a727c_SecondBedroom-4739,train
00110bde-f580-40be-b8bb-88715b338a2a_Bedroom-43072,train
faa7f271-a6cb-4f6d-ba11-365ad634c122_SecondBedroom-20352,train
0967e330-aa37-41d5-af14-04c9e8ea820c_SecondBedroom-394,train
d4016070-45f4-45f1-800c-b6147def05b4_LivingDiningRoom-3483,train
e1b50a25-5422-4307-8b9c-24ad0bb8d8bc_SecondBedroom-24878,train
04773d20-6f81-4e68-a72c-2e0e0f1d73b9_SecondBedroom-44725,train
3c44be55-28a1-4e89-93a9-5de2828aeabf_LivingDiningRoom-13678,train
a1867cd2-0037-419d-a4d1-d10bba5d30f7_SecondBedroom-3229,train
22993c56-81b4-49c2-b0d5-3d5a0565067b_DiningRoom-85692,train
9a21209b-f836-4d36-b106-04495545481a_DiningRoom-2307,train
b2312fb9-ca25-4e89-ab5a-0bc96888cebf_DiningRoom-23035,train
65e85462-aa42-4e21-b997-c674caa1a1b3_SecondBedroom-13493,train
aa772832-5eb8-4470-9a7e-39f965b45060_LivingRoom-4053,train
83b4b802-7830-451f-8242-2981799aab61_DiningRoom-11161,train
da244afc-8d39-4036-8c89-2dbef032afa2_Bedroom-17452,train
d5e74bf6-6488-481f-8afa-6f5828d7afe8_SecondBedroom-20519,train
7fd048fd-4980-45b6-8a28-57a0585dffe3_MasterBedroom-35445,train
1db5d7ab-dbd2-442f-a8a2-10d4192db2bc_DiningRoom-26825,train
47356158-6664-49f4-bb64-fa36d102e310_DiningRoom-69458,train
a137a098-9a96-4b7c-9553-13e5178d29b0_Bedroom-13209,train
ea497775-7cb7-4f4d-ad49-eeae6970961d_LivingRoom-4789,train
733aa566-0120-43c8-afe3-ab36ae21d3b7_MasterBedroom-24269,train
99d95fd4-d3ee-4a45-b84e-7df7c69b7687_LivingDiningRoom-66502,train
d3da0f2d-bddc-4c90-9d4f-e8e5f5045691_Bedroom-2973,train
2cc4bb7c-edb2-45bc-a958-26b9ac800a4e_MasterBedroom-10209,train
4c12b98a-472b-4a5b-9941-615a3d22b960_SecondBedroom-5067,train
0d64bb56-2b49-425e-bc83-b90b1dc4a5cd_SecondBedroom-46764,train
d97a1fd8-ec70-438d-a7fd-a7badea1eda3_LivingDiningRoom-11440,train
96d0fed8-575a-4244-94bf-9e76cbb953d4_SecondBedroom-22467,train
e6471913-4880-4757-b422-0fbc0ec6aa21_SecondBedroom-33041,train
caf8c80f-961b-4b3f-991a-e1f9036efaee_LivingRoom-45932,train
675507da-6f11-412d-aa21-545212322fa6_LivingDiningRoom-32204,train
23c4cd36-eee4-4bd4-93c8-0b07d192d1ef_MasterBedroom-20776,train
f73285cd-a1f5-4c2e-a319-136013991487_DiningRoom-16563,train
120e3c35-05c5-40a7-b92b-1abbd5592026_LivingDiningRoom-35947,train
c5c99bbd-e9d2-40ff-b46c-43ed48e08864_Bedroom-5237,train
71cc3390-7abf-4be5-a2e9-8673e556538a_LivingDiningRoom-5087,train
897f8b48-e266-4749-b1f8-f798ae0d7068_Bedroom-54381,train
5130545c-cb6d-4547-b120-5815531c8589_SecondBedroom-116485,train
a3df624b-0917-46e9-ac15-fab766276c72_Bedroom-25795,train
e93b3e34-be1b-4c2f-83f2-f055304c7c7a_MasterBedroom-48291,train
bb50ccab-396b-4264-92e6-33c790542e6a_LivingRoom-25131,train
9754f0de-1a33-4328-9a11-91fb3c134a97_Bedroom-1509,train
ecdbeecd-1c5e-4605-a682-ca1085fd0721_DiningRoom-12178,train
811213d3-3ae0-4456-9f16-48ee33b2d560_DiningRoom-17147,train
0925adc7-8bb3-4080-a3bc-8bf19d5d2916_SecondBedroom-25214,train
e87ede27-f7ba-488c-bfd1-8e1832d96662_LivingDiningRoom-79190,train
25f3c57b-baa1-41d3-95eb-bf0b176823f9_MasterBedroom-9119,train
41102cdc-f833-4edf-8d5b-4dcd24607969_SecondBedroom-15642,train
6f6fab3b-e42d-4458-8f93-ed9d006cb087_DiningRoom-8121,train
2be2628f-bec8-4217-9660-805b1c8a1baa_SecondBedroom-140986,train
8c9e0171-56fe-4ae6-b003-bb9d35bac067_MasterBedroom-1504,train
da2f593b-765f-4e30-bf6b-9b5545c88f80_MasterBedroom-14382,train
48171257-b69e-42e8-8e03-8b5d0d49241f_SecondBedroom-18111,train
dd4b29cc-4003-4881-99b4-0c762de73d5f_SecondBedroom-5052,train
d6bb4731-c25f-4f2b-abbf-cea2982d2485_SecondBedroom-1132,train
69770ac0-a8e5-41d4-bcaf-dbc67b79ad15_MasterBedroom-4145,train
3969c802-3f40-4ec5-b69c-ac570a8a5797_MasterBedroom-29105,train
339e4d0f-096a-4453-be12-5a730e71e6aa_LivingDiningRoom-15731,train
9af04c57-d004-41ca-8e33-bc8a4c56648a_LivingRoom-1276,train
00ecd021-64bb-4bc4-b754-1796d2a12965_LivingDiningRoom-84752,train
edf37e82-ff08-4c09-a370-35ddd304c720_MasterBedroom-19679,train
4448c201-24bc-4eb1-b534-87f656f3094f_DiningRoom-11196,train
c14818d6-0797-4cb1-8218-432f76c8955d_LivingRoom-5655,train
e6298d68-3c6d-40d9-96cb-0596e02c268a_SecondBedroom-9321,train
c3e8a559-c0ed-46ab-a702-3fb148d9d228_LivingDiningRoom-4122,train
35602a52-6ddc-4137-ab5e-45296190513c_SecondBedroom-9959,train
c0da586c-04ed-4208-b3b9-21f2c0992e55_LivingRoom-186,train
285b3ba8-3c18-44ae-8d99-6601d44d1ab7_MasterBedroom-15131,train
7dbb372a-75d0-4e3d-9954-06240f8bb8ad_DiningRoom-2101,train
c15e5b24-87ea-4729-a648-e406f048a25b_MasterBedroom-41843,train
8a4ba162-f708-4639-a340-59db284a0eb6_DiningRoom-26811,train
b9d17d23-66f0-445d-acb7-f11887cc4f7f_LivingDiningRoom-192367,train
7e14d2ad-fc0e-41e3-b48f-d66972cbe526_MasterBedroom-2311,train
9aea034c-ec2d-4da0-8d18-0632a5d7177e_LivingDiningRoom-3811,train
9f8f93c4-796c-41ff-863d-c7713981e450_LivingDiningRoom-4027,train
9818c527-02e7-47f1-b816-83fd72177a96_Bedroom-65752,train
46a7ff72-6a76-43a0-b7b6-8499d6878532_Bedroom-42930,train
78f54b4e-5031-4aa4-bd58-6a287cd64dc3_LivingDiningRoom-17657,train
876631f3-8f59-4a3b-bae1-8da99beff4c5_DiningRoom-5413,train
dc52d387-0a6b-4ee1-b939-4b4f529665ba_DiningRoom-17262,train
be5e905c-cad3-4b8a-8f0b-1c3e93996efc_LivingDiningRoom-71271,train
6f37e768-7bb5-423a-a64a-86b747e8cc50_DiningRoom-70702,train
ef6aa693-77da-4bb2-8da5-e041b3a8e01f_MasterBedroom-2036,train
7cda1ed0-e923-4ace-bbfa-b9b5238d190e_SecondBedroom-14328,train
edf9bdcc-bd49-4c27-960f-05511abffcbb_Bedroom-1778,train
130898f4-b33e-4c5c-93fb-c701f3c498da_SecondBedroom-36964,train
fe3731be-633d-487d-a502-63a3c0ebfbc7_LivingDiningRoom-1985,train
83ecfed1-fa86-410e-bba8-37fe041bce65_SecondBedroom-125678,train
9886aa9f-f331-48e4-88a0-4e56ccaabe7f_LivingRoom-9939,train
19f89243-8169-4b3c-90c9-2cda483580cd_LivingDiningRoom-11244,train
5e004059-c7c4-44e2-99bb-93f7ec7b5b46_SecondBedroom-22111,train
228237d8-0328-42e7-af23-e400fe003092_LivingDiningRoom-40391,train
17bd5f4b-4fd5-4952-94df-7374101c3516_Bedroom-9783,train
26eef880-4f22-4cb1-9166-5f52a331834c_DiningRoom-3460,train
d407615f-6bdf-4ebb-8d2c-74e1f09088bf_LivingDiningRoom-3209,train
14d51b10-6120-4370-acdb-fe94baaed5a2_LivingDiningRoom-11608,train
7ba559ee-a2d9-425c-9111-cf2a9c543c57_LivingDiningRoom-103650,train
4184f131-20fd-40ab-ad3e-d4ac14c0aae6_SecondBedroom-15677,train
d5051ff6-1923-45ed-9e4f-d26d1a76bc39_LivingDiningRoom-1447,train
917830d3-78a6-4f70-b029-ba6da27a2692_LivingRoom-3587,val
225aa50d-aac7-4eb5-8a24-800a80d27d50_MasterBedroom-4030,val
a1867cd2-0037-419d-a4d1-d10bba5d30f7_LivingDiningRoom-9942,val
c36bebbe-ba39-4667-9507-8899d50b9e87_SecondBedroom-8364,val
bb8583bf-ee94-4667-9981-63faf7a91234_LivingRoom-10974,val
df03a9de-c80f-48da-a8d1-3f8587590891_Bedroom-3755,val
929a3154-f313-4960-8f49-23b154678d48_SecondBedroom-12689,val
741c2966-f279-4d6a-8219-c55cda0fba81_SecondBedroom-57298,val
91dde31a-632c-4353-85cf-b36a2c6c0be6_Bedroom-923,val
b594794f-2ab1-4bc8-94a5-4843621ca79e_Bedroom-48850,val
c0de5219-e186-4e77-9b84-394940d6460b_LivingRoom-5361,val
66b69643-63fc-4eb2-9f38-293e23ff999b_LivingRoom-111675,val
bbc93034-4e17-48e2-a52b-c09e966490e5_LivingDiningRoom-3354,val
2a6d5f03-79ed-4fde-83c4-1548ef7082d0_SecondBedroom-7017,val
6b399f2d-3097-4272-822a-e50dea179ce0_DiningRoom-2713,val
ed9eb96f-9366-485c-aa68-2512ab380096_Bedroom-6019,val
04959bdd-7862-44e5-bfce-6dbe906981bb_DiningRoom-15369,val
bc51f3c3-2ed0-45da-9b28-18b6f6dfe677_SecondBedroom-1688,val
9c164b35-f1f3-4ae5-bbfa-5003672ac1d8_LivingDiningRoom-8304,val
75be4842-6167-4b77-a131-859b40255ed9_DiningRoom-6919,val
8061b714-949a-4a46-a6d2-69085c163cb3_Bedroom-21704,val
7e223a35-096e-44ea-b06f-1a34778ddead_MasterBedroom-25068,val
a002b6aa-5fcb-4491-88b8-a8bf0f70f598_LivingDiningRoom-9373,val
e4c63506-0538-4f51-8fcd-e191efee273b_MasterBedroom-8642,val
013d6a38-6fa2-4e16-9903-53921f86114a_LivingRoom-5033,val
47aaee3b-ff6e-443f-b5fc-fce9c92a8947_DiningRoom-15868,val
9f60fd75-9050-4aa6-a78c-c6f873822632_DiningRoom-69111,val
a390f6ea-2c8b-4e0f-8a0e-74eeed8b32fd_DiningRoom-10792,val
18716b5c-cf26-4685-aa00-8896e8f5696d_Bedroom-21117,val
6123cc37-6e39-4065-b00c-f6004076d287_Bedroom-1680,val
29f0cde3-b19e-4b18-92b0-1e33ed59b304_Bedroom-1093,val
d2832564-46fd-4bed-a477-02c848c8a60f_LivingDiningRoom-2959,val
eea7b665-1c20-40db-89b9-7b87a3c9baa7_LivingDiningRoom-16369,val
e9b86353-f0b6-4842-9946-262ac8888fed_MasterBedroom-28940,val
34fa0d95-9e58-49dc-9f98-2c4554be7700_MasterBedroom-6803,val
1ccbcde4-189b-4865-8b04-659aba5e308b_SecondBedroom-43157,val
8c70a332-7115-4197-a7a4-c7d48f68d9d3_DiningRoom-2338,val
f11aa158-fcaf-4b0e-86b8-17e51ed32c18_MasterBedroom-23047,val
86963bbe-7969-4632-a379-1cd39e2a69ab_DiningRoom-14660,val
7b5e6567-23ac-4717-ad16-92f97f45e71e_LivingDiningRoom-5614,val
81558907-9dff-4a6d-a766-6e0748997ae6_Bedroom-2694,val
b8c9c3ae-2aa0-4140-b7cd-8578cee5b571_SecondBedroom-2330,val
16190659-dff5-4ef7-a96f-eb2b71f88a2a_LivingDiningRoom-5119,val
ace13641-659e-4668-8d02-3cc4a05803a8_Bedroom-10749,val
360e8f1f-c0cf-40b7-892a-2d4d6c76561b_SecondBedroom-7228,val
4693ef91-67c6-4e65-87c5-46b53aa23445_LivingDiningRoom-3328,val
bfc9a79e-7433-45f9-8daa-77f41504f917_LivingRoom-409,val
62773068-a0a2-4ed0-b85c-84a9a353d18a_LivingDiningRoom-2583,val
cb0886aa-598e-4acb-a5f9-5740e098c7e3_LivingDiningRoom-32393,val
613b2c63-66ba-4643-b4d3-c6a4f34d62a9_DiningRoom-29610,val
d768fc85-328c-402b-a61b-ce8c2a529303_SecondBedroom-50507,val
f419f189-23f4-42f6-89c1-838f09191f87_LivingRoom-27723,val
7e38438b-b4ff-45b2-91fc-cd66c249357e_LivingDiningRoom-10576,val
76d4dd1b-ae9d-4edc-b636-a02b1082383f_MasterBedroom-26002,val
64cce374-230b-4fe2-8240-69f81c8cfb33_LivingDiningRoom-19646,val
db5e0c75-e464-46b8-8d87-a0bafe9fc137_SecondBedroom-57261,val
9ac55129-3ec1-48eb-b7e1-0ad34ce5dd22_LivingRoom-860,val
d7366a84-972e-454d-b574-271f0c72e04e_MasterBedroom-628,val
8f254596-568c-4620-9717-aca507beaffd_MasterBedroom-2630,val
55963844-bffe-4151-b0c0-9eb62e8aa454_SecondBedroom-258160,val
33aa8461-e8c8-44ef-b237-d0a83d077c4e_MasterBedroom-4651,val
c54ea712-9d13-40c5-8c18-da66837c4780_DiningRoom-16137,val
dc44410d-8a89-4099-ab84-4444b9ebbcd6_Bedroom-33922,val
5050ddf5-f2db-463d-9b3b-148b57482892_LivingRoom-35924,val
be1f3c71-ec18-4ebd-be16-1e0c43738d39_DiningRoom-27423,val
dd3fc03d-aaf4-42ed-aaab-2f371a57e000_LivingRoom-13009,val
a6295210-e8d7-401e-a5db-6efeef45e5d5_SecondBedroom-2260,val
c7160900-af33-4167-8b8d-474be9a129e6_MasterBedroom-5874,val
1ba9ae7f-5074-4b11-9b38-43ea7e5ff693_SecondBedroom-38216,val
f1840b4a-05d6-4f76-9843-22c5d1a016bf_LivingDiningRoom-15790,val
145a8dee-2950-4483-90e6-36e70fec5c60_SecondBedroom-4397,val
94432a43-c802-44b9-a2cf-31f4e317e89d_MasterBedroom-271170,val
3eee21b6-9b7c-4c64-b79b-e67bcc80c3e2_SecondBedroom-4947,val
df17ede9-742d-4283-b77e-8482e260c71e_Bedroom-15473,val
52b6a7c2-509f-4253-a562-27347f318b05_LivingRoom-288,val
19fe2f19-6a70-429f-ba6c-e2d02af52df1_SecondBedroom-26029,val
7a91eaec-bc97-4893-aa78-e02a31f6cda2_SecondBedroom-3246,val
4c1ba4df-e772-4f76-bd59-5d293258e17c_SecondBedroom-884,val
d88c6598-b40e-4ea8-ac07-f4f1d80d7f31_MasterBedroom-17259,val
d145b098-8ec8-4ea2-891b-f7deaf3edbb1_LivingDiningRoom-8886,val
63c32cb2-840d-4e30-9482-6219da6d8713_SecondBedroom-13577,val
e7fed67a-ded2-424e-93fd-c64e5a35ae8b_Bedroom-22027,val
98efac0b-a256-4bc2-a55f-a3df5ef39096_SecondBedroom-9739,val
d9df2354-d80d-49e7-a9e8-2e8fbf31dea3_LivingDiningRoom-998,val
9961bd71-5f50-4c9d-8f4b-8e7db9f93451_SecondBedroom-3610,val
c7f22934-9a25-418c-adaf-4d23a6447d63_MasterBedroom-816,val
6eacb9f6-642c-4e02-ae30-4351f4364318_SecondBedroom-15167,val
a4824c35-ccb2-4e70-89c7-eda575054197_MasterBedroom-3822,val
ca0bdaff-4e3a-4677-a328-cfab693b37c4_Bedroom-1965,val
0e75222c-2d88-401b-8f36-1510d06f6675_Bedroom-22136,val
39126660-a386-4470-8e2d-ece852ffdb62_Bedroom-39649,val
814ba6f7-fdd2-4b5d-9604-9e3b682db37f_DiningRoom-27308,val
e29c9cea-a331-4062-8d95-17f3f7ed8813_LivingDiningRoom-46190,val
007e1443-462a-4dae-b47c-44cfc6a5a41d_LivingDiningRoom-268,val
806855a9-aa7b-4ea5-8e5f-efc2b0260489_SecondBedroom-7076,val
2513701f-f5ab-41b5-9d0b-af10956551bf_DiningRoom-12866,val
62fd4a86-b6d1-47e6-a5de-205ed002026c_LivingRoom-71357,val
53edc8f5-4846-4993-b8fe-5999b6b95d7c_LivingDiningRoom-98328,val
43921e8e-fbe4-4eca-b1be-99969dda2224_LivingDiningRoom-31684,val
170b48eb-5746-4cd6-b0da-cd6fb853765f_LivingDiningRoom-1354,val
8ebe2792-a8af-4d4a-be92-edd3c88ef278_SecondBedroom-22752,val
ef9e8fac-ec60-453d-83a0-d286699a1f1a_Bedroom-10393,val
20faca61-454a-4383-85dd-950e333f4114_DiningRoom-68994,val
09defafb-4bb8-44ed-bd94-cd9359b14bb2_Bedroom-70996,val
4a7ba61f-f066-48f2-bf13-44c132c5dd89_Bedroom-13336,val
aa0d2d82-f8db-4d38-966a-b86b2956678a_LivingDiningRoom-33940,val
213cf747-e1bc-45cc-aa5c-3f20450abdcb_MasterBedroom-20681,val
dce67d70-f3ce-4696-b473-589b1a66f880_DiningRoom-32563,val
be433977-0fd3-4977-858a-88342e985d8f_SecondBedroom-81247,val
11eb078d-7eee-4c82-a748-34a7e2c6c7f4_LivingDiningRoom-9028,val
64154a7f-e2a2-4096-9683-f79475f1c866_MasterBedroom-4184,val
47f1e226-bb51-4a8e-aaad-64156c826c8a_Bedroom-146,val
651c37ce-c0cd-47c6-843f-3aa192235e39_LivingDiningRoom-86944,val
1fb8e3cb-c6be-4933-bcae-8e24c6c5fb61_DiningRoom-10302,val
39f0bc7a-73d8-48a7-b724-948643cdd7ae_DiningRoom-6877,val
bbed00a6-d2e0-4f55-a5cc-09db9e3dd6cd_LivingDiningRoom-48055,val
b063aa6e-7b2f-4f85-a9b3-3987c6def44a_LivingDiningRoom-279,val
540c8131-452b-4702-a8db-5ab76f658c55_MasterBedroom-10386,val
2ea5c247-dd92-4e06-a1c1-3cb9ee376c13_Bedroom-766,val
e00c171f-748b-4d28-9e6a-3ebeff291323_SecondBedroom-9659,val
fa56e1b0-7c26-4a09-a8f4-6e3f226fc131_MasterBedroom-41510,val
56400f40-07af-405b-b3f5-577245b13ce9_DiningRoom-78525,val
228237d8-0328-42e7-af23-e400fe003092_Bedroom-40470,val
4f2012c0-ec3b-4fff-9cd4-68c37fe42ea1_SecondBedroom-49725,val
4c95f715-4ed9-43a1-9577-03980090b077_SecondBedroom-1849,val
42c087e2-924a-406b-aee9-8aa9c57d9d8b_Bedroom-2075,val
b3a4cdd9-5144-43b7-bdad-067fdd7530c4_LivingRoom-71719,val
00c0c75e-1c12-46b3-9fc8-0561b1b1b510_LivingDiningRoom-1344,val
8072be53-ff54-4db6-9fba-7f9a9b1430e1_Bedroom-3753,val
2dcff54f-32ee-4427-9187-5dc5ac80f26c_SecondBedroom-8016,val
80def5d0-c5bf-4a24-8ca9-5185d8002817_SecondBedroom-243138,val
004f900c-468a-4f70-83cc-aa2c98875264_SecondBedroom-27399,val
29ff87b6-35d4-4333-b2ad-17f37ee8bdae_LivingDiningRoom-113137,val
34acd8e3-faf2-4be5-84a9-f92ab7e52a62_SecondBedroom-86509,val
a25838be-d066-4334-8a9d-bb090ba166df_LivingDiningRoom-3025,val
79b8f927-e1c8-4fc6-b0c2-6b9e2ff6708c_LivingDiningRoom-74474,val
1d7a01b8-4621-4ac0-8d81-b1c8f0cedc98_MasterBedroom-20476,val
31134f8d-e819-4619-bb54-a19e5f54073f_Bedroom-3651,val
ddb1220c-cd70-4c09-8dfc-758f19807b7d_MasterBedroom-12270,val
36a9e2d2-2165-4ea7-ba91-f20ec6f76553_Bedroom-35912,val
7a3dcd72-1be7-4281-8583-2b1b21c277c3_LivingRoom-3401,val
a408330c-e39a-4fdc-a4c5-642ba7438298_Bedroom-62619,val
e4d49144-ac70-482d-ac0a-607f68160dca_SecondBedroom-15120,val
07ad11b9-796b-46b0-8ad5-6ff44ad7c945_LivingRoom-1520,val
09389527-fe13-4cc0-841e-c5e21d1aef0a_DiningRoom-41637,val
c0ff8f34-a0c3-47b1-92cc-fdccee514833_MasterBedroom-128453,val
6d13bd56-8931-486a-8490-61752942a6de_DiningRoom-43067,val
a4b4d452-05f0-4c77-b367-cc0799a1f996_DiningRoom-41976,val
167cd3f9-810a-4d7e-b4a6-1ad0555bfd71_Bedroom-13315,val
3ee9fe04-c35f-4b40-bcd5-de3e4d0f8243_Bedroom-6002,val
f0bf6457-59d0-4a44-88f6-152ead9dd17d_LivingDiningRoom-26288,val
0be0e89a-9965-4f38-8dbb-ea220f2f5fc1_MasterBedroom-12177,val
d752939f-39fe-4ce5-a86c-174eb509f137_DiningRoom-98809,val
60e4b558-623a-4459-860e-5954f41d4b22_LivingRoom-1772,val
f936d670-ce9a-4fdd-a20d-8e790dbb92c5_SecondBedroom-64094,val
8df6c006-6c38-4c65-90d9-017a26b63d4b_LivingDiningRoom-563,val
d2965fec-86a0-4696-ae91-447d937a77c8_LivingDiningRoom-5402,val
173d8bac-a580-4cfc-9138-2a27aa020f52_LivingDiningRoom-14618,val
4e29b979-61ea-4b91-865f-7c45b6a6f4cd_SecondBedroom-262,val
35bf7966-2494-446b-9f96-c0c11efc701f_LivingRoom-9544,val
c9bdf08a-2b29-419b-9a3e-8452b6cc9dd9_LivingRoom-611,val
95519d76-eb3f-4da4-87ea-6fb4f065371e_SecondBedroom-1065,val
161cd2fc-819a-4b56-8802-b7cfb2f4e535_LivingDiningRoom-5117,val
4a7da40a-e901-4bb0-938d-d50bd0a474d7_Bedroom-22145,val
4bb9db06-ef22-45ff-ab61-398469d8dbea_LivingRoom-26266,val
1fcf1995-3b40-4681-bffd-cdef049612a0_DiningRoom-6579,val
f29cea89-70ae-49d7-8d1f-b7c1e7cada53_DiningRoom-24191,test
4786f6aa-41fe-44fc-a3d7-37843334fd4d_Bedroom-34622,test
b28a98d3-1348-478e-825d-572ee7454666_LivingDiningRoom-13555,test
719cc7d0-b17b-4241-b345-82c06da7b60b_Bedroom-21829,test
c7e26be6-3639-4da2-a56e-ca741a367249_LivingDiningRoom-18479,test
d4372f50-5d15-4f80-a9c9-0159f4010215_SecondBedroom-116679,test
2160a773-b01f-4521-9771-c8dcb024f203_DiningRoom-11145,test
1dc74c70-21d3-40c6-8bd4-afb94dab934c_DiningRoom-12526,test
8da0ebcf-40c7-46e2-a138-1174a9d16534_Bedroom-11063,test
64f12868-d3f0-4add-9598-4478c4e7cee0_DiningRoom-663,test
887b2bb6-d552-4778-b841-70a6ac0fe88f_DiningRoom-13592,test
c84945ea-5844-42e4-9049-3685b127bd22_LivingDiningRoom-1922,test
234635d0-a5cd-4544-85cf-ab9acd974978_DiningRoom-77348,test
8e41bf97-c27a-4f1c-9208-1a31f9611d5f_Bedroom-2035,test
0e02ee68-5940-49dd-bbdc-0e3667ec9e49_LivingDiningRoom-26069,test
4704fc8f-c4e8-4a68-92f6-5abdc54d327d_LivingDiningRoom-22101,test
256d7c62-a550-4dd1-a57b-541a2260bff2_LivingRoom-7264,test
c69b9977-decf-4f27-b1eb-da633f72cdae_LivingDiningRoom-13633,test
a7e3448a-11fa-470d-a59c-3e50bb8bc36d_SecondBedroom-19612,test
6b282d95-3b71-414d-80d2-23d42bc0b526_DiningRoom-43780,test
45dddc0b-2505-4dcd-b07e-f0ff4e5c90d4_DiningRoom-4528,test
e97de662-f2d1-4d7f-9179-ae7718710e88_LivingDiningRoom-60592,test
1b74b745-24a5-4119-96e8-2a852a9d1a05_Bedroom-32287,test
8c9e0171-56fe-4ae6-b003-bb9d35bac067_SecondBedroom-992,test
ef2017f0-bd05-48e9-bb25-a7469c906b48_Bedroom-12837,test
b078021c-8535-4ed3-8c63-0b6109c603d6_Bedroom-16422,test
3abf3ff3-5ba9-439d-b4c8-49a9e3c11556_LivingRoom-25582,test
01655258-a4b1-45ff-b16d-bae0ffb189c7_DiningRoom-45089,test
5bb3120d-3ad7-4456-b332-5bc1d60dd53c_SecondBedroom-1213,test
ddf7cd3b-79ab-4f7f-ad53-34b6d1cfdb38_SecondBedroom-12920,test
de01b3cf-cf60-49b5-aa31-3180baa012ea_Bedroom-44928,test
eeb71e43-2988-439e-867e-cb143cb3988a_Bedroom-1511,test
f11aa158-fcaf-4b0e-86b8-17e51ed32c18_LivingRoom-22976,test
6781a219-c0f0-42b0-8c40-4ef700a5dacb_Bedroom-3107,test
0f661df2-0f41-47a4-830c-7444f4a33a03_Bedroom-12514,test
0fb669df-bc95-4e0e-b48d-cc403690ff53_LivingRoom-48562,test
043781c1-1ae7-42c8-8545-83375c2ca911_SecondBedroom-1727,test
0018b6c8-c3b6-4fb8-a640-4b9b0b763254_MasterBedroom-282636,test
6799b892-951c-46ea-8606-3391654b8af9_SecondBedroom-20973,test
afd1ec15-5319-47dc-b558-b6a86d448982_MasterBedroom-31474,test
4cab8354-8d8e-4200-b1cf-da003b6d6d73_LivingDiningRoom-1965,test
b76b3b9e-1709-49eb-a5cc-8e5b76da6939_LivingDiningRoom-108064,test
aa9b470c-42d0-4f2e-8239-22142ab5fddc_Bedroom-1103,test
22690830-2a2d-4265-87ae-0a3f4957d085_Bedroom-63480,test
f36889f8-d94b-4ab9-9da1-46e06a27ff90_MasterBedroom-12883,test
c5024b66-55ff-4d88-a820-b4a4a4791259_LivingDiningRoom-2447,test
10a47ebb-d756-463f-af98-e36ddf845bf2_LivingDiningRoom-223767,test
9c20de9d-4867-4ef9-8f3b-b8741a51f4c6_MasterBedroom-1599,test
52871dba-aa08-4845-8cd2-c514060c698d_Bedroom-13686,test
6df8f830-ba50-46b4-9f9a-b35535f22535_MasterBedroom-97178,test
b9443b5d-de9c-4392-b5f6-1239d7a4e8c2_Bedroom-11392,test
07e1fc5d-2c74-4b12-8100-95f55d396e31_LivingDiningRoom-21042,test
7febc537-1b46-457c-a4e3-ed8df3afbb90_MasterBedroom-8909,test
b0a8d6bf-9a2a-4a9f-bdeb-a08fcc6bea11_MasterBedroom-54784,test
c9297532-14a7-4736-a0f4-1f14a527e93d_DiningRoom-20750,test
46d37cd0-5b76-4fdd-ad97-efc7ea3ef346_MasterBedroom-8686,test
a13cbe28-97b9-48de-b617-70d6f4f50943_DiningRoom-4026,test
78b48ded-6abb-476c-825a-19751792fab1_MasterBedroom-468,test
1cf94f82-50bc-4805-94d5-a8b52b66be31_LivingDiningRoom-54997,test
3dc5baed-a3ec-448e-b564-9afe4915b667_LivingDiningRoom-24410,test
6f969906-b789-4a47-a930-008d35ca0458_MasterBedroom-2689,test
7b8b173c-2354-4bdc-9321-93ad43796020_LivingDiningRoom-49915,test
23f42f25-fdc1-4897-8905-c60a4545e404_SecondBedroom-6278,test
384a185c-6d2b-41c5-9f35-9b33c1aad421_LivingRoom-2328,test
4e112013-af55-4fc9-8603-b9690b1e3a64_Bedroom-50410,test
41c070fc-dc7a-40b8-9ce2-c65606f4b728_MasterBedroom-9070,test
78264f14-353d-4b41-a364-6fda4f2fc8cf_DiningRoom-11789,test
6d0a88ea-05ea-4249-b21f-b221cdf826c0_SecondBedroom-3628,test
08c22a05-81e2-41f4-8e22-c707aa082bdd_DiningRoom-17995,test
f7168796-b600-4453-9d54-41314f27bed3_DiningRoom-50445,test
dc3a82da-ec0d-476d-a581-5c25c6952eb5_LivingDiningRoom-8302,test
b4d8801b-aac0-4051-b973-e84b0114a621_MasterBedroom-35145,test
da11cee3-8781-49fe-9f85-0ff8fa06e676_Bedroom-35970,test
d6eca762-0ddd-40e3-a250-ee5928eeafa3_LivingDiningRoom-2138,test
0ab19ed6-debc-4c6e-857b-29290fb111d9_LivingDiningRoom-9063,test
657c9da5-231f-4357-a8a4-21229537cad7_LivingDiningRoom-16798,test
1b09ec32-2b68-4fae-926f-eabe89582e58_Bedroom-32859,test
9ebf1a86-1279-43c5-b5a5-00ca1424aeaa_MasterBedroom-50979,test
b9e0dff9-03dd-4c4a-a00f-0b04b45d8df4_LivingDiningRoom-62241,test
b0a8d6bf-9a2a-4a9f-bdeb-a08fcc6bea11_LivingDiningRoom-57219,test
3d21db7b-a4e8-45d1-9389-abce40c98016_SecondBedroom-22595,test
13e786b0-fa44-4b6c-92bd-6ef20d20b2a2_MasterBedroom-736,test
aba20980-69fd-436b-917a-5f1324e22852_LivingDiningRoom-26816,test
d0e0f881-9b1e-43bb-861a-ae416afdfaf2_Bedroom-33967,test
1b992af9-4f3a-44e2-8544-fcfb3db76812_MasterBedroom-3857,test
d5514ff3-afae-4ce4-b98e-5f83bf4172eb_LivingDiningRoom-19612,test
66d24a27-e8dd-42e5-b5bb-ef4723829b54_Bedroom-20829,test
bb378de7-a4e8-4631-a67d-372ee3510dc5_MasterBedroom-77395,test
6fe3cf2d-8353-4541-8de2-33158182ba33_Bedroom-8139,test
30249602-dae4-41e3-9abf-2b505492787b_MasterBedroom-5452,test
f1a605ec-155d-48fd-ac89-d54c3ebdbfb6_SecondBedroom-4588,test
0047c3ab-951b-4182-9082-b9fbf099c142_LivingDiningRoom-2065,test
643838f2-8b84-496c-9bee-4c6b82a2fc9d_LivingDiningRoom-76810,test
f82d44c6-df98-404b-870d-b6f378d2151e_LivingDiningRoom-6060,test
46bc8223-0661-44c7-8f95-29beadbe62d2_DiningRoom-33429,test
b2943b0f-8b10-4619-9263-d6dc198214ba_SecondBedroom-8204,test
f471112d-bd84-4827-9ef8-a3604947b5fa_DiningRoom-5636,test
3b26ced4-665b-45c8-b5a2-dcfb76143567_DiningRoom-5361,test
a48c2fa2-734e-4a66-a1ba-c63bcb76b08b_SecondBedroom-11704,test
9a0486c5-58e8-4a77-99de-9c4ea78d39d3_LivingDiningRoom-9632,test
0b16abb1-4a59-4ce3-85b5-8ec10440d9dd_Bedroom-36404,test
e396e943-0f12-4455-938a-47a4b44bc25c_SecondBedroom-18701,test
14bfd47d-7781-4190-b0d0-a37e0c24629e_Bedroom-31405,test
43b85f54-1a49-413f-8b9d-2858c270c442_LivingDiningRoom-1524,test
3782eee0-b0fe-452e-aefe-55bd5e96237e_Bedroom-6656,test
7d0025fe-7e83-4aa0-a37a-cad6c0474c07_MasterBedroom-29731,test
bb88ce25-613d-40b6-b2e6-5b7f505d9f94_DiningRoom-699,test
c9b3ee78-9e2f-4634-b5fd-b7a0686a511f_Bedroom-1738,test
70e4c0ab-9ca2-4542-96fd-9355e048db91_LivingDiningRoom-25795,test
ee2c0ae0-2f44-4e83-80ff-bffcace07edb_Bedroom-21222,test
5399de83-ec0c-4ef3-a97e-9bef301222d5_LivingDiningRoom-5218,test
df4aa773-33a5-4f86-9f57-9ce2d6f0e36f_MasterBedroom-24711,test
9eb53417-9bbf-4482-805f-48e2fc7a7118_MasterBedroom-38021,test
8f254596-568c-4620-9717-aca507beaffd_LivingRoom-2668,test
6752bfe1-3a27-4200-9f0f-8e78a878993d_MasterBedroom-14158,test
3d47d5ba-5b4c-4f9d-a5cb-bc16dc65ca44_DiningRoom-100009,test
8565e208-9e7e-4529-804a-23052c33631e_LivingDiningRoom-74612,test
e00c171f-748b-4d28-9e6a-3ebeff291323_MasterBedroom-6963,test
f3719575-1f2b-4a1d-b75f-a8a9c7257fbf_Bedroom-29147,test
e8f14d6c-c37d-4ad2-9cf9-cdd57cdfe2b1_DiningRoom-20935,test
2882c0c9-cf09-446e-83b3-9c0fe19601f5_LivingDiningRoom-57605,test
d03b14a0-31a6-4136-8e7c-d364c7b09955_MasterBedroom-454,test
c9b9c9fe-5175-4ee6-863b-31beb0cb9a13_Bedroom-33611,test
29f0cde3-b19e-4b18-92b0-1e33ed59b304_DiningRoom-6376,test
5b548a2b-4e7c-4d2c-9655-c54818ffe934_SecondBedroom-27519,test
1f79806e-ecb3-4dbe-a569-74164ef37d2a_SecondBedroom-11643,test
f18ac5cc-b441-40b9-ac1e-a799bdb8cf15_SecondBedroom-64669,test
f2e4a9e6-3c1a-4638-973c-37e84115bbd1_SecondBedroom-17567,test
672b75fe-1120-4627-80a9-5616d99c3423_DiningRoom-24272,test
64e2e0ba-3769-479d-81d7-c870da620b07_LivingDiningRoom-27857,test
8d24325f-7d48-41eb-a0bd-ed9c3e587bbe_MasterBedroom-11347,test
5b90a853-b47f-4e37-9819-102fe25575fe_LivingDiningRoom-74225,test
cf969c1a-14dd-420c-8739-eda9f0705070_LivingDiningRoom-69704,test
75b28f63-bb61-4818-a1d3-0d23ac89be5c_MasterBedroom-13715,test
6995dbb7-6399-4d3e-b8e1-89d5b309c5aa_LivingDiningRoom-29227,test
7876c1d8-d9b9-44b4-b480-50889c3af043_SecondBedroom-116989,test
53608c94-9c21-4beb-a7c4-fb19b05a1a34_DiningRoom-9557,test
948706ad-3044-4ac6-83d4-b350e62d299b_Bedroom-33100,test
2882c0c9-cf09-446e-83b3-9c0fe19601f5_MasterBedroom-54753,test
7bb7b619-1e6c-40f2-b95c-caef17c17fb7_MasterBedroom-26071,test
a630400d-2cd7-459f-8a89-85ba949c8bfd_Bedroom-2276,test
74ed0339-0753-45b6-9caf-d5f494122e24_LivingDiningRoom-9272,test
84514efe-79b4-4995-bcf9-735b593f9fcb_Bedroom-20113,test
0fce6b35-d0d8-4a85-a784-e877e659ebc2_LivingDiningRoom-1991,test
caaf690b-c16f-45ba-88f1-45cafd0a2a9b_MasterBedroom-223838,test
189b1d9b-894e-43b5-87be-c1b76cba3df4_SecondBedroom-19262,test
e8093c84-2ce4-4be4-ab4a-e37269d14c47_SecondBedroom-14540,test
0eb7a684-6a4e-4e9f-807c-c0e0384deb3d_LivingDiningRoom-48663,test
16dfc62a-fd35-41a2-9f8e-6b1c11dc1898_LivingRoom-582,test
00ad8345-45e0-45b3-867d-4a3c88c2517a_SecondBedroom-46220,test
45fbfece-d854-42cc-a8f3-96175fd6644b_MasterBedroom-6613,test
3187cbc7-4da1-4ae6-811a-96adc72cb1d2_SecondBedroom-18044,test
5549a237-e795-4893-870c-33c27eb02bc3_Bedroom-12659,test
836a1139-c96e-44b0-b627-91d60c2aacb0_Bedroom-18751,test
5e647f08-d821-4554-8598-9684ffd28f7c_LivingDiningRoom-3367,test
35ba774d-2155-4e86-9bff-a0b7f81919dd_Bedroom-6778,test
a66bbfeb-dc00-42c6-b9c2-62bd75651c32_SecondBedroom-42606,test
5e01911c-03ad-4654-b028-ca20c0182293_LivingDiningRoom-334,test
2c36d890-0d02-438e-9dfc-b817f31c3f44_DiningRoom-17537,test
0432b048-ede1-4049-982d-8bccfacfb541_MasterBedroom-8393,test
ddb1220c-cd70-4c09-8dfc-758f19807b7d_SecondBedroom-12387,test
1789dde5-03d6-44c7-b244-ed0d7fc234b7_LivingDiningRoom-18578,test
e95ecf25-bf6b-443b-9f23-c2151152da14_SecondBedroom-18007,test
92b94d94-a523-4ae6-bbde-55f5e01590da_LivingDiningRoom-93491,test
5a2857c7-b831-4e4a-b56c-24bea08a9aaa_MasterBedroom-142,test
