13626eb3-bcc1-455a-a889-78b6c92dfbb6_SecondBedroom-420,train
9a0486c5-58e8-4a77-99de-9c4ea78d39d3_MasterBedroom-1624,train
2509242c-0b79-417b-9c1b-9ce1f735ac2f_SecondBedroom-20952,train
1e12ac7d-0584-47a4-8f90-b6086554e128_SecondBedroom-102,train
9dbe7711-718f-49d4-819c-caca531b3cd7_MasterBedroom-9638,train
762446b3-fdac-48d0-8044-7e965421f6fd_Bedroom-361,train
80d80e4a-197a-4bd5-9ed1-81c48786a321_Bedroom-593,train
c080c532-92bb-4d9e-a266-8556c7a06731_LivingDiningRoom-16314,train
4e31e0ef-fdf9-4083-9d90-127cab47b445_MasterBedroom-4329,train
0192a842-531c-419a-923e-28db4add8656_DiningRoom-31158,train
4481c4f2-8355-415c-9787-c9a12dc948ee_Bedroom-29834,train
dd3fc03d-aaf4-42ed-aaab-2f371a57e000_SecondBedroom-12960,train
47aaee3b-ff6e-443f-b5fc-fce9c92a8947_DiningRoom-15868,train
5952a518-03dc-40f1-8990-89a0b312e0f9_MasterBedroom-462,train
68983107-a915-404b-be96-20a030c59591_SecondBedroom-19492,train
52657fac-1e38-494f-86fe-e221b95e0043_SecondBedroom-26550,train
555d38a7-689e-4340-ae91-a9a1dd650216_LivingDiningRoom-26885,train
c0525323-5f95-48b6-9a62-5a0d55a0c10e_Bedroom-39679,train
db78ef58-f372-459e-93c1-ddf43455e805_SecondBedroom-24363,train
642f5ac8-8330-46b1-bbf3-83e67501f35d_SecondBedroom-9931,train
3c80262f-e275-43d4-a0f0-a99c234524dd_MasterBedroom-18842,train
04396802-8d89-4377-8b28-4cadc9eb07c6_LivingRoom-2023,train
a1d2b052-006c-402c-809f-269aa27fd81f_LivingDiningRoom-17672,train
b6167446-ce9d-4bc0-bc2e-e6026d939a3c_MasterBedroom-14406,train
22029510-ee86-4d46-9182-b4f56a0d8f91_DiningRoom-10559,train
062fec71-ea9d-4e11-a650-ed5829298c73_Bedroom-9406,train
f8c4e5e9-8ba5-4694-8ac1-4823082e99d8_LivingRoom-13648,train
57b41cf3-b6ec-46ec-987c-b0434321b674_LivingRoom-27249,train
a002b6aa-5fcb-4491-88b8-a8bf0f70f598_LivingDiningRoom-9373,train
124f6e30-6e91-44e4-bcaa-5583b78767d0_SecondBedroom-73426,train
73726d4e-12e5-4828-8faa-b4baa3a4a52f_Bedroom-573,train
8d787c07-cc25-4399-afc1-b182662846b8_LivingDiningRoom-100199,train
312b2349-10f9-4ff3-bbee-ae179761c21d_DiningRoom-7217,train
a4f3cf0f-0722-4cab-b6fe-02ac4aadc6af_SecondBedroom-3003,train
a50b6ec6-e668-472f-a741-514c9bfef011_MasterBedroom-36178,train
09857dd6-4f54-4c4d-bcba-4152a9a545b3_MasterBedroom-11202,train
cb7d522c-c582-4d16-a005-1f2e4636453e_LivingDiningRoom-8271,train
af1a51c8-8113-4756-b60a-af2057deeffb_Bedroom-44824,train
48831a32-7fed-41a1-a132-18ff65aeba93_SecondBedroom-7863,train
6180d725-3d29-4a32-93b0-45dda664dde4_LivingDiningRoom-1921,train
6b464a37-2915-428f-8ee3-4557e5f7b903_MasterBedroom-49597,train
558583ba-0ee1-486b-b040-f844997ea3a8_Bedroom-157258,train
73e90662-b100-4ed3-86b0-81751896d6a9_MasterBedroom-24161,train
6de860f5-8cca-498d-830c-7e9b301a43bd_SecondBedroom-28201,train
3954bd6b-b726-4a2f-a2c1-a32f6806db6b_LivingRoom-53762,train
f6f93fd0-4130-46ff-99d4-cd42bdd0ffe8_SecondBedroom-546,train
b917e5c2-0271-4419-a3ae-65be2c108114_MasterBedroom-8000,train
a6ab60f4-e824-4980-86da-082b05bd9480_SecondBedroom-242180,train
e64176c6-724a-471a-bd2c-81fc36504a59_Bedroom-11388,train
26c70049-0c0a-4726-a1d0-f488da44d1ef_Bedroom-35061,train
eed2d8f7-791e-41f8-a367-075ff0434685_MasterBedroom-267,train
64ac0b68-fc6c-490d-ab08-6f45e947b4a7_SecondBedroom-23254,train
7a2de022-745d-4f10-a4fa-d7ab5bb8809f_SecondBedroom-6646,train
a6f978f5-9504-49fa-bf46-4243c99e5c95_MasterBedroom-17855,train
3e71a867-177e-439a-9c80-432d0e0900d4_Bedroom-1447,train
4efedd5d-31d9-46c2-8c26-94ebdd7c0187_SecondBedroom-39528,train
52657fac-1e38-494f-86fe-e221b95e0043_LivingDiningRoom-27589,train
0c26f793-846f-417a-b27e-0fbbdc3db601_SecondBedroom-10372,train
274ef293-2cf8-4c9a-8125-814f91d0bc83_SecondBedroom-879,train
2eda727a-ae93-4af9-bf12-4104825a19d6_MasterBedroom-6887,train
7686a060-ab0d-4014-9e5c-75d75e0752e3_MasterBedroom-49524,train
59787c5e-881c-4ba3-b469-7fcc910268e7_Bedroom-649,train
62576f34-98df-4aab-a9b8-7c0cb743a4ec_MasterBedroom-12477,train
45fb7506-342f-4dc6-b2c3-2e041fe69faa_DiningRoom-10547,train
c9bdf08a-2b29-419b-9a3e-8452b6cc9dd9_Bedroom-6679,train
8a39ca20-ec8b-4a7a-844f-2516b6dce707_MasterBedroom-427,train
b3d120be-7c88-41b6-bb85-16d61a97e542_SecondBedroom-32096,train
d925e3f4-a9e7-4bb8-98ec-5b842e64a0b4_LivingDiningRoom-78953,train
29df2f75-d808-4034-9eac-37333ee86e20_LivingDiningRoom-8288,train
d235526d-92b4-4bbd-80b9-0d5f277676f4_Bedroom-8384,train
64a127ea-1375-4c1c-a36e-b11441ce8266_Bedroom-18163,train
8c3314da-a761-4ee4-8a2f-28e61590fee8_MasterBedroom-2371,train
56c0b91b-90d1-4d15-9a3f-5ebd47dda561_MasterBedroom-4955,train
e1a7f175-ff21-44f6-a020-c0d7e9938be5_MasterBedroom-10726,train
2be2628f-bec8-4217-9660-805b1c8a1baa_MasterBedroom-141734,train
65cd43e1-1294-44f7-a560-7a230ff893d2_LivingDiningRoom-72973,train
5dc561df-3712-44ec-9344-5e629f2098eb_SecondBedroom-2472,train
78aa7bd5-d98a-4e86-b342-7a00beadb426_MasterBedroom-67468,train
92b94d94-a523-4ae6-bbde-55f5e01590da_LivingDiningRoom-93491,train
ad3b17d0-ddc0-47c3-9a90-440add40ad9e_MasterBedroom-8520,train
337ca42e-c680-4e47-b36e-16a4cc7090ff_LivingRoom-100708,train
5d6d0032-e3b5-4b36-87d3-908d8c85f24b_LivingDiningRoom-142,train
5abdcc3b-e1c0-42ce-ad5e-cb51e87b2e61_SecondBedroom-12923,train
905ccf24-697b-4bb5-8c53-def619d16327_Bedroom-5215,train
25235b9f-c9cc-4dca-ac4c-69614e46e9a9_MasterBedroom-196,train
f7f1f448-8a7e-4b56-935b-83ab1d524a71_MasterBedroom-22344,train
558ba1f7-b9eb-460b-a906-4551b446d2f0_MasterBedroom-7162,train
613b2c63-66ba-4643-b4d3-c6a4f34d62a9_LivingRoom-30098,train
07f0017d-f172-4450-a840-7c9cba27b9b2_Bedroom-353,train
e044737e-5769-46b2-a8da-84b5df66d770_LivingDiningRoom-8871,train
3aa40ca2-8d84-4fc1-b2b8-ce2234c45f60_Bedroom-20168,train
a97dc075-2b8b-4964-878d-976792ce71de_MasterBedroom-8841,train
56c0b91b-90d1-4d15-9a3f-5ebd47dda561_SecondBedroom-5683,train
709c571f-8ef6-4de4-85be-45ce8caa899c_MasterBedroom-17212,train
d1ae0261-6f61-47f0-902d-2c92b4822c4f_LivingDiningRoom-18095,train
6a14c9df-bb67-4cc2-a6c5-9e5093024506_Bedroom-10136,train
d6cfb01e-6757-48ab-9112-66c3c4454a9d_SecondBedroom-10884,train
23b1facb-b178-4875-86c3-1a2a853a3dae_MasterBedroom-14546,train
1d3e057a-fdb4-4414-883f-b68776ee0763_SecondBedroom-38751,train
d7be9a98-68a9-4e31-8371-41bcc7c66eef_MasterBedroom-224,train
cfdf4d87-2b14-48f0-8fad-629c917312d4_Bedroom-106236,train
9ec57030-6db6-4eb0-a0e1-5d1478906827_LivingDiningRoom-13962,train
29de9cfc-57d4-46d9-a40c-bdc7991f6902_MasterBedroom-1054,train
d859ce89-1e14-4ef8-ba97-f6631f3f0b87_LivingDiningRoom-17104,train
b01ce063-9f82-43ff-ba61-bc70986128a4_MasterBedroom-25057,train
e51bcbec-e156-4642-bbbe-249212378ba5_MasterBedroom-95281,train
c7f22934-9a25-418c-adaf-4d23a6447d63_MasterBedroom-816,train
a0ddfc6b-c089-48b7-ab01-96701bd379ea_MasterBedroom-9433,train
6d13bd56-8931-486a-8490-61752942a6de_LivingRoom-43669,train
11e72915-3639-4dac-88d7-38e98a329e86_MasterBedroom-1167,train
44077407-784d-4f64-9af1-790a19a5aef0_SecondBedroom-19446,train
f2773a3a-b8fb-4b98-8d6a-be6de57103ee_LivingRoom-13428,train
12cc5ada-f116-4e16-bcc1-f1ac7bc6ef50_SecondBedroom-57502,train
edabd944-0255-49c9-a7e6-b509cc392a67_MasterBedroom-17609,train
69cc1796-5e17-43c1-9dc8-e5193206eba2_SecondBedroom-27973,train
109a8e42-f7d7-4893-8262-f2030072b760_SecondBedroom-38244,train
e0f35822-09d8-453c-bf87-55f85387ad17_MasterBedroom-116808,train
8efb867d-c198-4e93-b29f-58b4056d423a_SecondBedroom-585,train
04845e59-1343-4f1a-91b1-169aa5a08443_SecondBedroom-39915,train
f50fc676-d5e4-45ad-89f8-11d789079dde_LivingDiningRoom-4010,train
bd4a031d-17bd-4375-8d1b-9338f4a0622c_MasterBedroom-1503,train
1c815e3d-b8bc-42fa-944e-8278b7cd9acb_MasterBedroom-29660,train
d9853b19-5834-49f5-8f78-9975aa5f5575_MasterBedroom-11504,train
21bce930-fd0c-4ef3-be2d-6cdd5bb3a8c7_SecondBedroom-8848,train
d07f94d4-1eeb-4a27-a6d9-6433fffde056_DiningRoom-2029,train
c3b5ef1d-9ca1-4c6f-b793-443d7682f970_DiningRoom-7122,train
2a23f8b0-9cf7-4655-be69-10508912fc99_Bedroom-563,train
9e7fc1a1-6a12-4766-81c8-5e2cf29ac49f_DiningRoom-22610,train
dea141ae-047d-482c-8838-2c3c0c7d80c1_Bedroom-65,train
2d2070db-89e5-4ade-84e5-0f446ee02e27_Bedroom-10640,train
d9f80253-8c05-4c78-9464-230008591d38_SecondBedroom-15519,train
8df6c006-6c38-4c65-90d9-017a26b63d4b_LivingDiningRoom-563,train
0a25c251-7c80-4808-b609-3d6fbae9efad_SecondBedroom-60495,train
15239adb-29d9-4e61-a6ea-8ff199b8d4aa_MasterBedroom-49878,train
d36f79ba-3eaf-4cc2-b3b0-87c7e0d0775c_SecondBedroom-16763,train
6843f446-eb87-4f4c-b6f7-9b1b4d03f3eb_MasterBedroom-13746,train
7d6bfedc-a000-498d-993d-62099a5fa5fb_Bedroom-9227,train
360ff522-f387-4714-b1f1-c4092d5167b4_SecondBedroom-17616,train
5921e046-ab2d-4451-85bd-6a31b71c2f4e_SecondBedroom-18314,train
cbe73169-04cb-4457-9c31-16238a55f48b_SecondBedroom-52543,train
31067a38-bcda-4496-9cbf-f0d8e538ed7e_MasterBedroom-15309,train
42da194b-3b73-4d6b-b7bf-2e1e53e64355_MasterBedroom-5861,train
fd9ec869-05a9-4f85-8478-d3932abde306_SecondBedroom-68666,train
2aaecec7-63e5-46cc-bc6e-5a78282af3b4_LivingRoom-60895,train
a50b6ec6-e668-472f-a741-514c9bfef011_SecondBedroom-36289,train
0018b6c8-c3b6-4fb8-a640-4b9b0b763254_MasterBedroom-282636,train
7e335c82-9746-4c86-aa62-8dbd2725a9c3_MasterBedroom-6619,train
6d23e6ae-d566-4dbf-ad54-083abdb5e74a_MasterBedroom-18725,train
f451b16e-3457-41e1-8f08-b56265549833_LivingRoom-14930,train
dd6bddd4-69e6-4636-a698-33c6efba7a7e_MasterBedroom-1767,train
2d485e95-fb65-44eb-ba85-0de22a0b80f6_Bedroom-151327,train
df23a0f7-9992-4e91-ba9f-e4cdcf677816_MasterBedroom-6775,train
f44dc241-42d4-43c8-a017-9d6d52a0e75d_MasterBedroom-28445,train
1316cc69-c622-44e9-a683-8aeeae46c2da_Bedroom-21840,train
03636cbb-ce09-43e6-bd86-a73cd92a8578_MasterBedroom-21103,train
8c31d21f-f082-49a4-886c-912c321d6244_Bedroom-66596,train
52b6a7c2-509f-4253-a562-27347f318b05_LivingRoom-288,train
19cccb78-90a9-4bcb-8fe0-76e92a94a35b_SecondBedroom-33314,train
65e91b0e-4855-4f99-9ea0-4091b011e323_MasterBedroom-26181,train
1448feb3-c86d-40d5-9259-32835abb85c6_MasterBedroom-15089,train
9bf58256-675c-40d8-a685-e1496d9b84a7_SecondBedroom-68695,train
5fef6bd0-837a-4ad9-a6fd-4b9ce517701b_LivingDiningRoom-68606,train
3187cbc7-4da1-4ae6-811a-96adc72cb1d2_SecondBedroom-18044,train
7f4b525c-6962-4d55-9947-fe8b92f54900_SecondBedroom-3022,train
0eee2f23-0f2f-4beb-9712-c54e8dd6bd9e_LivingDiningRoom-5388,train
8278f1d9-9da7-47cd-bc34-2e476e2bda69_LivingDiningRoom-39667,train
27871446-7da7-4557-b554-dca744d3ea87_LivingDiningRoom-4585,train
6845a1ea-b5b7-496c-bbf4-0ba36d9a115b_DiningRoom-4627,train
c0da586c-04ed-4208-b3b9-21f2c0992e55_Bedroom-227,train
c15251b8-f844-46be-9d3e-9302dc494945_SecondBedroom-13488,train
35970ff6-4588-4bcf-8461-16448f1d0650_LivingDiningRoom-233,train
4437505e-b0f4-4dc9-ae75-1186ca6d6d2e_Bedroom-14,train
5d778814-7181-4c54-bf6c-b1ee5691cd85_LivingDiningRoom-12191,train
015c0c73-e5fd-447d-9919-acf4786db46a_SecondBedroom-3516,train
7a017832-f2a1-4e25-917f-7ad8dc2a62d1_MasterBedroom-1087,train
929a3154-f313-4960-8f49-23b154678d48_SecondBedroom-12689,train
ace13641-659e-4668-8d02-3cc4a05803a8_Bedroom-10749,train
479c05de-800f-4eec-a64e-961eae9f568e_DiningRoom-19388,train
5a81f6c1-4742-45b0-9a1c-61fefae41430_Bedroom-35352,train
26c70049-0c0a-4726-a1d0-f488da44d1ef_Bedroom-33048,train
9b4a16d5-f0b3-42a0-82a7-f5fdc2114c40_MasterBedroom-49298,train
967e40cb-ac87-4ff0-90f0-f775d80ca4ae_MasterBedroom-1051,train
1dc74c70-21d3-40c6-8bd4-afb94dab934c_Bedroom-13239,train
40de1b9b-b29b-4e8d-a403-b6dfeb1c77d4_MasterBedroom-6663,train
c14818d6-0797-4cb1-8218-432f76c8955d_LivingRoom-5655,train
af17e492-9278-4023-9c48-c289e819a641_Bedroom-388,train
8360c9a4-f5ea-461f-8a0d-278ca17eb5dc_SecondBedroom-129545,train
71d6b0a5-ba83-4df7-9a6d-703eedb14e20_MasterBedroom-1763128,train
52f5e304-6cf7-4900-829b-de79d530b0d3_Bedroom-169,train
e51180c9-2e30-400e-86c2-957f044e13c1_MasterBedroom-9748,train
143df637-91d4-486c-ae5a-8cb482fa1cd7_MasterBedroom-11355,train
1fea9ff4-18fe-4b4c-ba7e-2087d8124063_MasterBedroom-29281,train
4448c201-24bc-4eb1-b534-87f656f3094f_DiningRoom-11196,train
4135af07-0edb-47c3-92b2-852b30c3c93c_DiningRoom-5692,train
f975259e-3295-4fd2-b0b1-f300c3ed3d3d_DiningRoom-21509,train
1c924224-5cfa-4933-901f-596707001a91_MasterBedroom-112394,train
6bb3d777-55c4-444a-abc7-dfd0bfeb00ec_LivingDiningRoom-29413,train
1e4c1b89-895e-4663-9469-f2e837fb39fd_MasterBedroom-118594,train
2ea863a1-3dc9-4c00-8cb4-dc4b19c40589_MasterBedroom-13158,train
76e3732e-9326-491d-a741-dbb8899d03dd_LivingDiningRoom-34192,train
56539026-2d77-4f19-88ee-ca390f01e145_SecondBedroom-37984,train
b5a9d6e9-11f5-45d1-a45f-a02b59823001_MasterBedroom-11918,train
f086151e-64f0-4fad-b373-22c20dfc2fce_LivingDiningRoom-5082,train
305d3251-8f1e-4cca-9227-011187146d89_SecondBedroom-69136,train
620192ba-29c5-4d21-a924-5393d0d8f4fa_LivingRoom-3540,train
4f2012c0-ec3b-4fff-9cd4-68c37fe42ea1_SecondBedroom-49725,train
17e306e9-d763-405c-b6b6-a418dfadecfd_LivingDiningRoom-232,train
738b0195-666c-4e04-a95a-f667ab0529d7_SecondBedroom-15823,train
fbb124a7-d4d2-46a0-9465-fc790f714350_DiningRoom-13727,train
031fba32-7c48-4c1e-8342-aab66d6e531f_LivingDiningRoom-5339,train
3d00a520-dfe2-460a-98d6-c0cf07c0fe02_SecondBedroom-7785,train
03386199-b47b-4417-85cc-cba4e8d28ee3_LivingDiningRoom-46824,train
af3a0928-2e39-4864-9f53-d17205cba116_SecondBedroom-5710,train
3fcbe74d-fbfa-469a-908f-668b33f99dcc_Bedroom-99976,train
d8ab9e37-606b-4073-859b-14ac3c33eaf2_MasterBedroom-24658,train
129c9a2a-f789-4cd0-82c0-2b6d5293c45f_MasterBedroom-32473,train
30365113-99d7-4c1c-b4a4-19a20b566ba3_MasterBedroom-3269,train
6799c7da-4248-4fa1-9d6d-c8acf521a414_SecondBedroom-13218,train
6d13bd56-8931-486a-8490-61752942a6de_SecondBedroom-41025,train
c55dd0d4-1191-44b5-8afe-8e0d0c90d8cb_Bedroom-14265,train
8dfa4d3f-19a9-45cd-a5ce-7da970ea36e3_SecondBedroom-47089,train
5894e989-ba18-4007-a1ca-6dc2c517c212_MasterBedroom-198576,train
68aef3df-2608-4b26-bbf3-8533bbeb9445_MasterBedroom-37530,train
d42a800f-ad34-4c25-92c5-a1103a256fe8_SecondBedroom-259637,train
5d3bcbca-1efd-44ab-8425-e1c59a800ced_MasterBedroom-30460,train
52871dba-aa08-4845-8cd2-c514060c698d_Bedroom-13686,train
9a26b2a5-3a4f-40b8-93b7-dec4feef5f38_SecondBedroom-2000,train
285b3ba8-3c18-44ae-8d99-6601d44d1ab7_MasterBedroom-15131,train
8dc8fc67-db43-418b-b333-702af39ce83a_DiningRoom-69515,train
7ab9613a-1489-4fd4-8bb5-cdef94c6ca1b_LivingRoom-11224,train
deeab9a9-dc28-4fff-a2b0-6e4eec1b60dc_MasterBedroom-11650,train
d97a1fd8-ec70-438d-a7fd-a7badea1eda3_LivingDiningRoom-11440,train
5993e12c-fc44-455b-a974-f3a456cd68d5_MasterBedroom-24481,train
49e4ea38-fc5a-4356-80ad-9160b04c55fa_SecondBedroom-54811,train
36678f29-129a-40ef-b197-a2c3fde6778c_MasterBedroom-2856,train
3436d038-1d66-4ee8-bbbe-89ed6a9f8ed9_MasterBedroom-13508,train
8c9e0171-56fe-4ae6-b003-bb9d35bac067_SecondBedroom-992,train
84514efe-79b4-4995-bcf9-735b593f9fcb_Bedroom-20113,train
79432d9c-5809-49d5-80c4-a20eac526210_LivingDiningRoom-1334,train
e2bae01c-2956-4025-8b86-7a8592b9e831_MasterBedroom-29555,train
29008880-a914-4152-9397-c417745998d7_Bedroom-29259,train
288e0e0d-63cb-4aa4-83ce-836128375eaa_MasterBedroom-20327,train
5d778814-7181-4c54-bf6c-b1ee5691cd85_MasterBedroom-8587,train
7314ce1d-276f-4aed-acaa-872172155163_MasterBedroom-73650,train
2fca4177-ee2b-4165-aad6-3ad38d344655_MasterBedroom-9481,train
3bc6c458-c350-4da0-a441-c882bbb05731_LivingDiningRoom-20064,train
624ea9fb-febe-49ae-98c8-d5cd01590a09_MasterBedroom-242754,train
09389527-fe13-4cc0-841e-c5e21d1aef0a_DiningRoom-41637,train
8abd4a65-e5c5-4edb-b494-7ebd05ff84b9_MasterBedroom-10682,train
877816d8-eff9-4884-8c9a-fbad50a7b5ab_MasterBedroom-11456,train
61157ded-23c7-49b8-97a1-7ab2283a3258_SecondBedroom-636,train
aeb21673-898c-41a2-a813-ab4b61ae542e_MasterBedroom-33506,train
63c32cb2-840d-4e30-9482-6219da6d8713_SecondBedroom-18803,train
3abf3ff3-5ba9-439d-b4c8-49a9e3c11556_LivingRoom-25582,train
26146707-fd21-4520-b1fb-2ff93b2560e3_MasterBedroom-15661,train
7b6e2c62-4717-405e-a343-327bf2b938a9_SecondBedroom-11050,train
09762406-ead0-4f30-8d34-04b534d7a3f5_MasterBedroom-79904,train
c07f558e-acf1-4bc1-9ad8-2cf78ca8295e_SecondBedroom-3286,train
d7daadd5-83b3-4c03-883e-2da01c76401e_Bedroom-1715,train
103cce55-24d5-4c71-9856-156962e30511_MasterBedroom-89620,train
b6e6f6a4-9407-4911-9b72-c336a59545e0_LivingDiningRoom-5442,train
871a8a69-b714-41c1-9950-0b8235baa52a_MasterBedroom-14861,train
ddb1220c-cd70-4c09-8dfc-758f19807b7d_Bedroom-12371,train
98048467-1c7a-461d-8fd5-29f1e5c12c97_MasterBedroom-3425,train
1738bb5e-a0d6-4820-ad10-f3c4bf9533e9_LivingDiningRoom-14929,train
ec4ce2f3-bf90-45ed-b90a-84f89d87afba_Bedroom-21938,train
d532808e-59b6-4222-8e09-13fe41bdf133_Bedroom-21632,train
997b4bce-e106-4c9a-9df6-3ac82127a7c5_SecondBedroom-147068,train
5d9ce2ba-db3c-4c78-8c5a-3bdb1d61de88_LivingDiningRoom-7287,train
ef49fbf5-040b-48d1-9370-e6d496b8d1d0_SecondBedroom-7697,train
da11cee3-8781-49fe-9f85-0ff8fa06e676_Bedroom-35970,train
d7366a84-972e-454d-b574-271f0c72e04e_MasterBedroom-628,train
e3311e06-ea16-45e5-9d71-24ac8cb73050_MasterBedroom-226184,train
234635d0-a5cd-4544-85cf-ab9acd974978_DiningRoom-77348,train
b40dbb05-821c-45f2-9ae6-e02e97c70c80_SecondBedroom-16492,train
545a2079-3533-45e3-8893-4bd9b90cbf10_SecondBedroom-31759,train
4b9140b1-ff90-4f44-aab1-35d08d1b1511_LivingRoom-16096,train
930621ed-def9-4e62-998a-5c121b87055f_LivingRoom-18816,train
b917e5c2-0271-4419-a3ae-65be2c108114_SecondBedroom-7694,train
6fa4b760-4273-4eed-a627-43068ea14b62_Bedroom-237,train
573a0513-8b6e-4fa9-80ab-edd333fefdd9_SecondBedroom-184694,train
1ac5c316-3dc5-4ed2-8348-76715cfe4837_MasterBedroom-42154,train
05796624-b872-4ad6-b769-3d10f6e6b2f3_Bedroom-4850,train
d6bd0000-bdbe-487c-b1b4-cb57cff99d89_Bedroom-1137,train
555d38a7-689e-4340-ae91-a9a1dd650216_Bedroom-29707,train
c4378074-7728-43be-ad20-6811c648d5ad_LivingDiningRoom-4294,train
c9bdf08a-2b29-419b-9a3e-8452b6cc9dd9_LivingRoom-611,train
dce67d70-f3ce-4696-b473-589b1a66f880_MasterBedroom-32667,train
503ebcb6-9815-4412-90ea-f0bbd59ddbe9_SecondBedroom-143,train
00321452-517d-431b-a21b-f52750684910_MasterBedroom-7594,train
bbd4d848-5cf2-4680-b508-bc13325d27b4_SecondBedroom-13208,train
e00c171f-748b-4d28-9e6a-3ebeff291323_LivingDiningRoom-9621,train
0e91094c-3cad-424b-bc52-a451bcd66587_Bedroom-21295,train
be5538a6-455b-486f-a46a-fd03d864587e_DiningRoom-26814,train
ea74c6b6-9d8b-46bb-bea4-b08ecce7e2a7_MasterBedroom-2243,train
ea497775-7cb7-4f4d-ad49-eeae6970961d_LivingRoom-4789,train
c69b9977-decf-4f27-b1eb-da633f72cdae_LivingDiningRoom-13633,train
26146707-fd21-4520-b1fb-2ff93b2560e3_LivingDiningRoom-15610,train
77bde924-9493-422b-b436-97dd4f1afd28_Bedroom-9265,train
48bbf3cf-fc51-4b2c-a4fb-377c9f0918ae_Bedroom-13201,train
68983107-a915-404b-be96-20a030c59591_MasterBedroom-20685,train
4801e1fe-d026-4e42-9c7b-68961ab25943_SecondBedroom-259226,train
5d916ba3-e843-4e95-b76c-389f80893169_Bedroom-23983,train
a0e57ce4-f5b5-4ca6-b46d-513cca1e290e_MasterBedroom-11778,train
b80d85e9-bdf0-456d-b7f5-e4ea871e488b_Bedroom-2582,train
f378812e-7afa-4eba-ab73-e537abb57780_SecondBedroom-103807,train
f8c4e5e9-8ba5-4694-8ac1-4823082e99d8_DiningRoom-12276,train
25b989a3-3bc5-45fb-93a9-7d9c52217e15_SecondBedroom-12283,train
65a7ec51-0813-4bdf-9f92-cb4a84b0d4c0_SecondBedroom-182759,train
3a8ee0ff-5ff4-47df-81ab-c3a522237eef_DiningRoom-10922,train
45e7004e-bcb4-4f00-b475-4771e68d28da_MasterBedroom-102831,train
e8f14d6c-c37d-4ad2-9cf9-cdd57cdfe2b1_Bedroom-19071,train
0c3c3fdb-6f91-466a-8784-17f8f2a12632_SecondBedroom-14900,train
213cf747-e1bc-45cc-aa5c-3f20450abdcb_MasterBedroom-20681,train
862269d5-f301-4857-90ea-df3b2d848997_MasterBedroom-8733,train
5d9ce2ba-db3c-4c78-8c5a-3bdb1d61de88_Bedroom-4797,train
66b69643-63fc-4eb2-9f38-293e23ff999b_LivingRoom-111675,train
dc5bd6be-b704-47b6-8539-b096765c7041_DiningRoom-39011,train
109aae3e-2fef-4732-aeee-f2897e73a694_DiningRoom-14238,train
3f4239b6-b737-436b-a0e5-136eb9692c1e_SecondBedroom-18175,train
dbc03869-0db5-4896-9251-068efc97f961_SecondBedroom-889,train
6a03badb-61ab-4e22-9564-de2fd2ed1938_DiningRoom-25528,train
8e234f22-483c-4dfd-9ce5-cc2d052a97e8_SecondBedroom-380,train
159a7b33-c633-4a75-8ad6-00b62bcc81e0_MasterBedroom-21432,train
af50bca9-1d0d-4eaf-9e81-9f8fc643949f_MasterBedroom-20881,train
657c9da5-231f-4357-a8a4-21229537cad7_LivingDiningRoom-16798,train
51375fc5-dd6a-4e5b-bd10-be734156418f_SecondBedroom-44058,train
acb8fcb4-8679-4fda-90e8-4d8c2ac42ae7_MasterBedroom-6656,train
aeeeea78-c030-4ea8-bedb-6688383c7b37_MasterBedroom-27387,train
797a6beb-75a2-481a-a15d-5d761cbe4bea_MasterBedroom-1102,train
3187cbc7-4da1-4ae6-811a-96adc72cb1d2_LivingDiningRoom-18022,train
5fe21893-ef9b-479f-9b9e-dd9456c0e41e_LivingDiningRoom-2620,train
4f847ca8-17e6-4256-9737-9fd7befeebf3_MasterBedroom-273,train
2d821cac-8858-4661-bdce-4ef65f59af0e_SecondBedroom-5349,train
ba13101c-01ff-41e2-be9b-aaabbeed1c6f_Bedroom-2246,train
13e45e23-425b-47f8-8187-d1aa23dc419b_SecondBedroom-407,train
45f82c57-4293-48eb-b0dd-378f97cda662_SecondBedroom-32099,train
717acc1d-2b59-4dfb-9d9f-6863b548a1ec_SecondBedroom-11545,train
d88c6598-b40e-4ea8-ac07-f4f1d80d7f31_LivingDiningRoom-17293,train
6048ff60-5420-4ad5-ab02-856f989ed67d_SecondBedroom-1955,train
0298054f-93f3-4365-8724-484202d53981_MasterBedroom-49696,train
a9efa7e9-ca08-4e7b-84cb-a1cbe3a71211_LivingDiningRoom-43160,train
c8819e35-7f93-40de-98b0-3e62db618e8e_SecondBedroom-7807,train
5d7a783f-3bb8-49af-b05c-b67c87c5ce66_SecondBedroom-100315,train
c3164354-e3f5-4e95-ad54-dd9254316d97_Bedroom-12047,train
18e61c1d-d0e2-440b-a095-79acffaeebe4_MasterBedroom-15334,train
f1a605ec-155d-48fd-ac89-d54c3ebdbfb6_MasterBedroom-4922,train
00c0c75e-1c12-46b3-9fc8-0561b1b1b510_LivingDiningRoom-1344,train
6e356720-39a8-4843-874d-a71efc4fb1ff_LivingRoom-2159,train
b6167446-ce9d-4bc0-bc2e-e6026d939a3c_SecondBedroom-14359,train
df5730b4-3000-496b-869c-0fb8d4853f55_Bedroom-52368,train
5d3bcbca-1efd-44ab-8425-e1c59a800ced_SecondBedroom-30632,train
54b8104f-05e8-49a4-a8df-004a3ed42064_LivingDiningRoom-34577,train
a7449906-43ae-4a5c-871a-51db33ae4608_SecondBedroom-22460,train
ff39ebbf-6599-4edb-bec9-480ad1de6115_LivingRoom-211,train
597ab527-f011-4680-87a1-342a8f0223da_LivingDiningRoom-11815,train
4b41ef33-c496-455c-b8f2-aa32d5152878_SecondBedroom-10891,train
bc3508cf-b422-480f-baa2-80fd11a6a11d_LivingDiningRoom-17385,train
10e2d93c-2a82-49f2-a95c-7598d24901f2_MasterBedroom-8118,train
09909663-6896-4cb8-993e-4417342d8d44_MasterBedroom-14958,train
492f7d99-2d61-4c57-a95b-f83d9bb4f2eb_MasterBedroom-11013,train
370938e1-1b18-46cb-874d-a23ceeb0cd1e_DiningRoom-15022,train
caf8c80f-961b-4b3f-991a-e1f9036efaee_LivingRoom-45932,train
26978a48-eab2-444c-9a0b-2fbfb1ace40c_MasterBedroom-1003,train
590a815e-df76-4dfe-bc5f-b4ee2c0d5740_LivingDiningRoom-139436,train
6a50a50b-b1a9-4755-8785-3cca0c80a2ad_SecondBedroom-1440,train
5e2a38d6-75b9-4f91-a688-a2f3141230bd_Bedroom-7470,train
4e307a7e-f510-4aca-ba9e-8328b05abe3f_LivingRoom-5633,train
075080a7-16fa-4a42-a267-401d5a957c0d_MasterBedroom-54235,train
863e7831-9dbc-442a-842c-0fdd6b3d40b0_MasterBedroom-31419,train
574e5085-0f12-43c4-8254-59d8408c0c27_SecondBedroom-37702,train
d7ceb50f-a367-4c65-b961-71a77ef1967d_LivingDiningRoom-16634,train
572ac6d8-8391-4ff1-9997-958b465ec352_MasterBedroom-16178,train
948056f8-df36-499a-b159-d02346e75255_SecondBedroom-968,train
ebbca084-db5d-4491-8fdc-dafa44c1ad3d_LivingDiningRoom-8006,train
a4f2ad71-da05-49c5-aa2b-a50abdd814f9_MasterBedroom-8798,train
54234f8f-0f41-47d8-911f-506320aa75c0_SecondBedroom-24608,train
337b9770-f524-48fb-914c-89dd9f2d927e_MasterBedroom-6351,train
7ca411ef-2290-4db5-aeac-34f1a96f664e_Bedroom-3587,train
6e356720-39a8-4843-874d-a71efc4fb1ff_SecondBedroom-117427,train
83ecfed1-fa86-410e-bba8-37fe041bce65_SecondBedroom-125678,train
b7f5c276-55d1-4faa-8b6e-eca7e0273648_SecondBedroom-10321,train
0857b91d-e04a-497a-ac00-7d912e032e99_SecondBedroom-4383,train
8278f1d9-9da7-47cd-bc34-2e476e2bda69_SecondBedroom-26472,train
76e408e8-8b96-4bbe-943c-e5c43fb963d9_DiningRoom-9293,train
47bdd0ae-6956-469e-954b-680655c6252b_SecondBedroom-6146,train
e3674f54-28aa-44af-8651-c98d831ef27e_LivingDiningRoom-15529,train
4fcf48c3-1191-4ddf-9a93-d8771a6928de_SecondBedroom-14607,train
39549a42-25c9-4b10-bbdd-9c3ea5c47186_MasterBedroom-246,train
7d35e4ba-137f-4f29-a62c-7b80ea8f4a14_DiningRoom-62423,train
8f254596-568c-4620-9717-aca507beaffd_LivingRoom-2668,train
6c6da165-485a-41a8-9870-75cb9f39c017_LivingDiningRoom-37289,train
8abd4a65-e5c5-4edb-b494-7ebd05ff84b9_Bedroom-6636,train
6bc28ca2-2555-49b4-816a-042ae648f4c6_SecondBedroom-48703,train
06fd7746-9abf-4430-b674-a6b904d5f1a3_Bedroom-68029,train
09604ef2-3910-435f-8875-02bbed9909a5_MasterBedroom-18093,train
8922b89d-1e81-4dcf-93e0-09cc99666061_Bedroom-7980,train
1f5872d3-0ec8-49f7-a821-d660c794ea4a_LivingDiningRoom-11325,train
82085a6f-82f5-4a49-a5b1-3f69e530edb0_MasterBedroom-5215,train
4a97a190-268c-4b0a-adb2-62e3eb5a29ec_MasterBedroom-35072,train
998ca0a0-ee00-4323-b2ad-79b858ffb0a3_LivingDiningRoom-17088,train
23c4cd36-eee4-4bd4-93c8-0b07d192d1ef_MasterBedroom-20776,train
a5d1492c-2e00-4992-8375-23efd0389ab3_Bedroom-1529,train
871a8a69-b714-41c1-9950-0b8235baa52a_Bedroom-14731,train
157620f5-804d-4fb4-ac22-bfd514951c74_LivingDiningRoom-3376,train
b9301a72-5a7b-4ab3-bcf4-aa7f67112747_Bedroom-15959,train
1ecf4f03-a7cf-4d84-b332-4d58894afd6b_Bedroom-75674,train
b8b0933f-ecc1-4621-b7f3-ac01261917f1_LivingDiningRoom-11919,train
c3a81890-b4f1-4944-96a1-318dff7f3980_MasterBedroom-34469,train
b34db318-8b66-4bf3-aa2b-23448e51fcc1_SecondBedroom-1986,train
7a067d61-81c9-49d2-8e3e-af63794d9a1a_MasterBedroom-2940,train
88b5a171-9136-4bb0-8d8d-43937f8cd9e4_SecondBedroom-11688,train
5bf68c41-3c78-42f5-a77c-bc6c95e051fe_MasterBedroom-38249,train
4126063a-3bca-45a7-b20c-d668b139eefd_SecondBedroom-14726,train
912682a8-3a2a-46ea-9430-a32af806ce3c_LivingRoom-26168,train
312c3afe-ae86-4823-b67e-292660fc85f8_SecondBedroom-739,train
dcdb0e30-12fe-426d-9cfb-f163940668ea_Bedroom-13276,train
b090fa20-9b1c-4c5e-bcc4-e83c44cc84c2_Bedroom-15797,train
a7203875-f96f-43b7-97db-af7d0b822189_MasterBedroom-4384,train
fc9c89c7-c736-42ca-bda0-21c253e76b3a_Bedroom-49471,train
4846c351-6019-4a91-80ee-4888147cb903_SecondBedroom-17873,train
75652f7b-3a8d-44d5-8474-47dbbfb62681_SecondBedroom-8426,train
fce9aca0-ed23-4c5e-88e9-0b8782e63339_SecondBedroom-15092,train
5b8a2b9a-e7bc-492a-8deb-412f60e05148_Bedroom-7011,train
a2a8f036-c0d0-4d57-b55f-f6aa5e56d7fa_SecondBedroom-12933,train
eb8a0928-94bb-4434-bf48-07f311399345_Bedroom-311972,train
6788eee2-b676-41d3-9811-3a2a32248c06_Bedroom-8226,train
bf18f2a4-e180-4990-9ebb-1e52f4ab4e37_MasterBedroom-56404,train
8442cc57-83b6-4c2a-b7f3-ed7cc2780098_LivingRoom-17283,train
8555557f-34b5-485a-a0f1-db9ee2580959_SecondBedroom-110849,train
6a03badb-61ab-4e22-9564-de2fd2ed1938_MasterBedroom-17535,train
d5789823-32cf-4d9e-ab09-536884de8aac_SecondBedroom-45332,train
a0fc42de-e479-416f-b9f0-e39d823af4b2_SecondBedroom-72989,train
86bbd7c6-31bc-423a-88ba-554381085ef4_MasterBedroom-11896,train
3cb92d64-e832-4c05-be86-a286b92a1ac6_SecondBedroom-1622,train
d4d0237f-a66b-40cf-bf85-56e11cb20602_SecondBedroom-2936,train
3cb1b735-8b88-42ee-ab06-4592c359b291_MasterBedroom-480,train
11163921-47e3-4f3b-a7a2-c436c322b64c_MasterBedroom-8388,train
a7f64d89-c953-4ba9-bbd4-6f74eb69710b_LivingRoom-18042,train
847a92f1-3150-4808-a2cd-06fa68ea03ec_SecondBedroom-6704,train
ca6b2909-f007-4599-aee5-1c9c51550cc2_SecondBedroom-72478,train
d4d0237f-a66b-40cf-bf85-56e11cb20602_MasterBedroom-26744,train
8eebb493-c733-478d-a90b-b43620d3291a_Bedroom-61862,train
118b3f14-ed71-4c7a-93d2-b02a5b12ba11_LivingRoom-7470,train
9818c527-02e7-47f1-b816-83fd72177a96_LivingRoom-67001,train
d90e4b61-1b9c-4065-b973-2f6f22120acc_Bedroom-16311,train
e123f56a-fca9-404d-b857-b465a167d940_MasterBedroom-10075,train
bea8daca-ed33-4be2-881b-2732f35a9171_MasterBedroom-13825,train
aa772832-5eb8-4470-9a7e-39f965b45060_Bedroom-1833,train
69bdd28e-52a7-4be1-be76-21c660e66a43_SecondBedroom-6621,train
0380a4ca-bd26-4f49-9a5e-a00765aab879_MasterBedroom-35489,train
fd9ec869-05a9-4f85-8478-d3932abde306_MasterBedroom-72669,train
3ca68de1-56b8-4aa8-8995-968f6df2e52d_LivingDiningRoom-64294,train
1cc0fd55-1c5a-4885-a2de-f30c6d387353_DiningRoom-33249,train
bba8c5f2-10f0-4917-b26b-82fb076a97b4_SecondBedroom-7682,train
a655711b-402f-4e32-8db5-456bbbff373b_MasterBedroom-13810,train
1a8dbd8d-0025-4373-8b94-ee9dd9fa7295_SecondBedroom-40509,train
ef2017f0-bd05-48e9-bb25-a7469c906b48_Bedroom-12411,train
d752939f-39fe-4ce5-a86c-174eb509f137_DiningRoom-98809,train
79090604-70df-47d2-98e7-62087f358e6e_MasterBedroom-10664,train
54f2ad1d-ba3f-4c61-a8b3-68bc90ae15b9_MasterBedroom-25762,train
98d10fb0-300f-4ded-a42f-06855b4d865a_MasterBedroom-10267,train
3e81e810-e8a3-4afa-b737-5cb99895ab82_LivingDiningRoom-9479,train
11261c4b-35d8-422e-b517-ab73455935f6_SecondBedroom-7947,train
b4551582-1fbb-4320-bac8-74655b3babd1_MasterBedroom-31997,train
61939f19-9114-46ad-86c6-ab10c1668ed7_LivingDiningRoom-17356,train
77e1f059-5450-45c2-ad28-d464e0180094_Bedroom-8158,train
5b903de7-1d5e-4b42-adf5-b474942abf5d_MasterBedroom-44572,train
4331de47-48f4-4954-88d5-2752e0030845_SecondBedroom-56385,train
8c7a71d5-01c0-4537-8669-5c58b8054102_MasterBedroom-5149,train
f975ad76-0f30-4485-9388-a6c019d19b38_Bedroom-131,train
6845a1ea-b5b7-496c-bbf4-0ba36d9a115b_LivingRoom-2136,train
4846c351-6019-4a91-80ee-4888147cb903_LivingDiningRoom-17826,train
677d7c8d-5f1b-421e-bbf4-d729ee00dadd_LivingRoom-1253,train
2d5c6029-ecfd-454a-969a-af5bafd30e3f_MasterBedroom-24185,train
63c32cb2-840d-4e30-9482-6219da6d8713_SecondBedroom-13577,train
df4aa773-33a5-4f86-9f57-9ce2d6f0e36f_MasterBedroom-24711,train
82139c38-28e9-4c1c-8c59-eaffa520c98f_MasterBedroom-120163,train
4ae64ebd-5968-4246-bc51-d1bcefab622b_SecondBedroom-22522,train
af474567-7aec-4b7f-8e0a-9054871beb8a_LivingRoom-33315,train
ba3cc79f-78b8-413d-892a-11124d3add39_LivingRoom-38688,train
320753f3-80d9-4237-9f59-38c4201a2782_Bedroom-4256,train
234635d0-a5cd-4544-85cf-ab9acd974978_LivingRoom-77421,train
baae19e7-6509-49a8-9f9c-9c43592d4740_SecondBedroom-16071,train
131fb697-ef09-458a-b28d-df6f10798fb2_SecondBedroom-86380,train
73828256-c8de-4bbd-9400-095b1243642e_Bedroom-2858,train
5dd0cc02-00d5-42b1-8ae0-948137fcb432_MasterBedroom-29109,train
af04306f-ef15-4b0a-ba75-1e499b3f3ccd_LivingDiningRoom-29341,train
6d3ebe90-a07a-4c02-93c6-a997c9890cc3_MasterBedroom-72870,train
8920f107-0501-4193-8265-26184aae7b28_SecondBedroom-69015,train
c5c79d19-eb16-4099-8dd4-13a3b59a9bdc_MasterBedroom-25342,train
0bb3d53a-d91c-4f86-afb3-0fbf0e35d1d5_SecondBedroom-11167,train
0298054f-93f3-4365-8724-484202d53981_SecondBedroom-51128,train
bbc1b345-a8db-4c3f-a70e-12f59d11410b_SecondBedroom-1603,train
38989644-ba58-47b8-abad-1bd9d4271fe9_SecondBedroom-57811,train
3f00a056-ba0a-467a-9565-0326eca9cc5d_MasterBedroom-87369,train
715cd0a2-3c66-4f33-b9e9-e8c13aea5eba_MasterBedroom-72062,train
12d55a0f-c015-4a15-a64e-883547a6a645_SecondBedroom-941,train
35a3b63f-83c0-4bdd-aef5-4f7c5df8c5d7_SecondBedroom-4278,train
c83c564f-ceb1-4cd0-b171-7eb26a283b24_MasterBedroom-6907,train
20eacf16-7515-43f7-a452-72e4e8ecef45_LivingRoom-3973,train
a68c6257-db07-4f5f-ae13-ec2878d3cbe6_MasterBedroom-31598,train
9b65961c-da2e-4758-97a3-21702e5e8931_LivingDiningRoom-23971,train
7dbb372a-75d0-4e3d-9954-06240f8bb8ad_SecondBedroom-1862,train
7d0025fe-7e83-4aa0-a37a-cad6c0474c07_MasterBedroom-29731,train
00808820-c206-4cc8-98a5-6b7d2ff364af_SecondBedroom-19183,train
fce9aca0-ed23-4c5e-88e9-0b8782e63339_MasterBedroom-17480,train
f0799208-0c33-4b7f-83a0-51eff554453f_MasterBedroom-17289,train
80c650a0-8b67-44a3-ab43-bf5c96522bea_DiningRoom-15480,train
a4b4d452-05f0-4c77-b367-cc0799a1f996_SecondBedroom-41859,train
dbdf84ea-3a94-4c7b-b0bc-f6ca6fd2a62a_MasterBedroom-16793,train
dea06c5b-ef2d-4101-b5ef-3f8397cbf002_SecondBedroom-40604,train
56ef3577-9ca2-43b9-8971-47d6c88e1008_SecondBedroom-35832,train
ec35b52a-c501-4e1d-b186-b50e8f97d8e7_MasterBedroom-542,train
d86f03dc-7900-486d-97f2-4eba7f7f41cd_MasterBedroom-32955,train
06782800-ab9b-45dc-b3ac-7069eeb7f5cf_MasterBedroom-13931,train
9fdf3141-0670-4eb5-b37e-aed37d45b260_MasterBedroom-7336,train
d19b8b80-a9af-477a-bf3f-41cd20cf840b_MasterBedroom-23278,train
56400f40-07af-405b-b3f5-577245b13ce9_DiningRoom-78525,train
0ec2bffe-f8a9-4b36-96e3-0b56200dd722_SecondBedroom-18135,train
794c22b8-0dca-4ce5-b1aa-f4235950fe43_MasterBedroom-16392,train
529be18a-a998-40c9-89ea-074be3172e1b_Bedroom-85414,train
64e2e0ba-3769-479d-81d7-c870da620b07_LivingDiningRoom-27857,train
aa4f6995-3c16-4b8b-9925-91df49b5711f_MasterBedroom-57920,train
be1f3c71-ec18-4ebd-be16-1e0c43738d39_MasterBedroom-27279,train
c23b1aa8-3e99-4598-8171-7f10483da1c9_SecondBedroom-106269,train
99d95fd4-d3ee-4a45-b84e-7df7c69b7687_MasterBedroom-69896,train
525c4166-1792-4f4a-a9c2-1ea260cf6e39_Bedroom-8490,train
72fbdea6-2af2-4c2a-bf00-0d4d90bfa334_MasterBedroom-7158,train
f623fc6b-ed49-451d-9858-85a3c1091631_LivingRoom-21654,train
a5a40e5f-d289-4d2a-96e5-9de97ae2220f_MasterBedroom-12835,train
58064c7d-8e8b-4149-9b3a-672cf22d4733_MasterBedroom-9298,train
0ed3cea7-f8c0-4f91-87b8-9414ec60a713_SecondBedroom-1621,train
b4605349-5ca9-44ec-bb78-1edf5fac49b5_SecondBedroom-44692,train
43b85f54-1a49-413f-8b9d-2858c270c442_Bedroom-2457,train
61157ded-23c7-49b8-97a1-7ab2283a3258_MasterBedroom-3595,train
b146d9b8-b24e-49b2-9b56-bc63b7bd8f50_SecondBedroom-10318,train
1a0c2b43-bb99-48e3-91ff-cac02daa791c_MasterBedroom-1448,train
008699e0-8d00-40f3-92b4-72347fa892c1_Bedroom-518,train
09da55e8-7969-4f80-bbbf-1b4450339558_Bedroom-2422,train
3b5a9dae-0314-490c-b0ff-5ee9edfa4741_MasterBedroom-31582,train
793eccb1-f86a-4998-a4e9-0ab8b96bcce7_DiningRoom-4028,train
a0b8b195-676d-47bd-afce-3e135b8fde83_MasterBedroom-22922,train
57713c25-228a-422e-9399-3a2c9ffcbd1a_MasterBedroom-23296,train
5cafb089-f3ce-4d70-a322-39e30c010b0c_SecondBedroom-12164,train
6bf1f96b-80f4-4b28-9e1c-2ce2e48e7ad0_SecondBedroom-168927,train
48f46060-74e1-4c5e-befd-7d3ac5a6d9b1_SecondBedroom-9498,train
1f44e5e7-2f9f-4a7e-a1f9-2424bf23e780_MasterBedroom-54208,train
644dba87-0d65-4897-912c-38185791b3c2_SecondBedroom-116544,train
49832d73-cd59-4b63-87b8-2a2c945b526e_MasterBedroom-5547,train
0d36da0e-6a48-478e-b1d4-d4a2adaebfb6_SecondBedroom-1314,train
1652d2f7-4a27-402e-8f22-0b0625256e8e_MasterBedroom-10667,train
9e50138a-d669-41f1-9dcf-3c77fdb17397_MasterBedroom-1462,train
1e7966ed-1b5b-426b-aaef-395475df7dcd_LivingRoom-151420,train
245f332a-ca6e-43e4-9d9f-fb3e03598b4e_LivingRoom-61164,train
22ab3b63-db92-4737-bdca-6aeaa111e541_MasterBedroom-11265,train
56fedd11-b226-4c51-8d89-552caf24487b_MasterBedroom-19251,train
a1af2150-95a7-4047-82e3-6b4c22875390_SecondBedroom-142,train
55483029-ddcf-40cb-931e-bf9083cdf0e9_MasterBedroom-65092,train
0e373951-83a9-43e4-83cd-febb0ead7c9a_MasterBedroom-45353,train
ea107e07-4507-4189-aa07-445d944d5fce_MasterBedroom-40319,train
79c940db-6486-4930-896f-dd205349df5f_LivingDiningRoom-52730,train
6845a1ea-b5b7-496c-bbf4-0ba36d9a115b_MasterBedroom-2083,train
a3e1afe7-f89d-44f1-bcb9-a4086de781f8_Bedroom-4858,train
bda7b747-840d-4de1-88ec-03aaab4aef7a_Bedroom-22071,train
f409bc31-7e9a-4bb2-b577-449ddb3ea00a_Bedroom-21016,train
a408330c-e39a-4fdc-a4c5-642ba7438298_Bedroom-62619,train
8321a64d-d3ba-4901-b3d2-2b3d1101e529_LivingDiningRoom-63349,train
bb378de7-a4e8-4631-a67d-372ee3510dc5_MasterBedroom-77395,train
c2d57b49-fc5d-4fb0-8024-b7e7302dc3fa_Bedroom-17608,train
13a2bf30-781b-4328-aa2e-47a78ffedfc8_Bedroom-3620,train
d0615bd5-c5af-474b-a2bf-c434fcfaf74c_MasterBedroom-110,train
73726d4e-12e5-4828-8faa-b4baa3a4a52f_LivingDiningRoom-504,train
be37ae8e-a3aa-4202-a812-9be187c941b5_LivingRoom-31397,train
93328727-1859-40e3-aaa3-f6ce629675dd_MasterBedroom-81930,train
04773d20-6f81-4e68-a72c-2e0e0f1d73b9_SecondBedroom-44725,train
f43f6f88-1a91-4732-8924-a5d5a9fccadd_SecondBedroom-40528,train
ceabd33a-d3dd-4500-9f44-a65fb285bff2_Bedroom-73888,train
6a74b670-98f7-4c5c-956a-5883a94ca5d7_MasterBedroom-44714,train
c75712a9-38a0-4ae9-b5dc-7404e3b34fd5_LivingRoom-55,train
6490d051-3de1-42b5-970f-c940ae01730e_Bedroom-35900,train
8055ba97-ba26-48bb-ac1b-8ed9b3330d62_SecondBedroom-92373,train
ba833fcc-9594-4662-a631-1cd9f01a1ead_Bedroom-46678,train
c9b3ee78-9e2f-4634-b5fd-b7a0686a511f_Bedroom-2336,train
93e914f5-081c-43d8-89ee-986ce6ef1707_Bedroom-24461,train
ddf7cd3b-79ab-4f7f-ad53-34b6d1cfdb38_SecondBedroom-12920,train
1c15614e-3995-4ed4-9091-5e0dad0090b5_MasterBedroom-3635,train
bba7604d-83c8-4331-8222-c6654ffdb072_MasterBedroom-16961,train
f655b350-074a-4b5e-ae1e-ede74c0e75ec_MasterBedroom-79012,train
1a336564-b639-4d0c-b57e-f1e4f0ffeee6_MasterBedroom-28365,train
58c205ff-e76d-4941-80a4-44d46b10bf8e_LivingDiningRoom-262051,train
af499dad-69c6-44e1-937c-e8d1a8fe197c_Bedroom-411,train
bd590377-7a74-4991-8d13-260fae63ceae_MasterBedroom-28904,train
c66876f8-2836-4330-9868-87108bf52d1d_MasterBedroom-4830,train
7cb44194-7156-4c8f-94dc-3c0322833ef1_SecondBedroom-1632,train
be642e05-b8e2-4acf-b43a-4765248f1996_LivingDiningRoom-13912,train
0b527162-1129-4d0f-9601-1fa2c2b5998e_LivingDiningRoom-7812,train
4afc655d-557d-4e0b-9bcd-47e65fe0ad02_Bedroom-6853,train
1426a7e7-7805-43ca-b258-05c9b637375a_DiningRoom-2817,train
1c36e327-2733-4f9d-a270-06c172052031_MasterBedroom-12767,train
5d64d4b4-14f6-4334-a81e-c0e4891c95c2_MasterBedroom-15154,train
d7f58cb3-294b-4406-8220-be5438da8611_SecondBedroom-20838,train
29de9cfc-57d4-46d9-a40c-bdc7991f6902_LivingDiningRoom-2143,train
8e41bf97-c27a-4f1c-9208-1a31f9611d5f_Bedroom-2035,train
acb86b11-fe85-4f83-b47c-c6243982298a_LivingRoom-824,train
db3662d2-4985-49f8-aaad-3ae88da58577_SecondBedroom-29217,train
c75f9c75-5902-4ba5-ba0a-62510d5dfaf8_DiningRoom-26076,train
9f690000-5197-4ba8-b2d1-e1f1e4dbe9bc_LivingDiningRoom-1431,train
9e84166d-ff70-496e-92b2-489f58936fbf_Bedroom-2588,train
8f254596-568c-4620-9717-aca507beaffd_MasterBedroom-2630,train
95519d76-eb3f-4da4-87ea-6fb4f065371e_MasterBedroom-949,train
e659092e-6b62-40b4-a6e0-26801c6b7fcf_Bedroom-52264,train
4448c201-24bc-4eb1-b534-87f656f3094f_SecondBedroom-10954,train
9e5862da-3d4b-43a8-95a2-49258c575822_MasterBedroom-42336,train
3cb1b735-8b88-42ee-ab06-4592c359b291_SecondBedroom-127,train
6379e703-a2fb-4d36-a417-30e0357a31ad_MasterBedroom-116901,train
0ed2f341-9ad9-441d-a33c-ace6a9f741b4_LivingDiningRoom-7751,train
181fa1b2-dd7a-43c3-b09c-163924bb37de_LivingDiningRoom-758,train
7cc4bac1-fbf8-41c0-aafa-d782916e93ad_MasterBedroom-13683,train
be37ae8e-a3aa-4202-a812-9be187c941b5_DiningRoom-31322,train
99fbb361-8436-4e2c-9ba9-f9293a0062e4_MasterBedroom-40818,train
d407615f-6bdf-4ebb-8d2c-74e1f09088bf_LivingDiningRoom-3209,train
dea8e07c-6c70-434c-89d8-7c1b718bf171_DiningRoom-27853,train
da87cfd5-cd48-4394-90cc-ac1765458c3e_Bedroom-4544,train
173d8bac-a580-4cfc-9138-2a27aa020f52_SecondBedroom-11828,train
5a2857c7-b831-4e4a-b56c-24bea08a9aaa_SecondBedroom-1238,train
3e038beb-1cf4-4a16-8775-cf225873aca9_SecondBedroom-7904,train
36aba4dc-b636-4f9e-9fdd-d76717918c3b_Bedroom-28379,train
14f828a2-182c-4085-b40b-2e2bf97b9aa7_SecondBedroom-27606,train
c8819e35-7f93-40de-98b0-3e62db618e8e_MasterBedroom-7747,train
8458bf29-9feb-4dc2-a804-bb2f7b9be0b6_LivingDiningRoom-57979,train
a1efe26e-57c1-4624-ba4e-27c75f2b684d_Bedroom-22329,train
83261694-9e42-4893-aab9-9d2c669490a8_Bedroom-15373,train
2160a773-b01f-4521-9771-c8dcb024f203_DiningRoom-11145,train
4a577e5e-fbdc-4da3-906d-23e3456d166d_LivingRoom-42021,train
217a37c6-075b-4f4c-a0ab-196e07bb5f3d_MasterBedroom-52550,train
7b5be71a-0038-4387-8913-65eedb4c5c52_LivingDiningRoom-25555,train
e59618e8-5343-4f81-9906-360b10d2f935_LivingRoom-539,train
20e0f217-6f5a-4a9b-a9a2-5c1eef113c79_LivingDiningRoom-25199,train
4693ef91-67c6-4e65-87c5-46b53aa23445_MasterBedroom-1762,train
0de89e0a-723c-4297-8d99-3f9c2781ff3b_MasterBedroom-16791,train
83873897-a199-40c8-94f4-34a5f25f53ca_MasterBedroom-3451,train
6b2a7e3f-4f6a-487e-9da4-9f30a0f064c9_MasterBedroom-15945,train
97089e6f-2c65-4a2a-96cf-6841c0a238f5_MasterBedroom-60200,train
30f12fbf-3033-4c68-878c-497d0251b75a_SecondBedroom-58235,train
47230ba1-5a12-450a-80da-80527cc31c35_LivingDiningRoom-6087,train
6330b5d1-becb-4208-8040-d3f04361e1f9_MasterBedroom-78755,train
ef543f0b-22b8-463f-9def-0bfa6cae51ea_MasterBedroom-79424,train
79090604-70df-47d2-98e7-62087f358e6e_SecondBedroom-8681,train
f32ae7af-2144-411e-b8f4-d83da5a4f44a_Bedroom-24581,train
3dbc0dcf-2035-49da-8b9e-ba7189feb9ac_SecondBedroom-2906,train
871a8a69-b714-41c1-9950-0b8235baa52a_Bedroom-8660,train
706922ae-ac4e-4495-af82-91ffa695bff2_LivingDiningRoom-8120,train
73d7d368-1b45-47cf-bc56-a786c7bb0b40_Bedroom-11819,train
d99124eb-078f-480a-805b-b605da337245_SecondBedroom-578,train
6a8ad1d5-8c81-49bf-a752-fbe9448ff3b1_SecondBedroom-36408,train
5cafb089-f3ce-4d70-a322-39e30c010b0c_LivingRoom-12207,train
11abab51-40d2-4dc7-a106-e262ee0f792f_LivingDiningRoom-5684,train
40c54a07-55c4-4c83-9624-957261e07ab8_MasterBedroom-65728,train
8061b714-949a-4a46-a6d2-69085c163cb3_Bedroom-21704,train
cc7791a6-d2bd-4386-b94f-bfffc868b67f_MasterBedroom-37858,train
d4ab07cf-fc3d-4b62-bf91-01525ca31d1e_LivingDiningRoom-11167,train
8563478a-b3c7-482c-850f-910502fd4e6a_SecondBedroom-34825,train
b3d57bb3-3859-4986-8da8-568bb1095d43_SecondBedroom-18838,train
22a9347f-33e4-4e68-94d6-fddd0786f95b_SecondBedroom-14024,train
00fe8139-76e8-42b4-bb41-7f9f085ac351_LivingRoom-15506,train
a7640bcc-e2ca-4b7e-806e-e6deeaf02fc7_MasterBedroom-28862,train
9adbd726-3ad6-48a9-92b7-a6422544193f_Bedroom-3132,train
9f524658-1955-42a7-a344-eeb240b23267_SecondBedroom-89516,train
bfdb8f3c-7980-4db2-8517-64523b20b3aa_Bedroom-19428,train
78f54b4e-5031-4aa4-bd58-6a287cd64dc3_MasterBedroom-17598,train
ad0426db-a9e3-4428-989f-c2c38e1157c9_LivingDiningRoom-326,train
00110bde-f580-40be-b8bb-88715b338a2a_Bedroom-43072,train
c76960e2-bf7d-4cec-8ead-554c40227983_MasterBedroom-11395,train
4b18584d-3740-40f7-b344-5fbd98858ed8_LivingRoom-88425,train
4f96ac65-dfa8-4186-bf66-48b3b01f9e6d_Bedroom-9169,train
c5024b66-55ff-4d88-a820-b4a4a4791259_LivingDiningRoom-2447,train
0ed12a92-fdda-4476-a267-e076b77646c5_MasterBedroom-3202,train
72fbdea6-2af2-4c2a-bf00-0d4d90bfa334_LivingDiningRoom-6461,train
8d976618-aaea-4725-a3f3-e63870e87163_LivingDiningRoom-880,train
bc610c89-14e3-4971-9067-51f6d8a2a924_MasterBedroom-8499,train
e5c7cabf-6a21-4575-b2bf-e9fe187eb6f9_MasterBedroom-16132,train
f772e87d-44c4-4821-b975-ef8af7bd0a68_Bedroom-764,train
0eb102fc-89cd-4d87-a289-c4b3ee55d44e_Bedroom-20752,train
a4a6dbf2-4558-4f48-b567-392202358792_Bedroom-35514,train
08c22a05-81e2-41f4-8e22-c707aa082bdd_LivingRoom-17951,train
f9ec2dc6-6ce7-4efb-b1f8-6275c8a282e7_DiningRoom-132563,train
b3e144d5-4a91-4d8c-84f2-1eda6a4947e8_MasterBedroom-10518,train
af7bc99c-1565-4ceb-8cdf-05088a7a6718_MasterBedroom-25034,train
f792305b-73a1-44ca-a818-33a0172a3a18_Bedroom-4076,train
6417999f-abfd-4c11-8ca1-0100d8738214_MasterBedroom-6822,train
3ed02f51-4e42-4b78-9829-44ac6f2f52da_MasterBedroom-108697,train
c2dfd20c-5d38-4c45-8583-ac436d0ce2f4_Bedroom-50925,train
c9e81151-4655-4615-8988-03ad824d5836_SecondBedroom-2034,train
5d39c6a6-21d1-4448-8421-2a8cedec9fed_SecondBedroom-2072,train
0047c3ab-951b-4182-9082-b9fbf099c142_LivingDiningRoom-2065,train
bf869394-db5e-43ef-a664-aa863b99cf55_SecondBedroom-3301,train
ce427ceb-7eb7-423e-b68b-d01cf1fa516a_DiningRoom-34207,train
c79ea3a9-687f-4db2-807a-0b7a85714342_SecondBedroom-8120,train
6e3dbf3d-cf2f-41ea-adad-c6a40129c200_Bedroom-3916,train
af30f054-a88b-4acf-b497-5f67cbd25af6_Bedroom-110163,train
583eba18-07cb-439d-a095-3118a9281de8_SecondBedroom-176067,train
5e3197f7-6c45-480c-874a-0481e33e6caa_MasterBedroom-488,train
1cdd5670-0523-46bb-8623-f9ad63f4c878_SecondBedroom-2103,train
234f5661-8d9e-499b-ae27-ee5dfe702e56_MasterBedroom-33779,train
4a9d830e-7de9-470f-a2f5-90b7cd1c233e_MasterBedroom-12936,train
fe717e28-bb7e-4705-a176-b78780ffd7ad_Bedroom-10293,train
0e1e24f2-72dd-41db-a26d-ef81d18d3de7_DiningRoom-675761,train
fd987ee8-eeac-4d95-a947-306db2feada5_MasterBedroom-11997,train
329e33f3-ed03-4147-9389-c3573e7e54b7_SecondBedroom-1059,train
45dddc0b-2505-4dcd-b07e-f0ff4e5c90d4_DiningRoom-4528,train
0337f31c-ff58-48a8-8a03-1db9f02e6471_Bedroom-451,train
69f5f12d-6174-4f47-aeaf-e6ad01393ac6_SecondBedroom-315405,train
3016ecbb-ddfd-4a33-a2db-0245e539ac6e_SecondBedroom-25516,train
98d10fb0-300f-4ded-a42f-06855b4d865a_SecondBedroom-10251,train
34162b32-057e-4069-98ad-eaa186cd5370_MasterBedroom-6682,train
e37ef24d-fe80-40e7-a744-51122067af5a_SecondBedroom-7328,train
6545c2f0-4a9c-445d-af62-879cb4bb769c_Bedroom-7459,train
05aa0174-838c-4255-a34d-1b419365f7a7_SecondBedroom-5150,train
4b048449-ce93-4461-9113-2969ee735a95_Bedroom-6314,train
f2993a42-1e68-4247-98f1-8eb62109d7c9_Bedroom-62617,train
5f664372-7176-4ca8-aad7-e98fc86a0b53_SecondBedroom-9950,train
fbb5e9c8-a731-4c49-9a11-176820219861_SecondBedroom-25080,train
8267a9b2-ea3f-4c0c-b45a-a2b025d41c03_MasterBedroom-17823,train
5ec747dd-d7be-41b5-856c-215d4803d281_SecondBedroom-19303,train
aeeeea78-c030-4ea8-bedb-6688383c7b37_LivingRoom-27368,train
72cfe763-f119-4fb0-a697-5a56cf3b8289_MasterBedroom-39683,train
5e435d6c-8d14-4cc8-b9e3-cd8e194b20b6_MasterBedroom-16200,train
64567682-0316-4217-b190-975dc4ff0266_MasterBedroom-11146,train
719cc7d0-b17b-4241-b345-82c06da7b60b_Bedroom-21829,train
54b8104f-05e8-49a4-a8df-004a3ed42064_MasterBedroom-33231,train
b398f479-12fe-403b-93b6-7b856b6779b5_MasterBedroom-5403,train
81dc4064-023a-41b3-adda-8a5ac462dc13_LivingDiningRoom-54190,train
f371cee2-4111-4f1b-b60f-707e8ccc68a8_MasterBedroom-68024,train
ebb55c6a-0af2-4727-ad86-b18d0061a415_Bedroom-25883,train
d1951fba-7ccf-4642-a054-839cbc9ee0c7_MasterBedroom-13694,train
88c063af-0d7d-4f18-ad36-a226497e25aa_SecondBedroom-13179,train
87517851-90e9-43ac-a6b7-c9cf83a99874_SecondBedroom-1916,train
36449723-a4a8-4ee1-9f0c-0baada1ab3d8_MasterBedroom-7524,train
46d37cd0-5b76-4fdd-ad97-efc7ea3ef346_MasterBedroom-8686,train
89fa67ad-b45d-4ed3-9e2b-9371df9625e4_MasterBedroom-10045,train
cfdf4d87-2b14-48f0-8fad-629c917312d4_LivingRoom-105598,train
4d10e9a9-1df6-499e-80dd-987053e36daf_MasterBedroom-52661,train
3187cbc7-4da1-4ae6-811a-96adc72cb1d2_MasterBedroom-18110,train
4252f77a-ff14-44a0-b4b5-f18c7db19bc2_SecondBedroom-3914,train
67963b4a-1283-40ef-82a6-41c6dd279e0e_MasterBedroom-44641,train
36678f29-129a-40ef-b197-a2c3fde6778c_DiningRoom-3929,train
1cc33f5b-a9f0-4f6c-a859-25ccf28ddfab_MasterBedroom-275,train
c747001e-0384-4137-89f8-5091370971fe_SecondBedroom-100203,train
cb9dc855-72d5-43f0-957e-627bbbe902b9_Bedroom-15622,train
82d13473-977b-457d-9e8a-6604dfe72c89_LivingDiningRoom-8375,train
29aa7167-1c46-4ce0-8c58-3cfb7a7d15af_SecondBedroom-69556,train
30f2574f-dd2d-4e97-a937-dce8be2af98e_LivingDiningRoom-118911,train
4f96ac65-dfa8-4186-bf66-48b3b01f9e6d_LivingDiningRoom-10362,train
76b9e260-e7f4-43a2-96bc-45ddfc3e3c22_MasterBedroom-38344,train
1bb9605f-fd81-45ef-a483-85c41038bc80_MasterBedroom-2035,train
b5515a75-9d29-47a1-a8dd-c61224c8d170_Bedroom-582,train
d96a5189-b481-4705-b283-a202d1b19bd2_MasterBedroom-92088,train
84bf591e-7035-41e7-8e3c-23b6ec81cc6e_LivingDiningRoom-10021,train
bdaeaa5c-d79d-4540-a08c-be2cda8c5eb3_MasterBedroom-7220,train
e32456e9-1d2f-4a1d-a84d-99e309fb1b3a_Bedroom-1862,train
e812a184-e26d-4700-b7b1-940b7cfbcd43_MasterBedroom-10156,train
38d90d55-8add-4c08-b054-4fe57e4768e5_LivingDiningRoom-15208,train
adbbe0e9-068e-4deb-a11f-3131fe24c384_MasterBedroom-32008,train
cbb1452c-db03-4283-b18e-a6ed577d4bd7_LivingRoom-2715,train
201dac8c-a9e2-44bb-9755-5eeda7b8f26a_SecondBedroom-55438,train
d4624691-343d-46b6-b82b-9019115d642a_Bedroom-113,train
d814978b-2875-4835-9341-011d9cfdf166_Bedroom-5668,train
a7ad1a14-1721-4ecf-ab23-813defaa75f1_Bedroom-10390,train
b24a914a-20b4-409d-a658-29296b8e15b1_MasterBedroom-27711,train
3dc195aa-0a30-440e-bf84-5f1995ec1c3f_MasterBedroom-1150,train
64321004-c08d-4334-984b-4bdbed4895d1_LivingDiningRoom-70212,train
549abbb2-a523-4004-a217-d6bab54f94dc_Bedroom-12991,train
6130928e-d71f-451b-862c-b6e809a85096_MasterBedroom-19072,train
f48a21a7-a87d-434a-8626-4fe208c06877_Bedroom-207,train
6f969906-b789-4a47-a930-008d35ca0458_Bedroom-1541,train
de01b3cf-cf60-49b5-aa31-3180baa012ea_Bedroom-44928,train
b9e0dff9-03dd-4c4a-a00f-0b04b45d8df4_SecondBedroom-59226,train
2c693484-0e24-48ef-9b64-b41633a35bf6_MasterBedroom-470,train
a33765d2-6c9f-441e-a839-5de9d487648c_SecondBedroom-22622,train
9867e853-a25a-42ec-bb4d-06bb1bce0023_MasterBedroom-77600,train
dc44410d-8a89-4099-ab84-4444b9ebbcd6_LivingRoom-37001,train
69b82978-76fe-43cc-b88d-92b7244ee573_LivingDiningRoom-15465,train
f11aa158-fcaf-4b0e-86b8-17e51ed32c18_MasterBedroom-23047,train
46e6bd47-6594-4cad-9cc0-b94f7bd116e3_SecondBedroom-9110,train
2da2523f-1852-4a2a-9809-37dba6c8b959_Bedroom-13499,train
9652d9af-4b4b-4359-a3ea-dbcd06b1658c_Bedroom-5521,train
1ba9ae7f-5074-4b11-9b38-43ea7e5ff693_MasterBedroom-38133,train
dc9bb316-cdad-4925-bc31-95e6867648a0_MasterBedroom-8653,train
896678cc-190d-4208-95f5-28911b3905c3_SecondBedroom-426,train
b0a8d6bf-9a2a-4a9f-bdeb-a08fcc6bea11_MasterBedroom-54784,train
43d5ff43-aa14-4d56-8092-cc6ba1ae01e7_Bedroom-2257,train
08c22a05-81e2-41f4-8e22-c707aa082bdd_SecondBedroom-18046,train
9fc84985-1955-4003-83ef-43970b1418a2_MasterBedroom-8979,train
1e4c1b89-895e-4663-9469-f2e837fb39fd_SecondBedroom-118528,train
430331c7-7d91-42c1-83d7-47774a4e1b41_MasterBedroom-3673,train
47f45b86-8dd6-4cee-bd43-9c32a777dd20_MasterBedroom-8822,train
4e29b979-61ea-4b91-865f-7c45b6a6f4cd_SecondBedroom-262,train
9c20cc98-5aca-45b2-be1f-880f6959e5b2_MasterBedroom-3545,train
386553cb-c7ee-47e6-926a-679a9e65fa1a_Bedroom-23021,train
8fcb1678-644a-4fd9-b956-231be0805cfd_DiningRoom-43342,train
906c7fc1-5bea-4ba0-a40a-adc132247a6b_Bedroom-5740,train
2fee88c4-7d23-4a57-ac24-ad3c1eefb992_SecondBedroom-4082,train
2d4dceda-1875-4f72-9bbf-d12cb8d9c7a6_Bedroom-124,train
fda72039-c926-4c5a-9c51-627a0ab5d3ca_LivingDiningRoom-2328,train
bbed00a6-d2e0-4f55-a5cc-09db9e3dd6cd_SecondBedroom-45688,train
fb76c361-48d1-4450-a4a3-0b9bea32fb8e_Bedroom-35064,train
549659d7-3221-4642-991f-2e25264efb21_SecondBedroom-10577,train
b7df67ab-a4be-43ba-9069-eec82b12673d_MasterBedroom-17451,train
5e7daec3-6980-46cc-855d-8465774001a4_LivingDiningRoom-569,train
b3756af5-3246-428d-be76-57b1decad705_Bedroom-2284,train
43c9cf5d-4c59-4130-bbc5-dd9c6ec4c4d0_LivingDiningRoom-34404,train
0106f9d2-5779-457b-9b8b-72942373d42e_MasterBedroom-10670,train
09defafb-4bb8-44ed-bd94-cd9359b14bb2_Bedroom-70996,train
bc409ec3-1ce9-43a9-a47c-7cfa5822cea3_MasterBedroom-350851,train
30c0c5d6-30c7-43fc-95b1-e7424df97d77_Bedroom-35027,train
e5203f49-b5f8-49c0-b07c-775eaafbce33_MasterBedroom-13978,train
2a4d6f1a-5f28-4cba-8895-a0221e4f3dee_MasterBedroom-23537,train
cb300b0a-3072-44a1-9f4d-dd75497ab9c5_MasterBedroom-3151,train
33fabe16-27bd-473f-b361-5904fb1c8baa_MasterBedroom-11742,train
df23a0f7-9992-4e91-ba9f-e4cdcf677816_SecondBedroom-10585,train
7452348f-f1c9-48e1-ac3c-aa40334c87e3_SecondBedroom-3935,train
c2bcb689-bf86-4b18-9edd-abc5f7a7a05b_MasterBedroom-7914,train
8130be63-1fe1-4c4e-b2aa-d0ee9e7f0710_MasterBedroom-35187,train
46f087a2-fbbc-4db8-ad18-075652edb693_MasterBedroom-23485,train
4c7d3c24-b50c-4a53-84b8-d7620fc6b252_DiningRoom-31660,train
035ad3e2-544e-4093-9621-3624f1b86422_Bedroom-9835,train
761a08d2-d407-4398-a3cf-34601f0d5c95_MasterBedroom-172369,train
d304723a-ffd7-43ba-bca4-5667163a68ff_Bedroom-3336,train
2c36d890-0d02-438e-9dfc-b817f31c3f44_DiningRoom-17537,train
89e34f34-33fa-4090-8388-f912a75e9400_SecondBedroom-153586,train
ee1efacd-d7a1-48c9-bc7e-808187b95022_Bedroom-871,train
19e48746-a5c1-4223-842d-43e28ace0f97_SecondBedroom-7053,train
80362a97-c88e-46b6-a6b6-b8322b826d59_DiningRoom-1814,train
5a74379c-00fc-4e6b-8641-e577a8f0bcc2_Bedroom-27871,train
d63b9c4d-0b03-4e0d-94d1-c113aec32e22_MasterBedroom-47915,train
87be1ce2-89f4-42eb-b7f5-c3f9ca284a28_MasterBedroom-2377,train
5a6cc890-9073-420c-ad20-d8a99f9d4968_DiningRoom-38885,train
33ed8cde-22ec-495f-bbe9-fe35fe87c76b_Bedroom-3895,train
31c76e1b-92f5-402a-8685-63a845bc6c6c_MasterBedroom-2224,train
10551224-293c-4894-939c-8070832cf518_SecondBedroom-5571,train
af30f054-a88b-4acf-b497-5f67cbd25af6_DiningRoom-114621,train
41053719-a949-4424-841b-a29c5d6a079a_LivingDiningRoom-8276,train
4b18584d-3740-40f7-b344-5fbd98858ed8_MasterBedroom-88517,train
aba20980-69fd-436b-917a-5f1324e22852_LivingDiningRoom-26816,train
7a91eaec-bc97-4893-aa78-e02a31f6cda2_SecondBedroom-3246,train
02b90cf0-5313-425d-961e-3151b633c729_MasterBedroom-25712,train
2c6d0cdd-d4f0-4937-8401-3c13680aaa61_Bedroom-933,train
0e419fb6-6c84-4dd0-ab16-a1d561d36e69_MasterBedroom-6134,train
7ae5066e-5b71-4e01-83a1-b37dafed9eff_SecondBedroom-25837,train
41530c87-2f3d-45fc-a696-9e3b276024a8_SecondBedroom-1791,train
bbd2506e-e099-42c7-a950-97854ebf2931_Bedroom-22361,train
ca0f44ac-687c-48e1-9b6a-dd64319d4a9b_Bedroom-44526,train
1a8dbd8d-0025-4373-8b94-ee9dd9fa7295_SecondBedroom-34631,train
1cf0b184-ec22-4fc9-bd59-e7c6f4c4a31c_Bedroom-252,train
cbbaa3ef-e12d-42bf-a8c6-35719d6e86c8_SecondBedroom-74434,train
66f67e6f-2c22-473c-9997-0690a62661ec_LivingRoom-7404,train
e97de662-f2d1-4d7f-9179-ae7718710e88_LivingDiningRoom-60592,train
f8ee1c9b-799e-4137-80ea-b9a5c240d988_Bedroom-6521,train
d03b14a0-31a6-4136-8e7c-d364c7b09955_SecondBedroom-1613,train
5d966bf7-2d76-4b3f-af13-173cb44e218e_MasterBedroom-8546,train
41bc5800-56a9-4a47-80ff-d1bd57ec3cd7_MasterBedroom-22333,train
629cf963-2c15-47a5-9af4-8742592a70e7_Bedroom-3521,train
5f86c744-15af-4c99-80ef-b3608aadbf1b_MasterBedroom-37707,train
4fad04b4-6651-41ff-bacc-b96090d4d66e_LivingDiningRoom-5677,train
e22c70fa-8427-4337-bf22-23496bd5a0a4_MasterBedroom-11557,train
0925adc7-8bb3-4080-a3bc-8bf19d5d2916_LivingDiningRoom-25291,train
6d0a88ea-05ea-4249-b21f-b221cdf826c0_SecondBedroom-3628,train
3fc1b9bb-5392-41ee-b8dc-3ab622be9c13_LivingDiningRoom-26031,train
1139693d-2305-4976-8349-9352e0556534_MasterBedroom-52171,train
888f5f5c-4947-4bfe-b50b-ee6d4f80ae28_MasterBedroom-111919,train
06a40b75-b57f-4962-ae13-a9fb08bf347d_Bedroom-57748,train
177baa22-21a7-4d8b-91df-a6934117160c_SecondBedroom-18352,train
9530cba8-728f-4b6e-8653-d3a023d146b0_Bedroom-16786,train
b0c55578-68c8-41d3-8682-f2b2b0187961_MasterBedroom-20425,train
4184f131-20fd-40ab-ad3e-d4ac14c0aae6_SecondBedroom-15677,train
0ffdc546-d600-4218-8270-90bb71c46a8d_LivingDiningRoom-220,train
015ed8e0-35dc-41ab-9a9e-b3dbba4ec64a_MasterBedroom-33296,train
f9f56ff0-e283-492f-bdee-051c886a9d18_MasterBedroom-8296,train
04f0aee8-b117-434b-bcd2-a78766f49106_SecondBedroom-14908,train
c3164354-e3f5-4e95-ad54-dd9254316d97_LivingDiningRoom-10711,train
d06a7c95-99a7-438e-a271-fe602380713c_SecondBedroom-76,train
b4c7e5bf-1c64-4047-86f0-1534d8735a0d_MasterBedroom-37369,train
1bc22c85-3159-417c-a8cb-4e3788a0a0eb_SecondBedroom-59715,train
6064cd7d-6922-4b76-bdb6-08f50aea6097_LivingRoom-50084,train
5399de83-ec0c-4ef3-a97e-9bef301222d5_LivingDiningRoom-5218,train
876631f3-8f59-4a3b-bae1-8da99beff4c5_LivingRoom-6045,train
328ada87-9de8-4283-879d-58bffe5eb37a_LivingDiningRoom-5343,train
1f564c0d-5012-4448-877e-52d8fe9d8cd2_SecondBedroom-12206,train
61bf6de7-047e-4530-8e11-c647abb78ac5_MasterBedroom-49925,train
e17aed6d-9dc1-477f-ac49-dfe7cc92e871_SecondBedroom-14223,train
46987366-9a63-4f9f-97fd-1bafb4769ef7_Bedroom-47615,train
d209b341-a36a-46b4-bd07-62e9ac82a41b_Bedroom-17437,train
5300b059-7b34-450e-8eec-f9de1b5e030e_MasterBedroom-3510,train
f9b7f141-b314-441a-8d8d-ba7a0227a483_Bedroom-8246,train
b28a98d3-1348-478e-825d-572ee7454666_SecondBedroom-13653,train
116f9473-b473-49a4-a4da-1cf81ba45e3a_MasterBedroom-9217,train
4a7ba61f-f066-48f2-bf13-44c132c5dd89_Bedroom-13336,train
629cf963-2c15-47a5-9af4-8742592a70e7_Bedroom-4123,train
895f6fb5-d110-4733-9257-a46b351a4dd1_SecondBedroom-58860,train
a4d43e3a-2e83-4624-ba8b-79c0b6f32196_SecondBedroom-13814,train
53cf7da8-7c02-419d-bc4a-acf5d4337cac_LivingDiningRoom-6226,train
6a59baa9-90bc-4848-b749-c9e4d9e4d7b6_MasterBedroom-6133,train
c36bebbe-ba39-4667-9507-8899d50b9e87_MasterBedroom-12755,train
b5922b83-8f9a-42e8-b999-680441fd30b5_MasterBedroom-9141,train
e22025ac-49ae-4e4b-907d-99f7053e98fd_SecondBedroom-22933,train
4e90cfdc-f6e6-4097-bf15-0bb61288ca1c_DiningRoom-18090,train
02861dfe-ed53-41f1-b554-b02d0c170c61_MasterBedroom-1422,train
8c069e29-9332-4e92-b13d-a6f190df120f_LivingRoom-12827,train
35667e9d-d406-4e6d-9569-b626b176cd36_LivingRoom-3695,train
5b80db18-446e-401e-909b-747de26f6c54_SecondBedroom-46845,train
e3868792-6c29-4bc0-96f7-302bb742a456_MasterBedroom-67446,train
162df9c3-ddf2-4e21-a8ee-af925c4833e8_MasterBedroom-5621,train
5a5372e5-d820-434d-885d-710887b2b0ee_Bedroom-71031,train
44b61eec-c68a-4691-aa5d-2557b46a3f79_Bedroom-583,train
a5c582e3-749c-4e53-a996-260055e71c97_MasterBedroom-19437,train
cf503fce-857d-4bc5-afe0-e04a1b088cb0_MasterBedroom-1763231,train
a4824c35-ccb2-4e70-89c7-eda575054197_LivingDiningRoom-1538,train
656bf897-705c-4397-871e-13268143369a_LivingDiningRoom-1228,train
c20ab624-9677-40e6-a832-ed2c906e408f_MasterBedroom-46660,train
6be7ef9a-98d9-4d32-8b0c-c0d2b1ca3bbe_MasterBedroom-39028,train
320753f3-80d9-4237-9f59-38c4201a2782_DiningRoom-5417,train
50526848-e51d-48e0-bb9b-3c5c90d76c4d_SecondBedroom-13044,train
7a1e44d1-5828-441d-b041-238b1f0cb76b_SecondBedroom-42938,train
83793e28-7213-400b-b3ef-978fc7962cfa_MasterBedroom-8266,train
b10f3eb6-8b25-423c-ace8-405c48e4294c_MasterBedroom-4520,train
959b2816-7b6a-4096-a02f-0ea7e9a9303d_Bedroom-2152,train
fd0f6fb9-85c7-4524-abf6-4bf928bf92c1_LivingDiningRoom-241089,train
35ba774d-2155-4e86-9bff-a0b7f81919dd_Bedroom-6778,train
7625e6ce-dafa-4c31-8c1a-f3a6582b01b1_DiningRoom-12246,train
7ddfd41d-9e6d-47e0-bd67-eb12580ae322_MasterBedroom-33700,train
21a2b6a2-7126-4727-bf72-68e5f6b57c6b_SecondBedroom-860,train
70d6a3c2-2cc4-4b8a-98e3-2179c03e91dc_Bedroom-23984,train
72fbdea6-2af2-4c2a-bf00-0d4d90bfa334_SecondBedroom-7914,train
9ac55129-3ec1-48eb-b7e1-0ad34ce5dd22_LivingRoom-860,train
f36740a2-e955-492c-9645-c1a2e443e964_SecondBedroom-5626,train
be5b08cc-5357-42d8-963d-9910b2e602d7_LivingRoom-18059,train
9c8f3906-2496-4648-bf73-68538caed694_MasterBedroom-42103,train
8f089406-6dd2-4f6d-9e81-bcc1b5a6fe52_SecondBedroom-12248,train
068b2b34-52cb-4499-b33e-b777e632e4a1_SecondBedroom-13758,train
036bc96c-419d-4a43-812e-1e533d95dfd3_SecondBedroom-114156,train
107179df-064b-4134-b988-82a44d664444_LivingDiningRoom-7057,train
db5a99c8-100b-415e-abe0-bb9dbf261972_SecondBedroom-24115,train
665a5c8c-111c-47da-81f5-daad02321c46_Bedroom-36351,train
a696bf11-ddd3-4313-9c69-a71e6b6dfdfd_Bedroom-13661,train
2f9fc349-3878-448e-8f34-c3660a3bf106_SecondBedroom-4103,train
cfc0e878-ba80-43f0-9a54-45a4850e4ecd_LivingDiningRoom-4094,train
21569333-a837-4228-9440-bfbaf37cd57e_DiningRoom-22384,train
3547f90d-d3b7-41d2-b368-e25153afbaca_Bedroom-137551,train
26eef880-4f22-4cb1-9166-5f52a331834c_DiningRoom-3460,train
02f7ad87-8aaf-49a0-bd98-c010e7b84c33_MasterBedroom-6210,train
5d8c3aab-b20b-4b70-9ca5-e8f8fe59d0bf_MasterBedroom-25534,train
fc2f0a6b-1a5a-40e0-b88d-47e82a30aec7_Bedroom-5564,train
04f7a09d-08be-4e6f-965d-b655e0f654fe_SecondBedroom-30034,train
25f3c57b-baa1-41d3-95eb-bf0b176823f9_MasterBedroom-9119,train
89fa67ad-b45d-4ed3-9e2b-9371df9625e4_LivingDiningRoom-10026,train
48812187-9207-4686-9f6e-e8e1e97eeabd_MasterBedroom-9786,train
798fa7f1-1645-4751-96ca-26d2b834b2d0_LivingRoom-50363,train
5130545c-cb6d-4547-b120-5815531c8589_MasterBedroom-116419,train
244bbf54-71c0-4572-9ea6-765e6faee099_LivingDiningRoom-39494,train
98d50a8c-8f9c-40c7-b306-2b282a3ade70_SecondBedroom-8739,train
5d7a783f-3bb8-49af-b05c-b67c87c5ce66_MasterBedroom-100337,train
47664f37-b639-45fd-a436-20fa2ab72ec7_SecondBedroom-1044,train
2e1c9079-14c8-4459-8831-b63eef7883c8_LivingDiningRoom-14772,train
9ec57030-6db6-4eb0-a0e1-5d1478906827_MasterBedroom-15573,train
f006ad67-40d2-4068-950c-2ce3805d3932_Bedroom-37799,train
1af21af5-a873-492c-b201-c8d3eb4888b4_LivingRoom-728,train
edabd944-0255-49c9-a7e6-b509cc392a67_SecondBedroom-15428,train
0bd1cdea-366c-47b6-a65d-ee7ccde0aaa9_MasterBedroom-1063,train
f2904668-3f84-4395-afe2-2c34074c258f_MasterBedroom-32775,train
a7c63ad9-cf85-43f2-bd62-6222344661b7_MasterBedroom-40171,train
1452099f-bc40-46b3-a7f4-5b5354a60af5_MasterBedroom-5413,train
fbb124a7-d4d2-46a0-9465-fc790f714350_Bedroom-15586,train
9f95c9f8-3e85-4409-a803-807656b46bb2_SecondBedroom-28623,train
1cd0db41-bcd9-4af7-a0be-cce5de62cc35_SecondBedroom-18593,train
a796ac9a-abc1-4003-b7a3-d1e84fb7fc28_MasterBedroom-26202,train
865efbe7-e24e-4080-9c8e-dc6c52180ea6_MasterBedroom-26247,train
334e4726-e94f-4689-8a73-85e93072f13a_LivingRoom-52940,train
142511ba-78c2-49cd-8942-843b89a696d2_MasterBedroom-6654,train
25b989a3-3bc5-45fb-93a9-7d9c52217e15_MasterBedroom-12220,train
f01e1a67-a4cb-4a75-b37d-c473c47319a9_Bedroom-74104,train
4cb1cfaf-4f72-4f09-bf11-895130c18555_MasterBedroom-77618,train
11d9ffe4-5a0b-4fe6-85a0-536423cf0137_LivingDiningRoom-67883,train
feacc183-06d2-4bb4-9c24-a62921abdc29_MasterBedroom-71130,train
bd2aa9dd-15d7-4de3-adec-4bddf66bff49_MasterBedroom-137733,train
66e39970-347d-49c7-9fe0-47e1bced4780_MasterBedroom-9804,train
faf9f588-42e9-4745-bddd-7d6cbf8c4f99_LivingDiningRoom-9123,train
b6fbd17c-7013-4fed-802f-e7075cce8329_LivingDiningRoom-56789,train
f5696e0a-1c20-489d-8eb8-b47d856970ce_MasterBedroom-950,train
c899cea2-03b6-40ca-a583-7319ca3e473e_LivingDiningRoom-81470,train
c5cb9f35-ecb4-4761-ba65-f0e5b10bd40d_MasterBedroom-19322,train
bf16c7d0-b6da-482a-9795-a0c255a5cf2d_SecondBedroom-1752,train
956e67d6-e368-401d-a3aa-b45e401f5121_LivingDiningRoom-1679,train
f92faf3f-2b6c-437c-9942-fd8437292634_MasterBedroom-8221,train
d575f48e-3268-4e38-90e0-53f47168c303_MasterBedroom-5292,train
1a93bbbb-3b94-41c1-bf0c-0c9f29fb6aba_Bedroom-24070,train
e8f90f1b-9c87-4777-b9ce-e678eadb8e48_Bedroom-986,train
06bb7494-bd68-45f7-b38c-af949dff8449_Bedroom-797,train
59ef9f91-1628-4697-8a89-b4bec5320820_MasterBedroom-13112,train
f0203867-54d6-46fd-ba3c-f1519e42b9b5_Bedroom-437,train
101b6d05-6c0d-46bf-867c-16117b06138c_MasterBedroom-67961,train
37fee753-1c40-4784-ab50-4f5d72df6f65_DiningRoom-19325,train
23f42f25-fdc1-4897-8905-c60a4545e404_MasterBedroom-4089,train
6060e648-44c6-42d6-a9f4-f58c5bcff70d_LivingDiningRoom-25741,train
76347b63-6e7e-419e-89b3-0fa82279515f_MasterBedroom-44806,train
f9f56ff0-e283-492f-bdee-051c886a9d18_LivingDiningRoom-8358,train
4879b8e7-75aa-46b7-a835-bc5fcd5f9b23_SecondBedroom-9825,train
1142fda3-e01e-4e24-9f85-e167d25b08cc_LivingDiningRoom-961,train
206ffdfc-12b9-4e0f-89f1-037aeb0e5007_SecondBedroom-11426,train
58c874ab-3398-4a1d-80e9-de1af9b00752_MasterBedroom-34488,train
161cd2fc-819a-4b56-8802-b7cfb2f4e535_LivingDiningRoom-5117,train
31067a38-bcda-4496-9cbf-f0d8e538ed7e_DiningRoom-12114,train
87d50727-70e7-4346-8f30-f00979a98a24_SecondBedroom-27156,train
dde0270b-65a3-4dc3-9c03-b32d90ae0438_MasterBedroom-2294,train
787e7cd0-14ab-420d-8862-b1d45ea47725_MasterBedroom-30192,train
51c7e12f-a8ee-4c53-9ec8-85311bb81075_SecondBedroom-8279,train
f5ee5167-b1c2-4fb2-86b4-5f5b609fe371_Bedroom-12315,train
f93473b4-3fa4-401b-924d-ee78112f516b_DiningRoom-15454,train
0ec2bffe-f8a9-4b36-96e3-0b56200dd722_LivingDiningRoom-18047,train
4252f77a-ff14-44a0-b4b5-f18c7db19bc2_MasterBedroom-1502,train
797dd495-26a0-4bf6-b0c8-c71690e1addf_SecondBedroom-5810,train
78aa7bd5-d98a-4e86-b342-7a00beadb426_SecondBedroom-66096,train
71242564-2de7-455b-b2fb-e191011a248d_LivingRoom-11670,train
a7e374d2-d8ed-4999-97e0-7e5ba98908d1_SecondBedroom-4501,train
91e19c05-929c-416c-99c9-9d5ed3b6393c_DiningRoom-22829,train
d7ac1af8-ec79-41f5-985e-c89109b03fb7_LivingRoom-27545,train
ca0e30eb-62c0-4b91-8df2-1cf1becf6ef2_DiningRoom-15848,train
6bb3d777-55c4-444a-abc7-dfd0bfeb00ec_Bedroom-29441,train
88cfc038-7420-4e41-ad79-b940d31d51bb_SecondBedroom-22729,train
2f0f2f3a-5c75-47fe-8a44-494e9a5598a6_Bedroom-28090,train
4c364533-a3af-4a9c-9ed9-2f40f528fa04_Bedroom-1989,train
1055b740-22c6-429a-99db-97fee8b05751_Bedroom-3173,train
46e18f9a-ebed-492e-b2de-e21865579a35_SecondBedroom-22968,train
49b97a8d-f594-4e76-b347-6455da1eb950_Bedroom-13135,train
c45c5b4c-5fca-43b2-9770-02cd174f24c2_SecondBedroom-72017,train
14ed2c88-fa3c-471c-9801-2685ca9ddef4_SecondBedroom-70961,train
3436d038-1d66-4ee8-bbbe-89ed6a9f8ed9_LivingDiningRoom-13536,train
6dd54ac4-ea84-406e-8abe-b4a602a15851_Bedroom-16914,train
26018cad-b5fe-42cb-9032-9e5a14b45c55_Bedroom-23685,train
2deeee08-d427-4827-93cf-4314c594d488_LivingDiningRoom-20192,train
026d9b2e-f9e3-4754-b234-32e25b1974e5_LivingDiningRoom-64,train
b0a8d6bf-9a2a-4a9f-bdeb-a08fcc6bea11_LivingDiningRoom-57219,train
b60a4f18-3082-465b-b0e9-c0217666e201_LivingDiningRoom-75271,train
9f1fb816-ff49-446b-892f-0cd7d1cd5647_DiningRoom-67006,train
af43eb53-423d-4ef3-8498-d208d22b15de_LivingDiningRoom-128962,train
e00d4702-e681-4d67-90e0-bed64fee50a5_MasterBedroom-12402,train
fde0fdcc-7a6a-4e8f-a1bd-ff10cbb09b29_Bedroom-55017,train
16dfc62a-fd35-41a2-9f8e-6b1c11dc1898_Bedroom-1205,train
d814978b-2875-4835-9341-011d9cfdf166_Bedroom-5097,train
31067a38-bcda-4496-9cbf-f0d8e538ed7e_LivingRoom-12203,train
2ec90c50-4ece-40be-bb69-a2150a4678a9_SecondBedroom-78515,train
930621ed-def9-4e62-998a-5c121b87055f_Bedroom-47007,train
be677899-49c7-4ae5-89f8-7e3b54f37f0a_LivingDiningRoom-16155,train
a5a40e5f-d289-4d2a-96e5-9de97ae2220f_Bedroom-12891,train
347d6023-0450-4d6f-afa4-05345777cff2_MasterBedroom-1409,train
e22c70fa-8427-4337-bf22-23496bd5a0a4_SecondBedroom-11456,train
95519d76-eb3f-4da4-87ea-6fb4f065371e_SecondBedroom-1065,train
5ad33e93-7c6b-4c7d-b0a1-93edeed0d5ad_MasterBedroom-707,train
9c8ed2d2-bfee-40c8-8b9c-12bb456242aa_Bedroom-13907,train
54ac6cd3-5c5a-40dd-823e-c4d159673810_MasterBedroom-70575,train
fb76c361-48d1-4450-a4a3-0b9bea32fb8e_LivingRoom-35461,train
68f61309-f9e6-4dfb-a1a6-82c1bef6b6f9_DiningRoom-23398,train
6c20495f-ce5e-4596-9449-24d924a70160_MasterBedroom-104361,train
a2a8f036-c0d0-4d57-b55f-f6aa5e56d7fa_LivingRoom-12895,train
6f56a549-5f9c-42ee-a484-a5b3a5cff4f8_SecondBedroom-19185,train
05e407ce-9c38-4b23-ae7d-b9036fdb9d67_SecondBedroom-6462,train
7e223a35-096e-44ea-b06f-1a34778ddead_MasterBedroom-25068,train
b45897de-6fe4-421c-b292-dfc31f3880ec_Bedroom-38427,train
b28bad76-991d-4a95-9a37-2934374109e8_Bedroom-20397,train
e49a3f2c-c856-468b-a7fb-0584f5aa91e8_Bedroom-211600,train
1782eaf5-0c55-4e71-8b4e-5d7ba361774a_MasterBedroom-15527,train
31d93b50-3d5d-4962-ab4e-d92c0249ec74_SecondBedroom-27170,train
08cfec4b-56a0-43f0-8428-e31c210d8c6c_MasterBedroom-28090,train
d89ec3f0-de4b-4aec-b6f2-85c5741f636d_MasterBedroom-21186,train
dde0270b-65a3-4dc3-9c03-b32d90ae0438_SecondBedroom-2984,train
7ba97748-ec80-48d5-9456-23f32eba485f_MasterBedroom-1637,train
f0a56d5a-bbd4-44e4-823f-e3f19e25ed43_SecondBedroom-20515,train
40eb416e-d9ae-4c25-8d4c-a2a2306e8a21_Bedroom-6601,train
c1c65ebb-faa1-4a74-abd5-05959bc4e8d5_LivingDiningRoom-13047,train
1e16532d-1ec8-42c6-a66f-ef21e31c22c1_MasterBedroom-7894,train
003ac11d-2abc-44f8-9836-4354e7dfa543_LivingRoom-9232,train
f2469055-5566-47f8-9625-99ea6f74ceaf_SecondBedroom-60291,train
3a0683d2-399c-47fa-99f2-cbb3bff5e156_Bedroom-12351,train
a5763f2e-2b35-4570-aa79-4cfe7eb2e26d_Bedroom-6482,train
9334958c-caf6-4b8c-8334-b924a9483401_Bedroom-12905,train
14219a8f-9d69-4b1b-b43a-cf4d73fda1c3_SecondBedroom-334,train
7b5be71a-0038-4387-8913-65eedb4c5c52_SecondBedroom-25646,train
72f68129-a891-4552-a1bc-641366806b3f_DiningRoom-1758,train
8ad05b8a-76f2-42c0-bfc1-4024351e966d_SecondBedroom-7799,train
41c1a866-1f75-4f21-9408-a4444e8135b2_LivingDiningRoom-12401,train
aa99f279-fc77-45d8-97f8-6d5b9a1452d0_Bedroom-64841,train
3a7b704b-fdf3-4d01-8437-a9519e9d76e2_MasterBedroom-41963,train
04e61b97-0a68-44c5-abae-5219c2d3f616_SecondBedroom-15023,train
9984c540-8ac6-498f-94f1-e11deebd507b_SecondBedroom-1074,train
96ef296c-dfa6-4905-8d84-4f8d706a7ad7_SecondBedroom-6026,train
46d37cd0-5b76-4fdd-ad97-efc7ea3ef346_SecondBedroom-9463,train
db16a13e-2960-4bd3-a8ba-167a00e3ac8f_DiningRoom-8626,train
707a8e25-4a36-4048-a088-303b6a107051_LivingDiningRoom-66938,train
e5a744d6-d36d-4682-877f-fea6e9614c94_SecondBedroom-17858,train
6f9eb9a4-2434-4412-a3a6-b5f91ba824b0_SecondBedroom-11271,train
2029fb99-c3ee-4050-981b-b8b8c7e5077b_SecondBedroom-82001,train
befab963-73d6-4063-a7a3-386024905c4c_MasterBedroom-14272,train
26ede85c-343c-47a4-a84d-6afa5dbae091_LivingDiningRoom-12169,train
31067a38-bcda-4496-9cbf-f0d8e538ed7e_SecondBedroom-7004,train
7c2e62e7-ab51-4900-bfdc-1932415fb295_MasterBedroom-16450,train
f1a605ec-155d-48fd-ac89-d54c3ebdbfb6_SecondBedroom-4588,train
272aba14-9733-4bc1-8ee1-88c4d289fd80_SecondBedroom-1427,train
3bea1f8a-0b4b-4a99-9750-17334bde24df_MasterBedroom-6532,train
203e5f1e-3287-4675-9ad0-37b8810766d5_LivingRoom-16371,train
06a60335-aa4d-4550-9e09-cae4f437988d_Bedroom-10310,train
54bdf809-f190-48e7-9b25-a9986077fc0f_SecondBedroom-32238,train
cb204b08-c975-4080-a969-3abc86d7dbc3_Bedroom-6842,train
eb1f5725-ab22-470d-b345-cca532813d98_MasterBedroom-25667,train
70e042e1-ebde-4dc0-84cc-c54b99a00e6a_MasterBedroom-200023,train
80def5d0-c5bf-4a24-8ca9-5185d8002817_MasterBedroom-243116,train
f253dd0f-74f2-429c-b8df-f1bf7bd7b96b_MasterBedroom-28179,train
17a063ee-a39b-4aba-9f3b-508684dffac0_MasterBedroom-1170,train
d2f8bb16-f080-4c4d-9de7-b2c3caa5bf87_Bedroom-50869,train
50526848-e51d-48e0-bb9b-3c5c90d76c4d_MasterBedroom-12940,train
5549a237-e795-4893-870c-33c27eb02bc3_LivingDiningRoom-15128,train
667e9ce4-3087-40d8-97a8-2b45a6800093_MasterBedroom-109742,train
ff08fb34-a3a4-495d-955b-a621cac7cba8_LivingDiningRoom-527,train
8c3494c7-e7a3-4702-94ba-6a21e7e2ed73_MasterBedroom-946,train
8b922b7d-26dc-4161-9173-01f7055a7c28_LivingDiningRoom-11539,train
15bed03e-d66d-4da2-8b8f-7dacde3d3d8b_MasterBedroom-23712,train
c899cea2-03b6-40ca-a583-7319ca3e473e_MasterBedroom-80856,train
e32456e9-1d2f-4a1d-a84d-99e309fb1b3a_Bedroom-2324,train
ede1bcab-2298-4756-b03a-690d5cf8dfe5_Bedroom-10952,train
ba26a1d1-5808-4ace-9233-36b629e17a63_MasterBedroom-7745,train
fd35a56c-c466-42f9-85c7-7e152d00d631_MasterBedroom-783,train
a2b307d5-8d70-4332-9317-010891dd68f0_SecondBedroom-9417,train
5bfa4d56-ec91-4fc5-81a9-32cf765b297a_MasterBedroom-3213,train
87d8d2c6-cdba-4127-9780-bcf1b537cc1b_MasterBedroom-79213,train
54ac6cd3-5c5a-40dd-823e-c4d159673810_SecondBedroom-81245,train
137262e3-1242-45a7-8dab-c95abcc5bcc5_MasterBedroom-52359,train
b4605349-5ca9-44ec-bb78-1edf5fac49b5_MasterBedroom-44790,train
d73cf536-63eb-4e57-8bca-9da3981bed28_MasterBedroom-17097,train
6400fde7-9e67-42dc-9966-670e0a3ade78_MasterBedroom-21463,train
d8dfd6e8-21e5-4f18-a38c-c99a003d1bf0_Bedroom-10256,train
5a676e0c-f469-413b-b5b3-8176f2fc63bc_MasterBedroom-21338,train
54d29e13-6e4f-4930-9418-fcdcf6e2071a_MasterBedroom-3391,train
7bf67f2c-6462-452f-86d7-512e591ea2a7_Bedroom-30371,train
ec8a5215-83a6-4325-ad7e-176c9c6f450f_MasterBedroom-392,train
b64c9910-6be7-4c05-90e8-ff1530649b58_SecondBedroom-37197,train
d6bb4731-c25f-4f2b-abbf-cea2982d2485_MasterBedroom-1461,train
e570991b-7105-4848-b2a1-5ee9e7088aff_LivingRoom-1679,train
5b6fc618-8dec-4fcf-b326-08436f643d93_Bedroom-9314,train
2fca4177-ee2b-4165-aad6-3ad38d344655_SecondBedroom-10225,train
76b1f40f-6a8d-45f9-96c0-80f3247d69bf_SecondBedroom-2478,train
c1d1893e-86a3-4a1f-a0bb-1b5104461b5a_MasterBedroom-21047,train
a3793c44-f933-4356-84df-578a26e4cd33_SecondBedroom-8094,train
5e7daec3-6980-46cc-855d-8465774001a4_MasterBedroom-113,train
bb1737bf-dae6-4215-bccf-fab6f584046b_Bedroom-4744,train
0f390639-e937-43c9-a61a-be86dee77cab_MasterBedroom-18841,train
473633df-9854-4d60-8fb7-290a68f31bb0_MasterBedroom-12445,train
1681706f-caa1-42c9-8898-93d182be64ea_SecondBedroom-24808,train
211b121a-ce2c-4ea5-831e-2f8caff14cab_Bedroom-86259,train
a2e1515b-8bf4-4950-aa12-98e35d8410ca_SecondBedroom-44580,train
941ef7a8-cddf-4de3-a06f-4a110f0c586a_Bedroom-41542,train
373c2f60-29b0-471d-98ac-45f1c172f21b_MasterBedroom-52711,train
aa6d487c-ed0f-49be-bb94-3b8c13af391b_LivingDiningRoom-11917,train
6eacb9f6-642c-4e02-ae30-4351f4364318_SecondBedroom-15167,train
0f7ec058-f0d6-48bf-b313-49519b2189cf_LivingDiningRoom-7249,train
1b8df9c3-0d1f-429f-a278-6ee12808218c_Bedroom-936,train
e396e943-0f12-4455-938a-47a4b44bc25c_SecondBedroom-18701,train
2e82690f-7099-4b37-9375-f62598968df1_SecondBedroom-2658,train
e812a184-e26d-4700-b7b1-940b7cfbcd43_SecondBedroom-16519,train
a81e5155-6784-4ab2-93b8-7193842d7801_MasterBedroom-299,train
78dc0550-6644-4473-87bc-8f8ff72db51c_MasterBedroom-54665,train
e29c9cea-a331-4062-8d95-17f3f7ed8813_MasterBedroom-46278,train
793eccb1-f86a-4998-a4e9-0ab8b96bcce7_Bedroom-2087,train
9e397213-2392-40d6-a3ff-a4fe0dc43ac3_SecondBedroom-48014,train
45fbfece-d854-42cc-a8f3-96175fd6644b_MasterBedroom-6613,train
070bb554-f9b7-4b80-a1a2-fc91f1c861fb_MasterBedroom-43954,train
8342c7fe-6d97-43ea-a89b-4106943a533e_MasterBedroom-963,train
2c36d890-0d02-438e-9dfc-b817f31c3f44_Bedroom-17464,train
1b3ba9b2-797c-4fa5-9973-6d144bd5aa19_Bedroom-18499,train
48199d67-e001-405f-847f-2c5c6c7b3b36_LivingDiningRoom-112491,train
2dc39940-b53e-4451-84f8-ce8cf3aa9171_Bedroom-10751,train
391a4b30-fa2e-42bf-9271-497b8c105736_MasterBedroom-74238,train
101f128e-c2de-470d-8956-8d61031ea68e_Bedroom-14736,train
cc37c4d0-eb48-4927-9685-5cf72c25823d_MasterBedroom-73361,train
3657101a-8373-4753-a960-17be0bfea8fd_LivingDiningRoom-2077,train
897f8b48-e266-4749-b1f8-f798ae0d7068_Bedroom-54381,train
db542eec-5a55-4f04-98cf-435531932c39_MasterBedroom-21419,train
d2965fec-86a0-4696-ae91-447d937a77c8_SecondBedroom-5506,train
6b399f2d-3097-4272-822a-e50dea179ce0_SecondBedroom-5766,train
2d734555-b563-4d64-8d48-a5bf8cef7d75_MasterBedroom-36745,train
b6a24513-baa6-4f67-8a78-4a19c5536dce_MasterBedroom-2820,train
f8339d99-447d-4c64-a830-8a896194edee_DiningRoom-13952,train
b05fbcc4-57c0-46bf-a268-1c530085b983_LivingDiningRoom-18273,train
7719f139-6a07-47c3-9435-eb894ce81069_MasterBedroom-4256,train
efae3b03-c5e7-42b6-8a1d-74a60df65af1_MasterBedroom-75082,train
65e85462-aa42-4e21-b997-c674caa1a1b3_SecondBedroom-13493,train
07f296b5-8bfe-4525-84b3-c4f31b85d22b_MasterBedroom-19102,train
15205240-8f74-4da2-a891-49267a5aacb3_MasterBedroom-475,train
6cd50522-54ed-4854-85b1-c0dc5f34abd8_LivingDiningRoom-12619,train
0fc4d063-6145-456f-8fe1-1180d3eeeb3f_Bedroom-2719,train
ba52c6af-b741-470a-bca8-7bc8a31484dd_MasterBedroom-144,train
8565e208-9e7e-4529-804a-23052c33631e_LivingDiningRoom-74612,train
71b6e531-ed61-4ff3-8816-5f1b0ebbb464_Bedroom-19942,train
109aae3e-2fef-4732-aeee-f2897e73a694_SecondBedroom-15564,train
fd987ee8-eeac-4d95-a947-306db2feada5_Bedroom-18781,train
7673af04-3251-4385-909d-2f51e3c6e80b_Bedroom-69416,train
0405ce07-e6d8-480e-8e3e-a699b9474b15_LivingDiningRoom-56654,train
3e40b128-6291-41ff-89aa-0ae707a594c6_SecondBedroom-11303,train
e6471913-4880-4757-b422-0fbc0ec6aa21_MasterBedroom-32890,train
9f690000-5197-4ba8-b2d1-e1f1e4dbe9bc_MasterBedroom-6212,train
99ac1d0e-f0f1-4cb9-9b0c-d39a67083168_MasterBedroom-62947,train
71d6b0a5-ba83-4df7-9a6d-703eedb14e20_SecondBedroom-1762979,train
9f787e94-23c0-44ec-a98b-ca7d2503d030_MasterBedroom-45472,train
7686a060-ab0d-4014-9e5c-75d75e0752e3_SecondBedroom-50270,train
5e004059-c7c4-44e2-99bb-93f7ec7b5b46_MasterBedroom-33763,train
a603c8bd-8ff0-42b5-b836-b0e693d1b0aa_Bedroom-323257,train
261774c0-9480-40b3-a85a-4804c96ea443_SecondBedroom-131661,train
ace13641-659e-4668-8d02-3cc4a05803a8_Bedroom-10696,train
d71ccf98-e923-4134-8f7f-d831838b614e_DiningRoom-2157,train
0af3b388-5d81-4b78-b7f0-c19786f9f9c1_Bedroom-9787,train
724bbf50-6e6f-4d74-b0f4-853f75ea1015_MasterBedroom-2213,train
cc46988f-ce25-4ce0-84be-5ce67a8d0d42_Bedroom-128261,train
1b992af9-4f3a-44e2-8544-fcfb3db76812_MasterBedroom-3857,train
f9c1ebe5-82cf-4906-bd19-f62f28516623_MasterBedroom-1122,train
9af95d77-acc9-4ab0-b951-1dc42afae8a4_MasterBedroom-1095,train
2cfba055-1bf9-49ee-a012-e7729b2e3c7f_LivingDiningRoom-126850,train
21569333-a837-4228-9440-bfbaf37cd57e_SecondBedroom-15424,train
0363cf51-5e28-4b32-8a3b-68726d8da273_LivingRoom-5110,train
61e6ebe5-da92-4e8d-80ad-052996ac6e34_SecondBedroom-21363,train
2b9f82e4-d37a-44bc-949a-c61464bb5b12_Bedroom-32665,train
cc7bd93b-9511-421e-a67c-fb5f39c86208_MasterBedroom-40296,train
f73285cd-a1f5-4c2e-a319-136013991487_SecondBedroom-16544,train
d962e160-ac1a-4f93-9f8e-397818621588_MasterBedroom-1814,train
1cd0db41-bcd9-4af7-a0be-cce5de62cc35_LivingDiningRoom-22096,train
fa083d17-27a3-49b0-8c75-7b7b3535d2b0_Bedroom-1023424,train
cca746ee-8e5d-42d5-9e00-4f09c06bb31a_Bedroom-949,train
285c4223-33b2-4309-a265-59e3e1430a6c_Bedroom-5993,train
f50a3dc4-2f5c-4edd-908a-8e0bcc6ef672_MasterBedroom-36010,train
4f2012c0-ec3b-4fff-9cd4-68c37fe42ea1_LivingDiningRoom-54384,train
1c8217ff-ad9c-4e34-9913-1935d3274de2_MasterBedroom-9661,train
69d53a2f-5684-4d46-84ff-7afa302d1570_Bedroom-11842,train
65708556-0a2f-4d52-9443-f340dda48ac3_Bedroom-29727,train
be3bf4b3-c548-43cf-86f5-1c52f4ace8d3_SecondBedroom-46575,train
a43305c0-dd5c-4775-8dfb-4473025a277b_Bedroom-15706,train
e52a7124-05ef-446d-b70e-39af1ac7aa5c_SecondBedroom-21630,train
2a77be2c-c48a-4fd1-b27e-c0153673f884_MasterBedroom-19001,train
2b7bdb1f-48bf-4987-a420-b3887e7c4a2c_SecondBedroom-25948,train
46987366-9a63-4f9f-97fd-1bafb4769ef7_Bedroom-47558,train
5c304c9d-debb-4dc3-b3d2-a7666d60b2d8_LivingRoom-10060,train
d501c34d-afdf-4caa-aa89-60bb9fc54b9a_Bedroom-17634,train
9d21c2a0-3cc4-4ce4-a926-506ed2c32a14_Bedroom-267,train
40023299-f0a9-4017-a1fa-1972bddaaeea_MasterBedroom-10891,train
c8d23532-0629-40d8-a3bd-00891e4c5dc2_MasterBedroom-6069,train
2d485e95-fb65-44eb-ba85-0de22a0b80f6_LivingDiningRoom-152170,train
bf563d05-8920-4b9c-876b-6e8ab72adbe0_LivingDiningRoom-29669,train
0f1dc892-04ed-4b16-8215-a82590c03fc8_MasterBedroom-5359,train
cf681cb5-8607-4615-a3a1-625e1d265f12_MasterBedroom-5872,train
57b41cf3-b6ec-46ec-987c-b0434321b674_DiningRoom-27196,train
0e1e24f2-72dd-41db-a26d-ef81d18d3de7_SecondBedroom-675666,train
deaa4ac0-8d13-423f-930f-78fb25825e8d_Bedroom-5073,train
728e0c2c-98f5-49dd-8947-7f1a37c8887f_Bedroom-11202,train
e802c7bd-5cee-421f-9fd7-b5fa4007122f_LivingDiningRoom-23413,train
43f250b1-17a4-4ac7-af2d-ba722f3a8bcb_Bedroom-41242,train
84c93db3-027c-44b5-92bf-1b4a150d1dee_SecondBedroom-40906,train
57a02a22-1219-421b-a6e6-d2f46224f6c5_MasterBedroom-7635,train
35716a6a-7c4e-4bf6-8c3b-3f0cd8203549_SecondBedroom-6754,train
8f372918-d31a-4d8d-93b3-c82eec26215f_MasterBedroom-59200,train
5a70accd-61ca-45d0-86cb-ded3e35c85f3_LivingDiningRoom-19784,train
c8655cd6-29b6-4c61-b2e5-a0c7a6bc0c95_LivingDiningRoom-3232,train
1055b740-22c6-429a-99db-97fee8b05751_MasterBedroom-2458,train
cd02c5d6-e2cd-4af5-aecb-7cbfef80fa18_LivingDiningRoom-43974,train
d5051ff6-1923-45ed-9e4f-d26d1a76bc39_Bedroom-755,train
a40d170f-a598-42ca-85ba-0141e6cadb9a_SecondBedroom-425,train
e1bfc1be-b96b-43a3-9485-01a1ff78d9da_SecondBedroom-34991,train
d36edde8-b764-467c-aa42-23921dd8407c_MasterBedroom-10297,train
7d1a7697-3051-4e51-8d6c-fed5d3a0dd8f_MasterBedroom-11564,train
876631f3-8f59-4a3b-bae1-8da99beff4c5_SecondBedroom-4901,train
1e16532d-1ec8-42c6-a66f-ef21e31c22c1_SecondBedroom-8350,train
f488ee09-82e1-413f-aeba-a776aeeb333d_MasterBedroom-31775,train
fb90b296-f1cd-4741-a3a1-c626dabc6e68_Bedroom-37672,train
7cbabe0c-5239-4e90-95cb-5c79adb0ede6_MasterBedroom-71942,train
324e4fe5-cbcb-46f7-9dd3-64549d0eb3a1_SecondBedroom-116,train
6a09436f-ffa2-428b-9117-37afc75e8ca0_LivingDiningRoom-61628,train
0abe65fc-108e-4f9b-a8ff-29758234b9ec_MasterBedroom-9694,train
50ed6947-ae41-4a06-9bae-d4eb36e17a0e_SecondBedroom-140641,train
5358e585-649f-471f-81a6-2bcb67a815b9_DiningRoom-14960,train
2b2d0238-534a-46bd-95f6-2e45a098de5e_MasterBedroom-935,train
d5b26dd8-5932-4a89-9669-bb4c9f7f9c2c_Bedroom-24248,train
f105dd34-bc81-432e-83bd-314087015257_Bedroom-495,train
a65d35b4-f9df-4d15-9cc2-fce1155974c1_SecondBedroom-137783,train
a5040c13-c69d-4651-9ee6-eeb2afb539af_MasterBedroom-3182,train
d6784049-e7e4-4a1e-818f-955c1c5bd871_LivingRoom-83183,train
79597940-47fb-4944-92ed-fd7dc9da0762_MasterBedroom-9858,train
7b0f919e-5ad6-4b4b-bbca-eeae4b365ccc_Bedroom-30773,train
a77ba88e-3c46-4246-a5f8-92715d0a7068_MasterBedroom-854,train
3fde61aa-d606-4c6a-8c79-0762d11cd33b_MasterBedroom-57730,train
59aed3cf-93be-4630-97b2-bc707ca491c2_LivingRoom-33692,train
b2a1d795-9ed6-4282-9934-c176f2f4f8a2_MasterBedroom-17068,train
83261694-9e42-4893-aab9-9d2c669490a8_MasterBedroom-15307,train
0ca13717-8f2a-485f-b991-6211ff18a00b_SecondBedroom-116650,train
950fe299-2595-4a3d-8f32-2dabd5d19b1f_SecondBedroom-31597,train
f18ac5cc-b441-40b9-ac1e-a799bdb8cf15_LivingDiningRoom-64631,train
48005d2a-cb97-4128-b068-20a03b678bde_MasterBedroom-21019,train
e89afe87-760f-4291-bc6f-8554c65dd30c_SecondBedroom-16306,train
d87c401d-93c1-427e-a03d-8e851e6db716_SecondBedroom-1179,train
d03b14a0-31a6-4136-8e7c-d364c7b09955_LivingDiningRoom-2393,train
c69e0c9d-9bec-44ec-9ced-73935534013a_MasterBedroom-3752,train
a19f2445-1678-4c98-a26d-fce8c3ee5320_MasterBedroom-58086,train
1bae485f-bd6f-402f-9aae-e08a729a148b_MasterBedroom-7854,train
b0a8d497-5e4d-4aa4-837b-276a34e9987c_Bedroom-2876,train
c0de5219-e186-4e77-9b84-394940d6460b_LivingRoom-5361,train
07ad11b9-796b-46b0-8ad5-6ff44ad7c945_LivingRoom-1520,train
87033dd1-ac83-4bc2-84a0-c1b99d877cfd_SecondBedroom-8814,train
11eb078d-7eee-4c82-a748-34a7e2c6c7f4_LivingDiningRoom-9028,train
a9e9dd50-3f47-4b02-8a23-c968a112369d_Bedroom-4459,train
ddb2ee64-0253-4541-8df3-49d8652aeaf2_LivingRoom-3168,train
2b7bdb1f-48bf-4987-a420-b3887e7c4a2c_LivingDiningRoom-46222,train
9a3ae5f2-9579-4a74-805e-77e758ab8027_LivingDiningRoom-11033,train
257c8ee4-5e27-4da9-b54c-48a476bedb5b_SecondBedroom-13353,train
0eee2f23-0f2f-4beb-9712-c54e8dd6bd9e_MasterBedroom-5493,train
257c8ee4-5e27-4da9-b54c-48a476bedb5b_MasterBedroom-13519,train
e123f56a-fca9-404d-b857-b465a167d940_SecondBedroom-10059,train
4c1ba4df-e772-4f76-bd59-5d293258e17c_SecondBedroom-884,train
1bc22c85-3159-417c-a8cb-4e3788a0a0eb_MasterBedroom-58737,train
081b8907-7e4d-4764-b931-7709386de7da_SecondBedroom-19241,train
86617e2f-b62a-4a2b-93b5-48128ab9a092_SecondBedroom-8847,train
cb1ef6a5-adb6-4e11-b23c-af48aba32678_SecondBedroom-57808,train
e8f14d6c-c37d-4ad2-9cf9-cdd57cdfe2b1_Bedroom-17102,train
be3bf4b3-c548-43cf-86f5-1c52f4ace8d3_Bedroom-46532,train
613b2c63-66ba-4643-b4d3-c6a4f34d62a9_SecondBedroom-27243,train
d8ab9e37-606b-4073-859b-14ac3c33eaf2_SecondBedroom-24774,train
590a815e-df76-4dfe-bc5f-b4ee2c0d5740_SecondBedroom-147398,train
9e9bbde3-8463-4828-bc2f-2c04bdb50f98_SecondBedroom-20702,train
31bc6da9-67c9-4b81-b046-bc5752296b30_Bedroom-110,train
a736f07b-cca3-4042-b2da-63fe5264ef7c_DiningRoom-2519,train
8c76b801-c0e7-4267-ab00-eb950d32687d_LivingDiningRoom-3181,train
917d2b6f-a607-4a67-bc6d-dc8952bc2c1a_MasterBedroom-2976,train
f1b8b50c-14ed-4bb0-a04c-a8ecb2b2aadf_MasterBedroom-448821,train
719cc7d0-b17b-4241-b345-82c06da7b60b_Bedroom-23635,train
f877d2a1-678f-49a0-a90e-e99ff27134c7_DiningRoom-13034,train
ecc2066b-925b-4fa3-8734-e811352a45f5_Bedroom-115907,train
1055b740-22c6-429a-99db-97fee8b05751_LivingRoom-1566,train
9c8f3906-2496-4648-bf73-68538caed694_SecondBedroom-42173,train
17ebf486-2858-4fdd-8cf8-92779089a6ae_DiningRoom-35093,train
786669de-f41a-409f-b487-ec62413e2ee0_Bedroom-65973,train
24cbb52c-4daf-417f-a324-0e9a055272a9_Bedroom-13369,train
1a93bbbb-3b94-41c1-bf0c-0c9f29fb6aba_Bedroom-19967,train
482cacdd-b522-4acb-980b-191a0551d9b6_MasterBedroom-7314,train
bb69a091-8c62-4b06-ace0-f111e57b07ef_MasterBedroom-26280,train
5b274239-637c-451f-ade5-f71c97d6d86c_MasterBedroom-13692,train
58ff6eaa-c53f-4f88-8e83-352de9374778_MasterBedroom-244289,train
25d44eea-b095-4d54-9b55-775a600d57bb_SecondBedroom-27194,train
2b212f2f-0b17-42da-9977-ab31ded5c699_Bedroom-343,train
42c087e2-924a-406b-aee9-8aa9c57d9d8b_Bedroom-2075,train
967b39f8-073d-4ace-83fc-c1e67ea1a78c_MasterBedroom-149026,train
22ab9439-07b3-40d1-81bd-efb6114ba00e_SecondBedroom-5013,train
21220c2d-5f56-4abe-bc4c-e938ac42f75b_MasterBedroom-41970,train
2c64981c-1d61-49a9-9e5b-2c49888a9099_Bedroom-83360,train
4563570e-14ba-4e61-8f4e-39086aef3ef9_SecondBedroom-47313,train
facfc0bd-e9d0-45a1-bdfd-73dca226a623_SecondBedroom-40210,train
3fde61aa-d606-4c6a-8c79-0762d11cd33b_LivingDiningRoom-61638,train
2f2aea48-6acc-4236-bf29-b2b9e450557c_MasterBedroom-132843,train
b9865b8e-99c4-4005-9f4d-9cae08209da0_LivingDiningRoom-6403,train
462782c3-a2da-4641-b152-1d2841215d33_Bedroom-12602,train
2029fb99-c3ee-4050-981b-b8b8c7e5077b_MasterBedroom-83298,train
4a2af13b-ca75-4c80-b52e-e47a55b7b636_LivingDiningRoom-13703,train
05aa0174-838c-4255-a34d-1b419365f7a7_LivingRoom-8674,train
dbf53bb3-199d-49e9-9840-70ff939e7bc7_MasterBedroom-2137,train
0f148bc0-02ce-49d5-be2e-347734092f49_MasterBedroom-38385,train
64ba6c94-c84a-4ecf-b321-e3f38c4bf20b_MasterBedroom-5792,train
7876c1d8-d9b9-44b4-b480-50889c3af043_MasterBedroom-121485,train
6197d128-fb8b-4f65-93be-c318bf2eaf7f_MasterBedroom-90580,train
de3255bb-33c3-404f-817b-5d7ef7bdf575_LivingDiningRoom-6807,train
53028f10-0798-41c6-b3db-1412990b79da_SecondBedroom-10153,train
e1119a13-1dcf-46c1-88e5-d028b528b634_SecondBedroom-8514,train
ff46cfd8-c02e-40b9-a7dd-f27a3239e8ae_LivingRoom-48845,train
5fe24490-bf9f-4719-b563-97ba74ac5ca5_MasterBedroom-311,train
d5789823-32cf-4d9e-ab09-536884de8aac_MasterBedroom-45414,train
886fb316-5f1a-4050-9c7c-b001409a5b5b_Bedroom-149,train
55b2d6ae-86e5-40de-a739-95ce5b824d67_SecondBedroom-1360,train
103aa1f7-93f7-41d7-8f19-df5c073a4d87_SecondBedroom-110053,train
0a504b9a-c406-4b37-bc9a-a82d720e9905_MasterBedroom-81302,train
8bbc7e4d-1963-491c-80c7-95c6c4caa6a3_LivingRoom-4543,train
a9d64d89-ea72-46da-8b1f-b66dedcb82f9_MasterBedroom-30932,train
177baa22-21a7-4d8b-91df-a6934117160c_SecondBedroom-18500,train
90efe970-79b9-432c-a676-290e1a00a31f_LivingDiningRoom-8452,train
1b7d49e1-a3c0-4138-b865-c0a897903500_LivingDiningRoom-553,train
7b5e6567-23ac-4717-ad16-92f97f45e71e_LivingDiningRoom-5614,train
be1f3c71-ec18-4ebd-be16-1e0c43738d39_DiningRoom-27423,train
99753f89-7195-4928-a56e-9724c13bd4bd_MasterBedroom-7952,train
77993e73-b0e6-4620-b0ec-83b261c297a6_DiningRoom-690,train
9334958c-caf6-4b8c-8334-b924a9483401_Bedroom-12965,train
8e8d0bfc-0af5-4c74-97dd-7d08af6998f8_LivingDiningRoom-7862,train
3782eee0-b0fe-452e-aefe-55bd5e96237e_Bedroom-6656,train
67a4135c-c9d3-4c90-9c01-359d9c583e74_MasterBedroom-22072,train
8ec660e6-b95b-4b11-81aa-ed3b1164a165_SecondBedroom-51226,train
3d43fc39-ad02-49ec-84ec-ef943021d3c1_SecondBedroom-1906,train
2f0b781b-d111-40ad-8881-68e7f9a68e67_LivingDiningRoom-61958,train
be37ae8e-a3aa-4202-a812-9be187c941b5_SecondBedroom-31291,train
e8d25f33-3e52-4ea6-904c-2aa8156e63a4_LivingDiningRoom-26523,train
e1445ad0-35a4-45f4-8152-2dad8e921f3e_MasterBedroom-192362,train
22de98d5-60fc-4c5f-92e3-d589af0c57df_MasterBedroom-514,train
16c0e506-c41b-4532-8293-1b15110c3919_MasterBedroom-13813,train
320753f3-80d9-4237-9f59-38c4201a2782_SecondBedroom-591,train
799ed691-945a-40e5-a355-b1928a15e567_SecondBedroom-32971,train
d87c401d-93c1-427e-a03d-8e851e6db716_MasterBedroom-801,train
510e1d36-b89a-4e57-91fe-87671d00977e_LivingDiningRoom-13574,train
0e008211-22a0-4f07-939c-6d453cf5991f_Bedroom-30225,train
6d13bd56-8931-486a-8490-61752942a6de_MasterBedroom-41036,train
d5295fa3-1db7-4bd1-b72f-92788e244e9b_SecondBedroom-740,train
bc73f551-6c2a-458b-a202-29f700d9316b_Bedroom-15592,train
997b4bce-e106-4c9a-9df6-3ac82127a7c5_MasterBedroom-147134,train
67f526c0-865c-42d8-8390-94251681daca_LivingDiningRoom-50487,train
a89d08fb-36df-416f-a855-f0d9f3cafcdc_Bedroom-8532,train
74609b90-d884-41ff-a661-9d25f0818b0a_MasterBedroom-15217,train
b2c03fce-6b4e-4297-8937-c618d62df42e_MasterBedroom-5760,train
440fd8de-71b4-48ae-b886-174e70742f5e_MasterBedroom-78206,train
129c9a2a-f789-4cd0-82c0-2b6d5293c45f_LivingDiningRoom-32392,train
b4d8801b-aac0-4051-b973-e84b0114a621_SecondBedroom-35781,train
d94ae128-dd50-42bc-9214-10a404f07b3f_DiningRoom-78405,train
c45c5b4c-5fca-43b2-9770-02cd174f24c2_SecondBedroom-66007,train
c25d7531-99de-4709-94ce-a22e01740e09_Bedroom-2885,train
a6ab60f4-e824-4980-86da-082b05bd9480_DiningRoom-242139,train
6c45080c-c6df-43f6-a79c-476681818111_LivingRoom-5469,train
76915a22-544f-44e9-9a5a-525b1d282fd0_LivingDiningRoom-8122,train
cd11f2c7-47e5-4dac-b8a8-b319052b6a29_MasterBedroom-11653,train
50e738a6-b80c-4ce3-a2b1-51515535afc3_MasterBedroom-19994,train
9f95c9f8-3e85-4409-a803-807656b46bb2_SecondBedroom-24733,train
b16d3725-fc3e-4d01-9f3d-61f3e504c488_Bedroom-2459,train
77315352-be0a-44b9-ab5a-7a2f3e0e33c9_SecondBedroom-18208,train
9f4a2c14-f2f2-402b-abd6-6251aa3f95d8_LivingRoom-4169,train
12b5252a-0921-4e41-b07e-a9a1ba9d40f6_LivingDiningRoom-997,train
e60add0b-e098-43fb-8555-704624ea66a6_MasterBedroom-8605,train
191e6801-4ec6-4dd2-a922-17b81de51431_MasterBedroom-5490,train
797a6beb-75a2-481a-a15d-5d761cbe4bea_LivingDiningRoom-4241,train
59f8aa98-b884-4b42-ada2-44650fe1893f_Bedroom-51813,train
82c7d0d3-775f-40f8-b3d6-9382b070a1e9_Bedroom-1299,train
56ef3577-9ca2-43b9-8971-47d6c88e1008_LivingDiningRoom-35769,train
40dcaad6-b0b5-4030-bd90-13ceadc84ce1_Bedroom-5265,train
60df224e-f073-4875-bf66-c501bd4dd30b_MasterBedroom-15809,train
a6704fd9-02c2-42a6-875c-723b26a8048a_MasterBedroom-45545,train
f10d8b7b-fef2-443e-80d7-afc5e71a2e21_MasterBedroom-29464,train
db2b1031-0769-4d04-a2bd-4fe8651c8461_LivingRoom-17062,train
34b6d12a-ce09-450f-be92-9c59ecf1c10a_Bedroom-931,train
2eda727a-ae93-4af9-bf12-4104825a19d6_LivingRoom-6833,train
4ac2c1b3-798f-488d-b93f-4fae52366cba_MasterBedroom-21002,train
c0da586c-04ed-4208-b3b9-21f2c0992e55_LivingRoom-186,train
0caa7d81-6cac-4bd3-9409-ad388df2fc27_SecondBedroom-23875,train
02623967-e0d7-4775-888e-6441b23a96ff_MasterBedroom-12592,train
6be7ef9a-98d9-4d32-8b0c-c0d2b1ca3bbe_LivingRoom-38721,train
8ef1ac63-da17-4f85-94ad-d784649329c6_Bedroom-206,train
97d1fafe-5ee8-4f76-aef0-3505d4f24905_MasterBedroom-74547,train
24caaf37-afd3-4cc9-84b5-f27e9cf84d8a_LivingDiningRoom-35029,train
9f8f93c4-796c-41ff-863d-c7713981e450_LivingDiningRoom-4027,train
a0e73d7a-169e-4df4-9c48-43ccc65cff48_LivingDiningRoom-9014,train
29d3b19f-69dc-4a57-a700-43cb0e3a08be_Bedroom-62638,train
4846c351-6019-4a91-80ee-4888147cb903_MasterBedroom-13945,train
4cb91329-7845-4b04-99ee-aa8912184fc7_SecondBedroom-31059,train
0e02ee68-5940-49dd-bbdc-0e3667ec9e49_LivingDiningRoom-26069,train
574e5085-0f12-43c4-8254-59d8408c0c27_MasterBedroom-48394,train
778d9846-52b8-4d8a-b357-811b3d7ceb39_MasterBedroom-5465,train
b8b0933f-ecc1-4621-b7f3-ac01261917f1_MasterBedroom-12046,train
1bd5e2a8-54f7-4f90-ade4-2ea965db13c2_LivingDiningRoom-27644,train
4af67e06-6f16-46b8-ac12-dd8f0d481906_Bedroom-1621,train
4e8ec957-32f1-4fff-840b-5cc2db6a8716_SecondBedroom-12618,train
185fd076-293f-489f-8072-2baffac5d879_MasterBedroom-4676,train
a11ff831-4d5c-48b0-a43e-90af1fd5a17c_LivingDiningRoom-9828,train
48171257-b69e-42e8-8e03-8b5d0d49241f_LivingDiningRoom-18089,train
35069402-d79f-47f6-99a4-3e77fbf443e0_MasterBedroom-5754,train
9ddbde94-1d82-4d74-b262-a19cf0f9c5fd_SecondBedroom-15576,train
a591afd1-fc8b-4224-a2bf-b36ecb44aa18_MasterBedroom-32488,train
a59bc5ad-6521-4ce9-bf94-e40caa36eff9_MasterBedroom-33444,train
6df8f830-ba50-46b4-9f9a-b35535f22535_MasterBedroom-97178,train
7fe08405-d4de-48f9-9435-ba3c18de84b6_SecondBedroom-8785,train
34acd8e3-faf2-4be5-84a9-f92ab7e52a62_SecondBedroom-86509,train
1d46c47d-28e5-466a-a9d3-9b350cb0f38f_SecondBedroom-89711,train
f108224b-4b3f-4919-9ca1-7b4306523f17_MasterBedroom-13063,train
c417e976-1789-479f-86ee-e9f21571cfa5_SecondBedroom-58192,train
aeecee5f-611c-45ea-b797-ccf2e38c362c_Bedroom-3653,train
bfdb8f3c-7980-4db2-8517-64523b20b3aa_Bedroom-19359,train
a390046b-c69f-40c5-a1be-2a19af86d001_MasterBedroom-22855,train
5e004059-c7c4-44e2-99bb-93f7ec7b5b46_LivingRoom-34140,train
4e09a8e0-2843-4826-9113-b3d18489331d_Bedroom-12479,train
7e335c82-9746-4c86-aa62-8dbd2725a9c3_LivingRoom-10453,train
3f60d6b9-49ba-45d9-bf03-966069127e75_SecondBedroom-34317,train
1d89a45b-bb91-40af-9182-6dbb87517097_LivingDiningRoom-3831,train
6b587a27-40d3-41fd-bcc1-e2d4b0e8afd3_Bedroom-126874,train
a1867cd2-0037-419d-a4d1-d10bba5d30f7_MasterBedroom-5536,train
ed3b3a65-f3b1-47d8-9310-593f30c66bc8_MasterBedroom-39087,train
7b3f28a6-bac8-48b3-bfa7-61a84e648236_LivingRoom-10108,train
dc80719c-65f0-4662-a25c-ce747612ed07_MasterBedroom-18517,train
ef9270fb-978c-4918-a560-98c6408f12f5_SecondBedroom-23730,train
5e162f48-e628-440f-b530-311ed1c337b2_MasterBedroom-44501,train
6798277b-ef30-43c9-944d-0fef266dd444_LivingDiningRoom-114634,train
b6c9ce9f-dd5f-44b8-acae-3ec22110856b_MasterBedroom-3445,train
17a57d81-2837-4e39-becb-fab1548093da_MasterBedroom-31517,train
13a27655-e337-4846-af2e-ebabfb631742_LivingRoom-318,train
bbb6f659-f2da-4785-95f3-5fdcf0f66dd4_LivingDiningRoom-4850,train
f093d7c7-6f8a-4929-b88a-2d0cb8f0ddbc_MasterBedroom-39274,train
5ba554c9-9edf-4d8c-9816-0e28fa909982_SecondBedroom-13869,train
80d80e4a-197a-4bd5-9ed1-81c48786a321_LivingDiningRoom-398,train
7289023b-aa7a-483f-b2bc-e0c33c6cc386_Bedroom-268,train
9b3dc3de-8ce6-473e-b1ed-e4eb43c369b1_MasterBedroom-15054,train
45f0c9b3-a06b-4e38-838f-1829297ee000_SecondBedroom-108917,train
312b2349-10f9-4ff3-bbee-ae179761c21d_MasterBedroom-7098,train
979e98a1-4cac-41a9-94e2-0913935f75bb_LivingDiningRoom-226690,train
e1a4a544-4918-42d9-b659-c332e05335fa_Bedroom-33792,train
9dc08332-0442-4e9b-975c-7c1b336d8d31_SecondBedroom-8229,train
5799a8da-0d93-4c2d-bc54-f1c2b7bca9af_MasterBedroom-2303,train
ea328f5b-1235-4041-9b77-8fc1a7eea639_Bedroom-9092,train
ba2afb42-ae13-483f-802f-9917ad10b939_Bedroom-3535,train
a3f5476a-694f-4539-a902-c7df89988484_MasterBedroom-1741,train
49cd3dea-ee43-46d9-b699-3a2f57607ae0_Bedroom-47580,train
34881046-5866-4a55-bc9e-93445a22c8bf_MasterBedroom-8184,train
3c7b86d5-3af6-4748-b9a1-cf45b85b1d1b_Bedroom-25641,train
786669de-f41a-409f-b487-ec62413e2ee0_Bedroom-66453,train
8e27615c-f396-40e2-9311-e2e85f9a58f5_SecondBedroom-594,train
3c44be55-28a1-4e89-93a9-5de2828aeabf_LivingDiningRoom-13678,train
339e454d-b3a8-4de8-97e8-cfc8aa37cca4_SecondBedroom-2080,train
51e5a27e-717c-4194-b4c7-ebb8ed877c12_Bedroom-6922,train
d7ebdee4-fdc6-4ddf-a064-4324b1f5d2ce_MasterBedroom-95003,train
8c069e29-9332-4e92-b13d-a6f190df120f_MasterBedroom-6890,train
28d8d63b-95bb-4993-bdf1-e1da13115118_MasterBedroom-104323,train
24caaf37-afd3-4cc9-84b5-f27e9cf84d8a_SecondBedroom-34979,train
afaffb7a-d00b-4d21-8d9a-ed6df3023d70_SecondBedroom-1282,train
df5f6372-1d1d-4884-a9f0-c8c33595daaf_SecondBedroom-10536,train
814ba6f7-fdd2-4b5d-9604-9e3b682db37f_DiningRoom-27308,train
40c54a07-55c4-4c83-9624-957261e07ab8_SecondBedroom-65696,train
bb50ccab-396b-4264-92e6-33c790542e6a_Bedroom-24337,train
bc62f166-d9c1-4b04-a971-f6e8c9b05811_MasterBedroom-53974,train
ae8d145b-5c7c-4970-a4b6-7855e64ea4eb_LivingDiningRoom-4682,train
190b2156-1fac-4905-93ea-5d823735a199_Bedroom-208700,train
3dc5baed-a3ec-448e-b564-9afe4915b667_LivingDiningRoom-24410,train
53608c94-9c21-4beb-a7c4-fb19b05a1a34_MasterBedroom-9682,train
60df224e-f073-4875-bf66-c501bd4dd30b_SecondBedroom-10248,train
3a757643-3a34-41ce-ac90-f54ad79b0117_SecondBedroom-21312,train
8d92ff74-8338-43f7-bd6f-9a18c52365ef_SecondBedroom-11912,train
0be73303-6270-482d-be06-528c07da02fb_LivingDiningRoom-1701,train
0c537cc6-59c6-46d1-a865-f5424003bc48_MasterBedroom-742,train
80def5d0-c5bf-4a24-8ca9-5185d8002817_SecondBedroom-243138,train
e9c4facf-557a-4002-8d8f-acce694871c2_Bedroom-98585,train
9c20de9d-4867-4ef9-8f3b-b8741a51f4c6_MasterBedroom-1599,train
9128b366-4314-4397-998b-894ef7863614_LivingRoom-28128,train
305d3251-8f1e-4cca-9227-011187146d89_LivingRoom-69073,train
e1445ad0-35a4-45f4-8152-2dad8e921f3e_SecondBedroom-185217,train
a8cee5db-8701-4927-819e-92a610240975_MasterBedroom-9857,train
afda8ff8-1350-49b1-99a6-f138c46fb6ab_Bedroom-10325,train
c7f22934-9a25-418c-adaf-4d23a6447d63_SecondBedroom-505,train
651c37ce-c0cd-47c6-843f-3aa192235e39_SecondBedroom-86888,train
1843ffd3-4865-4d1f-a4df-f30d063b08b6_Bedroom-699,train
5d522173-3fc1-4964-898d-48ab76e67f4d_LivingDiningRoom-10493,train
2b9f82e4-d37a-44bc-949a-c61464bb5b12_Bedroom-33188,train
6f6fab3b-e42d-4458-8f93-ed9d006cb087_DiningRoom-8121,train
45f82c57-4293-48eb-b0dd-378f97cda662_MasterBedroom-32217,train
0b851a7f-d0ec-48fb-a9f2-736b1cccf44a_SecondBedroom-51334,train
db5e0c75-e464-46b8-8d87-a0bafe9fc137_SecondBedroom-57261,train
8b862ecc-a1b1-4079-9cef-db2afebbe4e2_SecondBedroom-1902,train
57634f22-de21-482d-bbc5-2a8556cd911b_SecondBedroom-2293,train
2311eda9-dcda-45fb-89c3-0c068ed74b9c_MasterBedroom-23692,train
173d8bac-a580-4cfc-9138-2a27aa020f52_LivingDiningRoom-14618,train
beb67301-7ec9-436b-acab-89c7580c59f2_SecondBedroom-7971,train
6788eee2-b676-41d3-9811-3a2a32248c06_SecondBedroom-6616,train
542c1605-f5d0-4e21-bc49-9169ed52802a_MasterBedroom-40855,train
2fe35e65-12fe-4cef-a2ab-e77718407d40_SecondBedroom-12268,train
a65aa3c5-680c-4bbd-bd81-fa2e610c1b5f_SecondBedroom-9075,train
e7cc0ba0-e5d7-4b0b-9708-07e7a18a0fd8_LivingRoom-52289,train
34e89b75-9f56-41ba-8e65-d0a8002e5fe1_Bedroom-37409,train
4b9140b1-ff90-4f44-aab1-35d08d1b1511_Bedroom-15482,train
cb7c11d8-038d-42f1-b874-a64fb4dc3d04_LivingRoom-23725,train
d3fec60e-f8d0-4cfe-abd8-041d0db2d509_SecondBedroom-24075,train
9fc7b9d8-1325-4bed-88cc-bdc8a16807f0_Bedroom-13327,train
03279ac8-717b-4b94-96e1-3b6a7e94e782_Bedroom-19444,train
203e5f1e-3287-4675-9ad0-37b8810766d5_SecondBedroom-16390,train
4ba8a28c-b40f-45f8-8329-b13bcb70ff02_Bedroom-23580,train
25a7b45c-961d-475a-8969-9c00b0e7d021_Bedroom-116156,train
799c9b05-8901-4113-ac72-b268bc542a13_LivingDiningRoom-11910,train
1da9156e-927b-42e0-a242-e13513e9fcad_SecondBedroom-59274,train
f18b38d2-6253-4593-b715-8ad6f55ae549_MasterBedroom-13202,train
d093db64-0a91-4aa3-8074-9c1b4e571976_MasterBedroom-16024,train
cd054a93-9223-4940-afbb-3ed2c96f2e90_LivingDiningRoom-8718,val
7858c38a-cad2-4fa0-afb5-b75866aad698_MasterBedroom-467,val
58698c8a-6340-4dd2-a71c-d9cbdc244f4c_Bedroom-9500,val
c1575512-d8f9-4d74-a8d3-fdd840f0d9a9_MasterBedroom-7845,val
b2cdbdb3-1b72-49ad-81eb-f130c9acd170_MasterBedroom-11888,val
69770ac0-a8e5-41d4-bcaf-dbc67b79ad15_MasterBedroom-4145,val
161cd2fc-819a-4b56-8802-b7cfb2f4e535_MasterBedroom-809,val
b77fac8b-d1a7-4444-ae6b-5fd394a82535_Bedroom-12012,val
8de223d3-24f3-4219-b7ba-1da244e0279b_MasterBedroom-49236,val
81c47424-f98c-418d-b810-ad23e586b3b2_SecondBedroom-791,val
9f967330-67a5-4fc0-8e40-67f3313906db_MasterBedroom-56412,val
fc8c70a8-34ee-41d7-b54f-022c75d117e0_MasterBedroom-1843,val
1b21fb55-10f7-47ac-bf69-4ea9b62b417f_Bedroom-43442,val
648b8740-c145-4233-84f1-27f596c387e7_Bedroom-25945,val
14125793-35c5-4ab8-be6e-3089eaa45bc1_DiningRoom-91678,val
e7fbb76b-21ef-4109-8633-c1433d79cd35_LivingDiningRoom-379,val
9886aa9f-f331-48e4-88a0-4e56ccaabe7f_DiningRoom-9982,val
3a9bdb50-7fe5-45a5-8071-f5ab3c8e2a44_MasterBedroom-59071,val
57634f22-de21-482d-bbc5-2a8556cd911b_MasterBedroom-951,val
44d15f42-a914-4d48-8add-393c57addfb4_Bedroom-16110,val
e4ca237e-c12f-4fc8-a8ec-9eac636b3224_MasterBedroom-20579,val
48171257-b69e-42e8-8e03-8b5d0d49241f_MasterBedroom-18177,val
01ba1742-4fa5-4d1e-8ba4-2f807fe6b283_Bedroom-1440,val
16190659-dff5-4ef7-a96f-eb2b71f88a2a_LivingDiningRoom-5119,val
e5a744d6-d36d-4682-877f-fea6e9614c94_LivingDiningRoom-17836,val
a6295210-e8d7-401e-a5db-6efeef45e5d5_SecondBedroom-2260,val
0b1953f7-3bab-4a2e-b0c8-396d0170d6b0_SecondBedroom-62406,val
eeb71e43-2988-439e-867e-cb143cb3988a_Bedroom-1511,val
a76b20fd-d688-4bcd-9daf-5535e66959ad_SecondBedroom-6067,val
400cce14-4ff3-4c67-9e51-c1c1fd089aac_Bedroom-64012,val
3da510a3-8db8-425e-bd0c-99e5a12af2ca_SecondBedroom-38516,val
3712c1c1-69f8-4217-814a-60dc38c11e65_LivingRoom-89400,val
43921e8e-fbe4-4eca-b1be-99969dda2224_MasterBedroom-26672,val
fd47d85f-a246-44ef-93f1-33e7b98aed46_Bedroom-62221,val
03787fb6-0503-4d43-9617-e29e46150d1c_LivingDiningRoom-51556,val
cbaa2bb7-048d-4939-9d36-77379f49cb98_SecondBedroom-13281,val
08cfec4b-56a0-43f0-8428-e31c210d8c6c_SecondBedroom-28118,val
ad0426db-a9e3-4428-989f-c2c38e1157c9_Bedroom-53,val
0d699125-c20e-445b-aed1-1534519a6558_MasterBedroom-21582,val
3d746247-8cd0-4b3c-8186-2ee990b66efa_SecondBedroom-31811,val
00fe8139-76e8-42b4-bb41-7f9f085ac351_DiningRoom-15534,val
17a0fd79-fcaf-463e-9b50-e0ef8bb60a3f_MasterBedroom-12178,val
9e9c7c48-a631-4ded-a271-7dd697faf0dc_SecondBedroom-717,val
62ac423c-ae2f-4fc4-be9e-01275e8067ca_Bedroom-84734,val
bca32cf2-ae82-4d97-969e-d6fb5493e382_MasterBedroom-13262,val
5d31ce38-c87f-484b-85d4-952ba06bd13c_MasterBedroom-2504,val
b80d946d-c819-46d3-b02a-36336724ccc4_MasterBedroom-22965,val
dd6bddd4-69e6-4636-a698-33c6efba7a7e_DiningRoom-2831,val
7c5c1051-6dde-4fee-ab30-9c08b9755a77_LivingDiningRoom-2439,val
1d849540-8c29-45dc-a3c8-e086c1d31788_LivingRoom-30147,val
ac92919a-90ac-4fa7-a972-12c947305f41_MasterBedroom-3191,val
0f7759ed-ccf3-4115-bd00-cf4d8165e6d3_SecondBedroom-12435,val
b003f93a-5664-4fe2-b40a-caf19583fd57_MasterBedroom-940,val
26b72959-5261-49ef-ba2f-566c0982dce4_Bedroom-10941,val
32d5a1b3-0c2e-4c94-8f41-b9da95f8118a_Bedroom-22265,val
7c630436-2d26-49aa-a416-aba2786d9afd_LivingDiningRoom-1362,val
a6d3d76a-09a7-4c08-a52d-f97a473e61b1_MasterBedroom-35384,val
23608ced-9c2c-4d17-b7a8-4e3656d2acca_LivingDiningRoom-21234,val
14a2d9c7-bfc0-4ea2-889a-c8e155780738_SecondBedroom-16901,val
d145b098-8ec8-4ea2-891b-f7deaf3edbb1_LivingDiningRoom-8886,val
df2c4d5d-b540-4995-8dcd-280638bfef47_SecondBedroom-6830,val
28a0cc8c-1f94-483f-9664-a49f7a804c40_LivingDiningRoom-118815,val
6c39a824-c7de-4ca5-87b7-553057ddacf1_MasterBedroom-45563,val
47356158-6664-49f4-bb64-fa36d102e310_DiningRoom-69458,val
afa0f45b-9a71-4c7c-8bb0-4b84a6ec47ea_SecondBedroom-3719,val
e5afb85b-f9b0-48dc-9fa6-cdd46d3193b6_MasterBedroom-30258,val
9da0c89f-c7b1-46f8-b37a-8377ad190e71_MasterBedroom-76782,val
67dd6924-f510-4d42-bee3-071e3652e8cf_MasterBedroom-31685,val
1cc0fd55-1c5a-4885-a2de-f30c6d387353_MasterBedroom-29013,val
4cab8354-8d8e-4200-b1cf-da003b6d6d73_SecondBedroom-307,val
1cd0db41-bcd9-4af7-a0be-cce5de62cc35_MasterBedroom-22056,val
3f5dea2c-eda3-4cd1-adff-fc2317af1fcb_Bedroom-20594,val
369cda7c-e402-4382-8d9d-8c79133487d1_LivingDiningRoom-70537,val
49f40cbd-7adb-43c0-8974-0e51735545cf_MasterBedroom-13827,val
5688d36e-44d9-4420-9a4a-501418b5f2b8_LivingDiningRoom-62089,val
3d81afec-001f-460c-a85f-54c5fcfec008_MasterBedroom-5851,val
1d127f82-0a20-4417-b879-08d73f208a0a_MasterBedroom-25773,val
1d481334-3f7f-4a41-8d8c-8c6e05a9ac10_MasterBedroom-16040,val
ac5f5386-c629-4b58-aed5-9a4b8f6911ce_MasterBedroom-9818,val
198eb9ec-9059-4e26-958e-dc8fb8187713_Bedroom-12864,val
29f0cde3-b19e-4b18-92b0-1e33ed59b304_Bedroom-1093,val
bfc9a79e-7433-45f9-8daa-77f41504f917_DiningRoom-273,val
6e3dbf3d-cf2f-41ea-adad-c6a40129c200_LivingDiningRoom-6884,val
8d50c057-6381-4db2-ac1b-4abd5c774baa_Bedroom-64106,val
a5f283d9-3412-46cb-9c9a-d9e9cecc2579_SecondBedroom-15040,val
089458cc-75b2-45c8-a58d-177cb6aced8c_SecondBedroom-23557,val
1cf94f82-50bc-4805-94d5-a8b52b66be31_MasterBedroom-53789,val
3be4d516-8479-4e89-b5b5-f19ede2006a8_SecondBedroom-1083,val
dc8a8a1f-ea65-445b-9c5f-000d9bb20269_MasterBedroom-50875,val
91dde31a-632c-4353-85cf-b36a2c6c0be6_LivingDiningRoom-3471,val
c34f0011-6d7a-4b69-b121-1028b993f611_LivingRoom-10252,val
3dc195aa-0a30-440e-bf84-5f1995ec1c3f_SecondBedroom-22,val
eff72f0f-049a-47b3-8685-b1b6af535435_MasterBedroom-17488,val
315c503f-8ff6-4359-9c0a-321b144e89b9_MasterBedroom-144863,val
aa8112cc-d57e-4a9f-a425-d40e7d114b08_SecondBedroom-32118,val
3036ad25-dfe4-469b-9ab9-3fec36c348e8_MasterBedroom-10543,val
9b383eb3-9453-4853-ae45-a4a461406696_Bedroom-19303,val
46bd67dc-caae-4fcb-b660-525c940af26f_LivingRoom-46192,val
c35449c5-4c8e-41f5-ae69-f208b9512b6e_MasterBedroom-1016,val
882b0669-0498-4ec9-8baf-2932c5c7112a_LivingRoom-2050,val
973ae127-2b9a-4f37-b04a-468a2c122caf_MasterBedroom-73119,val
6b774494-78d2-4def-a1df-24e4d907e796_MasterBedroom-137035,val
2f51aa40-46cb-43e4-b929-b18926ef86af_SecondBedroom-8325,val
47230ba1-5a12-450a-80da-80527cc31c35_Bedroom-6059,val
fb8811e2-7290-48d8-af40-fd60b5231fb3_LivingDiningRoom-24287,val
057d0255-2178-4594-a21a-74bf5b0f380d_MasterBedroom-17936,val
9ac25401-5aa3-426d-aa37-a04d0b7d5448_SecondBedroom-8177,val
3547f90d-d3b7-41d2-b368-e25153afbaca_LivingDiningRoom-137481,val
4e75f6db-1188-4917-b4cb-afc15ca67b8c_SecondBedroom-9802,val
8ef1ac63-da17-4f85-94ad-d784649329c6_DiningRoom-451,val
bb12eac8-8dc8-46e9-b614-f5af84404423_LivingRoom-69328,val
03b0d05c-a430-4853-84f0-f8aeb802e6c5_LivingDiningRoom-5734,val
f6f93fd0-4130-46ff-99d4-cd42bdd0ffe8_MasterBedroom-108,val
6123cc37-6e39-4065-b00c-f6004076d287_Bedroom-1680,val
e3674f54-28aa-44af-8651-c98d831ef27e_Bedroom-16148,val
e15e9791-e99e-4f81-b838-692ecd556e81_Bedroom-303723,val
bdafa047-5022-4b4e-a2f0-98a5a841130c_MasterBedroom-5908,val
74609b90-d884-41ff-a661-9d25f0818b0a_SecondBedroom-15145,val
5f730139-4d72-453f-b4e0-e8861590dbfd_Bedroom-3082,val
7852a3a7-220d-4393-b620-c99c4b2085a3_LivingDiningRoom-4544,val
4e90cfdc-f6e6-4097-bf15-0bb61288ca1c_LivingRoom-18071,val
7c997405-cdec-49a5-b0f5-b7cb3843428e_LivingDiningRoom-186,val
95f80cff-1f0a-4204-9b5d-207cd0c74d89_Bedroom-869,val
f3cfad69-28ff-4db2-ab70-4cc7f6909985_SecondBedroom-39793,val
5d4526b7-8bfd-45b3-bd31-80ddf5a8b5e9_MasterBedroom-270794,val
21c3b027-c6b7-480c-9933-d519eefab02d_SecondBedroom-1901,val
848506e2-a801-43e7-b843-122761708d88_SecondBedroom-1956,val
82ecde66-203f-44a3-bd79-aa80f15f22c9_Bedroom-14262,val
f158a4ff-e75b-401d-9bf4-8113c3407abc_SecondBedroom-7347,val
c35449c5-4c8e-41f5-ae69-f208b9512b6e_SecondBedroom-1776,val
22c65012-8fca-41cd-a317-051b9658a950_MasterBedroom-1154,val
e02e2373-1bb0-4d67-819b-8c471edc78a3_SecondBedroom-5355,val
a6a754e6-cdb0-40ca-a068-8a5a576fefa4_SecondBedroom-439,val
024b64f5-92d9-45e2-ac31-b61c1bbf9484_Bedroom-11659,val
fba13a0d-62f5-4ff8-914b-064b823d5882_Bedroom-12119,val
19532cd1-e49f-4ab7-9f46-ae5f4286a3f1_LivingDiningRoom-4473,val
073019d0-0c5d-4c78-9aa0-6d420bec0a33_LivingDiningRoom-12225,val
0953aa27-1f92-4068-aed9-41f0cc7401d6_DiningRoom-39646,val
26771dc0-2868-4ef9-833f-36d046a91df9_MasterBedroom-30872,val
be9ef449-fc77-4210-83b9-ac818af242d9_SecondBedroom-58336,val
ef538119-2339-4538-94d3-06711fe4ae99_LivingDiningRoom-814,val
add138ee-2fb0-4651-91ea-0a69981d81bc_SecondBedroom-9725,val
479c05de-800f-4eec-a64e-961eae9f568e_LivingRoom-19435,val
19d7bc6d-e05c-4bf2-867d-eacb70390961_MasterBedroom-515,val
20386b47-8566-46dd-9c18-516dfa55bff5_MasterBedroom-3138,val
9647c855-837e-43b6-8be3-ead5320d3274_MasterBedroom-235420,val
9af95d77-acc9-4ab0-b951-1dc42afae8a4_DiningRoom-5492,val
aa9d393b-30df-456f-96dc-dad7bb8554c9_Bedroom-38342,val
5ed691b6-9633-47ca-a0f0-5069079b2852_MasterBedroom-2801,val
373c2f60-29b0-471d-98ac-45f1c172f21b_SecondBedroom-52686,val
b858c92c-9aa4-4767-99a8-661ef1afbd9e_MasterBedroom-4993,val
a89cf6cc-eb96-49ed-8995-c7add3e765f0_Bedroom-3316,val
2f2433ee-e2cc-416e-8127-f5abd01550b2_MasterBedroom-267972,val
15d07e45-2761-43ed-8dfc-f9d4ef58041d_Bedroom-68718,val
b84c594f-2408-4197-ada7-d058f6620cf3_SecondBedroom-48379,val
3ed8823a-0603-49ed-9a51-302cf15adf53_Bedroom-1889,val
24dda742-a73b-48ec-af54-f30e11a17e55_SecondBedroom-130,val
0156308f-fe4e-4916-90c3-9f498c0d9e9c_Bedroom-29486,val
cd02c5d6-e2cd-4af5-aecb-7cbfef80fa18_MasterBedroom-46749,val
ef9e8fac-ec60-453d-83a0-d286699a1f1a_Bedroom-10393,val
f471112d-bd84-4827-9ef8-a3604947b5fa_DiningRoom-5636,val
41c070fc-dc7a-40b8-9ce2-c65606f4b728_MasterBedroom-9070,val
0be73303-6270-482d-be06-528c07da02fb_MasterBedroom-1688,val
89d1ad68-eab0-4ddd-ba35-d40d8406ec94_MasterBedroom-3530,val
595304a6-d670-40cd-b62c-29f3eb4b40db_SecondBedroom-23506,val
f451b16e-3457-41e1-8f08-b56265549833_MasterBedroom-13511,val
99fd1d4c-1da6-4e4b-a469-30eaa6f5befb_SecondBedroom-3970,val
6490d051-3de1-42b5-970f-c940ae01730e_SecondBedroom-35859,val
43907bbc-4b39-4f1a-8747-3287c8bce690_LivingDiningRoom-46747,val
d0992373-c66c-46f5-ab24-90bd58921627_SecondBedroom-58234,val
1681706f-caa1-42c9-8898-93d182be64ea_MasterBedroom-24780,val
ab7d2771-19a9-4473-bfd9-8abead7d8a2a_LivingDiningRoom-582,val
68e20f2b-e004-4767-9eac-6d3e4d63ee80_Bedroom-100768,val
857cd64e-778c-483a-91e4-16f2a2cc774e_Bedroom-3027,val
0a9c667d-033d-448c-b17c-dc55e6d3c386_DiningRoom-11628,val
54b8104f-05e8-49a4-a8df-004a3ed42064_Bedroom-34195,val
20c675c6-5b9d-4f74-84af-adbe03e6897b_DiningRoom-18517,val
58ff6eaa-c53f-4f88-8e83-352de9374778_SecondBedroom-244311,val
78ea1591-9502-47a2-ad5d-db8a633f8179_Bedroom-10503,val
7816c664-089a-4a3b-b32a-a0a731301aa8_SecondBedroom-6519,val
f01d52ec-ff3e-4157-b0bc-9c29e849f03c_Bedroom-23192,val
75b28f63-bb61-4818-a1d3-0d23ac89be5c_MasterBedroom-13715,val
70d6a3c2-2cc4-4b8a-98e3-2179c03e91dc_MasterBedroom-24034,val
ddd6ce30-4d99-442b-9886-37e431cfdaa0_MasterBedroom-26587,val
ebef71f6-da6e-4b58-ae51-40797ed0114b_LivingRoom-14,val
7e7ab0cc-e71d-4091-b68b-ac2b66f3188b_Bedroom-6248,val
b51e3da5-5d31-4511-882a-e841de457404_LivingDiningRoom-3428,val
99f3729a-84c5-49b4-b31d-5e6c248040c1_MasterBedroom-4863,val
deebcfd8-9f7e-49be-8c50-2edb11abb8d9_SecondBedroom-26340,val
3148a6a4-60e2-441e-a1d8-5d1ba681f11e_Bedroom-171,val
1ecf4f03-a7cf-4d84-b332-4d58894afd6b_LivingRoom-76893,val
3f48e194-1e88-4dc1-b1d2-03114248c15f_LivingDiningRoom-22011,val
3954bd6b-b726-4a2f-a2c1-a32f6806db6b_DiningRoom-12574,val
590e12f4-ad43-40a2-a1f7-ba85b9118e66_Bedroom-152,val
02861dfe-ed53-41f1-b554-b02d0c170c61_SecondBedroom-6295,val
0c1f82d4-6aa2-401f-ae0d-f053a024aa3b_Bedroom-422,val
16ebc7a1-5845-4030-986a-a9469100d534_MasterBedroom-13874,val
4ba8a28c-b40f-45f8-8329-b13bcb70ff02_Bedroom-23724,test
99e87673-0512-41c8-b35e-fd1ea39d1f0c_MasterBedroom-1433,test
08f0dede-b8dc-4e43-8f2a-ebc008b6f56b_MasterBedroom-30572,test
f3b70889-71b2-4dbe-87df-02ba6788734c_MasterBedroom-1589,test
9457cca2-5776-40f6-bca2-c95907a872b7_DiningRoom-2644,test
12d1ca85-c2ce-40c6-97d9-54f01a0d85ce_SecondBedroom-19165,test
ebef8637-55d8-48d2-bc27-e880c51f36e8_MasterBedroom-3260,test
42814d0f-6903-4fc3-a79f-db2db6bc9a62_MasterBedroom-17415,test
a4eef4ff-9d6b-4a68-a80a-29efa03e61ae_MasterBedroom-256747,test
a169f204-56f4-4598-878b-93c6b69d00af_MasterBedroom-11331,test
33aa8461-e8c8-44ef-b237-d0a83d077c4e_MasterBedroom-4651,test
e8f14d6c-c37d-4ad2-9cf9-cdd57cdfe2b1_DiningRoom-20935,test
66e39970-347d-49c7-9fe0-47e1bced4780_SecondBedroom-6511,test
54234f8f-0f41-47d8-911f-506320aa75c0_MasterBedroom-19575,test
20a8c656-6fee-4f90-ac48-4aaeda4f2ce4_Bedroom-13067,test
8270c12f-973b-42ef-ace3-ce6e331d122e_MasterBedroom-218,test
3fc88ba8-7ea3-4653-892f-83667812c78a_MasterBedroom-76324,test
4db96e52-b5ff-4722-a0eb-9d4384480744_Bedroom-40071,test
0960927a-a81e-4384-817a-fdefd5a6c845_DiningRoom-13998,test
811213d3-3ae0-4456-9f16-48ee33b2d560_DiningRoom-17147,test
739119a4-f787-4f1e-a7ef-f72d5f36785b_MasterBedroom-12204,test
e7c265f5-5542-459e-8df6-d7d7f65cdff5_LivingDiningRoom-554,test
39126660-a386-4470-8e2d-ece852ffdb62_Bedroom-39649,test
15669288-4a23-49e3-b586-9822b27fc3c9_Bedroom-57639,test
429f8691-ba52-4558-ab75-8cfc15c17e91_Bedroom-30790,test
c3a81890-b4f1-4944-96a1-318dff7f3980_LivingDiningRoom-36077,test
71077ab4-63f1-4875-a2b2-4199ea4de5d6_Bedroom-56809,test
86963bbe-7969-4632-a379-1cd39e2a69ab_SecondBedroom-14975,test
6cd50522-54ed-4854-85b1-c0dc5f34abd8_MasterBedroom-12560,test
ce98e1dc-5cab-4390-a433-985fcff9b435_LivingDiningRoom-9746,test
a38c6892-4aad-4e6d-b7e5-ffd31b5bd659_Bedroom-17297,test
fc854887-6396-42cc-b020-13d5c6abf8c9_SecondBedroom-174,test
f485b373-bf78-4417-9ff7-54d25478d312_Bedroom-6694,test
656408d1-43cb-4ef5-93d6-f8df441a49a3_Bedroom-41983,test
d58219e4-e1d2-4bbd-bb79-3af6aec38e6f_Bedroom-2913,test
ffb067ad-cf9a-4321-82ae-4e684c59ea3e_DiningRoom-9450,test
709dd71c-8588-4447-ba64-a4ecd64dd844_SecondBedroom-4799,test
5df48768-5e1b-4db0-9ca1-97ad05d9a896_MasterBedroom-9476,test
18e61c1d-d0e2-440b-a095-79acffaeebe4_LivingDiningRoom-15409,test
43064174-6fa4-480a-8e69-3c4e903b6e56_SecondBedroom-147166,test
41a6ff52-5596-4560-97c4-14f827d12914_LivingDiningRoom-11510,test
30c0c5d6-30c7-43fc-95b1-e7424df97d77_Bedroom-46399,test
5e4f139b-2870-476f-a2c8-5e9867e179f2_LivingDiningRoom-13860,test
a7203875-f96f-43b7-97db-af7d0b822189_LivingRoom-14138,test
73ed0b77-ba5b-4c11-9bf4-a776d8290144_SecondBedroom-278,test
65892a72-e69e-417c-9cfe-a9918126ed90_Bedroom-2277,test
deaa4ac0-8d13-423f-930f-78fb25825e8d_Bedroom-5088,test
0eb102fc-89cd-4d87-a289-c4b3ee55d44e_Bedroom-20629,test
d9f80253-8c05-4c78-9464-230008591d38_Bedroom-18317,test
77bde924-9493-422b-b436-97dd4f1afd28_Bedroom-9287,test
6ef436f8-3ed9-410d-815a-2652e115f716_LivingDiningRoom-53598,test
59a66d75-9b75-41e1-b7be-1acab85a4ad0_MasterBedroom-534,test
f975259e-3295-4fd2-b0b1-f300c3ed3d3d_MasterBedroom-22424,test
0e91094c-3cad-424b-bc52-a451bcd66587_Bedroom-21185,test
864a6e55-ad69-4803-8922-391d57d061b9_SecondBedroom-41862,test
c5378a6f-43f0-46bd-999e-dfc675646c1d_MasterBedroom-29284,test
825acf77-b557-44bc-82f8-ccb2b9e1ca58_Bedroom-8789,test
1b4adff8-aee8-4b13-8ea3-44306cb05df3_MasterBedroom-108544,test
b59e2e3f-d611-4e62-a72a-b3d7ff4bbd08_Bedroom-15630,test
5d31ce38-c87f-484b-85d4-952ba06bd13c_SecondBedroom-1435,test
14f4c539-f066-4453-9b79-d5fdb4cb5325_Bedroom-455,test
524e8d0e-dda1-4e7b-8560-ce96d67b415b_MasterBedroom-45577,test
7857cf50-e4af-45c5-b214-bae0490dd042_Bedroom-4521,test
b64e1a46-dbb0-4d5c-b504-971cd38dba07_MasterBedroom-3147,test
8cd7e00d-7a26-46e8-9a18-d25f69359299_MasterBedroom-2618,test
173d8bac-a580-4cfc-9138-2a27aa020f52_MasterBedroom-14637,test
2cc4bb7c-edb2-45bc-a958-26b9ac800a4e_MasterBedroom-10209,test
d2965fec-86a0-4696-ae91-447d937a77c8_LivingDiningRoom-5402,test
ffc7ddf1-827b-4154-9eee-5f8b497d0a12_Bedroom-860,test
b8c9c3ae-2aa0-4140-b7cd-8578cee5b571_SecondBedroom-2330,test
9af4ec93-df6c-4c59-be7b-a883c9ebb3ce_SecondBedroom-4385,test
1c13c2e5-a73a-47ac-9706-bd565b761a53_MasterBedroom-9784,test
917830d3-78a6-4f70-b029-ba6da27a2692_LivingRoom-3587,test
651c37ce-c0cd-47c6-843f-3aa192235e39_MasterBedroom-86835,test
ebead38b-ebb9-4569-a92f-f71668596b7c_SecondBedroom-9370,test
9f433842-0a34-4228-a2ec-8e7888cbe29e_SecondBedroom-42647,test
4b1f7e33-328b-4555-83cf-c8b872430dd9_MasterBedroom-4992,test
b3a256df-54e0-40c1-b04e-5ace4cccaddb_SecondBedroom-272,test
8ea4096f-5ce1-4e23-8847-313b1312c64a_LivingDiningRoom-1994,test
9c8f3906-2496-4648-bf73-68538caed694_LivingDiningRoom-42072,test
88cb5556-1b87-4153-8497-18c08f26787c_MasterBedroom-59239,test
26bc9037-7ff2-477b-b80a-08befb9d261e_Bedroom-19384,test
7e69c681-1cbe-4fad-811d-7585a2ba7f43_MasterBedroom-10724,test
f095b85e-d2c5-44e9-8ea6-ef0fd3cfb977_Bedroom-11125,test
7876c1d8-d9b9-44b4-b480-50889c3af043_SecondBedroom-116989,test
f1e40a9c-1791-4411-9b5f-5383ecee8c65_Bedroom-8601,test
3740868d-5ec9-4831-bd4b-4d033ac9576f_LivingDiningRoom-44165,test
fb1f8f5e-ab2c-4752-b5d8-6ee6189bd6ba_Bedroom-1213,test
cd9ef0ed-362a-40a5-b233-cef072ad22ba_LivingDiningRoom-8243,test
1652d2f7-4a27-402e-8f22-0b0625256e8e_SecondBedroom-37176,test
d0c14885-e196-4d0b-ab91-e09590787a50_SecondBedroom-312996,test
58aa41c3-736f-47df-880d-e2ba6b639149_Bedroom-2706,test
d7ba426a-60d6-4090-abfc-c6ff6d711544_Bedroom-25411,test
37f27a08-ff20-42f3-baf2-9ff1f155eaeb_SecondBedroom-3545,test
91d0fcc8-8934-47c9-8ebd-3555da0412b0_Bedroom-39512,test
384a185c-6d2b-41c5-9f35-9b33c1aad421_Bedroom-1983,test
bad53a4f-e11c-4055-b059-9c955d66556f_MasterBedroom-25791,test
d3515b30-5007-4d61-9bed-78dce726f35a_MasterBedroom-83868,test
bfdec636-7f20-41f6-94c2-b110479f7123_LivingDiningRoom-65070,test
114a00ef-8b44-4714-b92c-f5f76dc90121_SecondBedroom-11462,test
38c0246d-e94c-4cee-9848-38b04f312ebb_MasterBedroom-8375,test
0a761819-05d1-4647-889b-a726747201b1_MasterBedroom-24539,test
836a1139-c96e-44b0-b627-91d60c2aacb0_Bedroom-18751,test
897f8b48-e266-4749-b1f8-f798ae0d7068_Bedroom-54434,test
f65431c6-3731-45bf-b10e-e3b1a37a87b6_SecondBedroom-14021,test
66ec97ae-5863-4444-9492-6856cf9ea710_SecondBedroom-60357,test
aafa0b11-9656-40b3-b44f-c2f9053ec194_Bedroom-3894,test
6c22e07d-7181-4d16-bf9b-a5763504011e_SecondBedroom-1037,test
f086151e-64f0-4fad-b373-22c20dfc2fce_Bedroom-4751,test
ff9c0083-f842-4adb-8278-b7ab67cdcdd8_SecondBedroom-62375,test
714a1f8b-192c-48f5-965f-2bd0764a7546_MasterBedroom-21507,test
876631f3-8f59-4a3b-bae1-8da99beff4c5_DiningRoom-5413,test
a00748fb-fdc2-4c08-875b-1e1f35f87a2b_SecondBedroom-6065,test
b80d85e9-bdf0-456d-b7f5-e4ea871e488b_Bedroom-2007,test
429f2605-0d94-4311-b6b8-5c68e5a6c9d3_Bedroom-225,test
c594a002-6363-4200-8f69-c37a76e12bdd_Bedroom-246,test
106e7a9d-fdd4-434b-ba2b-d243c2c27454_MasterBedroom-240350,test
62fd4a86-b6d1-47e6-a5de-205ed002026c_LivingRoom-71357,test
d5c04de2-a405-4db6-82c3-c657661aed5c_MasterBedroom-5424,test
eb14cc50-f729-48f8-aadf-b5e2309927ab_Bedroom-13740,test
78270e88-4f1b-4169-abf1-c093f200bd5d_Bedroom-3652,test
73818192-7ca3-4161-8cf1-ca3e5e51b1ab_LivingDiningRoom-62037,test
c08e6caa-3c39-4a8d-b47f-83f7612bd8af_SecondBedroom-909,test
be677899-49c7-4ae5-89f8-7e3b54f37f0a_MasterBedroom-16174,test
a77ba88e-3c46-4246-a5f8-92715d0a7068_SecondBedroom-1417,test
9c67a64d-1fe2-4cb4-8644-4220a12ce2c8_DiningRoom-75475,test
902c1435-1c52-4ba5-bb15-03a3dd11d5ae_LivingDiningRoom-38341,test
30f2574f-dd2d-4e97-a937-dce8be2af98e_MasterBedroom-118964,test
cc14e409-5e44-4237-a4b0-11521ca7639d_SecondBedroom-10825,test
d1200595-8df1-4758-983f-8b8ba63c25f6_SecondBedroom-22408,test
896678cc-190d-4208-95f5-28911b3905c3_MasterBedroom-6635,test
173fa696-64ac-4513-8154-48b16b633a3e_SecondBedroom-20716,test
f43f6f88-1a91-4732-8924-a5d5a9fccadd_MasterBedroom-45245,test
e2d00f14-06f1-4b29-a9a1-f17618a2d7b7_DiningRoom-60525,test
c002075b-7091-4599-b829-ca4c2cb874e1_Bedroom-680,test
d96a5189-b481-4705-b283-a202d1b19bd2_SecondBedroom-90826,test
ab97be19-0a1f-429f-9b79-60f506722470_Bedroom-8397,test
d6995e47-544b-442d-ba7c-f78841e590ae_MasterBedroom-146891,test
d65507af-393d-47c1-9cc5-aa68c6d2365d_SecondBedroom-3777,test
1d8cf1d2-5807-4ea9-bef4-956cf4bd17d4_Bedroom-740,test
004f900c-468a-4f70-83cc-aa2c98875264_SecondBedroom-27399,test
a59c6716-3e62-4141-827b-993734038990_Bedroom-62269,test
25886cb8-4b26-4354-b331-d3ccbbb37b10_MasterBedroom-1288,test
185fd076-293f-489f-8072-2baffac5d879_LivingDiningRoom-5131,test
f081f259-c8d0-4745-974c-0e99b28b7e93_SecondBedroom-164083,test
73898afb-17e6-4b5a-b84f-9ebc023ecfdc_MasterBedroom-25891,test
a44fb825-f9fd-4e1a-beb5-da0322f81ed0_SecondBedroom-63777,test
591bd837-693c-4f91-bef7-fabf1c0ea146_SecondBedroom-24334,test
1fdd678a-5034-4c5d-b4aa-20e43178a86d_Bedroom-26447,test
5106576d-57df-4753-ade6-c87be45f462e_Bedroom-15868,test
c2e171f2-69b9-4e7b-8cdb-e8d7c533d990_DiningRoom-33943,test
182180c7-c96f-44f6-9368-5bb43d7ace17_DiningRoom-96608,test
d48b37da-9bd6-4232-84e5-b345d8be9daa_MasterBedroom-32452,test
2463f2a4-6b9d-4410-9d93-a2415fdffd86_MasterBedroom-21684,test
7e99f7a0-c0df-4de3-840f-ed0a806760f4_MasterBedroom-16774,test
4a7da40a-e901-4bb0-938d-d50bd0a474d7_Bedroom-22145,test
b5d22f47-c4af-4f72-9a9b-9fea32a01a26_MasterBedroom-179552,test
be5e905c-cad3-4b8a-8f0b-1c3e93996efc_SecondBedroom-67319,test
6b282d95-3b71-414d-80d2-23d42bc0b526_LivingRoom-41901,test
5de03a6d-2e9a-41f1-9e72-94bdae87d005_MasterBedroom-18017,test
3bcd937b-c084-40c8-9d5b-adf7ef20f842_Bedroom-32536,test
42a59e9c-16cb-4596-bd68-395d74ef03ae_MasterBedroom-19750,test
77b9486d-fb58-4e37-99de-be7fb1632ac5_MasterBedroom-7907,test
1ca5a85e-9cac-41a6-b47f-bada85ea706f_LivingDiningRoom-13632,test
e1ade7a0-9d88-4394-b0ca-7ac957e7facb_Bedroom-3130,test
bb9f9b20-031c-4bac-a543-db5687b5f8a6_Bedroom-13084,test
6ae4511d-5a72-45f3-af6e-2ddbf8fbe0b9_SecondBedroom-1807,test
844dfcbe-0ab2-47e1-aa19-024c5b2a3fd8_DiningRoom-8345,test
f31e12c4-1134-42eb-b28f-2e9e19bc47d6_Bedroom-701,test
2615ddc5-6763-47c0-84a9-b2fe790662c2_SecondBedroom-2279,test
ba01d127-c603-47bb-ac22-e6546031244c_SecondBedroom-35143,test
8c069e29-9332-4e92-b13d-a6f190df120f_DiningRoom-6259,test
a4f761bc-191d-4d56-b2f5-01f9de5716bd_Bedroom-13675,test
86669bea-46aa-4a87-96f5-cbbe054e6d08_Bedroom-23167,test
e396e943-0f12-4455-938a-47a4b44bc25c_MasterBedroom-22459,test
55963844-bffe-4151-b0c0-9eb62e8aa454_SecondBedroom-258160,test
31669d15-2f3f-4f8e-b155-569ccba2c33b_Bedroom-67513,test
675747ce-8c84-459f-ab16-399ae3636709_SecondBedroom-14284,test
491af85e-3c8f-40f2-a204-392483bb4308_MasterBedroom-7347,test
c360d758-8dbf-4d82-9afe-d71135c13c7f_LivingRoom-22787,test
e89afe87-760f-4291-bc6f-8554c65dd30c_LivingDiningRoom-16265,test
26b72959-5261-49ef-ba2f-566c0982dce4_Bedroom-13131,test
12f93edf-43d1-4009-9639-92b3b604b352_LivingDiningRoom-3542,test
0422e423-8aba-40f0-9090-78f448423468_MasterBedroom-131,test
53cf7da8-7c02-419d-bc4a-acf5d4337cac_Bedroom-7405,test
85a4cbf5-71f3-4b22-a877-662d179cdce6_LivingDiningRoom-57707,test
620c63cf-4adf-47f7-bb9b-ead8ab6a30dc_LivingDiningRoom-2636,test
ec01eea8-8fd5-4de5-bba3-e91f525ea4c0_MasterBedroom-24596,test
1ba9ae7f-5074-4b11-9b38-43ea7e5ff693_SecondBedroom-38216,test
0e008211-22a0-4f07-939c-6d453cf5991f_Bedroom-30440,test
13df4898-d23d-4665-a67e-81a555a4f213_MasterBedroom-6528,test
79b8f927-e1c8-4fc6-b0c2-6b9e2ff6708c_SecondBedroom-67466,test
dde0270b-65a3-4dc3-9c03-b32d90ae0438_Bedroom-2058,test
117a35d6-ad28-4278-9908-cb8806113a62_MasterBedroom-1758,test
04587e23-2258-481b-af19-0d1b0b724bdb_MasterBedroom-30521,test
ab0d2955-a6b9-46cc-89b1-e77bf02e7e93_MasterBedroom-149783,test
d1951fba-7ccf-4642-a054-839cbc9ee0c7_SecondBedroom-13679,test
