eadbefb4-5962-4aea-838c-15591fa851c3_MasterBedroom-26128,train
532f51b0-9e98-4f27-9bef-8d8726fa8161_MasterBedroom-31477,train
1638a636-f721-497f-930e-d141752cd5c9_LivingDiningRoom-37405,train
326567e9-39d0-4dd4-ad64-acd6e6b1d97d_MasterBedroom-17579,train
201dac8c-a9e2-44bb-9755-5eeda7b8f26a_MasterBedroom-6128,train
ef5860ab-d989-4605-93b1-5127126696c6_SecondBedroom-67009,train
f2e4a9e6-3c1a-4638-973c-37e84115bbd1_SecondBedroom-17567,train
741c2966-f279-4d6a-8219-c55cda0fba81_SecondBedroom-57298,train
cdd84514-2dcf-41a8-8404-de480f15508a_MasterBedroom-102143,train
ca0f44ac-687c-48e1-9b6a-dd64319d4a9b_Bedroom-44489,train
d758c7ad-e322-42d2-a230-330f9859e7d3_SecondBedroom-2309,train
15d07e45-2761-43ed-8dfc-f9d4ef58041d_Bedroom-70462,train
0b4e78c9-ea06-4101-9d7b-dc927887b198_MasterBedroom-26187,train
db78ef58-f372-459e-93c1-ddf43455e805_MasterBedroom-24445,train
35033c21-ccdb-4e41-b701-f5df9e0d90d7_Bedroom-12109,train
9afa32c6-96d5-4f54-8025-9ecdecc13b7a_Bedroom-9417,train
3b26ced4-665b-45c8-b5a2-dcfb76143567_DiningRoom-5361,train
6995dbb7-6399-4d3e-b8e1-89d5b309c5aa_SecondBedroom-25830,train
fce52e47-a592-4988-8ebc-e7a45741b327_MasterBedroom-2328,train
3d258450-f746-4153-ba85-90c309d71720_MasterBedroom-12805,train
01951c96-631e-4880-83ab-1d69835e635c_LivingDiningRoom-5217,train
2e1c9079-14c8-4459-8831-b63eef7883c8_Bedroom-14501,train
8ad8bd52-f739-4021-8ad9-9e02f2cb7456_LivingDiningRoom-1625,train
2b49ac86-df1a-4cf4-b9d7-44b588d1d594_LivingDiningRoom-201,train
76d4dd1b-ae9d-4edc-b636-a02b1082383f_MasterBedroom-26002,train
43069995-70b6-4ad2-a934-5f8ea67be7bc_MasterBedroom-14970,train
25529ba8-ec0f-43ce-8b82-47f57df67d80_SecondBedroom-10802,train
876b4ae9-721e-494c-9fe6-e7ae55467300_SecondBedroom-149130,train
03ce6fa9-d13b-4fa8-885b-b3cb1020ebee_SecondBedroom-17779,train
36cf5620-674c-4a4b-b4de-1a1038e6e287_MasterBedroom-67870,train
92ae01f5-6f87-4e2b-85a4-f2890b62b3c4_Bedroom-4593,train
b1aff8e4-49da-48f0-b6d7-34331895676e_MasterBedroom-533,train
423a87ad-9f80-426b-8faf-9015764a0978_SecondBedroom-30625,train
dfa26e59-2108-4ad6-93ef-32f4844b56d8_SecondBedroom-6793,train
1b7fe9e0-7c21-4a87-8904-a146b0bc50bf_Bedroom-94555,train
a0c48314-2360-479a-8ff5-a61f4e0bedb7_Bedroom-166575,train
646caacd-2202-49a5-8aee-8461238c4121_MasterBedroom-7326,train
6f56a549-5f9c-42ee-a484-a5b3a5cff4f8_MasterBedroom-19138,train
e9b86353-f0b6-4842-9946-262ac8888fed_MasterBedroom-28940,train
0b9766ba-35c9-4af7-8040-0fad2386a9b8_SecondBedroom-913,train
37301a61-1ddf-4bd9-b965-ecbebc50ba71_SecondBedroom-28690,train
6d0f311f-5d41-4f24-9484-eb44915ede82_LivingRoom-9418,train
7d8f9ace-5704-4689-b135-4ece5fb32467_SecondBedroom-39108,train
b983c974-ad79-4389-a02a-d8175f933411_MasterBedroom-11254,train
973ae127-2b9a-4f37-b04a-468a2c122caf_LivingDiningRoom-74769,train
edf37e82-ff08-4c09-a370-35ddd304c720_SecondBedroom-19717,train
f50a3dc4-2f5c-4edd-908a-8e0bcc6ef672_DiningRoom-36032,train
cdf2cf2f-6cc4-40a7-b8a6-e0cd078c210b_SecondBedroom-7640,train
2dcff54f-32ee-4427-9187-5dc5ac80f26c_SecondBedroom-8016,train
6f37e768-7bb5-423a-a64a-86b747e8cc50_DiningRoom-70702,train
f1e45de4-64ae-4d44-9662-937c1b1e9b73_SecondBedroom-13995,train
cbfea421-fe6a-46ce-affd-3be7a8cd47f1_MasterBedroom-13238,train
00add26c-7a26-4a61-b192-b97aa493b3f3_LivingRoom-76661,train
dd6bddd4-69e6-4636-a698-33c6efba7a7e_SecondBedroom-2308,train
e3c257be-bb61-46bb-a0e5-80c356019b48_SecondBedroom-213397,train
e52eb1b0-a8fb-4b1c-873d-5d962259a904_LivingRoom-2410,train
faa7f271-a6cb-4f6d-ba11-365ad634c122_SecondBedroom-20352,train
bd0da5c7-2afe-4dba-bb2e-77806ca8ecce_MasterBedroom-42363,train
4cb91329-7845-4b04-99ee-aa8912184fc7_MasterBedroom-32113,train
7ae5066e-5b71-4e01-83a1-b37dafed9eff_LivingRoom-29809,train
13834f3e-2207-4206-9b48-daa29b2eb873_MasterBedroom-29842,train
67438c51-6887-4963-8004-f7c0e620e21b_SecondBedroom-15077,train
a4de8a11-8912-481b-af83-427b3ddec110_LivingRoom-11144,train
c3e8a559-c0ed-46ab-a702-3fb148d9d228_LivingDiningRoom-4122,train
aa7fc990-0ab9-4fcb-ab9a-5dc1e29ed3b3_LivingRoom-91141,train
af8d354c-2b22-4af8-a35c-4d3bd37cbdf6_SecondBedroom-8921,train
aed687f8-271d-4310-870a-f97ebafd1bec_DiningRoom-166476,train
64ddec2e-2c16-45c2-a88f-8ea95b9ac80a_SecondBedroom-4816,train
d1992aca-b517-4d27-822a-5adb08fd20fe_Bedroom-39690,train
9754f0de-1a33-4328-9a11-91fb3c134a97_Bedroom-1509,train
0bd6628a-d04c-4fd6-9dbb-78d983b590ad_SecondBedroom-5509,train
5df48768-5e1b-4db0-9ca1-97ad05d9a896_LivingDiningRoom-9454,train
8422cae1-c835-4703-aa9d-b15c8824bbc3_LivingDiningRoom-1287,train
c59f0391-361e-4d87-9fd5-0fee646cc85e_MasterBedroom-28255,train
a642f3da-97a3-48fc-b36b-582797d5faa1_SecondBedroom-32005,train
2e03c81c-fc03-472c-91c8-025217a1ef58_Bedroom-208237,train
6218a3c5-d774-4cb1-b203-90619927f79b_SecondBedroom-208237,train
1356d896-5300-4be9-aa8c-84b71b07d407_Bedroom-27213,train
00154c06-2ee2-408a-9664-b8fd74742897_DiningRoom-17932,train
3bb5bb6d-b566-4218-bead-cba9a146413f_MasterBedroom-30488,train
3d9f406a-4032-44ed-9f55-064f14fe2250_SecondBedroom-67719,train
aef6f22c-02ce-45f4-ba66-2433f847c324_MasterBedroom-39088,train
12d084a8-6632-472a-af65-32e7109e5783_LivingRoom-791,train
6b774494-78d2-4def-a1df-24e4d907e796_LivingDiningRoom-136982,train
0a28563b-19e4-4d67-8130-9a87a547daf6_DiningRoom-16628,train
64321004-c08d-4334-984b-4bdbed4895d1_SecondBedroom-64295,train
f936d670-ce9a-4fdd-a20d-8e790dbb92c5_SecondBedroom-64094,train
f451b16e-3457-41e1-8f08-b56265549833_SecondBedroom-14305,train
8555557f-34b5-485a-a0f1-db9ee2580959_MasterBedroom-109910,train
df0e6d6c-5251-43ab-8334-e67e11ffc697_SecondBedroom-155750,train
8f43d942-cf5b-4e85-b31b-32e537f24cb3_LivingDiningRoom-44356,train
ad2bc1ea-0567-4048-8cdb-d298dc18d162_SecondBedroom-30536,train
4ad6d9bd-5131-4926-a8e5-801140c7127d_SecondBedroom-11003,train
5241d1cf-ef42-4093-8c13-ef34d601b738_MasterBedroom-5522,train
1f077e24-2eca-43ca-bc92-1b36eab99467_MasterBedroom-181000,train
0832d1de-528e-4d78-9177-1a96e38ad499_MasterBedroom-26903,train
b5bf1be6-ce97-4e98-9f8e-0018f9e5e704_Bedroom-1262,train
5a6ed75c-d1a9-489c-8fd0-e11e2287e7a5_MasterBedroom-23353,train
0d6bf931-d094-4ecc-8b54-f2332c9c2464_Bedroom-57460,train
b84c594f-2408-4197-ada7-d058f6620cf3_MasterBedroom-50107,train
9894d4c3-43cb-4af9-9107-263bdb85bd18_SecondBedroom-19505,train
e35cbb00-27a3-442b-8cf6-bf8651e54db1_LivingRoom-4960,train
edf37e82-ff08-4c09-a370-35ddd304c720_MasterBedroom-19679,train
5b43279a-d844-4bde-b881-1e01f9097c06_Bedroom-39641,train
a33765d2-6c9f-441e-a839-5de9d487648c_MasterBedroom-26641,train
f655b350-074a-4b5e-ae1e-ede74c0e75ec_LivingDiningRoom-77193,train
adb44d12-29d6-47f7-87bc-f54fdd017b50_Bedroom-18950,train
39629e24-b405-420b-8fb0-72cef0238f70_SecondBedroom-1255,train
94c64091-a056-49b0-9c6d-a928ab68992b_MasterBedroom-12518,train
9681ee28-7d6c-42ad-b7b1-fef48a780a6d_MasterBedroom-29891,train
45fb7506-342f-4dc6-b2c3-2e041fe69faa_Bedroom-10566,train
22690830-2a2d-4265-87ae-0a3f4957d085_Bedroom-63480,train
29ac53f9-61fe-4397-96ae-b33522d292ae_SecondBedroom-22098,train
aa864471-da98-4da0-b383-461f994d2531_SecondBedroom-11974,train
76d4dd1b-ae9d-4edc-b636-a02b1082383f_SecondBedroom-25927,train
5998124a-5ffc-4422-b94d-a4855a2d4fca_MasterBedroom-14879,train
258948d9-50d8-4c90-a6f4-d9d1072e45bb_LivingRoom-9117,train
9681ee28-7d6c-42ad-b7b1-fef48a780a6d_SecondBedroom-30001,train
f85c9163-8554-4302-8927-6e5c0e31f3f8_MasterBedroom-539,train
59aed3cf-93be-4630-97b2-bc707ca491c2_Bedroom-33711,train
b583dce1-ffe7-424f-a902-db75daeb6c66_Bedroom-2765,train
256dea7e-cb60-4f23-abb9-fd0104445c00_MasterBedroom-6844,train
a0c48314-2360-479a-8ff5-a61f4e0bedb7_Bedroom-167264,train
ad428fbd-a2cf-4693-a858-e5e64ba48026_Bedroom-18759,train
af2e8a6f-d173-482a-a922-23e242acef49_MasterBedroom-54203,train
da86e040-3b36-4e67-8070-397519b019b7_LivingRoom-88523,train
a1efe26e-57c1-4624-ba4e-27c75f2b684d_Bedroom-16963,train
2f2433ee-e2cc-416e-8127-f5abd01550b2_SecondBedroom-268980,train
885bca04-679c-4098-a2d9-27885640ad28_SecondBedroom-18640,train
ebb55c6a-0af2-4727-ad86-b18d0061a415_Bedroom-25921,train
ec4ce2f3-bf90-45ed-b90a-84f89d87afba_Bedroom-22004,train
89f96fa2-03f4-412e-b893-bfc3408c7737_SecondBedroom-13613,train
0432b048-ede1-4049-982d-8bccfacfb541_LivingRoom-8377,train
08ba7e0b-1ede-42ba-a766-885e27cb0d5b_Bedroom-75036,train
1452099f-bc40-46b3-a7f4-5b5354a60af5_SecondBedroom-4782,train
f29e10da-f170-43c5-b03b-0f1d88149c55_SecondBedroom-1654,train
f29cea89-70ae-49d7-8d1f-b7c1e7cada53_SecondBedroom-24256,train
bfd97a03-3dc6-4027-916b-a81279cd411e_MasterBedroom-20971,train
97ef997e-d71e-4afe-bd8d-9b18a6641a5e_MasterBedroom-25212,train
721aac20-b1b8-411f-93cd-285290b9fa45_LivingRoom-890,train
0b4e78c9-ea06-4101-9d7b-dc927887b198_SecondBedroom-26156,train
fa4d27ff-6744-4a6d-bf11-55e0cd169d65_Bedroom-27900,train
bbfbce07-fd71-4e7c-a40d-4eb3a9bb70d2_DiningRoom-2412,train
626ec355-216b-4e9b-a010-9f4e8ac5096e_LivingRoom-3890,train
68f61309-f9e6-4dfb-a1a6-82c1bef6b6f9_LivingRoom-23471,train
e580682e-4cfa-4f03-9d85-0c74c929f896_SecondBedroom-11465,train
8ab6793a-646c-494a-9cb1-b149d3e09cd7_MasterBedroom-4027,train
b41434c7-ea34-404b-a426-34221b17c942_DiningRoom-3024,train
97791006-5ca8-43fe-bb21-1d8f6e252ab5_SecondBedroom-697,train
6e2e3a16-bf5f-4bb9-b416-4c6dd042ba72_SecondBedroom-1301,train
a796ac9a-abc1-4003-b7a3-d1e84fb7fc28_LivingRoom-40968,train
2befd25c-4ad6-4d8d-a817-85f69d9e1197_MasterBedroom-78759,train
47bdd0ae-6956-469e-954b-680655c6252b_MasterBedroom-1376,train
1d1d69da-23d2-45e6-a06f-1f5334e70bd5_Bedroom-14230,train
03ce6fa9-d13b-4fa8-885b-b3cb1020ebee_MasterBedroom-13291,train
d87c401d-93c1-427e-a03d-8e851e6db716_LivingDiningRoom-1592,train
bc2e79c6-a4f7-4c99-a6cd-6aafb5843cb8_MasterBedroom-25936,train
a0d30f6c-c229-45a2-bf7f-ae9f08b97596_LivingRoom-1906,train
b3d57bb3-3859-4986-8da8-568bb1095d43_DiningRoom-18888,train
8055ba97-ba26-48bb-ac1b-8ed9b3330d62_MasterBedroom-92245,train
7ac7b8b0-6ea1-4930-9f50-7328e00e579a_MasterBedroom-34134,train
0e563bef-ab48-4a9a-94c1-3018575fa499_MasterBedroom-6493,train
ef8fd1e1-1ffe-443c-9250-051ead3af79f_LivingDiningRoom-3061,train
3bcd937b-c084-40c8-9d5b-adf7ef20f842_Bedroom-33448,train
7953c350-d2e9-4cdd-8f7e-b73b938331e0_MasterBedroom-49820,train
463b244a-42b5-4340-8da3-7a291f989c80_SecondBedroom-107766,train
ef17e0e8-f83d-466e-9a2c-096d97599757_MasterBedroom-1446,train
e8935429-7f9b-4a4b-bc21-58c0b0d82198_Bedroom-7954,train
f5ccc1c6-130b-465e-a4da-440c06d64107_SecondBedroom-25993,train
d53e93c7-957e-4af2-8b95-98903a45af6a_SecondBedroom-42478,train
4431da97-8901-416b-8011-ed50913cef8e_Bedroom-8518,train
52982a7b-ed79-44e6-bb37-f878754c07d3_Bedroom-186,train
3ac0cfbc-2f34-4859-bb3e-3d0be859c778_SecondBedroom-2501,train
2513701f-f5ab-41b5-9d0b-af10956551bf_DiningRoom-12866,train
eb29ee2c-5f25-4dbe-965a-ec1c07904585_MasterBedroom-534980,train
7dbb372a-75d0-4e3d-9954-06240f8bb8ad_DiningRoom-2101,train
cfc0e878-ba80-43f0-9a54-45a4850e4ecd_SecondBedroom-3852,train
6123cc37-6e39-4065-b00c-f6004076d287_Bedroom-752,train
9b901fc2-2f66-4f0f-86bf-e7571cbb5226_Bedroom-23858,train
75081366-64f8-4a8f-a9dc-180caac4b73d_MasterBedroom-12006,train
23b1facb-b178-4875-86c3-1a2a853a3dae_LivingDiningRoom-14508,train
aa1a03cc-eb9f-4388-8501-23917fc85c58_Bedroom-9668,train
4d2efc7c-8898-4ab3-a473-a421dc72eb58_LivingDiningRoom-11292,train
5e177e22-3ebb-4fae-84a6-d8e7f0411e5d_SecondBedroom-2750,train
0e563bef-ab48-4a9a-94c1-3018575fa499_SecondBedroom-8341,train
4b601463-1cc6-4a9a-9fde-37844b0a2556_MasterBedroom-147840,train
71077ab4-63f1-4875-a2b2-4199ea4de5d6_Bedroom-56702,train
d48c19cb-6142-4344-aeb6-9ea23eb87ac2_LivingDiningRoom-36481,train
796d838f-5a6c-4c84-a355-2e2aa27d2cc9_MasterBedroom-19957,train
2f2aea48-6acc-4236-bf29-b2b9e450557c_LivingDiningRoom-132916,train
b741b776-33dc-43b0-b33a-2a488c920045_MasterBedroom-48846,train
9cbbb4f0-52d8-4600-ac63-bc4480ab1d83_Bedroom-46578,train
07cba4b4-3e2b-4c90-8b3c-c44ae6ab014e_LivingDiningRoom-109572,train
43f7c2b8-5eed-4aa6-ae66-8cb06a47148e_MasterBedroom-2827,train
99fd1d4c-1da6-4e4b-a469-30eaa6f5befb_LivingDiningRoom-3910,train
d9c6db25-1f85-4ef3-8900-e5fbe1dae53a_SecondBedroom-9574,train
b580bfcb-0110-439d-b83b-bfd9caa431a2_SecondBedroom-579,train
bbc1b345-a8db-4c3f-a70e-12f59d11410b_MasterBedroom-1480,train
98efac0b-a256-4bc2-a55f-a3df5ef39096_SecondBedroom-9739,train
0220df39-8356-4ba5-8f26-4f385afa2cae_MasterBedroom-37718,train
41102cdc-f833-4edf-8d5b-4dcd24607969_LivingDiningRoom-18581,train
7279cacf-3d83-48f7-9cb4-114caeb86df1_MasterBedroom-7562,train
0fdce50f-b5e6-4d43-909a-fbae7a64f508_SecondBedroom-3784,train
f655b350-074a-4b5e-ae1e-ede74c0e75ec_SecondBedroom-79435,train
0efc2789-0d3a-41eb-adc7-6db4f8713070_SecondBedroom-392,train
bb13762a-67b3-4957-be4e-f1b0878c9f87_SecondBedroom-20065,train
f82d44c6-df98-404b-870d-b6f378d2151e_LivingDiningRoom-6060,train
8cb25305-b65d-46b7-bf85-34604674d5ab_MasterBedroom-12519,train
54b6b469-8aa3-4d5d-a285-977f75fc4212_LivingDiningRoom-14976,train
11163921-47e3-4f3b-a7a2-c436c322b64c_SecondBedroom-10031,train
21a0379d-e657-4b7b-80f1-2aa4554d7d80_MasterBedroom-142318,train
4a87a708-9bb4-41ed-806c-b8b62b090992_SecondBedroom-168,train
fda72039-c926-4c5a-9c51-627a0ab5d3ca_SecondBedroom-1983,train
7ba559ee-a2d9-425c-9111-cf2a9c543c57_LivingDiningRoom-103650,train
887b2bb6-d552-4778-b841-70a6ac0fe88f_DiningRoom-13592,train
da8a9f42-2565-4900-a234-de4c2913d604_SecondBedroom-6002,train
c0de5219-e186-4e77-9b84-394940d6460b_MasterBedroom-241,train
31134f8d-e819-4619-bb54-a19e5f54073f_Bedroom-3651,train
21c3b027-c6b7-480c-9933-d519eefab02d_LivingDiningRoom-2575,train
bacde876-958d-4a48-88d2-6e8bcde7d5b3_MasterBedroom-7022,train
3a55f775-fc7c-4c6f-ab9f-59e31c04e093_LivingRoom-35085,train
da79a86b-abc6-4ce8-a5ed-7a94a7387cc8_MasterBedroom-23811,train
8281cc45-1b8f-4bbb-9564-cd8adc98cda3_MasterBedroom-10939,train
23c4cd36-eee4-4bd4-93c8-0b07d192d1ef_DiningRoom-20887,train
c13a4e1c-5ff3-4a9f-8f83-ba07d5b1a79f_LivingDiningRoom-12564,train
68bb331a-32f5-463d-932e-e8360fad1908_SecondBedroom-120852,train
add0c77d-3e5c-44b6-9298-6c09a38f5b6e_MasterBedroom-15409,train
a8affec8-d260-41c8-853c-cadbdf317b63_MasterBedroom-22008,train
2f66749c-c9a5-4cac-95e0-16672d074cde_Bedroom-4142,train
c7818ac9-9bfe-40c5-932a-32d4c83ceab0_MasterBedroom-14201,train
14bfd47d-7781-4190-b0d0-a37e0c24629e_Bedroom-31405,train
948056f8-df36-499a-b159-d02346e75255_MasterBedroom-1158,train
a7f64d89-c953-4ba9-bbd4-6f74eb69710b_Bedroom-16810,train
62ee0d5a-10f1-44c4-bccc-a731dc6ad93a_MasterBedroom-8545,train
a5040c13-c69d-4651-9ee6-eeb2afb539af_LivingDiningRoom-6966,train
082c278d-5696-4a40-8fe0-36df9003db39_Bedroom-26428,train
2b4ad8be-6aad-48a7-b7cb-5f48463a5aea_Bedroom-86755,train
b2943b0f-8b10-4619-9263-d6dc198214ba_SecondBedroom-8204,train
54647521-1e76-42a3-bfea-f7aac8f9221b_MasterBedroom-4026,train
8e021c8e-c921-4f62-b09f-ad3cfe576d3d_SecondBedroom-27411,train
4409ab36-f1e1-442c-8fbc-ff49638af1e8_MasterBedroom-29958,train
e6471913-4880-4757-b422-0fbc0ec6aa21_SecondBedroom-33041,train
886fb316-5f1a-4050-9c7c-b001409a5b5b_LivingDiningRoom-491,train
177baa22-21a7-4d8b-91df-a6934117160c_MasterBedroom-18383,train
f32ae7af-2144-411e-b8f4-d83da5a4f44a_Bedroom-24375,train
8278f1d9-9da7-47cd-bc34-2e476e2bda69_MasterBedroom-22824,train
a3b91a1e-f51e-4714-a74b-33940b352efe_LivingDiningRoom-1900,train
360e8f1f-c0cf-40b7-892a-2d4d6c76561b_SecondBedroom-7228,train
6d3301a6-0851-40da-a4b5-ffe5753bb936_Bedroom-14276,train
c22b8f01-a606-4b65-a964-79be4c0036a0_SecondBedroom-1544,train
99a9a277-df69-43f1-a934-3548f4438510_DiningRoom-92623,train
19ea6381-dbfe-4667-b1e0-5e3c71ddb12b_Bedroom-46146,train
cb56a8e9-6eb7-43e9-b407-ef101d399e6e_LivingRoom-91111,train
b3a4cdd9-5144-43b7-bdad-067fdd7530c4_DiningRoom-71750,train
27530db7-0db0-437d-9ca9-12e753d201ab_MasterBedroom-11589,train
48ba8b9e-31c8-49ec-b757-f5853fd562ff_LivingDiningRoom-22,train
bc62f166-d9c1-4b04-a971-f6e8c9b05811_SecondBedroom-56936,train
3657101a-8373-4753-a960-17be0bfea8fd_Bedroom-2412,train
ff7b42d9-0e58-4847-8d47-f793a11cd3bd_MasterBedroom-83934,train
1cc0fd55-1c5a-4885-a2de-f30c6d387353_LivingRoom-33324,train
3d14c3d3-63af-4354-b828-da3be8367a90_MasterBedroom-12524,train
7a2de022-745d-4f10-a4fa-d7ab5bb8809f_LivingRoom-8087,train
44194524-916d-4e20-be22-47837f922661_MasterBedroom-14299,train
3c47589f-313d-4bac-abee-830161a278f0_Bedroom-109970,train
22690830-2a2d-4265-87ae-0a3f4957d085_DiningRoom-70428,train
110d004e-b295-4adc-ad33-fd69de90e796_Bedroom-34223,train
0dbb30c0-3770-472f-a938-58412841c855_LivingRoom-66954,train
af8b9eed-0ab5-4c65-bc73-f9fbc2b1cdd9_MasterBedroom-1752,train
35970ff6-4588-4bcf-8461-16448f1d0650_SecondBedroom-332,train
f3cfad69-28ff-4db2-ab70-4cc7f6909985_MasterBedroom-39739,train
d4d0237f-a66b-40cf-bf85-56e11cb20602_MasterBedroom-120814,train
ec4daa9d-bd9a-4d2c-9e9d-20e3ecfa851c_SecondBedroom-63799,train
66352dcb-04af-421d-b2d9-ec7958de8f7e_Bedroom-108873,train
e0f35822-09d8-453c-bf87-55f85387ad17_LivingDiningRoom-119029,train
199658c9-c2b1-4c98-aa80-807ab817c21f_SecondBedroom-66284,train
337dfa6c-11ad-4710-853a-24db35898c81_LivingDiningRoom-6485,train
b983c974-ad79-4389-a02a-d8175f933411_LivingRoom-67314,train
83c802b6-a1c0-4753-b38a-490bafe0ddd3_MasterBedroom-20944,train
95352018-794b-4260-b90d-6c78d85b0253_SecondBedroom-17793,train
013d6a38-6fa2-4e16-9903-53921f86114a_LivingRoom-5033,train
a13cbe28-97b9-48de-b617-70d6f4f50943_MasterBedroom-6631,train
0aad3aa3-ec12-49a0-b7cf-548d42b0b12b_LivingDiningRoom-98003,train
38415404-fab1-4911-ae90-96cc538d398b_MasterBedroom-682,train
e503e126-bd11-4e31-9b61-aa6816d22630_DiningRoom-19938,train
40b522ad-fa7b-44b2-aed5-81f65a369d88_SecondBedroom-28376,train
25886cb8-4b26-4354-b331-d3ccbbb37b10_SecondBedroom-1018,train
5cafb089-f3ce-4d70-a322-39e30c010b0c_MasterBedroom-12123,train
b078021c-8535-4ed3-8c63-0b6109c603d6_Bedroom-17564,train
a5cd819a-55b7-4df0-9960-8a83013bb0b9_LivingDiningRoom-4137,train
cc630582-147a-4713-8a41-16912ec0af41_LivingDiningRoom-10201,train
c20ab624-9677-40e6-a832-ed2c906e408f_DiningRoom-46638,train
431d8692-e07a-4729-8555-62d5f028153e_Bedroom-7187,train
bb50ccab-396b-4264-92e6-33c790542e6a_Bedroom-24019,train
809652f3-1c3d-4962-90d3-737fadb964ec_MasterBedroom-16250,train
cce3fe83-2d9a-4ac9-9e93-f9b687f1ae51_Bedroom-55928,train
195f3e27-09e0-4c6a-bb7b-795544e7e350_MasterBedroom-54633,train
38363d0e-7fc5-415e-aad1-248515d01ac5_Bedroom-71694,train
a2e1515b-8bf4-4950-aa12-98e35d8410ca_MasterBedroom-41349,train
4e307a7e-f510-4aca-ba9e-8328b05abe3f_SecondBedroom-9823,train
b765f7c7-09af-4952-898b-f04f17fba1f1_SecondBedroom-31012,train
cc3d86ff-9dcc-4757-8325-f7d1ac98edc9_LivingRoom-5458,train
9e84166d-ff70-496e-92b2-489f58936fbf_Bedroom-9025,train
0ed12a92-fdda-4476-a267-e076b77646c5_SecondBedroom-6123,train
9984c540-8ac6-498f-94f1-e11deebd507b_MasterBedroom-536,train
1f5872d3-0ec8-49f7-a821-d660c794ea4a_MasterBedroom-11294,train
9128b366-4314-4397-998b-894ef7863614_Bedroom-28081,train
71afc86e-1261-4c9e-a2b0-59e0811180e3_LivingDiningRoom-6936,train
1ccbcde4-189b-4865-8b04-659aba5e308b_MasterBedroom-43075,train
fc867413-7da3-420a-83a4-a292b2114b40_SecondBedroom-98122,train
d7f64e9f-8b7d-4b1f-af04-83123aa1cabc_MasterBedroom-11058,train
ca0e30eb-62c0-4b91-8df2-1cf1becf6ef2_SecondBedroom-15933,train
71afc86e-1261-4c9e-a2b0-59e0811180e3_MasterBedroom-2732,train
890ec3eb-3604-4919-879a-dbe03a2e845c_MasterBedroom-1188,train
77993e73-b0e6-4620-b0ec-83b261c297a6_LivingRoom-1635,train
05fad4db-e896-46ed-8355-561abfa822a5_MasterBedroom-1514,train
bb8583bf-ee94-4667-9981-63faf7a91234_LivingRoom-10974,train
bd45e442-2961-4143-8968-0fc05edb610f_SecondBedroom-46456,train
ba833fcc-9594-4662-a631-1cd9f01a1ead_LivingRoom-46694,train
a90f38f6-c1ad-4d64-9fcc-0f3d982912c4_MasterBedroom-45307,train
0b105b2a-e368-40ef-90a3-a4c422b915b4_LivingDiningRoom-6989,train
09c955e0-72db-4df5-99f5-0632d9658f7b_SecondBedroom-41297,train
0b6a7b14-07ce-4276-b2e7-a17d9e0b7a9d_Bedroom-112,train
76e6bb3d-b50b-453e-9a5e-8dd192714572_MasterBedroom-34464,train
39b05074-7903-4cac-acda-ca1f62e8dfa6_Bedroom-2730,train
86b16b1f-1846-46bf-959b-1c7ae05b4ed6_SecondBedroom-56104,train
7f881e49-e02f-4524-b58c-ad6ff07d569e_MasterBedroom-56165,train
9d5ea5ec-326e-46f3-b6eb-634e5e2a3837_MasterBedroom-49008,train
6603615d-0b7c-4b8c-ae29-ce9b464960ab_Bedroom-3394,train
71b6e531-ed61-4ff3-8816-5f1b0ebbb464_Bedroom-20007,train
42986cef-25a2-462f-a127-44a0c99eb0f3_MasterBedroom-33464,train
e52a7124-05ef-446d-b70e-39af1ac7aa5c_MasterBedroom-21579,train
8d1316ff-e5f0-4065-8676-2e6c79194434_SecondBedroom-13359,train
bf18f2a4-e180-4990-9ebb-1e52f4ab4e37_SecondBedroom-54502,train
41530c87-2f3d-45fc-a696-9e3b276024a8_MasterBedroom-22121,train
d0992373-c66c-46f5-ab24-90bd58921627_MasterBedroom-57359,train
90ef3333-91b7-42d9-8da4-757e8893110f_MasterBedroom-68624,train
a88f5922-2f3b-4ad8-b834-82fa1c0d00c8_MasterBedroom-16561,train
7e38438b-b4ff-45b2-91fc-cd66c249357e_LivingDiningRoom-10576,train
da244afc-8d39-4036-8c89-2dbef032afa2_Bedroom-17452,train
28b6a05c-0f26-4af4-8c3c-4ac7a0448c72_MasterBedroom-13651,train
b5ff7957-6e19-4997-a8c5-fa9a5b8043fd_SecondBedroom-6818,train
0f661df2-0f41-47a4-830c-7444f4a33a03_Bedroom-12498,train
cc3db277-1fa7-4e71-9047-f14cc317b0af_Bedroom-12515,train
43d5ff43-aa14-4d56-8092-cc6ba1ae01e7_Bedroom-1681,train
36a434a5-ed7a-4f92-ba94-57685e289b37_LivingRoom-14482,train
5e6d0804-54a9-4d4a-b4ed-1b4f22aa1d01_MasterBedroom-16884,train
9b3608bf-9705-482d-9c23-2d03aebd61ad_SecondBedroom-17374,train
81ab6211-4344-4d80-9001-34342f26568d_MasterBedroom-8961,train
0a71be67-5024-4b9c-a53f-da0aaa294963_MasterBedroom-29735,train
5e4f139b-2870-476f-a2c8-5e9867e179f2_MasterBedroom-13832,train
9c164b35-f1f3-4ae5-bbfa-5003672ac1d8_LivingDiningRoom-8304,train
642f5ac8-8330-46b1-bbf3-83e67501f35d_MasterBedroom-9966,train
ce3aa96b-a6f4-455d-8a83-2a61253c6fec_MasterBedroom-3919,train
ae3855cc-a0de-4e86-8148-d65b94f07f3f_DiningRoom-30756,train
03db631f-2bb3-4e2e-a167-3042af55db6b_Bedroom-12574,train
2197e2a4-b267-4eb5-973c-e82e5304abb6_MasterBedroom-5933,train
35bf7966-2494-446b-9f96-c0c11efc701f_LivingRoom-9544,train
dc901ccd-49a6-459e-b7a7-ddf7119fa455_DiningRoom-118281,train
40c54a07-55c4-4c83-9624-957261e07ab8_LivingRoom-65671,train
374305fa-c4ea-4d78-8321-4e1414d2535d_Bedroom-13743,train
2439fa78-a76a-4e6b-acfc-26758a938472_LivingDiningRoom-13186,train
9a21209b-f836-4d36-b106-04495545481a_DiningRoom-2307,train
21e417a7-6b31-4ce8-9e37-5423b081777f_MasterBedroom-15724,train
95f3ed13-768e-4d9e-9c55-47c0bbc213fd_LivingDiningRoom-2943,train
c76960e2-bf7d-4cec-8ead-554c40227983_SecondBedroom-12139,train
d6fcec54-1bec-4f8a-b945-8f6fd33d1e6b_Bedroom-11362,train
a2acfbc4-7112-42de-b249-027deac584d5_MasterBedroom-14994,train
9bf55c0e-6250-41ed-ba12-968598c9279a_SecondBedroom-8097,train
55bb9324-8a55-4e77-8672-ba135f7f9ae3_MasterBedroom-45301,train
0967e330-aa37-41d5-af14-04c9e8ea820c_SecondBedroom-394,train
560b2876-65ae-498c-99a6-8ca691cd42dd_MasterBedroom-7727,train
4fcffea9-2794-489a-a20e-cbae6c6e71b5_Bedroom-20550,train
0e72f832-7030-4de0-a194-581120057dcf_SecondBedroom-2966,train
5b6fc618-8dec-4fcf-b326-08436f643d93_Bedroom-9232,train
fe45ec66-33bb-480a-bac0-a5ec4e909977_MasterBedroom-3500,train
ed0f9c74-bc76-4290-bd21-27912daaee79_Bedroom-44362,train
0192a842-531c-419a-923e-28db4add8656_Bedroom-2358,train
e1ce0785-e1e1-4f8f-9428-514459737af0_MasterBedroom-74651,train
0a42232a-b3a7-4b6e-a28c-cfbc1a9ad9a5_Bedroom-16446,train
7719f139-6a07-47c3-9435-eb894ce81069_SecondBedroom-8161,train
23608ced-9c2c-4d17-b7a8-4e3656d2acca_MasterBedroom-20130,train
e1722dbf-dce1-4409-aca6-bd0cc23bfd06_MasterBedroom-5767,train
546dcbbf-7a5c-436b-9153-95541bfe31ca_Bedroom-1265,train
8d102c5d-8974-45f1-9f51-a0c032eed817_Bedroom-16260,train
74eafabd-fe9b-4f87-81f4-5af7f0b566ff_Bedroom-26487,train
3eee21b6-9b7c-4c64-b79b-e67bcc80c3e2_SecondBedroom-4947,train
c59f0391-361e-4d87-9fd5-0fee646cc85e_SecondBedroom-23275,train
838bdb43-9217-4b8b-a6ea-340a256cca0e_SecondBedroom-67739,train
39ffe480-646b-4a22-a4e9-b1118ed2cfdf_MasterBedroom-11106,train
b0f5ee50-f513-40be-ae17-20fd9acd60b4_MasterBedroom-26054,train
89c3fa07-8356-43dc-9928-07e6323f6c2e_Bedroom-4213,train
558ba1f7-b9eb-460b-a906-4551b446d2f0_LivingDiningRoom-7124,train
f01d52ec-ff3e-4157-b0bc-9c29e849f03c_Bedroom-23794,train
d3dbe530-1eac-4374-a97c-93f073071a60_MasterBedroom-3293,train
545bd0a0-fac4-40f6-84fc-6ee05ac27255_SecondBedroom-1056,train
3d746247-8cd0-4b3c-8186-2ee990b66efa_DiningRoom-31843,train
834d357f-00fa-46b1-b73a-8120c46ecaef_MasterBedroom-40557,train
fb1f8f5e-ab2c-4752-b5d8-6ee6189bd6ba_MasterBedroom-1468,train
1d8ac394-b21f-488b-b6c6-eac45a063b2a_SecondBedroom-12024,train
a1867cd2-0037-419d-a4d1-d10bba5d30f7_SecondBedroom-3229,train
a791d489-d419-435f-9235-827390615fdf_MasterBedroom-4225,train
ef2017f0-bd05-48e9-bb25-a7469c906b48_Bedroom-12837,train
491ceb63-5cbd-4c24-b0e6-da8aec15eebc_SecondBedroom-37249,train
94432a43-c802-44b9-a2cf-31f4e317e89d_MasterBedroom-271170,train
97546b68-e113-46d0-b7d4-4b2dd28a336c_MasterBedroom-22961,train
d29607ce-7436-46e0-90ae-6613a301ade8_MasterBedroom-14837,train
f2469055-5566-47f8-9625-99ea6f74ceaf_MasterBedroom-60232,train
7625e6ce-dafa-4c31-8c1a-f3a6582b01b1_MasterBedroom-7226,train
89ba5dd1-f59b-484e-9f71-dd13d3db5a5a_SecondBedroom-13413,train
530c8183-fd58-4d2f-a5dd-fc61906cc108_MasterBedroom-21731,train
aa2174af-a1ed-403f-b46d-bb44f315c181_LivingRoom-2057,train
876631f3-8f59-4a3b-bae1-8da99beff4c5_MasterBedroom-10019,train
5e831acd-1fa0-4b08-a08d-99d1748310a1_Bedroom-18397,train
e255b2a0-dedb-464d-bad1-bf78d1dc7462_SecondBedroom-17259,train
9894d4c3-43cb-4af9-9107-263bdb85bd18_MasterBedroom-19693,train
ecfd0c00-3442-4962-bc25-270db6214ab7_LivingDiningRoom-68763,train
e5116cc9-0c46-4d8a-ab2e-953d8b84e404_Bedroom-17410,train
6be30d81-2935-4fe7-9280-6efa0fd48a82_Bedroom-28019,train
a137a098-9a96-4b7c-9553-13e5178d29b0_LivingDiningRoom-13439,train
c073aa26-2ba1-4e60-baf3-85325cb4819a_Bedroom-1351,train
00808820-c206-4cc8-98a5-6b7d2ff364af_MasterBedroom-19148,train
ef482642-65a4-4ef5-b8ae-f32d09c0febe_SecondBedroom-18088,train
17b0d207-79c5-448b-b649-5c9c708abc7f_SecondBedroom-93585,train
b3560738-2e83-4f6f-9528-3f0a00c4c3b0_SecondBedroom-9923,train
53d89581-b092-4bee-a49f-8aa637b2b586_SecondBedroom-22972,train
0e49912b-d9f3-4f1a-93e2-0245e6fb67c1_SecondBedroom-10798,train
de7f5810-bcd8-4eae-889c-ea51d11640a2_MasterBedroom-18739,train
711697e6-191e-4895-80f0-6382e330ed9a_LivingRoom-2586,train
9ed1d34e-0432-4430-a6a5-dd81cd233873_LivingRoom-3225,train
b2381c40-aa83-4b69-9059-10cf42b456fb_Bedroom-23945,train
871235f6-ecd6-4a95-86e2-312c2f9ffe55_LivingDiningRoom-29062,train
4afc655d-557d-4e0b-9bcd-47e65fe0ad02_Bedroom-19320,train
f18ac5cc-b441-40b9-ac1e-a799bdb8cf15_SecondBedroom-64669,train
5d8c3aab-b20b-4b70-9ca5-e8f8fe59d0bf_LivingDiningRoom-25360,train
1d1d69da-23d2-45e6-a06f-1f5334e70bd5_DiningRoom-14211,train
ed8ac36a-974f-4117-8dbc-89e6498bdaab_MasterBedroom-11523,train
93b46a6a-9703-4487-a125-89972c1e6a4a_MasterBedroom-12479,train
8de223d3-24f3-4219-b7ba-1da244e0279b_LivingDiningRoom-49733,train
5c03cf4a-dcad-4eda-bbba-901e66848c51_LivingDiningRoom-21823,train
0670bb2e-d926-4cad-9f45-c76cd0b6d352_MasterBedroom-26526,train
ada41ea4-604e-4c03-a3ef-3e8b4dd57c7a_Bedroom-1740,train
41a6ff52-5596-4560-97c4-14f827d12914_LivingDiningRoom-11830,train
b643679b-4313-459c-b537-cd096ea1bdff_MasterBedroom-6710,train
6bb3d777-55c4-444a-abc7-dfd0bfeb00ec_Bedroom-29482,train
d8cfd50c-2467-4c31-bedc-8bdebb392362_MasterBedroom-55695,train
44e6ed20-9ddf-4f53-a6c9-5bdbedb31aa3_MasterBedroom-27760,train
12cc5ada-f116-4e16-bcc1-f1ac7bc6ef50_MasterBedroom-57483,train
935c15ae-f9e0-41ea-a91c-54bf019bb290_SecondBedroom-22620,train
6ee84dec-417f-4fba-ad4f-1f91d7589cf0_LivingDiningRoom-4056,train
8504e027-78af-4833-b36d-2ab919e84ee2_LivingDiningRoom-8799,train
f03e152e-17d0-4b0d-a2b2-f28738902c58_MasterBedroom-79358,train
4c2c82a1-1589-4326-be92-03187ba0b459_Bedroom-2235,train
b580bfcb-0110-439d-b83b-bfd9caa431a2_LivingDiningRoom-535,train
36aba4dc-b636-4f9e-9fdd-d76717918c3b_Bedroom-22219,train
6d3ebe90-a07a-4c02-93c6-a997c9890cc3_SecondBedroom-72827,train
0f5b9b03-c5f7-4172-9386-4805616025b5_LivingDiningRoom-20097,train
9e0f6402-f0f1-48f6-8e8a-00f17e55de50_SecondBedroom-27831,train
ede1bcab-2298-4756-b03a-690d5cf8dfe5_SecondBedroom-4527,train
ba2afb42-ae13-483f-802f-9917ad10b939_LivingDiningRoom-5405,train
041c7dfd-2422-40d0-9fa4-7fe1c18ff454_MasterBedroom-50863,train
be5e905c-cad3-4b8a-8f0b-1c3e93996efc_LivingDiningRoom-71271,train
a13cbe28-97b9-48de-b617-70d6f4f50943_DiningRoom-4026,train
6e284cd9-0d12-41f5-98e4-4d03c6eec135_SecondBedroom-9158,train
3edff452-4f84-497e-8af5-0e36a1d22ca5_Bedroom-22290,train
82c74c70-ad7b-47de-a718-66e8386256a5_Bedroom-30701,train
f9b7f141-b314-441a-8d8d-ba7a0227a483_Bedroom-8136,train
256dea7e-cb60-4f23-abb9-fd0104445c00_SecondBedroom-6797,train
d63a99e5-6b3d-4a99-8408-437794a5ea31_SecondBedroom-151735,train
86b16b1f-1846-46bf-959b-1c7ae05b4ed6_LivingRoom-40975,train
48812187-9207-4686-9f6e-e8e1e97eeabd_DiningRoom-9630,train
f92faf3f-2b6c-437c-9942-fd8437292634_LivingDiningRoom-11606,train
25ce1678-b167-4e71-8cd6-f7d4425e6d35_MasterBedroom-22264,train
3016ecbb-ddfd-4a33-a2db-0245e539ac6e_LivingRoom-20182,train
4d926be3-62aa-4e42-84ad-649a8fe1e345_MasterBedroom-7968,train
4cab8354-8d8e-4200-b1cf-da003b6d6d73_MasterBedroom-956,train
e22025ac-49ae-4e4b-907d-99f7053e98fd_SecondBedroom-16113,train
afd1ec15-5319-47dc-b558-b6a86d448982_MasterBedroom-30923,train
d9eb740a-ef9b-41f5-8fe9-09200a8702d4_Bedroom-9700,train
5bb4911d-eeb7-4fbc-8ce1-1cd3826eba60_SecondBedroom-13794,train
d2832564-46fd-4bed-a477-02c848c8a60f_LivingDiningRoom-2959,train
9491430c-34ad-4891-8574-f7109101d666_Bedroom-637,train
ad50e9bd-4511-4b68-b348-c472c719440d_Bedroom-11538,train
ca0bdaff-4e3a-4677-a328-cfab693b37c4_Bedroom-1965,train
eaa1c03f-cd76-4ecb-abcc-0e66fa5a2c07_MasterBedroom-27465,train
fc54aa89-bd3b-482a-b69c-0a63a5644c7b_Bedroom-140603,train
8ebe2792-a8af-4d4a-be92-edd3c88ef278_SecondBedroom-22752,train
f385547b-42fa-485e-bc25-ab752182db10_SecondBedroom-22967,train
3a55f775-fc7c-4c6f-ab9f-59e31c04e093_DiningRoom-35823,train
cc5f69b9-c76d-41a9-8a40-094e5664ebbd_SecondBedroom-4462,train
d3a21eb4-0cfa-4bde-b0d2-5affd5d138de_LivingRoom-3449,train
750705bf-a44a-4391-8c7a-dd199a96bdae_LivingDiningRoom-14848,train
e1ce0785-e1e1-4f8f-9428-514459737af0_LivingDiningRoom-74522,train
378f3bf9-7837-4b18-962e-a44d03d0db15_Bedroom-191,train
be5e905c-cad3-4b8a-8f0b-1c3e93996efc_MasterBedroom-71322,train
90a43e21-3a34-4158-bc4e-e12338ba0cc1_Bedroom-7284,train
37c69656-88ac-4e59-80a3-263c841262a1_LivingDiningRoom-41202,train
5391bad9-ae5e-4930-8e81-326e082fbe5c_MasterBedroom-51218,train
e75e3c07-5b75-4a26-8933-cb6050aa6678_LivingDiningRoom-11555,train
34ffd30a-32a4-4db0-aeaf-0fc61afec7e0_MasterBedroom-37219,train
6a90c493-3261-4ed3-b926-815b4469f615_MasterBedroom-52872,train
0c0431b0-fbbf-415e-aa86-5aaee0815805_MasterBedroom-95193,train
bbfbce07-fd71-4e7c-a40d-4eb3a9bb70d2_SecondBedroom-9071,train
48f4336c-cf23-4023-bb5d-f339e7e1770c_LivingRoom-30927,train
fc3e0cb0-d178-4b06-830d-1562cda8301c_Bedroom-1215,train
e086c12f-2d1f-47f5-9676-74a53179f7e2_Bedroom-82273,train
d3fec60e-f8d0-4cfe-abd8-041d0db2d509_MasterBedroom-27534,train
700043bd-15c3-4d12-9536-f75f2abfafa4_LivingRoom-43378,train
0f737b17-9449-4961-b978-e115bcba56de_DiningRoom-41151,train
74dfc90f-42d5-4389-8cbb-5cbe036d99ef_MasterBedroom-37550,train
fe4aa477-9203-4c50-a540-e1bbdf2d9fec_MasterBedroom-9360,train
79c5c8d7-bdbc-42ea-b582-bb5c3a925c11_MasterBedroom-12307,train
5b548a2b-4e7c-4d2c-9655-c54818ffe934_MasterBedroom-26687,train
8ad05b8a-76f2-42c0-bfc1-4024351e966d_MasterBedroom-13040,train
e044737e-5769-46b2-a8da-84b5df66d770_MasterBedroom-8906,train
7067f026-f793-4931-9e6f-d6372015de5a_LivingDiningRoom-507,train
3d21db7b-a4e8-45d1-9389-abce40c98016_SecondBedroom-22595,train
2a6c3151-0e15-42e4-878a-e890e9a9d946_LivingDiningRoom-1243,train
54a23d09-17fe-4e6a-9960-e45dafca32d5_MasterBedroom-50482,train
b68b868f-5ed9-4917-b922-4d58ca68ed7d_SecondBedroom-45042,train
f3b70889-71b2-4dbe-87df-02ba6788734c_SecondBedroom-1148,train
4fd6bf82-bb9e-45c1-8d10-91f3e3fb0557_SecondBedroom-100095,train
22ab3b63-db92-4737-bdca-6aeaa111e541_LivingDiningRoom-11122,train
fa21ce43-f02e-43a0-8f64-31f81cb339b1_DiningRoom-42541,train
05e407ce-9c38-4b23-ae7d-b9036fdb9d67_SecondBedroom-3150,train
4af35004-7b2b-4ef5-b148-b5e63b48b569_DiningRoom-32785,train
2c6130fe-0d6d-4b7c-a496-e211c5c8a75a_MasterBedroom-20798,train
14e7aa9f-8774-40f4-b786-c042aecb27ff_LivingRoom-24046,train
e73861c0-7072-467d-be89-e48dad7532c8_Bedroom-301,train
15e31e17-330c-4904-98fd-210770901565_MasterBedroom-7197,train
54c575b5-da65-4938-8b93-1e91c5e36d09_Bedroom-42001,train
ef6aa693-77da-4bb2-8da5-e041b3a8e01f_MasterBedroom-2036,train
56ef3577-9ca2-43b9-8971-47d6c88e1008_MasterBedroom-35892,train
400cce14-4ff3-4c67-9e51-c1c1fd089aac_Bedroom-67585,train
58bc5a5b-c6b3-4228-8a1f-718788f40ecc_LivingDiningRoom-27164,train
f7e21128-2c30-42f8-945b-343e6baede2d_SecondBedroom-20253,train
b9e0dff9-03dd-4c4a-a00f-0b04b45d8df4_LivingDiningRoom-62241,train
9b5aa5c9-9abb-492e-acb1-d7795bd7c42b_MasterBedroom-38990,train
3e73871a-0b33-44cb-99ab-6a76a7d6e12d_MasterBedroom-8283,train
912682a8-3a2a-46ea-9430-a32af806ce3c_Bedroom-22339,train
a1867cd2-0037-419d-a4d1-d10bba5d30f7_LivingDiningRoom-9942,train
36672c0e-419c-476e-83c0-5b04654d3690_MasterBedroom-146184,train
062cf172-4d20-48bb-9aad-b75d4b5b6b54_SecondBedroom-29324,train
ef17e0e8-f83d-466e-9a2c-096d97599757_DiningRoom-233,train
9b8b8318-45e8-4518-ba42-6512352c5ca1_MasterBedroom-24067,train
17bd5f4b-4fd5-4952-94df-7374101c3516_Bedroom-12508,train
7161d025-3ace-4163-b00c-f8409b75ce74_Bedroom-14458,train
c84c3c1c-f8cd-417d-99e0-04f543d9947b_SecondBedroom-16892,train
df84d678-cec9-4909-b09d-e57fad3b9d01_Bedroom-27988,train
71928d95-b535-44be-b678-a67b270dd33a_MasterBedroom-1585,train
b964337b-988f-420e-be26-20f2f2c4682a_LivingRoom-27749,train
30b4457b-420a-4c1b-b951-b589e741229c_MasterBedroom-27377,train
1ccbcde4-189b-4865-8b04-659aba5e308b_SecondBedroom-43157,train
3bf54310-1dd3-45a3-b6ce-e192f4d8ff43_MasterBedroom-10364,train
1fdb9840-5925-48a0-a307-4be1bc9b402b_MasterBedroom-16628,train
14002def-a25d-4c07-ac11-41e2f201bc07_Bedroom-62056,train
7581635e-6702-4e03-ad0b-60b859d19bcb_SecondBedroom-9106,train
49d213b4-57e6-4422-84de-ee107e179d19_SecondBedroom-5222,train
249bbe46-04df-4781-ad1a-dd7a60bfccb0_SecondBedroom-8497,train
01ba1742-4fa5-4d1e-8ba4-2f807fe6b283_Bedroom-2872,train
07f56e76-ac57-4f60-9390-8063fdc55e67_Bedroom-16315,train
9ced874b-7641-4dd6-b839-86e327f92344_MasterBedroom-20459,train
22d37dff-09dc-491d-bcc0-f0283e81f04b_SecondBedroom-5378,train
b5fea2a3-9686-4764-9a8d-b35c02f2d71e_Bedroom-332,train
685804c9-0747-4f2e-af3c-fe3742626c1c_Bedroom-10034,train
7cbabe0c-5239-4e90-95cb-5c79adb0ede6_Bedroom-76188,train
44fcec4c-fe76-4397-b4de-4d0717c52760_SecondBedroom-629,train
dea8e07c-6c70-434c-89d8-7c1b718bf171_SecondBedroom-27869,train
9c2e4427-a6e0-41c0-af95-3464c4678cdf_Bedroom-14930,train
1fb8e3cb-c6be-4933-bcae-8e24c6c5fb61_DiningRoom-10302,train
57363672-24cd-4509-988f-80aa45214d5b_DiningRoom-2180,train
7067f026-f793-4931-9e6f-d6372015de5a_MasterBedroom-261,train
2ef0b2f0-4df2-4bc3-8312-f378e49d89a7_SecondBedroom-16870,train
f275802e-5bf8-45d9-a851-3d1251461365_SecondBedroom-3517,train
82a7d3a7-7fe0-4bfd-82b7-05c56353983c_MasterBedroom-3845,train
6508123c-1d2a-446a-a300-7ecfd8bee038_LivingDiningRoom-4830,train
711bd99b-2719-45a9-9836-c4baae874ad7_Bedroom-4191,train
a34c7f5c-ce25-48c7-b6fc-7b347b98b30b_MasterBedroom-9326,train
b003f93a-5664-4fe2-b40a-caf19583fd57_SecondBedroom-1286,train
78270e88-4f1b-4169-abf1-c093f200bd5d_Bedroom-3435,train
86963bbe-7969-4632-a379-1cd39e2a69ab_MasterBedroom-14075,train
d5842ca3-e056-4063-ba21-f572c96d1454_Bedroom-14072,train
22eb02bc-5982-4ebe-9575-47902632e022_SecondBedroom-8475,train
0f13029f-8c56-47d0-b23d-639738301ca0_DiningRoom-135699,train
f1840b4a-05d6-4f76-9843-22c5d1a016bf_LivingDiningRoom-15790,train
07867590-fb15-4cb6-947b-118385d7a9da_LivingDiningRoom-300,train
d0e0f881-9b1e-43bb-861a-ae416afdfaf2_Bedroom-33967,train
6ec3fc4a-25c0-4e29-819e-d7c4ef341d14_MasterBedroom-1823,train
c5cb9f35-ecb4-4761-ba65-f0e5b10bd40d_SecondBedroom-17999,train
dc270b69-a104-4f96-8676-e13d62b66cc0_MasterBedroom-6169,train
23f42f25-fdc1-4897-8905-c60a4545e404_SecondBedroom-6278,train
dd6acc85-293b-44a7-ba7f-88edf767f587_Bedroom-23600,train
d41842f0-2b32-4230-9e19-40691b375b7a_Bedroom-15114,train
967e40cb-ac87-4ff0-90f0-f775d80ca4ae_SecondBedroom-932,train
be36d71d-3ed8-4afe-b2e9-45026b1a9341_MasterBedroom-15926,train
114a00ef-8b44-4714-b92c-f5f76dc90121_MasterBedroom-16944,train
ca0bdaff-4e3a-4677-a328-cfab693b37c4_MasterBedroom-9302,train
f389cf45-34e6-48bb-8f32-46210e8e72a5_LivingDiningRoom-2241,train
2e4fd266-4688-4343-896d-61b28ad746f0_Bedroom-13247,train
917d2b6f-a607-4a67-bc6d-dc8952bc2c1a_LivingDiningRoom-6079,train
05d05b98-e95c-4671-935d-7af6a1468d07_Bedroom-27402,train
b9865b8e-99c4-4005-9f4d-9cae08209da0_MasterBedroom-4390,train
236523ba-f956-45c5-b527-94ac5de67aea_Bedroom-5817,train
d25c96c5-d328-48d1-84f8-ea4ee5207a72_MasterBedroom-14405,train
00ecd021-64bb-4bc4-b754-1796d2a12965_LivingDiningRoom-84752,train
8442cc57-83b6-4c2a-b7f3-ed7cc2780098_DiningRoom-17200,train
58e81b5b-7564-4873-9189-2cd5817f6a83_LivingDiningRoom-2663,train
bda7b747-840d-4de1-88ec-03aaab4aef7a_MasterBedroom-22033,train
6d5a3496-fb30-4151-9147-12fbda4d7fce_LivingDiningRoom-1768,train
eb19c2b1-7eca-4389-9ee7-ff27db482cf4_SecondBedroom-46831,train
93654288-7735-444b-b127-fbde096e7ad2_SecondBedroom-8391,train
2c36d890-0d02-438e-9dfc-b817f31c3f44_Bedroom-17400,train
e6ae70c3-73ac-4a31-8cf5-e1e084f9a9e6_SecondBedroom-101913,train
f31e12c4-1134-42eb-b28f-2e9e19bc47d6_LivingDiningRoom-1307,train
374ff983-9a4f-4f8a-a756-b28108d72bc0_SecondBedroom-4803,train
04546af5-acd6-43b1-981a-3e976e01adce_SecondBedroom-108747,train
1e14f65e-f86d-4d18-ad71-aa2456e9a7c1_LivingRoom-41606,train
6ae4511d-5a72-45f3-af6e-2ddbf8fbe0b9_MasterBedroom-1860,train
35f27849-c5f6-4a81-8fa7-d527f9963b96_SecondBedroom-25444,train
7292d96f-1294-4a92-88c1-69c91c47e883_Bedroom-8507,train
d6c96f85-d2f8-4ecd-8454-ba282131218c_SecondBedroom-24866,train
d2f4784e-0fdf-43ea-915b-515f11791cf6_MasterBedroom-23705,train
a8936f9f-f335-4e65-82ce-0eaa93df009c_Bedroom-62536,train
e04fb1c1-1b11-4778-85dc-818624587b3e_MasterBedroom-45036,train
10daa874-0936-4bd6-9be2-3bbe831d1bcd_Bedroom-27118,train
4e16983f-11ec-4345-aca0-3841f58f99e8_MasterBedroom-1512,train
762446b3-fdac-48d0-8044-7e965421f6fd_Bedroom-691,train
64f12868-d3f0-4add-9598-4478c4e7cee0_DiningRoom-663,train
1f5872d3-0ec8-49f7-a821-d660c794ea4a_SecondBedroom-11385,train
3d848cc4-94db-4a9e-b592-b78bc13ed199_LivingDiningRoom-56499,train
75081366-64f8-4a8f-a9dc-180caac4b73d_SecondBedroom-7808,train
db2b1031-0769-4d04-a2bd-4fe8651c8461_MasterBedroom-17209,train
2e3dc383-7463-471b-a083-5c74edc8cc8b_Bedroom-70215,train
99753f89-7195-4928-a56e-9724c13bd4bd_SecondBedroom-7924,train
762446b3-fdac-48d0-8044-7e965421f6fd_Bedroom-507,train
3f5dea2c-eda3-4cd1-adff-fc2317af1fcb_Bedroom-48241,train
5493b6a0-cd82-4236-8814-1001e9c5b9cf_LivingDiningRoom-77544,train
1b37464e-7502-4990-a740-b6eedc419c8f_SecondBedroom-53256,train
8f6ecf1e-d00d-40be-8653-d86b9df6c719_SecondBedroom-46517,train
4fd6bf82-bb9e-45c1-8d10-91f3e3fb0557_MasterBedroom-100198,train
61a0705d-2f6b-4086-a80d-4b06a42fc876_DiningRoom-9206,train
e1d1eb29-7078-4ab7-9428-6ced49369bf9_Bedroom-1070,train
d1f6389e-0e57-4525-bff6-cd6df2c7f10f_MasterBedroom-76130,train
9b3dc3de-8ce6-473e-b1ed-e4eb43c369b1_SecondBedroom-15319,train
b9301a72-5a7b-4ab3-bcf4-aa7f67112747_LivingRoom-15858,train
c8655cd6-29b6-4c61-b2e5-a0c7a6bc0c95_SecondBedroom-6425,train
daa1dc6c-8351-42a5-844d-1ab2f5308e64_Bedroom-688,train
6d2dacee-dbfa-4c95-8465-c0184969823d_SecondBedroom-7743,train
cf6bc3a8-7f5f-401c-ba9b-45994eac05eb_LivingDiningRoom-77748,train
e2f3aa79-e130-445e-8773-b697ab77d9b8_SecondBedroom-3960,train
bd7a0fef-6083-4bd7-af4e-eb82d293967b_MasterBedroom-118537,train
8a645186-9a7d-404e-a927-2113ff8d1a17_Bedroom-163574,train
b6c31412-9def-40e5-b812-95a22c0a1c9f_MasterBedroom-34597,train
ff08fb34-a3a4-495d-955b-a621cac7cba8_MasterBedroom-441,train
53992538-a81a-4f27-ae40-f743549c0325_SecondBedroom-7736,train
1db5d7ab-dbd2-442f-a8a2-10d4192db2bc_DiningRoom-26825,train
c807b9e8-cc51-46f9-9eb3-5573742f106a_MasterBedroom-38383,train
df5e8b99-2ccc-4d27-89d8-094cf83706f9_Bedroom-1016,train
6005503e-27de-412a-9f10-2711d5d3bf1e_MasterBedroom-14433,train
f9b500af-25f8-4d88-ab0d-f36dc3e765b8_LivingDiningRoom-99518,train
a1f31522-bfe3-4f53-beb3-8613e7b2ceb0_Bedroom-48166,train
825acf77-b557-44bc-82f8-ccb2b9e1ca58_Bedroom-4788,train
c84945ea-5844-42e4-9049-3685b127bd22_LivingDiningRoom-1922,train
7a6891e2-9e55-4f16-a2ba-996a754607a4_LivingRoom-6979,train
4c2eb1df-64de-4320-aad6-f26c0ac97646_Bedroom-17188,train
bc3add99-a8b3-490b-85cb-cbe6e7e53f57_LivingDiningRoom-29182,train
5b7e4dbe-32c5-46f4-afc5-85b4884068a0_SecondBedroom-16269,train
a1efe26e-57c1-4624-ba4e-27c75f2b684d_Bedroom-22351,train
0f2b5258-2413-47c4-bbf6-106a74c1e1da_LivingDiningRoom-9790,train
5530455f-bf14-464b-88c0-7eaee2d2d85b_LivingDiningRoom-3064,train
fba48f02-1ffc-4328-b877-e53c3716ec18_MasterBedroom-29774,train
df03a9de-c80f-48da-a8d1-3f8587590891_LivingRoom-3698,train
106b7f57-ede9-48bf-a45f-dacf369fd800_MasterBedroom-9345,train
2df891e0-29c2-49c5-9260-db814a9e397c_MasterBedroom-19265,train
1fb04296-436f-4676-bd6c-b56fa9e31f05_LivingDiningRoom-21638,train
157620f5-804d-4fb4-ac22-bfd514951c74_MasterBedroom-4123,train
582e09c9-b6ab-41da-bd7e-f8275890dfc1_MasterBedroom-68509,train
427e4499-9d2d-4a29-a950-76f9aea81ffe_LivingRoom-2933,train
a065a8b5-2593-489b-949f-9334f982dddb_Bedroom-11397,train
74b36472-5e84-4950-93fa-faf2292e35a8_LivingDiningRoom-37024,train
66e064fb-9bf7-4c1a-ae44-939c6ebbef43_MasterBedroom-2426,train
5799a8da-0d93-4c2d-bc54-f1c2b7bca9af_LivingDiningRoom-2316,train
50ed6947-ae41-4a06-9bae-d4eb36e17a0e_LivingRoom-140697,train
51e57a7d-86ec-4f96-a1dd-1e312fa6ebd7_MasterBedroom-7232,train
2a8a1191-d4cc-46e4-b5ea-65e01954dbfa_SecondBedroom-214733,train
4e112013-af55-4fc9-8603-b9690b1e3a64_Bedroom-50410,train
573a0513-8b6e-4fa9-80ab-edd333fefdd9_MasterBedroom-191839,train
14af1be8-ad14-4d2c-8fb5-edb2d83a238f_SecondBedroom-1313,train
fccdabaa-fcb2-49bc-8dd7-863f7bc927e7_DiningRoom-42781,train
da11cee3-8781-49fe-9f85-0ff8fa06e676_Bedroom-34632,train
320753f3-80d9-4237-9f59-38c4201a2782_Bedroom-6012,train
62fd4a86-b6d1-47e6-a5de-205ed002026c_DiningRoom-71388,train
143df637-91d4-486c-ae5a-8cb482fa1cd7_SecondBedroom-11396,train
b2e0b670-b308-4817-b3b6-2a8b7312c18f_LivingDiningRoom-7096,train
7febc537-1b46-457c-a4e3-ed8df3afbb90_MasterBedroom-8909,train
644f3b6e-ad35-4254-92ea-626e3e8a65b1_MasterBedroom-33618,train
8caa5850-3914-427c-ad99-cbb4b2f517a1_MasterBedroom-32168,train
f389cf45-34e6-48bb-8f32-46210e8e72a5_MasterBedroom-1458,train
bfc9a79e-7433-45f9-8daa-77f41504f917_LivingRoom-409,train
09defafb-4bb8-44ed-bd94-cd9359b14bb2_DiningRoom-77736,train
490f9a57-79fd-4854-901d-023d0a56fadc_MasterBedroom-30669,train
1a73d0f5-0188-4b48-b50e-1f302b44fea4_MasterBedroom-102878,train
0572888e-2d3f-4257-ad50-a5d4022a4864_SecondBedroom-47822,train
710da331-89a8-4480-b4d1-9621baf5a93c_LivingDiningRoom-9939,train
afcaa4ce-37db-4314-9786-1addf4ea57e0_SecondBedroom-21667,train
f091233d-1a13-4a73-b1dd-f244780c76eb_Bedroom-13255,train
0dbb30c0-3770-472f-a938-58412841c855_MasterBedroom-67062,train
3c3866c8-a167-4e66-8b73-ee663bd79f07_Bedroom-5988,train
ecdbeecd-1c5e-4605-a682-ca1085fd0721_LivingRoom-10766,train
6a63fbd9-1cdd-404d-97d3-366d7ea978b1_MasterBedroom-47111,train
80261497-c204-4078-8155-a0a435138c70_Bedroom-9552,train
bd0da5c7-2afe-4dba-bb2e-77806ca8ecce_SecondBedroom-41206,train
77e7c22e-cef8-4598-8b5b-8c9dd070dbf0_DiningRoom-21124,train
c5c99bbd-e9d2-40ff-b46c-43ed48e08864_Bedroom-5237,train
e225acaf-a4f0-4b23-9702-094ac7294de9_SecondBedroom-8603,train
37301a61-1ddf-4bd9-b965-ecbebc50ba71_MasterBedroom-28791,train
11261c4b-35d8-422e-b517-ab73455935f6_MasterBedroom-5297,train
7852a3a7-220d-4393-b620-c99c4b2085a3_Bedroom-4582,train
5fdf68a2-1ad6-441f-a59e-230413b55a01_Bedroom-211817,train
aea28264-2cb8-4875-bdd2-073fb12c83ac_MasterBedroom-32994,train
8b020c26-3761-47f7-bd34-4961c0393e4a_LivingRoom-3559,train
2be2628f-bec8-4217-9660-805b1c8a1baa_SecondBedroom-140986,train
19937077-943b-4751-ac40-4eb60941a9e1_Bedroom-8446,train
c09ae94e-bcf9-4e9e-81d7-6f41201afeae_MasterBedroom-24935,train
a4e92ea1-e0b9-4ccf-ac6b-c3e8c9d6e9ef_SecondBedroom-10941,train
1b2b1023-3a1e-4540-b246-f6b57961df6d_MasterBedroom-10833,train
20205262-153b-49b2-ae45-43f01c22e12f_MasterBedroom-26081,train
96bc1382-7f9a-42ff-8937-f0175468d63f_MasterBedroom-35172,train
7fd048fd-4980-45b6-8a28-57a0585dffe3_SecondBedroom-35405,train
b6a24513-baa6-4f67-8a78-4a19c5536dce_LivingDiningRoom-2831,train
3fc88ba8-7ea3-4653-892f-83667812c78a_LivingDiningRoom-76396,train
5faf622e-532d-4c9e-ba55-e2dd01fa1f3f_SecondBedroom-60421,train
5d20881f-5edd-407c-8577-4ac0c12b51db_Bedroom-10665,train
6b282d95-3b71-414d-80d2-23d42bc0b526_DiningRoom-43780,train
78cf633c-0e07-4c24-9d5f-33fa7a63fec7_MasterBedroom-8206,train
14ea58a6-a039-424f-a693-d22ab49701fb_DiningRoom-25949,train
646caacd-2202-49a5-8aee-8461238c4121_SecondBedroom-7309,train
a45244aa-5c1a-48b7-b1a3-3f55fd35fcab_SecondBedroom-1097,train
d9df2354-d80d-49e7-a9e8-2e8fbf31dea3_LivingDiningRoom-998,train
9f91d0bb-909f-4e7d-9829-ed234ec6394f_MasterBedroom-3985,train
b643679b-4313-459c-b537-cd096ea1bdff_SecondBedroom-1152,train
e93b3e34-be1b-4c2f-83f2-f055304c7c7a_MasterBedroom-48291,train
c9297532-14a7-4736-a0f4-1f14a527e93d_DiningRoom-20750,train
28d29c60-ea18-4761-92d5-58a57b52f2c9_Bedroom-3313,train
dbdf84ea-3a94-4c7b-b0bc-f6ca6fd2a62a_SecondBedroom-16837,train
bbfbce07-fd71-4e7c-a40d-4eb3a9bb70d2_MasterBedroom-4374,train
07f02d16-a025-4bc4-a45d-5f487c545f49_MasterBedroom-97223,train
959d7224-db8a-4ce0-8dd6-8e17adbe719f_SecondBedroom-1245,train
94df2d89-c43d-4a42-8b69-a097785aae0b_Bedroom-236,train
036bc96c-419d-4a43-812e-1e533d95dfd3_MasterBedroom-114213,train
364d3557-c189-4bb6-a5cd-4b1c2cab4706_MasterBedroom-5328,train
a35d3d15-332d-4e0c-833e-3c1c476edddc_MasterBedroom-34041,train
785aec91-b165-4561-a384-1a191e6690ba_SecondBedroom-107035,train
7961640d-b638-40df-badb-59572bcdbacb_MasterBedroom-8547,train
d78a9dc7-eba3-4c8c-877a-80eaa2e4f76a_Bedroom-5573,train
33107872-d240-44a2-93dd-66cd02757db6_LivingRoom-5732,train
04dcc229-3353-4d90-a058-080acbcc4d59_SecondBedroom-2302,train
01c978d0-4fe9-4ee4-9c1b-ac0788610445_MasterBedroom-73093,train
8660193c-1cdf-45f0-b8be-f9022ba57802_SecondBedroom-15743,train
96bc1382-7f9a-42ff-8937-f0175468d63f_LivingRoom-34874,train
1cf94f82-50bc-4805-94d5-a8b52b66be31_LivingDiningRoom-54997,train
5688d36e-44d9-4420-9a4a-501418b5f2b8_Bedroom-59236,train
dc5bd6be-b704-47b6-8539-b096765c7041_Bedroom-33476,train
be62616c-b950-41d5-975f-b64950227c08_LivingRoom-44797,train
cd8f3a84-0516-4ca7-aeab-c4b4027d39a9_Bedroom-421,train
0c26f793-846f-417a-b27e-0fbbdc3db601_MasterBedroom-11658,train
71b1339c-fd3f-4150-981d-5b93097b136e_SecondBedroom-71864,train
eb014623-6b94-4fb0-b33d-39773cb0cd8c_SecondBedroom-77167,train
b93f845e-1b90-4231-8d91-4eab81487423_Bedroom-26320,train
61bcb629-5399-4b21-bf61-1f4340155c10_SecondBedroom-5185,train
91f9a318-06ef-4eaa-9892-e9d91c1161fd_LivingDiningRoom-14573,train
0474dd2f-f35e-4928-b648-89050973e835_MasterBedroom-7504,train
d6ff39e4-0823-4441-bc96-375d120edaf5_MasterBedroom-12485,train
fe74af37-407d-4335-910c-1dc03e0c9303_Bedroom-13709,train
d369782b-4c74-43f3-865f-9e1d753709d8_MasterBedroom-7042,train
460f4136-0bf7-4403-87a8-8473751c4067_Bedroom-76307,train
6752bfe1-3a27-4200-9f0f-8e78a878993d_MasterBedroom-14158,train
8444f7d5-2c4b-4abf-8da2-52e430225b67_Bedroom-358,train
19fe2f19-6a70-429f-ba6c-e2d02af52df1_SecondBedroom-26029,train
a66bbfeb-dc00-42c6-b9c2-62bd75651c32_MasterBedroom-42650,train
8f90151a-098e-4156-b438-771584a19182_MasterBedroom-13855,train
200710c5-dab8-441c-b61c-bc1379424dfc_SecondBedroom-11300,train
3d746247-8cd0-4b3c-8186-2ee990b66efa_SecondBedroom-31776,train
53608c94-9c21-4beb-a7c4-fb19b05a1a34_DiningRoom-9557,train
65dee4d7-0d0d-434c-a281-0caaa8e9e979_LivingRoom-3204,train
887b2099-1611-411f-9a3c-75d38d89a1a3_Bedroom-1394,train
1f54e60e-c8c2-437d-af36-75ca36438019_SecondBedroom-24295,train
387a6322-efff-41e8-a11a-f4d04321ce10_Bedroom-7832,train
9f1fb816-ff49-446b-892f-0cd7d1cd5647_MasterBedroom-66911,train
011da194-aa84-4a98-bf9a-afd18357819a_LivingDiningRoom-840,train
bb13762a-67b3-4957-be4e-f1b0878c9f87_MasterBedroom-21140,train
d3dbe530-1eac-4374-a97c-93f073071a60_SecondBedroom-4535,train
47e2088c-7842-4123-b47f-2b03056b5297_Bedroom-473,train
ee3d1267-f097-43b5-9a18-2e408f379b3a_DiningRoom-7959,train
07f02d16-a025-4bc4-a45d-5f487c545f49_SecondBedroom-110019,train
167cd3f9-810a-4d7e-b4a6-1ad0555bfd71_Bedroom-13315,train
1f397944-0127-417c-aebc-397096d2614d_MasterBedroom-5562,train
5a93c134-d34e-445a-b15c-6fa37df0b992_MasterBedroom-18785,train
fde5a857-8d3e-4f26-913d-901b182198be_SecondBedroom-28196,train
0adb88db-02a3-43ca-9a69-76dcf25740d6_MasterBedroom-72713,train
fa56e1b0-7c26-4a09-a8f4-6e3f226fc131_MasterBedroom-41510,train
9af95d77-acc9-4ab0-b951-1dc42afae8a4_SecondBedroom-2941,train
61fd44a0-70d9-42d2-9ed3-b2a45b2c4351_SecondBedroom-67182,train
7f881e49-e02f-4524-b58c-ad6ff07d569e_SecondBedroom-53615,train
ee41dcf6-414a-4e05-b33f-db4272c90ed0_Bedroom-58778,train
562d5f5b-3a15-4570-b1b1-0bf1f4df12f7_MasterBedroom-35310,train
afd1ec15-5319-47dc-b558-b6a86d448982_LivingDiningRoom-31395,train
ffd98024-7200-429e-8b9a-1234a5937826_LivingRoom-360,train
3f5df315-6fc7-46c2-84eb-862e27012530_LivingDiningRoom-174,train
1bba9cf8-9a17-4f76-9e40-b735f453aa32_Bedroom-60068,train
2e173d63-1462-4df1-938a-11415d0662f9_SecondBedroom-5283,train
f98c8dff-7392-45b8-abf5-81c3ca5eb064_LivingRoom-3792,train
fd9984b0-5f43-40b7-861b-f2cbee90326a_Bedroom-9293,train
f783e6e5-ebd1-4cec-94ce-bca4eca8f504_MasterBedroom-55352,train
cf351d12-584a-451a-bbe8-6818cbb37329_SecondBedroom-6908,train
ef9270fb-978c-4918-a560-98c6408f12f5_LivingRoom-23777,train
9bbf3f4c-3de9-4de4-9ad6-7460413fdc88_SecondBedroom-10357,train
911575f5-aea1-486d-bf41-c7f9b0bbd258_SecondBedroom-35873,train
f5ba38ae-7330-4132-b051-cf0bae2b8b44_Bedroom-29631,train
d86d22b5-a808-4dfb-acf4-a7a5bfc9457c_LivingRoom-24701,train
84792e19-2521-40c2-864b-c755010f6c00_SecondBedroom-68005,train
676675bd-df42-4951-afca-7d39a70af0da_Bedroom-71366,train
56b05fc4-f06e-43ee-ac96-1a531da87e84_Bedroom-2042,train
9a715acb-d999-4861-9cb9-37847a537f9b_SecondBedroom-8146,train
3935a020-6a26-4e14-ba45-39062fc8aed0_MasterBedroom-37265,train
3bb97ab1-bbc0-45f1-9b38-47496e555b1d_SecondBedroom-14409,train
492f7d99-2d61-4c57-a95b-f83d9bb4f2eb_SecondBedroom-11311,train
e4d49144-ac70-482d-ac0a-607f68160dca_SecondBedroom-15120,train
177baa22-21a7-4d8b-91df-a6934117160c_LivingRoom-13599,train
c06f62d4-778a-4303-a2c8-301181ecc9ee_SecondBedroom-35395,train
4f1cc012-96d5-4669-b631-1ccb3003e77e_SecondBedroom-102751,train
00fe8139-76e8-42b4-bb41-7f9f085ac351_SecondBedroom-15597,train
8e49c059-4e1b-4a7e-a78a-9d2fe7a8cad2_MasterBedroom-10454,train
b51bec16-bd64-43be-ae51-2e190aafba67_MasterBedroom-37633,train
206d8aff-ccfc-4120-b5d8-d63c5578796e_MasterBedroom-994,train
7130f8fa-ec52-455e-88a6-fb2a4e440087_MasterBedroom-57124,train
cc7358c4-23db-4474-b21b-2351115fe453_MasterBedroom-32534,train
8a3bf65f-af38-4d9a-9cdf-b278faeb499a_SecondBedroom-27642,train
388fb15c-a095-43c7-8eeb-07329df221e5_LivingRoom-30957,train
5952a518-03dc-40f1-8990-89a0b312e0f9_SecondBedroom-551,train
55bb9324-8a55-4e77-8672-ba135f7f9ae3_LivingDiningRoom-45270,train
e3a673e8-9ac7-4e41-831a-24888f0b85ca_LivingRoom-1259,train
568879d9-c6df-424b-9776-71321681b4ea_MasterBedroom-9069,train
741c2966-f279-4d6a-8219-c55cda0fba81_MasterBedroom-109317,train
bc2fec07-323e-4ab5-bda7-64febe8f69f8_MasterBedroom-4843,train
7a1e44d1-5828-441d-b041-238b1f0cb76b_LivingRoom-42866,train
79c940db-6486-4930-896f-dd205349df5f_MasterBedroom-52699,train
8c3184be-d255-443f-bb65-5a17a15a2f58_SecondBedroom-27358,train
1e2d5644-9a07-4d9d-b801-e0a57c688856_SecondBedroom-52786,train
f8dbb08a-c5c7-41d3-b7e5-7fc62c5f610b_MasterBedroom-50346,train
263d93fc-42cc-45b2-9149-aa9feda6654d_MasterBedroom-11787,train
14a8aabb-7f3f-4dfd-ae11-72bbfeaa296c_SecondBedroom-32294,train
b68b868f-5ed9-4917-b922-4d58ca68ed7d_LivingDiningRoom-45001,train
998ca0a0-ee00-4323-b2ad-79b858ffb0a3_MasterBedroom-17160,train
8077b5fc-e48d-4105-a59f-de2369e4bb39_MasterBedroom-8179,train
3a19c7bb-bc35-44e3-8d48-4fb00b9789ff_SecondBedroom-24604,train
38e3cf4a-a67b-42d8-b467-2d1a3e5407a8_SecondBedroom-15551,train
c8f05c13-5267-410a-b1aa-8701b9b4bdd5_Bedroom-81765,train
3f3e99f9-be5f-4d9a-a796-7211d0a08b41_SecondBedroom-7253,train
e29c9cea-a331-4062-8d95-17f3f7ed8813_LivingDiningRoom-46190,train
abed9012-2ba2-448e-aa8b-01bdcffbdc45_MasterBedroom-7034,train
c4378074-7728-43be-ad20-6811c648d5ad_Bedroom-2471,train
ede1bcab-2298-4756-b03a-690d5cf8dfe5_MasterBedroom-6468,train
b8366424-8564-4127-9238-097bf6200861_SecondBedroom-144825,train
56827f79-da49-49a3-8683-b64b8646b3fe_LivingDiningRoom-7023,train
eeb71e43-2988-439e-867e-cb143cb3988a_Bedroom-3153,train
5a92fb82-10da-4b31-962a-2f8db50ff99b_MasterBedroom-369,train
807602ef-635e-4315-a24c-191c4b825dbf_LivingDiningRoom-144857,train
5b60eded-8082-4efe-a33f-9e3c00768f20_SecondBedroom-25309,train
5ac451ba-b3f0-4734-ac59-e7ac821e3c83_MasterBedroom-110518,train
0419bc7b-5bd0-47fc-802a-69c21ee0c80b_LivingDiningRoom-33368,train
3bf3db41-ef01-4ef1-82be-5b97ffddd4a3_LivingDiningRoom-16427,train
43dce6e3-e13c-4ad8-87cc-a0141569311d_MasterBedroom-12942,train
c7fefad9-9449-49d4-8687-b0cbc1f203bc_MasterBedroom-4146,train
893a9ee0-ac02-422b-923d-54f7a5b12ede_MasterBedroom-48205,train
e04caa9e-1a57-436b-8d46-13fefcf6e540_SecondBedroom-9844,train
63bc11cd-473f-49f6-b239-7ecf3d9e4ae3_MasterBedroom-28214,train
1283c8a5-b589-48a8-a6c9-486791da56ff_SecondBedroom-19482,train
37fee753-1c40-4784-ab50-4f5d72df6f65_MasterBedroom-18464,train
6dd54ac4-ea84-406e-8abe-b4a602a15851_Bedroom-13921,train
f48a21a7-a87d-434a-8626-4fe208c06877_Bedroom-822,train
073019d0-0c5d-4c78-9aa0-6d420bec0a33_Bedroom-12257,train
b0dc2c16-296a-491e-a82b-d2d7fd8fdada_LivingDiningRoom-968,train
caf38914-a237-4e42-9681-844d4ca966db_Bedroom-27912,train
00ecd021-64bb-4bc4-b754-1796d2a12965_Bedroom-83361,train
8ac826bb-0229-443a-a9fc-fdc6ce7af073_LivingDiningRoom-13451,train
47198989-4f6e-4221-a833-e858a0e44793_MasterBedroom-199,train
e6a4a8f1-d501-40d8-ba95-ef8163fe2d23_MasterBedroom-11479,train
ecc2066b-925b-4fa3-8734-e811352a45f5_DiningRoom-118252,train
145a8dee-2950-4483-90e6-36e70fec5c60_SecondBedroom-4397,train
578810bc-9d89-4852-921f-fb51ca7fbc53_MasterBedroom-5468,train
17bd5f4b-4fd5-4952-94df-7374101c3516_Bedroom-9783,train
3d55bab4-6fa8-4498-8c18-b62786ba7887_Bedroom-10773,train
f19be8c6-be96-43dd-ab1a-c409aa126621_MasterBedroom-9574,train
04546af5-acd6-43b1-981a-3e976e01adce_MasterBedroom-108890,train
93a20906-9d65-4541-ba47-61c7d13a06bb_SecondBedroom-10764,train
510e1d36-b89a-4e57-91fe-87671d00977e_MasterBedroom-13590,train
0d7be408-9e3d-4f68-8422-5aa2069ccdb2_LivingDiningRoom-27102,train
6bc28ca2-2555-49b4-816a-042ae648f4c6_MasterBedroom-50612,train
53608c94-9c21-4beb-a7c4-fb19b05a1a34_SecondBedroom-9632,train
5e435d6c-8d14-4cc8-b9e3-cd8e194b20b6_SecondBedroom-20454,train
17fefead-db2b-4184-8c9e-f0237b700073_MasterBedroom-24604,train
9e8b8e5d-85fe-42ab-b582-7a8484399699_DiningRoom-15222,train
48f4336c-cf23-4023-bb5d-f339e7e1770c_Bedroom-30978,train
3aa40ca2-8d84-4fc1-b2b8-ce2234c45f60_MasterBedroom-20604,train
0023b7d1-1439-4e5c-9c7b-c34f155ee856_Bedroom-7177,train
c1582d39-39a3-4120-bbb2-859a80336893_MasterBedroom-237,train
371c2846-ec26-43ca-a9dd-05e49db6ba62_LivingDiningRoom-60564,train
8444f7d5-2c4b-4abf-8da2-52e430225b67_Bedroom-219,train
c1ebb7fc-5537-4ee3-a1ec-4d89b09743c6_SecondBedroom-13688,train
d86cc127-c307-40fa-b4c5-620f57b3e004_MasterBedroom-24915,train
14af1be8-ad14-4d2c-8fb5-edb2d83a238f_MasterBedroom-1328,train
eb19c2b1-7eca-4389-9ee7-ff27db482cf4_MasterBedroom-48901,train
d37323ad-0553-41e2-99d3-e8ae35ec9ef6_SecondBedroom-17722,train
9f7ebccd-db81-4599-aafa-936c371f9012_LivingDiningRoom-22877,train
74061e77-d518-44cd-bc07-67e5d0dce060_LivingDiningRoom-3513,train
fc6386f3-cdbe-45a7-8410-c16c00d891c9_SecondBedroom-1845,train
7f3ba261-a531-4e30-b760-515f57ca1b5c_Bedroom-6864,train
6cf680e2-ed2a-4ca0-a66c-ae25c016e7d3_LivingDiningRoom-14085,train
2a11bfd4-f3df-4ef2-9d0b-6536b0c6510a_Bedroom-14136,train
329d1cda-829b-48bb-8636-e5336b0a1a89_LivingDiningRoom-88963,train
db05a54e-7944-49a6-85ae-0be827f515c8_DiningRoom-130,train
ba01d127-c603-47bb-ac22-e6546031244c_MasterBedroom-35124,train
35a32930-bc32-4455-aaa0-d6bcc50b718a_MasterBedroom-5719,train
a477867e-24da-45e5-b57b-aab7de1c1623_Bedroom-2841,train
205197ab-2552-4466-aa07-fdb2beb1f7ab_SecondBedroom-3558,train
3e73871a-0b33-44cb-99ab-6a76a7d6e12d_LivingDiningRoom-17558,train
107179df-064b-4134-b988-82a44d664444_Bedroom-8043,train
ab15037d-47ac-45d2-94c9-df046642102e_SecondBedroom-75552,train
766a326b-a379-475c-8cc1-3af87e5b5ca3_MasterBedroom-5591,train
9f60fd75-9050-4aa6-a78c-c6f873822632_DiningRoom-69111,train
20365dbe-40b9-4cc9-b0ef-d7d6b89799ab_SecondBedroom-13159,train
43b85f54-1a49-413f-8b9d-2858c270c442_MasterBedroom-3073,train
22a9347f-33e4-4e68-94d6-fddd0786f95b_MasterBedroom-14005,train
77b9486d-fb58-4e37-99de-be7fb1632ac5_SecondBedroom-7140,train
26abcff9-1d9d-4a8f-8ae8-71d542b54548_LivingDiningRoom-4154,train
a134945c-fa98-40f6-8549-9d2a0fe0c200_SecondBedroom-37378,train
cd33b4f0-0813-42a9-9f18-d794bef96482_Bedroom-38049,train
ac92919a-90ac-4fa7-a972-12c947305f41_Bedroom-6866,train
5f91098f-9e45-4113-a86c-25df2aa8a403_Bedroom-197,train
ebef71f6-da6e-4b58-ae51-40797ed0114b_MasterBedroom-203,train
135958f5-17d5-467c-a8c2-ea5b3dfc48eb_SecondBedroom-217432,train
ce3aa96b-a6f4-455d-8a83-2a61253c6fec_LivingDiningRoom-2432,train
b8eca45e-8419-496a-b781-1eb69c320d39_SecondBedroom-1546,train
1c6e161b-ac01-411c-9a60-dd5f6da0ec08_Bedroom-34319,train
48171257-b69e-42e8-8e03-8b5d0d49241f_SecondBedroom-18111,train
df09aaac-b71a-4703-b617-8cd51b421ce5_SecondBedroom-32261,train
08305531-aea9-43e5-a37f-6dd82ac44092_Bedroom-7143,train
d63b9c4d-0b03-4e0d-94d1-c113aec32e22_LivingDiningRoom-47893,train
50a6a1f8-b0ae-43ae-aa8c-ae41fcd0fe87_SecondBedroom-14981,train
7f351356-0d67-47b8-9a4b-11be446a4a1c_Bedroom-1345,train
0e75222c-2d88-401b-8f36-1510d06f6675_Bedroom-22136,train
22ff7a9f-b05a-445f-9b6d-61fa00adcf09_SecondBedroom-8043,train
1498c6cf-a99d-4558-bcc0-171ff8cc427f_MasterBedroom-59375,train
b9301a72-5a7b-4ab3-bcf4-aa7f67112747_DiningRoom-15836,train
6f8510bd-8325-434d-bd15-4b6026764b14_Bedroom-26648,train
08f0dede-b8dc-4e43-8f2a-ebc008b6f56b_SecondBedroom-28782,train
e038f7d3-4503-402a-8fb1-9165f34a69bb_Bedroom-780,train
5b1f505c-446a-4198-ad24-50f27c9125ae_SecondBedroom-26731,train
4c8e35c2-1f5a-4012-bae6-ae42d5f42756_SecondBedroom-1419,train
a51a334d-6705-4820-8f10-4d024ba28d37_LivingDiningRoom-6081,train
ef3b2db3-0291-4ec4-ab26-87cda512e2fa_SecondBedroom-1049,train
a1af2150-95a7-4047-82e3-6b4c22875390_MasterBedroom-643,train
d768fc85-328c-402b-a61b-ce8c2a529303_SecondBedroom-50507,train
cbd4a8a0-be44-4629-a271-0518654ab3d9_MasterBedroom-13144,train
db70885c-e977-4fac-ada7-7b4915235361_MasterBedroom-2464,train
a35d3d15-332d-4e0c-833e-3c1c476edddc_LivingDiningRoom-33915,train
32b648a3-a703-4639-ab84-deb1da43793e_MasterBedroom-1709,train
9b383eb3-9453-4853-ae45-a4a461406696_Bedroom-24486,train
772d72e3-a9e9-467c-954b-b2aa3d1f347a_MasterBedroom-319,train
bfdb8f3c-7980-4db2-8517-64523b20b3aa_Bedroom-19315,train
fd898769-3118-4877-b9d4-9f7f82a0f7b9_MasterBedroom-30566,train
cdf2cf2f-6cc4-40a7-b8a6-e0cd078c210b_MasterBedroom-7712,train
55d056ca-b357-4db4-b3d6-ebe64ce90821_Bedroom-42175,train
aa0d2d82-f8db-4d38-966a-b86b2956678a_LivingDiningRoom-33940,train
9243a675-6bbe-4b57-98d4-14f5c2c23686_LivingDiningRoom-1320,train
aa9d393b-30df-456f-96dc-dad7bb8554c9_Bedroom-38270,train
170b48eb-5746-4cd6-b0da-cd6fb853765f_MasterBedroom-1339,train
aedb13db-b413-472d-a50e-81017caba93b_Bedroom-17813,train
873270b6-6e93-44e8-8745-ef3076b4ba5a_LivingDiningRoom-13071,train
56b06767-5d8d-4a9d-9f2d-148ee5c2c4ae_SecondBedroom-15421,train
cf351d12-584a-451a-bbe8-6818cbb37329_MasterBedroom-12360,train
e475ec55-ca9b-4908-ba97-1fd593042a06_Bedroom-75916,train
2d50e51d-fb9f-4464-836c-f9f2b269cbea_SecondBedroom-10368,train
fa3b6dec-1159-425f-b9bb-aa4e535e56d1_Bedroom-7142,train
dce67d70-f3ce-4696-b473-589b1a66f880_DiningRoom-32563,train
2bfba6fb-59bf-4cde-a606-6a5a95017905_MasterBedroom-5048,train
6379e703-a2fb-4d36-a417-30e0357a31ad_LivingDiningRoom-121211,train
66082784-28d9-41e7-94bd-09a72fa335cf_LivingDiningRoom-2891,train
4de376c9-ddb7-4f68-9980-e6bba9a093a6_Bedroom-47682,train
28d091d1-a89f-45b5-b978-4b0c77a0dd14_MasterBedroom-1762595,train
3d14c3d3-63af-4354-b828-da3be8367a90_LivingDiningRoom-13700,train
2ce51e58-c45f-424d-b333-5b56d1641f68_MasterBedroom-26907,train
0f7759ed-ccf3-4115-bd00-cf4d8165e6d3_DiningRoom-31759,train
615ee7d3-9ffc-457a-8ada-43ba03d79983_MasterBedroom-6762,train
9a26b2a5-3a4f-40b8-93b7-dec4feef5f38_MasterBedroom-2604,train
32df6926-37aa-4cb3-81fc-09861a386136_MasterBedroom-28468,train
b13a4874-00a4-49a5-aa2d-e22d7d864b56_LivingDiningRoom-53709,train
e859dbc0-b994-41be-8d51-9857389a0a74_Bedroom-54233,train
ecbff5e1-39fd-4a37-acd1-e836f987a981_MasterBedroom-17404,train
e68032b2-11be-476a-b4b3-cf9a601db316_Bedroom-117313,train
c45c5b4c-5fca-43b2-9770-02cd174f24c2_MasterBedroom-72148,train
85e97691-e825-435f-b4bd-6e47c8620a5e_LivingDiningRoom-381,train
bb873f66-3268-4911-ab41-72071e81dc9a_MasterBedroom-11734,train
4e09a8e0-2843-4826-9113-b3d18489331d_Bedroom-12495,train
26de08c8-c3d4-4e30-bb73-94468c9750e2_Bedroom-7232,train
8a645186-9a7d-404e-a927-2113ff8d1a17_MasterBedroom-163174,train
8d50c057-6381-4db2-ac1b-4abd5c774baa_SecondBedroom-58410,train
a8b833c1-8d0d-4b95-9032-b5fdd2476ecb_LivingDiningRoom-1128,train
60d37d45-3388-4f28-9708-b0b37a6f73ba_SecondBedroom-222181,train
9bf7779c-3afd-474d-8343-05df08fda70c_MasterBedroom-3128,train
d6b6ed9b-d16d-41d7-aec1-007b2a58d89f_Bedroom-2197,train
f79dd946-de59-4b27-8e89-ea5b2303ee67_LivingDiningRoom-16289,train
801829a3-7355-4383-a3ce-41876ef1d358_Bedroom-93,train
fc2dadc6-b593-44f0-b1a6-843bc0eb8018_SecondBedroom-7891,train
df5e8b99-2ccc-4d27-89d8-094cf83706f9_LivingDiningRoom-838,train
42da194b-3b73-4d6b-b7bf-2e1e53e64355_SecondBedroom-3873,train
d4d0237f-a66b-40cf-bf85-56e11cb20602_LivingDiningRoom-10068,train
6b5bb08d-7e14-4206-8014-685580c674b1_LivingDiningRoom-2106,train
b0dc2c16-296a-491e-a82b-d2d7fd8fdada_MasterBedroom-1962,train
19eb807e-29b0-4a67-a4d8-2faf8f60ea58_MasterBedroom-53904,train
4557a700-5a64-4734-839c-bacf8f2bd27e_SecondBedroom-152,train
bf1cb531-4e4c-4520-89cd-b0020a572903_MasterBedroom-91396,train
a736f07b-cca3-4042-b2da-63fe5264ef7c_LivingRoom-1848,train
78dc0550-6644-4473-87bc-8f8ff72db51c_SecondBedroom-46451,train
5dc561df-3712-44ec-9344-5e629f2098eb_LivingDiningRoom-3484,train
3f3d9b08-0047-4e38-9c18-6a77a30d7f95_MasterBedroom-1647,train
44fe868a-6c2c-4a95-8928-dfe4c7ea534a_SecondBedroom-1228,train
479d2d66-4d1a-47ca-a023-4286fc547301_Bedroom-89166,train
798fa7f1-1645-4751-96ca-26d2b834b2d0_MasterBedroom-50407,train
e5203f49-b5f8-49c0-b07c-775eaafbce33_SecondBedroom-14075,train
350388e2-7c93-45e9-bcc8-6a0a5165dab0_SecondBedroom-34703,train
a94a1d56-0246-4dd5-904b-8f721214b91f_SecondBedroom-49012,train
6a63fbd9-1cdd-404d-97d3-366d7ea978b1_SecondBedroom-47052,train
22eb02bc-5982-4ebe-9575-47902632e022_LivingRoom-8582,train
2e03c81c-fc03-472c-91c8-025217a1ef58_Bedroom-207892,train
3969c802-3f40-4ec5-b69c-ac570a8a5797_MasterBedroom-29105,train
35b18265-6de3-44f9-be6a-81583a53bcbf_MasterBedroom-244,train
b090fa20-9b1c-4c5e-bcc4-e83c44cc84c2_Bedroom-16379,train
91f3b7a3-6b66-452f-b674-8b5b6f80ec1d_SecondBedroom-270406,train
4ee3b02e-5d9d-43bb-a0a5-2384f7f5e483_Bedroom-19853,train
517d8fd1-543e-4772-9889-391c6da7e674_MasterBedroom-7940,train
833a4e8c-d4b2-41b2-95bc-d031cf854c59_MasterBedroom-10673,train
2ad0682d-77c6-420a-bc7c-157447bc6481_MasterBedroom-76652,train
571bb2c3-d9fa-4a25-9fb4-7d67106dcb6c_MasterBedroom-1352,train
86617e2f-b62a-4a2b-93b5-48128ab9a092_MasterBedroom-8911,train
474b594c-a474-48fc-bcc3-f9df10f63bb9_SecondBedroom-12046,train
dad82722-5ce5-4dcd-a402-b11a2fa0929f_MasterBedroom-49544,train
56400f40-07af-405b-b3f5-577245b13ce9_LivingRoom-98034,train
9e0f6402-f0f1-48f6-8e8a-00f17e55de50_MasterBedroom-27787,train
7b6e2c62-4717-405e-a343-327bf2b938a9_LivingDiningRoom-12211,train
648408a7-3930-40b4-bca2-eeb20e48e982_SecondBedroom-42376,train
ddb1220c-cd70-4c09-8dfc-758f19807b7d_SecondBedroom-12387,train
8061b714-949a-4a46-a6d2-69085c163cb3_LivingDiningRoom-21727,train
0bfb9e03-db67-440e-a47d-0eaf6e088526_DiningRoom-20548,train
33e62338-9681-4fa0-9ffd-edb64d988f63_MasterBedroom-1114,train
9a2df5c3-d305-46c7-a7f1-68f9ba45c56e_MasterBedroom-13404,train
54f911eb-26a7-410f-b212-185745f55515_LivingDiningRoom-20518,train
9761d289-a3fb-4a71-93ea-0a9bd8b728b8_Bedroom-56238,train
a59b2fef-8f9f-4f3d-a553-b0d3e69e528e_Bedroom-1059,train
dd3fc03d-aaf4-42ed-aaab-2f371a57e000_LivingRoom-13009,train
00fc9d81-7397-4578-a865-920c4d89b44b_MasterBedroom-19988,train
1658b9ab-c1db-492f-8094-b12c44939e3d_Bedroom-88273,train
58345886-a399-4359-a218-ad0a3b43f44c_SecondBedroom-10078,train
bee6daae-fb60-4c9f-a30f-f2c4dd8bfce6_SecondBedroom-1808,train
7c21dd91-e3ba-46d9-b158-27c9a589e1fd_Bedroom-15031,train
3ec1f433-e612-4509-9e52-8fa062b2aaa2_MasterBedroom-2442,train
33635b59-7c01-4e50-8c68-a401b3563182_LivingDiningRoom-10681,train
62c107a4-c33f-4c8f-8d2b-dc1faa9f5f19_MasterBedroom-873,train
83b4b802-7830-451f-8242-2981799aab61_DiningRoom-11161,train
94b0b508-e122-4300-a4b4-e3c5fb52a06d_Bedroom-3241,train
f11aa158-fcaf-4b0e-86b8-17e51ed32c18_SecondBedroom-23087,train
137262e3-1242-45a7-8dab-c95abcc5bcc5_SecondBedroom-44145,train
544a06d5-aa97-4740-8ef3-ed8520b5226e_LivingDiningRoom-2349,train
9fc7b9d8-1325-4bed-88cc-bdc8a16807f0_Bedroom-14021,train
5a6cc890-9073-420c-ad20-d8a99f9d4968_Bedroom-38939,train
acb8fcb4-8679-4fda-90e8-4d8c2ac42ae7_SecondBedroom-6285,train
acc099b5-dabc-4fb0-ba27-4f8c961432fb_MasterBedroom-2276,train
4f51046e-37c1-4308-9e81-2408fb164852_LivingRoom-72876,train
34dd0565-e998-4953-b094-2adb6b90e240_SecondBedroom-3449,train
6010c58f-92ad-4bd6-b515-5aa0f42e48f8_Bedroom-13741,train
2e6f78b9-74f5-4273-adfe-6d07f1cf115c_MasterBedroom-19652,train
e59618e8-5343-4f81-9906-360b10d2f935_Bedroom-1109,train
23aae785-c0bc-4645-9e64-fdea78c42e2d_MasterBedroom-89411,train
5e31d382-5193-48e6-aab1-99104dff867c_MasterBedroom-17139,train
0a9f5311-49e1-414c-ba7b-b42a171459a3_SecondBedroom-18509,train
cd9ef0ed-362a-40a5-b233-cef072ad22ba_SecondBedroom-5373,train
3a9bdb50-7fe5-45a5-8071-f5ab3c8e2a44_SecondBedroom-58832,train
062fec71-ea9d-4e11-a650-ed5829298c73_MasterBedroom-10013,train
53e64f48-d7e7-46ef-a3cd-da63ff4a6dcb_Bedroom-7835,train
6b56575f-a746-4062-8296-b566d5de7b60_LivingDiningRoom-41360,train
66d24a27-e8dd-42e5-b5bb-ef4723829b54_Bedroom-20829,train
3d6e9a53-0cf3-473d-ac27-8e7a5007e637_MasterBedroom-5579,train
02f16dba-572d-409d-af78-98c7ab57f9c0_Bedroom-96082,train
e387ce2f-183d-40a7-b4bf-814181fbea82_LivingDiningRoom-1407,train
f7168796-b600-4453-9d54-41314f27bed3_MasterBedroom-52771,train
15669288-4a23-49e3-b586-9822b27fc3c9_Bedroom-59127,train
159a7b33-c633-4a75-8ad6-00b62bcc81e0_SecondBedroom-21470,train
c66de0ae-5dba-443b-b181-09927e2bfe5e_SecondBedroom-9807,train
07867590-fb15-4cb6-947b-118385d7a9da_MasterBedroom-42,train
0b1953f7-3bab-4a2e-b0c8-396d0170d6b0_MasterBedroom-57384,train
f01bcd18-7d36-43ed-ab2d-271530c07d6a_LivingRoom-1738,train
062cf172-4d20-48bb-9aad-b75d4b5b6b54_MasterBedroom-29214,train
5bdb0b90-f92c-4893-b1bf-b0d2957818ac_SecondBedroom-3031,train
e659092e-6b62-40b4-a6e0-26801c6b7fcf_Bedroom-52786,train
d88c6598-b40e-4ea8-ac07-f4f1d80d7f31_MasterBedroom-17259,train
561797bf-0be3-4b73-bade-ed9c50df36f1_MasterBedroom-19983,train
3922ab15-7973-4443-ab72-b7ebd0a89b6e_MasterBedroom-19801,train
0422e423-8aba-40f0-9090-78f448423468_SecondBedroom-20,train
abc63a60-6190-47f5-a331-12f2d90bf8b7_Bedroom-41817,train
57e1c8e3-02cb-4f09-b5bf-abfd43013610_MasterBedroom-122777,train
20faca61-454a-4383-85dd-950e333f4114_DiningRoom-68994,train
65aa5c84-5d84-4785-adf8-0000c91aa79e_LivingDiningRoom-2715,train
ab0e29af-145f-4578-a700-d78f1e043dc5_MasterBedroom-4622,train
cb90b8ee-abe2-4e9f-a6ad-33413624cf82_LivingDiningRoom-13776,train
21465c7c-7ddc-4b9c-9c12-feebdbf9cd1e_Bedroom-1784,train
daa8fc58-c2f2-47e5-a901-76282b0a3a1e_SecondBedroom-4214,train
fbef7a6c-6526-42da-b2c1-209ce8e3908c_SecondBedroom-5877,train
a6d3d76a-09a7-4c08-a52d-f97a473e61b1_Bedroom-35224,train
b587f55e-a677-4107-9ad1-5c067cbd7c0a_LivingDiningRoom-15114,train
52657fac-1e38-494f-86fe-e221b95e0043_MasterBedroom-27974,train
14abc843-9e80-447d-866b-7b4c16dc5097_Bedroom-91438,train
95fa3378-06e7-47e9-ad11-e868fe7d41ca_SecondBedroom-13987,train
5a6ed75c-d1a9-489c-8fd0-e11e2287e7a5_SecondBedroom-21947,train
5284e23d-d23e-446e-a814-4d52515078fb_MasterBedroom-19029,train
c76960e2-bf7d-4cec-8ead-554c40227983_LivingRoom-11414,train
22029510-ee86-4d46-9182-b4f56a0d8f91_Bedroom-6820,train
e6298d68-3c6d-40d9-96cb-0596e02c268a_MasterBedroom-16187,train
00ad8345-45e0-45b3-867d-4a3c88c2517a_SecondBedroom-46220,train
ed41e047-ee12-4f00-8add-0ee6b95d1585_MasterBedroom-3712,train
93f02a56-0d3b-41cc-b0f8-fbc572bf2869_LivingDiningRoom-52564,train
7f73cd78-2b0e-457f-a2e6-1bc7405e77b4_MasterBedroom-39197,train
64b7a725-7b94-443b-a8b1-d582ba1cd3d9_Bedroom-1475,train
8ffad8ff-f37e-4939-b62b-9814a1e72b69_Bedroom-3338,train
e1bfc1be-b96b-43a3-9485-01a1ff78d9da_MasterBedroom-34912,train
15607040-50d6-431a-bd53-b18bffd5fde7_MasterBedroom-88093,train
68d7ebb8-62e6-453e-9f5a-41101c5d97dd_MasterBedroom-15631,train
f3d2a31b-305b-4630-9035-4ccf77d2b7e2_Bedroom-16036,train
296674d1-43cb-468f-a25c-9c1b82ab4318_MasterBedroom-1851,train
39f0bc7a-73d8-48a7-b724-948643cdd7ae_DiningRoom-6877,train
0da4d8b3-d0fc-44c6-83bc-016a8e7a1503_Bedroom-22435,train
2b1ad3e7-91ce-4447-a950-656a6204d756_SecondBedroom-154355,train
a76b20fd-d688-4bcd-9daf-5535e66959ad_MasterBedroom-7176,train
ede1bcab-2298-4756-b03a-690d5cf8dfe5_SecondBedroom-12217,train
cce1df99-43e2-4870-9e42-6c051513e84d_LivingDiningRoom-25117,train
580a48e3-61e3-4d09-958a-2b8ac4deb65b_SecondBedroom-10895,train
32e2ecf8-5bf6-47d2-8b7d-6a57655d2dd8_MasterBedroom-18875,train
d370c471-53bd-4027-aafb-1e611b97946a_Bedroom-12281,train
c07f558e-acf1-4bc1-9ad8-2cf78ca8295e_MasterBedroom-3135,train
6b2a7e3f-4f6a-487e-9da4-9f30a0f064c9_DiningRoom-15882,train
e2d00f14-06f1-4b29-a9a1-f17618a2d7b7_SecondBedroom-60474,train
dd7856a2-52c4-4b27-bd7c-7ba5df36d181_LivingRoom-1255,train
db5a99c8-100b-415e-abe0-bb9dbf261972_MasterBedroom-25069,train
5673b8fc-be93-4fda-af1e-bd63bb02b8a6_Bedroom-1285,train
2e410f39-cbe5-4403-a7bc-3b683ba72a07_LivingDiningRoom-6157,train
0071fae9-a2ce-481e-8a37-a2d307e1213d_SecondBedroom-199664,train
bf4d05fc-826d-4a7b-a938-373e42688dda_SecondBedroom-2866,train
f371cee2-4111-4f1b-b60f-707e8ccc68a8_LivingDiningRoom-71738,train
bd0efcba-bfdb-4e4f-8bcd-7d9c70519af9_Bedroom-248,train
4c1ba4df-e772-4f76-bd59-5d293258e17c_LivingDiningRoom-2610,train
f76662cd-344f-46ee-be95-3f2d0cfb7249_SecondBedroom-14804,train
8dd17fcc-6752-40a1-8b4b-6533eadcdb9e_SecondBedroom-7811,train
a0b8b195-676d-47bd-afce-3e135b8fde83_SecondBedroom-22944,train
7cbabe0c-5239-4e90-95cb-5c79adb0ede6_LivingDiningRoom-76216,train
4acbe2b1-077a-4f34-a51d-2763f3a815a2_SecondBedroom-5730,train
63624bb6-0323-476c-b295-2e31b729fbb8_LivingDiningRoom-8678,train
e41ed17d-c021-4a43-b71a-d99872106260_LivingRoom-5149,train
7a3e83be-60fb-4de6-a9c1-dac393723c5d_MasterBedroom-32718,train
70e4c0ab-9ca2-4542-96fd-9355e048db91_LivingDiningRoom-25795,train
a5504123-3231-4d8f-b9c9-c71dd1c5714f_Bedroom-51228,train
faf9f588-42e9-4745-bddd-7d6cbf8c4f99_Bedroom-9098,train
ac92919a-90ac-4fa7-a972-12c947305f41_SecondBedroom-6844,train
3c7b86d5-3af6-4748-b9a1-cf45b85b1d1b_DiningRoom-27933,train
185365a1-a174-49cc-a82d-d17f469c7d09_SecondBedroom-55429,train
ecb22a4f-559a-415f-9e24-055a1df32899_Bedroom-10575,train
32923405-da99-421f-bdd4-d7ad943c9630_MasterBedroom-8726,train
e75b15c9-b89c-482b-8d0c-14b1b951fd08_SecondBedroom-1541,train
a4f2ad71-da05-49c5-aa2b-a50abdd814f9_SecondBedroom-7287,train
30676bda-6d34-4efc-a32d-3f13f19ba2d7_Bedroom-12002,train
ee165625-1a56-41fa-b145-232f235a4257_LivingDiningRoom-1028,train
f29cea89-70ae-49d7-8d1f-b7c1e7cada53_DiningRoom-24191,train
2024f6da-9111-4685-b98a-04d8b262003a_SecondBedroom-42887,train
5346b2c0-e86e-480a-93d8-ad31e5b07856_MasterBedroom-16138,train
c9f70be8-2021-4fb1-b599-da3b4e184543_LivingDiningRoom-941,train
c4076ab1-2794-4678-bab5-a06d1d334e53_LivingRoom-83039,train
a7449906-43ae-4a5c-871a-51db33ae4608_MasterBedroom-19189,train
49779fa2-226f-4e40-8f8c-1205e9a36475_MasterBedroom-8111,train
cc46988f-ce25-4ce0-84be-5ce67a8d0d42_Bedroom-128872,train
0533b7c9-8660-444d-833c-14f81eea2628_MasterBedroom-18220,train
46cb6551-b67b-4bdf-a830-747dc3e235d8_SecondBedroom-1070,train
d5841be1-57f4-4fd9-94a5-3caa4836674e_SecondBedroom-18032,train
902c1435-1c52-4ba5-bb15-03a3dd11d5ae_SecondBedroom-35695,train
ad2462d1-ed66-45c6-8739-3ccface000c9_SecondBedroom-3814,train
3c44be55-28a1-4e89-93a9-5de2828aeabf_MasterBedroom-13622,train
750705bf-a44a-4391-8c7a-dd199a96bdae_Bedroom-14447,train
42c087e2-924a-406b-aee9-8aa9c57d9d8b_MasterBedroom-61,train
d1ae0261-6f61-47f0-902d-2c92b4822c4f_Bedroom-6792,train
d6c3ddf7-9807-40d5-8523-4a2b871c2419_DiningRoom-6204,train
aa1d9b4a-81db-487f-956f-5fc7734b74b2_DiningRoom-259036,train
590e12f4-ad43-40a2-a1f7-ba85b9118e66_Bedroom-314,train
14abc843-9e80-447d-866b-7b4c16dc5097_LivingRoom-91063,train
b063aa6e-7b2f-4f85-a9b3-3987c6def44a_LivingDiningRoom-279,train
f6db8d36-9eac-4b53-bd4d-095a85694626_SecondBedroom-2874,train
d7499538-b770-47e6-ab24-9b78007f6384_SecondBedroom-8716,train
02fb72ea-8e75-4f7b-85bd-18798232b263_DiningRoom-40734,train
bb4a55db-d988-4d61-bc52-175a9a8cec51_MasterBedroom-87179,train
73ed0b77-ba5b-4c11-9bf4-a776d8290144_LivingDiningRoom-113,train
934f412c-9006-4579-b77c-c1c62f3629f9_Bedroom-412,train
5ce5c956-4ecf-439d-be7f-36b46a2f0de8_SecondBedroom-3805,train
2ed33be0-a360-4da2-99cd-fe2437967071_MasterBedroom-16950,train
9af467c6-d6ee-4530-a48f-87d4f942ac04_DiningRoom-168152,train
c9b9c9fe-5175-4ee6-863b-31beb0cb9a13_Bedroom-33611,train
04e61b97-0a68-44c5-abae-5219c2d3f616_MasterBedroom-8787,train
d9f72fce-30b2-42ab-83a9-8bbab2087230_MasterBedroom-3149,train
35ebe516-1aa0-4694-aa9f-e7dec5aab07d_MasterBedroom-19255,train
51e5a27e-717c-4194-b4c7-ebb8ed877c12_SecondBedroom-6900,train
d2832564-46fd-4bed-a477-02c848c8a60f_MasterBedroom-2723,train
9ef7f10d-9bda-4518-8c1c-548e190aac76_Bedroom-4308,train
9c20cc98-5aca-45b2-be1f-880f6959e5b2_LivingDiningRoom-4131,train
676a6773-36ae-4d7a-afe7-5c6ad227325e_SecondBedroom-14200,train
9a697b01-5800-40fe-b290-86c2779e2517_Bedroom-13271,train
4af35004-7b2b-4ef5-b148-b5e63b48b569_Bedroom-32729,train
0878fcd8-0934-4298-87a2-9813bd4c19c2_SecondBedroom-26881,train
329d1cda-829b-48bb-8636-e5336b0a1a89_MasterBedroom-87130,train
df5f6372-1d1d-4884-a9f0-c8c33595daaf_SecondBedroom-5207,train
dc44410d-8a89-4099-ab84-4444b9ebbcd6_Bedroom-33922,train
ed4b5bca-6791-4177-8dfd-7d25465ced4f_MasterBedroom-4606,train
ee2c0ae0-2f44-4e83-80ff-bffcace07edb_Bedroom-21222,train
247908e3-d84d-4743-9e31-a783464dd4ec_Bedroom-42376,train
eafd826b-cd4d-4ecc-ad0e-56b3b2a461b8_SecondBedroom-51694,train
2eeb434c-855e-4298-a8d5-29b1ca838608_SecondBedroom-5811,train
f80fbd68-006f-4118-a5b2-01678baef76b_LivingDiningRoom-45329,train
93ee15ef-3962-4595-82d1-a3c5402dda01_MasterBedroom-6040,train
6f3094b8-689f-4f0c-adb2-748fbc81ec8a_MasterBedroom-10091,train
44903efe-45ea-42a0-954e-bacb917bd7dc_MasterBedroom-573,train
b099df62-e9b6-407b-b69c-7746f98223df_Bedroom-88662,train
e0e8453a-618c-4c12-9d67-0967d1a2adbe_Bedroom-466,train
1789dde5-03d6-44c7-b244-ed0d7fc234b7_MasterBedroom-18673,train
a4506c02-c864-4c3a-a7f8-7a940a25d9f1_Bedroom-5315,train
d317680d-eb33-4085-bc3a-ec3a5a22f0a0_Bedroom-17331,train
47bd68ea-d161-4260-bed2-6f039c2a512a_LivingDiningRoom-58936,train
9b901fc2-2f66-4f0f-86bf-e7571cbb5226_Bedroom-23931,train
7a3dcd72-1be7-4281-8583-2b1b21c277c3_SecondBedroom-895,train
ef3b2db3-0291-4ec4-ab26-87cda512e2fa_MasterBedroom-784,train
b660850f-9a16-4040-867a-871406da5590_SecondBedroom-25535,train
cf8e0fce-dd8d-4b15-aadd-16120567d4b7_MasterBedroom-13145,train
a3dddf33-bde7-4524-83bd-fe31a9ae0f4a_SecondBedroom-11711,train
71cc3390-7abf-4be5-a2e9-8673e556538a_Bedroom-5021,train
36a434a5-ed7a-4f92-ba94-57685e289b37_MasterBedroom-7728,train
de7f5810-bcd8-4eae-889c-ea51d11640a2_LivingDiningRoom-21284,train
30054695-4a17-4698-a482-06047262a526_LivingDiningRoom-6746,train
b5d5ec24-9934-4ea8-a805-c85659ebb74f_MasterBedroom-52062,train
d4d0237f-a66b-40cf-bf85-56e11cb20602_SecondBedroom-160421,train
3e40b128-6291-41ff-89aa-0ae707a594c6_MasterBedroom-11237,train
e00c171f-748b-4d28-9e6a-3ebeff291323_SecondBedroom-9659,train
836eac3f-e90a-4cc0-8b70-eb56947c9bde_LivingRoom-33359,train
11261c4b-35d8-422e-b517-ab73455935f6_LivingDiningRoom-7994,train
b4d8801b-aac0-4051-b973-e84b0114a621_MasterBedroom-35145,train
bef459c6-112e-4678-b361-a345e3da9c0d_SecondBedroom-82189,train
abbd2623-75f1-4c73-9a8b-8378ae87416b_MasterBedroom-20990,train
76e6bb3d-b50b-453e-9a5e-8dd192714572_SecondBedroom-33650,train
66bc95cb-672b-4acd-92f1-ba4ed3a6aa83_DiningRoom-2432,train
bd2c22aa-0dc5-4c05-80bc-d67fb1ba7e15_Bedroom-2301,train
35033c21-ccdb-4e41-b701-f5df9e0d90d7_LivingDiningRoom-12058,train
0be73303-6270-482d-be06-528c07da02fb_Bedroom-1411,train
df17ede9-742d-4283-b77e-8482e260c71e_LivingDiningRoom-15419,train
c3a81890-b4f1-4944-96a1-318dff7f3980_SecondBedroom-35274,train
6487eb58-d9fa-4a42-afd2-13cba40b71d1_MasterBedroom-53,train
53a2b4d8-dee2-401f-99a3-c76ebe17be2b_Bedroom-3183,train
76304f02-2391-4b05-8126-c16a3769a3d4_MasterBedroom-9653,train
36a85283-c600-43fe-8d24-1a3987cc6f98_SecondBedroom-62784,train
387a6322-efff-41e8-a11a-f4d04321ce10_LivingRoom-6512,train
7511f0b9-0076-44e5-9d86-1100ce3ddf14_MasterBedroom-127266,train
deebcfd8-9f7e-49be-8c50-2edb11abb8d9_LivingRoom-26286,train
7f4b525c-6962-4d55-9947-fe8b92f54900_MasterBedroom-4328,train
591b9224-4c2c-4f24-95f2-c4e7213ed482_MasterBedroom-4067,train
7de844f8-f4c0-42ae-921c-00aea51109a0_SecondBedroom-26371,train
3a3f479b-3fc5-4bf5-a60b-637492422f45_MasterBedroom-8645,train
eda7084f-406e-4d08-8346-d42e75324500_MasterBedroom-49089,train
a9c6a334-ba10-467a-a5cc-81dadb65a615_SecondBedroom-7233,train
51e5a27e-717c-4194-b4c7-ebb8ed877c12_LivingDiningRoom-6843,train
c1eb2abf-bebc-4e8b-886c-2f8f660bbfc2_DiningRoom-131888,train
a7e374d2-d8ed-4999-97e0-7e5ba98908d1_MasterBedroom-4969,train
5c70ea0d-cb3a-43ca-ab0b-a2498fae8bd5_Bedroom-1692,train
05ffc5c9-a753-481d-a6b8-bdca64554367_Bedroom-5443,train
19298a68-3ba3-42d7-b5a4-49a3dbb0fa50_MasterBedroom-9810,train
53dd8916-335c-4370-b51f-dfe318b63aee_DiningRoom-3653,train
4135af07-0edb-47c3-92b2-852b30c3c93c_MasterBedroom-6438,train
04773d20-6f81-4e68-a72c-2e0e0f1d73b9_MasterBedroom-44703,train
6b2a7e3f-4f6a-487e-9da4-9f30a0f064c9_SecondBedroom-15967,train
db9f532a-0268-4c8e-81cc-fc964de51a68_Bedroom-12272,train
10e11961-a7ca-48d0-becd-eebdd9c598e4_MasterBedroom-22066,train
01655258-a4b1-45ff-b16d-bae0ffb189c7_SecondBedroom-45033,train
ccb37ec7-dd9b-4f64-b349-a552e43673b2_SecondBedroom-23568,train
1421cde5-0a9d-48ee-ba2b-3882c877c838_MasterBedroom-17694,train
aeecee5f-611c-45ea-b797-ccf2e38c362c_LivingRoom-7918,train
a34c7f5c-ce25-48c7-b6fc-7b347b98b30b_SecondBedroom-9577,train
aa7599ea-5d9c-44bd-a3e5-1e4216dcbf34_Bedroom-11354,train
a9f95562-fcfa-4da6-bd23-d537e751d8b5_LivingDiningRoom-1201,train
378b868d-2e1b-4922-9cac-ffd0e9362e90_MasterBedroom-101780,train
6f25efe5-1c2d-443a-a297-4f4f0a3688c8_SecondBedroom-29462,train
e87ede27-f7ba-488c-bfd1-8e1832d96662_LivingDiningRoom-79190,train
58994de5-69bb-4378-a995-3ca66f4fdad9_SecondBedroom-12582,train
91ef40fc-0228-498f-87a8-38818269fd63_SecondBedroom-33144,train
a8489fa3-46a7-452e-ae5b-dd9bc5c71a05_Bedroom-9535,train
bb12eac8-8dc8-46e9-b614-f5af84404423_DiningRoom-69393,train
05330649-da43-4dfc-b5b1-f27272b15259_LivingDiningRoom-5290,train
675747ce-8c84-459f-ab16-399ae3636709_MasterBedroom-22676,train
122feb6c-450f-4d1b-a02a-25c976b14ba4_LivingDiningRoom-9254,train
61b7fad2-bbac-4728-a5e1-c574cfcf14e6_Bedroom-32051,train
be05ec39-347e-4e1c-a75c-494d679eb8aa_MasterBedroom-61839,train
9178e733-092a-49e5-a900-b375d6a68dd1_DiningRoom-18332,train
89e34f34-33fa-4090-8388-f912a75e9400_SecondBedroom-152228,train
c33366ef-4801-4764-8ad5-ebbf2e36337a_MasterBedroom-16486,train
7a2de022-745d-4f10-a4fa-d7ab5bb8809f_MasterBedroom-6275,train
bea8daca-ed33-4be2-881b-2732f35a9171_SecondBedroom-10238,train
7bb7b619-1e6c-40f2-b95c-caef17c17fb7_MasterBedroom-26071,train
902c1435-1c52-4ba5-bb15-03a3dd11d5ae_MasterBedroom-37799,train
cc630582-147a-4713-8a41-16912ec0af41_MasterBedroom-10264,train
1658b9ab-c1db-492f-8094-b12c44939e3d_Bedroom-88208,train
6a58fca6-3af8-4807-b3cd-80b97aa81c7b_DiningRoom-31702,train
38adcc1b-67d2-458a-bab4-b099b1ee7230_LivingRoom-41411,train
8f089406-6dd2-4f6d-9e81-bcc1b5a6fe52_MasterBedroom-12207,train
3dc5baed-a3ec-448e-b564-9afe4915b667_SecondBedroom-24856,train
d457c7cc-1cf6-4380-9cbf-ea8d5dad1f0c_SecondBedroom-26903,train
58d58c41-da61-4322-8b7d-478b9d4b04da_MasterBedroom-28111,train
a630400d-2cd7-459f-8a89-85ba949c8bfd_Bedroom-2276,train
8d24325f-7d48-41eb-a0bd-ed9c3e587bbe_SecondBedroom-11406,train
a45244aa-5c1a-48b7-b1a3-3f55fd35fcab_MasterBedroom-3908,train
78f54b4e-5031-4aa4-bd58-6a287cd64dc3_LivingDiningRoom-17657,train
f419f189-23f4-42f6-89c1-838f09191f87_LivingRoom-27723,train
33ed8cde-22ec-495f-bbe9-fe35fe87c76b_Bedroom-3920,train
af50bca9-1d0d-4eaf-9e81-9f8fc643949f_SecondBedroom-22166,train
c7fefad9-9449-49d4-8687-b0cbc1f203bc_SecondBedroom-1405,train
21e417a7-6b31-4ce8-9e37-5423b081777f_SecondBedroom-15655,train
b8c79259-df95-4696-9a1f-b929d9fedcd9_MasterBedroom-26003,train
8c70a332-7115-4197-a7a4-c7d48f68d9d3_Bedroom-1127,train
e544c131-df87-4e5e-b889-75e6b89ae007_MasterBedroom-17206,train
19f89243-8169-4b3c-90c9-2cda483580cd_LivingDiningRoom-11244,train
1a2853ed-7b80-419a-9707-7107959afeff_Bedroom-243932,train
f4491796-1b49-474b-a246-5be7f2d65d99_MasterBedroom-15017,train
cd9ea851-2f9a-415d-8190-8f0b375361cf_Bedroom-14963,train
0aa05d5a-81d5-497b-832c-c90c3fe73a36_Bedroom-664,train
3dbb1b3e-f774-4f93-9bb7-b2c3dd5fb8cc_MasterBedroom-5561,train
32320a79-b44d-45cf-8742-a654a5348bba_LivingDiningRoom-53384,train
8da0ebcf-40c7-46e2-a138-1174a9d16534_Bedroom-11063,train
ceabd33a-d3dd-4500-9f44-a65fb285bff2_MasterBedroom-74105,train
f086151e-64f0-4fad-b373-22c20dfc2fce_MasterBedroom-5478,train
02fb72ea-8e75-4f7b-85bd-18798232b263_SecondBedroom-40617,train
a5254d6c-a8f6-4eb6-90dc-3e0e378de293_LivingRoom-11300,train
113df359-12ee-4a36-ac63-b342d827e117_LivingDiningRoom-15768,train
e2c54d64-ce34-4ace-a9ad-a79407cd383a_Bedroom-647,train
76b9e260-e7f4-43a2-96bc-45ddfc3e3c22_SecondBedroom-38435,train
7a15ca3a-54d2-4246-9ca0-cbffeaa6538f_LivingRoom-3101,train
350388e2-7c93-45e9-bcc8-6a0a5165dab0_MasterBedroom-34763,train
14a2d9c7-bfc0-4ea2-889a-c8e155780738_MasterBedroom-16741,train
3729c734-fa3d-41bb-9f0d-d44a0db14889_MasterBedroom-32352,train
d6b6b169-12d7-4a33-8407-7bed5d1d4a05_MasterBedroom-2895,train
29ff87b6-35d4-4333-b2ad-17f37ee8bdae_LivingDiningRoom-113137,train
051ac39e-8423-4d37-a47c-4ac0b62d28b6_MasterBedroom-11574,train
71077ab4-63f1-4875-a2b2-4199ea4de5d6_Bedroom-52396,train
47f1e226-bb51-4a8e-aaad-64156c826c8a_Bedroom-2160,train
29f0cde3-b19e-4b18-92b0-1e33ed59b304_DiningRoom-6376,train
9886aa9f-f331-48e4-88a0-4e56ccaabe7f_LivingRoom-9939,train
2c36d890-0d02-438e-9dfc-b817f31c3f44_Bedroom-17515,train
73f1f19b-18ff-4704-a03c-cb3c6f82e001_MasterBedroom-3618,train
4350baf8-0e3e-471e-bccd-4a6695158579_LivingDiningRoom-15211,train
6995dbb7-6399-4d3e-b8e1-89d5b309c5aa_LivingDiningRoom-29227,train
22993c56-81b4-49c2-b0d5-3d5a0565067b_MasterBedroom-85470,train
c56d010b-bafb-44c5-a397-3cdfa2684f20_LivingDiningRoom-544,train
c26d36fa-6f61-49b9-929d-8cb6f76ff916_SecondBedroom-1028,train
56b05fc4-f06e-43ee-ac96-1a531da87e84_LivingRoom-704,train
015c0c73-e5fd-447d-9919-acf4786db46a_MasterBedroom-535,train
e7fed67a-ded2-424e-93fd-c64e5a35ae8b_Bedroom-22027,train
011da194-aa84-4a98-bf9a-afd18357819a_SecondBedroom-373,train
11163921-47e3-4f3b-a7a2-c436c322b64c_SecondBedroom-8010,train
ae6dcfc8-994e-4448-8980-08e5292a8801_LivingDiningRoom-21808,train
3ec1f433-e612-4509-9e52-8fa062b2aaa2_LivingDiningRoom-1050,train
43f8cf3d-030c-45d1-82b2-2c28746f58c5_DiningRoom-20627,train
1bae485f-bd6f-402f-9aae-e08a729a148b_SecondBedroom-7873,train
c080c532-92bb-4d9e-a266-8556c7a06731_Bedroom-16813,train
dc3a82da-ec0d-476d-a581-5c25c6952eb5_Bedroom-8821,train
19f89243-8169-4b3c-90c9-2cda483580cd_SecondBedroom-11216,train
8a41712e-1a55-407f-92f7-3c7cbd4366e2_MasterBedroom-42698,train
e5afb85b-f9b0-48dc-9fa6-cdd46d3193b6_SecondBedroom-30334,train
13834f3e-2207-4206-9b48-daa29b2eb873_SecondBedroom-34058,train
f242015d-0a67-4ac7-a5ad-30199df3e02c_MasterBedroom-23674,train
0af309fd-4a34-4aa2-bbe9-610edadf747e_Bedroom-11398,train
84bf591e-7035-41e7-8e3c-23b6ec81cc6e_Bedroom-10062,train
22957273-2fd9-4ef8-a4bc-6146cf737218_Bedroom-27600,train
b0fe48b1-d6b1-4854-ba04-111d22289522_LivingDiningRoom-13623,train
03d7d55b-fb87-4aa8-a651-6795f316cf7f_LivingRoom-1598,train
30249602-dae4-41e3-9abf-2b505492787b_MasterBedroom-5452,train
7ba559ee-a2d9-425c-9111-cf2a9c543c57_Bedroom-101913,train
faf62fbc-739a-40da-aac3-12b6807ee7e3_Bedroom-5799,train
8777034c-23da-4555-b6cd-1570abbb80bb_Bedroom-11338,train
f12586b0-d5a3-445c-9dca-8a40121851d5_MasterBedroom-391,train
a0e73d7a-169e-4df4-9c48-43ccc65cff48_Bedroom-9836,train
c360d758-8dbf-4d82-9afe-d71135c13c7f_SecondBedroom-22809,train
546dcbbf-7a5c-436b-9153-95541bfe31ca_Bedroom-1683,train
267ab0f0-2d01-4539-a5b8-d32b78bbb0f3_SecondBedroom-12671,train
33c06ec4-aaa3-40cf-8498-e8549285ab8d_SecondBedroom-14072,train
2318608d-bfb7-4c3e-ba13-4c0dbd615260_SecondBedroom-1684,train
0182566d-2912-4bc1-bd74-70a4e04eb67d_Bedroom-20286,train
79b8f927-e1c8-4fc6-b0c2-6b9e2ff6708c_MasterBedroom-74389,train
c09ae94e-bcf9-4e9e-81d7-6f41201afeae_SecondBedroom-25073,train
adfd50d5-efee-4d42-8457-bc1ce2707ed6_MasterBedroom-9390,train
82c74c70-ad7b-47de-a718-66e8386256a5_LivingDiningRoom-31700,train
a176fca1-5a93-4f6c-9e0b-4b3a4caa2adb_Bedroom-113166,train
08cfec4b-56a0-43f0-8428-e31c210d8c6c_LivingDiningRoom-28046,train
e544c131-df87-4e5e-b889-75e6b89ae007_LivingDiningRoom-2964,train
a92d096e-20d4-4426-95a7-ada1d9f309ab_Bedroom-1005,train
87033dd1-ac83-4bc2-84a0-c1b99d877cfd_MasterBedroom-11662,train
436db6a9-8e9e-408d-95bc-bcdb6202cf05_MasterBedroom-56375,train
99287cb1-52aa-444c-aa0b-3cfee99f426b_LivingRoom-63045,train
9eb53417-9bbf-4482-805f-48e2fc7a7118_MasterBedroom-38021,train
519b86db-47ec-41aa-9375-34d6aa714349_SecondBedroom-21482,train
5df48768-5e1b-4db0-9ca1-97ad05d9a896_SecondBedroom-9414,train
26eef880-4f22-4cb1-9166-5f52a331834c_MasterBedroom-627,train
887b2bb6-d552-4778-b841-70a6ac0fe88f_MasterBedroom-13645,train
af615a27-5139-40d2-833a-e62fead6777b_MasterBedroom-9735,train
432b6cf3-0c02-4e07-81b8-69cbd98ae00d_MasterBedroom-4249,train
106438c4-a1de-4c81-9740-74c214025a50_Bedroom-6105,train
e1ce0785-e1e1-4f8f-9428-514459737af0_SecondBedroom-74626,train
d7ce6c7f-3e4b-44d6-ae3f-7b3e27d6a493_SecondBedroom-81865,train
f8d1f7d8-8270-4a12-9b21-785332cd542a_SecondBedroom-9587,train
7ac7b8b0-6ea1-4930-9f50-7328e00e579a_LivingDiningRoom-33892,train
00de1e24-ab10-4aef-bb72-130ca18d017c_LivingDiningRoom-17615,train
e50797bd-0d25-4337-9642-b89db05e879a_SecondBedroom-16796,train
23a5fa77-0aa5-45f4-8399-3265005b1def_LivingDiningRoom-106046,train
d3613b4d-75f2-4969-835b-bccbf99c0208_MasterBedroom-16811,train
6e3dbf3d-cf2f-41ea-adad-c6a40129c200_SecondBedroom-6938,train
47ed8915-d698-4d0b-9537-41f6d16e5065_DiningRoom-28390,train
0f94d702-891e-45a0-9532-0c804af07f0c_MasterBedroom-28990,train
5b69a767-6a05-4cd5-b4d1-77ae696dadc5_MasterBedroom-18730,train
0cbce4a0-0f3d-4444-830d-002a546bbf82_MasterBedroom-33922,train
f8339d99-447d-4c64-a830-8a896194edee_MasterBedroom-12131,train
e892807a-549e-4a8f-855b-075fa1b70c9f_LivingDiningRoom-19931,train
7cb44194-7156-4c8f-94dc-3c0322833ef1_LivingDiningRoom-768,train
47ad7aa0-ebce-404b-88c9-34505ce20068_MasterBedroom-24397,train
2aabe005-d9d1-4b73-80a2-21fa2fad8c6f_LivingRoom-29294,train
384a185c-6d2b-41c5-9f35-9b33c1aad421_MasterBedroom-1247,train
80c650a0-8b67-44a3-ab43-bf5c96522bea_MasterBedroom-10044,train
fb1e5f98-564f-47af-bd58-ebf6c57b2d22_DiningRoom-275181,train
7130f8fa-ec52-455e-88a6-fb2a4e440087_SecondBedroom-56631,train
e4c63506-0538-4f51-8fcd-e191efee273b_MasterBedroom-8642,train
0ca61cac-dc02-4196-b4d6-752299c42d80_MasterBedroom-1056,train
8a3bf65f-af38-4d9a-9cdf-b278faeb499a_SecondBedroom-117377,train
079a7b7d-cb1d-4508-8d06-e29b9153600f_MasterBedroom-7618,train
70441a13-34cb-4927-a0b9-e5fa771da509_LivingRoom-1618,train
9e8b8e5d-85fe-42ab-b582-7a8484399699_Bedroom-15276,train
3a757643-3a34-41ce-ac90-f54ad79b0117_MasterBedroom-21362,train
651c37ce-c0cd-47c6-843f-3aa192235e39_LivingDiningRoom-86944,train
bc447aea-80f6-4fd4-9ebd-342b98cc63ef_MasterBedroom-6958,train
545bd0a0-fac4-40f6-84fc-6ee05ac27255_MasterBedroom-1505,train
e1f97282-7ce0-4eb3-86ab-448eb00db818_MasterBedroom-13487,train
04bba89f-12fe-47ca-9ffd-3086764d466e_SecondBedroom-92853,train
73818192-7ca3-4161-8cf1-ca3e5e51b1ab_SecondBedroom-10098,train
e6db34b3-c6a1-4e04-b95a-30c415767e82_MasterBedroom-28172,train
fb5924fc-9540-4659-9764-a38774256527_MasterBedroom-35835,train
1fdd678a-5034-4c5d-b4aa-20e43178a86d_Bedroom-8995,train
85332070-5fa0-412e-bc3a-028540bf5912_MasterBedroom-6075,train
e4d49144-ac70-482d-ac0a-607f68160dca_MasterBedroom-15019,train
796565cd-a760-451a-a5e3-8dea15f607ea_MasterBedroom-30526,train
408949e0-59c3-4e26-90d7-b65237f491b4_SecondBedroom-22416,train
c7a6c545-7e2b-452d-a116-1d724dbd9e34_MasterBedroom-1269,train
5f687d94-bb4e-4a8f-938e-e988ddb7de2f_Bedroom-17442,train
b5515a75-9d29-47a1-a8dd-c61224c8d170_Bedroom-539,train
9f8197bc-9d2d-4e29-94a0-358b41ae3948_MasterBedroom-55531,train
9f433842-0a34-4228-a2ec-8e7888cbe29e_MasterBedroom-46846,train
bbd4d848-5cf2-4680-b508-bc13325d27b4_MasterBedroom-13224,train
b76b3b9e-1709-49eb-a5cc-8e5b76da6939_MasterBedroom-107429,train
f999ea63-2aca-4e3a-a646-dd75bc53fc8c_MasterBedroom-9460,train
0f7d04b8-9de9-4e07-9a44-0cdb8b2703f4_SecondBedroom-19119,train
d2bf49d7-2d8d-4b14-adca-e57c183dec36_Bedroom-10043,train
675507da-6f11-412d-aa21-545212322fa6_Bedroom-31435,train
88e59754-af7c-44d0-bd64-0a958a919cc5_LivingDiningRoom-1651,train
86f1f54f-e8ef-4e21-b8bd-109ae91c95ff_Bedroom-59718,train
4b1513de-23df-43b3-866f-ef10c1c09d58_SecondBedroom-13267,train
228237d8-0328-42e7-af23-e400fe003092_LivingDiningRoom-40391,train
12c54720-32c2-4634-8eac-1e2b129c2991_Bedroom-144341,train
54647521-1e76-42a3-bfea-f7aac8f9221b_SecondBedroom-6105,train
9f09b360-ed12-4e72-96db-d956c00253fc_MasterBedroom-402,train
d1200595-8df1-4758-983f-8b8ba63c25f6_MasterBedroom-22370,train
aef6f22c-02ce-45f4-ba66-2433f847c324_SecondBedroom-39039,train
29f92b53-a723-41c9-992c-1d146ce542a7_Bedroom-6993,train
1d849540-8c29-45dc-a3c8-e086c1d31788_MasterBedroom-25285,train
5549a237-e795-4893-870c-33c27eb02bc3_Bedroom-12659,train
5e44b2a9-66ec-4d5b-adf0-c87ab69cc93c_LivingRoom-3797,train
b3a4cdd9-5144-43b7-bdad-067fdd7530c4_LivingRoom-71719,train
fa56e1b0-7c26-4a09-a8f4-6e3f226fc131_LivingDiningRoom-41538,train
cde4fdcb-4e23-42b7-bce8-af71fb4fef57_SecondBedroom-19608,train
6e7a0c41-15f3-4909-a20c-dab460b45ada_Bedroom-258,train
ddf7cd3b-79ab-4f7f-ad53-34b6d1cfdb38_MasterBedroom-12904,train
8c70a332-7115-4197-a7a4-c7d48f68d9d3_DiningRoom-2338,train
a6aa92c3-577b-4425-bad9-e9e01da85658_LivingRoom-41893,train
1cf94f82-50bc-4805-94d5-a8b52b66be31_SecondBedroom-54537,train
fc3e6faa-b614-4d9c-87bb-e2c67de6f6b3_Bedroom-20073,train
06fd7746-9abf-4430-b674-a6b904d5f1a3_Bedroom-72527,train
b71b1950-5509-4f62-8aa2-2f49825d9f8f_Bedroom-17496,train
2be2628f-bec8-4217-9660-805b1c8a1baa_LivingDiningRoom-142185,train
33fabe16-27bd-473f-b361-5904fb1c8baa_LivingDiningRoom-11695,train
08c22a05-81e2-41f4-8e22-c707aa082bdd_DiningRoom-17995,train
64154a7f-e2a2-4096-9683-f79475f1c866_MasterBedroom-4184,train
a390f6ea-2c8b-4e0f-8a0e-74eeed8b32fd_DiningRoom-10792,train
a65d35b4-f9df-4d15-9cc2-fce1155974c1_MasterBedroom-137626,train
91f3b7a3-6b66-452f-b674-8b5b6f80ec1d_MasterBedroom-270353,train
6f969906-b789-4a47-a930-008d35ca0458_LivingRoom-513,train
4d8b6b63-f624-42c9-8442-4e7bfeb7e2f9_SecondBedroom-20743,train
d7499538-b770-47e6-ab24-9b78007f6384_MasterBedroom-12441,train
f851ec5a-4b4b-4640-980d-95da12603880_LivingDiningRoom-734,train
b6840c65-cf40-4bd6-8492-f4b7aae57ed5_SecondBedroom-52351,train
14e7aa9f-8774-40f4-b786-c042aecb27ff_MasterBedroom-6712,train
9ced874b-7641-4dd6-b839-86e327f92344_LivingRoom-20470,train
eefd3f2e-a33c-40b0-bd87-3b1a9b111170_Bedroom-5388,train
c1ebb7fc-5537-4ee3-a1ec-4d89b09743c6_MasterBedroom-17431,train
089458cc-75b2-45c8-a58d-177cb6aced8c_MasterBedroom-27795,train
a62c4a8d-d297-402a-b688-5d551d889530_DiningRoom-164,train
3cb92d64-e832-4c05-be86-a286b92a1ac6_LivingRoom-5774,train
ddc26e88-622e-49de-a9b4-d5527d23ce3e_MasterBedroom-43021,train
47198989-4f6e-4221-a833-e858a0e44793_LivingRoom-2351,train
3b349315-8f84-4027-b654-f8ecd6d3cf67_SecondBedroom-13841,train
a74cbd87-e6cf-4df8-9007-1134ec1f5459_LivingRoom-42161,train
14c7b2f7-cfe9-43a0-9dbd-fd65c33454ca_LivingDiningRoom-22223,train
f105dd34-bc81-432e-83bd-314087015257_Bedroom-97,train
560b2876-65ae-498c-99a6-8ca691cd42dd_SecondBedroom-13764,train
73e42610-80af-4a97-85e3-952b509b04dc_Bedroom-8044,train
9f8f93c4-796c-41ff-863d-c7713981e450_MasterBedroom-1956,train
315408d8-5cf4-4e47-a59d-f054282e8119_LivingRoom-104297,train
06fd7746-9abf-4430-b674-a6b904d5f1a3_Bedroom-80398,train
39126660-a386-4470-8e2d-ece852ffdb62_Bedroom-39542,train
d581a7da-14ec-4c27-85d7-96908d89a9bd_Bedroom-46918,train
bd0efcba-bfdb-4e4f-8bcd-7d9c70519af9_Bedroom-497,train
711bd99b-2719-45a9-9836-c4baae874ad7_Bedroom-4584,train
8072be53-ff54-4db6-9fba-7f9a9b1430e1_Bedroom-3753,train
594abe36-d4a7-4cfc-a3cb-5de355ca999d_MasterBedroom-18427,train
fe3731be-633d-487d-a502-63a3c0ebfbc7_LivingDiningRoom-1985,train
4c95f715-4ed9-43a1-9577-03980090b077_SecondBedroom-1849,train
04f0aee8-b117-434b-bcd2-a78766f49106_MasterBedroom-12180,train
a42adc3a-01df-45a6-855e-e034c6b2fc31_Bedroom-8818,train
5e024c0f-0bca-4074-ac77-4b72a7629d0a_LivingDiningRoom-1080,train
393e9998-9fdf-40a3-8943-aa818e3d3216_SecondBedroom-12975,train
c2e891ec-de52-4ebd-bd91-5720ca647fd9_MasterBedroom-2957,train
5fc584ea-ebdf-4bbd-8c85-4a2be9b35abd_MasterBedroom-2045,train
648408a7-3930-40b4-bca2-eeb20e48e982_MasterBedroom-44810,train
339e4d0f-096a-4453-be12-5a730e71e6aa_LivingDiningRoom-15731,train
50519e1e-1355-41f3-b092-6256d2ce205f_MasterBedroom-5636,train
fdc0b569-e71a-4cf9-9a16-a6f60bffc326_MasterBedroom-36309,train
258948d9-50d8-4c90-a6f4-d9d1072e45bb_DiningRoom-71866,train
9f25ebc8-56e8-4632-b669-db96d83b9915_MasterBedroom-10399,train
af04306f-ef15-4b0a-ba75-1e499b3f3ccd_MasterBedroom-29436,train
36b29e71-bdce-40c6-948e-ed904eb94282_MasterBedroom-6203,train
0106f9d2-5779-457b-9b8b-72942373d42e_LivingDiningRoom-10723,train
dee82180-497b-489f-8554-cb27be17300f_MasterBedroom-46271,train
b28bad76-991d-4a95-9a37-2934374109e8_LivingRoom-20386,train
27d57b61-d1f5-4551-9fcd-c5a36529f170_MasterBedroom-86447,train
4563a93a-fffd-4829-b768-2cbe398c5cf1_SecondBedroom-13315,train
dad0b720-0403-420a-97cf-a92ba509dff4_MasterBedroom-44763,train
261774c0-9480-40b3-a85a-4804c96ea443_MasterBedroom-132469,train
4c95f715-4ed9-43a1-9577-03980090b077_MasterBedroom-2364,train
c06f62d4-778a-4303-a2c8-301181ecc9ee_LivingDiningRoom-35319,train
4fdb87d5-1a09-45f2-bbc7-da8a5c4c5642_MasterBedroom-8404,train
93e914f5-081c-43d8-89ee-986ce6ef1707_DiningRoom-16799,train
0c2cf150-5293-43d7-acbf-8c1b0a67070a_Bedroom-4843,train
fe4aa477-9203-4c50-a540-e1bbdf2d9fec_SecondBedroom-819,train
c38b86ae-e6c5-4a1f-8b52-eceb83456d80_SecondBedroom-58644,train
c535d86a-3362-4fae-900b-aa527ddc4ee8_MasterBedroom-30167,train
5d8f96db-9043-4356-93c8-4f3198ceba34_Bedroom-5218,train
d5e9f98e-7c32-4425-aa4c-209476bcbe87_SecondBedroom-5044,train
106438c4-a1de-4c81-9740-74c214025a50_Bedroom-4026,train
66d24a27-e8dd-42e5-b5bb-ef4723829b54_LivingRoom-22102,train
d9853b19-5834-49f5-8f78-9975aa5f5575_SecondBedroom-17521,train
fe74af37-407d-4335-910c-1dc03e0c9303_LivingRoom-13753,train
72e59634-a906-48de-be85-93f2236c0a43_MasterBedroom-41983,train
57713c25-228a-422e-9399-3a2c9ffcbd1a_SecondBedroom-23318,train
2fee88c4-7d23-4a57-ac24-ad3c1eefb992_MasterBedroom-9934,train
00fe8139-76e8-42b4-bb41-7f9f085ac351_MasterBedroom-15559,val
702a3f08-a072-4459-a2ba-2b0b132be3a3_LivingDiningRoom-13989,val
d7da27dc-5634-4e68-8566-671892606454_Bedroom-23310,val
0c1cea01-e28f-45dd-87df-6f906054c364_SecondBedroom-21442,val
c4eb86a1-f886-4f85-9127-19a4e4d6e45a_LivingDiningRoom-2486,val
d7366a84-972e-454d-b574-271f0c72e04e_SecondBedroom-6480,val
4c1802b8-1d72-487b-be98-d7cfb29b3d0d_MasterBedroom-168,val
4b95d149-431c-4f94-aa7c-2e1a8bb20599_MasterBedroom-928,val
5113fd61-0a51-4309-9ca3-9461623f92d1_MasterBedroom-184809,val
bbf5f0c3-25b9-4288-afa1-f2545fab15ba_DiningRoom-16460,val
994206c4-c697-480a-9825-85141dd8a205_Bedroom-73409,val
1fc77158-532c-4d98-b9c7-cedac33ccfda_MasterBedroom-30165,val
42249ee6-a641-4938-99e1-9e7514b79ab7_MasterBedroom-7113,val
5e44b2a9-66ec-4d5b-adf0-c87ab69cc93c_MasterBedroom-3854,val
a68c6257-db07-4f5f-ae13-ec2878d3cbe6_SecondBedroom-31876,val
00c0c75e-1c12-46b3-9fc8-0561b1b1b510_MasterBedroom-649,val
ec35b52a-c501-4e1d-b186-b50e8f97d8e7_SecondBedroom-292,val
f73dc7bc-1916-4186-826f-3017cb235a38_MasterBedroom-14481,val
116e331e-86a7-4b2a-adda-aa98925f9625_MasterBedroom-442,val
64a127ea-1375-4c1c-a36e-b11441ce8266_Bedroom-17414,val
47f1e226-bb51-4a8e-aaad-64156c826c8a_Bedroom-146,val
6e284cd9-0d12-41f5-98e4-4d03c6eec135_Bedroom-9255,val
e8d819e4-bfb3-406e-a683-0ea452650633_LivingDiningRoom-163914,val
0b4abd30-b157-4ecf-a077-989285598cf2_DiningRoom-9719,val
3500ee27-9a9d-451f-b191-46e5540d8374_SecondBedroom-1494,val
2882c0c9-cf09-446e-83b3-9c0fe19601f5_SecondBedroom-52968,val
835f8679-e773-4ce3-9a38-4281f4ae78ef_SecondBedroom-23036,val
b9d17d23-66f0-445d-acb7-f11887cc4f7f_LivingDiningRoom-192367,val
e396e943-0f12-4455-938a-47a4b44bc25c_LivingDiningRoom-22470,val
ea7e0a92-a291-446c-b428-75aafe1db99a_SecondBedroom-31150,val
b405df56-846b-4266-9523-ccab1feef7f2_LivingDiningRoom-11362,val
4984b901-9b48-447d-a39a-570b86d46795_MasterBedroom-95497,val
d4237a89-ec0b-42da-b170-231cfa26f8a8_Bedroom-19819,val
9bf55c0e-6250-41ed-ba12-968598c9279a_MasterBedroom-9670,val
36c2c33b-73f2-47d5-881e-2fa359198b9a_LivingDiningRoom-35401,val
2d728150-ecd3-4648-b584-68de8e9f9a89_SecondBedroom-119762,val
30c0c5d6-30c7-43fc-95b1-e7424df97d77_Bedroom-47437,val
003ac11d-2abc-44f8-9836-4354e7dfa543_Bedroom-1573,val
3e038beb-1cf4-4a16-8775-cf225873aca9_MasterBedroom-8131,val
97980fab-7bf0-4887-9fa9-68cc9138c717_SecondBedroom-37794,val
22faf1bf-263a-444d-971e-2931dd27acc9_DiningRoom-5313,val
856c1df0-c383-4960-819e-e9caddd88631_MasterBedroom-193,val
79090604-70df-47d2-98e7-62087f358e6e_LivingDiningRoom-15199,val
5afd67e5-1ba5-473b-8446-a2ea1e22133f_LivingDiningRoom-2122,val
6ae5c274-8d8c-4832-878c-ea4f74082dfa_LivingDiningRoom-3674,val
68aef3df-2608-4b26-bbf3-8533bbeb9445_SecondBedroom-37647,val
3e521f51-ad75-4071-9138-2369bd8d1ae1_Bedroom-10139,val
29c77527-8237-4bd3-8110-788c03a1f1cc_Bedroom-396,val
feacc183-06d2-4bb4-9c24-a62921abdc29_LivingDiningRoom-70369,val
98b7c028-7943-4861-94a7-e1fbcc362d17_Bedroom-11599,val
4abcb667-c57f-4d8f-940a-d964152329d5_LivingDiningRoom-11771,val
95dc6d32-fbf0-4183-b09a-3a352fa0cd57_MasterBedroom-8821,val
ffd7218c-06dc-4550-96ab-72705ec4f3aa_MasterBedroom-60990,val
d575f48e-3268-4e38-90e0-53f47168c303_SecondBedroom-9392,val
5669e7d6-ad0f-47ad-be4a-c511786ad433_MasterBedroom-21810,val
78e9ca5b-4781-45dc-8417-1c82e7435761_SecondBedroom-39146,val
a05b51d1-bfea-4553-a903-dd1b74e35005_SecondBedroom-94646,val
d37323ad-0553-41e2-99d3-e8ae35ec9ef6_MasterBedroom-17825,val
82150431-fe02-4c4d-bbb5-edf819efc22a_LivingRoom-26823,val
becea2fd-a2fa-452e-ab7b-6c9e127a3161_Bedroom-23898,val
97089e6f-2c65-4a2a-96cf-6841c0a238f5_LivingDiningRoom-65030,val
a0fec80c-3a30-40d0-9005-2e0056909a48_LivingDiningRoom-18037,val
256d7c62-a550-4dd1-a57b-541a2260bff2_LivingRoom-7264,val
8463261b-999e-4506-a090-7fffcc106adb_MasterBedroom-30627,val
69610b96-8add-4240-938b-97520fa32ed3_Bedroom-9426,val
49e7d085-8a30-4a62-b6ec-2a52ae5153b4_SecondBedroom-6500,val
a2522dd1-9fd5-453e-9a28-24ea4b890043_SecondBedroom-6751,val
5909d95e-ee06-4fa3-bb01-5b0f43185a6a_Bedroom-11072,val
6629237b-2eb1-4fd5-a008-e175fbe9a975_MasterBedroom-49863,val
b093a455-63da-4dc2-af72-11f094999d50_MasterBedroom-1692,val
104baa17-42f8-4735-9ba4-5d59a8eb2b46_SecondBedroom-11132,val
282c3591-6893-4980-a521-98a540d9c3d0_LivingDiningRoom-2166,val
1f5d59ce-7227-4643-9540-21f8d90618a2_Bedroom-652,val
5b00b25e-578c-4eea-b736-2c98d456ea44_MasterBedroom-1261,val
c914d995-3ce6-4992-9b2c-1d846958b74d_MasterBedroom-8474,val
d859ce89-1e14-4ef8-ba97-f6631f3f0b87_MasterBedroom-17213,val
e4ee25f7-bb0b-4dbe-b0ce-00f19597c102_MasterBedroom-2718,val
8b6fe022-f180-46df-8230-f86de5c4fc14_DiningRoom-12423,val
aee82a11-1d1f-47ff-80d5-902e800b839a_MasterBedroom-5121,val
2e6fc977-82f9-4a00-9501-9d6a0c30911b_SecondBedroom-2743,val
9a2df5c3-d305-46c7-a7f1-68f9ba45c56e_SecondBedroom-11580,val
97c9ee1b-c5ad-43c9-8cc4-19c45ed40dc0_Bedroom-86672,val
6a2b8eab-9d8b-4efa-9823-7089483c9faa_SecondBedroom-22298,val
52982a7b-ed79-44e6-bb37-f878754c07d3_MasterBedroom-424,val
1cca0bcf-bc1b-4f18-ad75-fbf53fbc226a_SecondBedroom-1216517,val
6ab91867-b6fa-4630-93f8-f3223e71c154_LivingDiningRoom-426,val
7b8b173c-2354-4bdc-9321-93ad43796020_MasterBedroom-49865,val
cd9ef0ed-362a-40a5-b233-cef072ad22ba_MasterBedroom-8284,val
6048ff60-5420-4ad5-ab02-856f989ed67d_MasterBedroom-2012,val
10a1f583-7755-4afd-98b2-3f7df16bc930_Bedroom-430,val
ba3303e0-761d-4cfc-9411-18f1ff7a4340_MasterBedroom-11688,val
0f737b17-9449-4961-b978-e115bcba56de_MasterBedroom-49133,val
1fdb9840-5925-48a0-a307-4be1bc9b402b_SecondBedroom-4121,val
f79dd946-de59-4b27-8e89-ea5b2303ee67_Bedroom-20615,val
491af85e-3c8f-40f2-a204-392483bb4308_LivingRoom-2602,val
3d83fdb3-1e74-4c3f-adfb-8e722d772705_SecondBedroom-339,val
360ff522-f387-4714-b1f1-c4092d5167b4_MasterBedroom-17635,val
c0ff8f34-a0c3-47b1-92cc-fdccee514833_Bedroom-56319,val
79c5c8d7-bdbc-42ea-b582-bb5c3a925c11_SecondBedroom-12402,val
fe4aa477-9203-4c50-a540-e1bbdf2d9fec_SecondBedroom-3766,val
b3a256df-54e0-40c1-b04e-5ace4cccaddb_LivingDiningRoom-2917,val
a2f77d1e-d982-4fd4-9216-38f97718082a_Bedroom-23859,val
0220df39-8356-4ba5-8f26-4f385afa2cae_LivingRoom-37659,val
8cbec3a7-cd0a-4af7-92f7-281c31769248_Bedroom-922,val
473633df-9854-4d60-8fb7-290a68f31bb0_LivingDiningRoom-14571,val
d06a7c95-99a7-438e-a271-fe602380713c_MasterBedroom-1212,val
88cb9d3f-0703-455c-a951-8d04b2bb66a2_SecondBedroom-762,val
171d6fc9-9991-413a-992c-6df01db113a9_MasterBedroom-12778,val
98a1fc47-1484-4dd6-840b-da2d38206db2_SecondBedroom-69017,val
de7bbe9b-703e-4a0a-af91-01bbd3fa623e_Bedroom-15206,val
7e1344a6-49f6-49cc-8f5d-2e5772c68c6e_MasterBedroom-6281,val
b8d5c14b-b931-4b1e-969f-b96f5c1f3bb5_SecondBedroom-14942,val
1c5bf205-4c14-4e49-b6d0-b9b0684827ff_LivingDiningRoom-8814,val
b6167446-ce9d-4bc0-bc2e-e6026d939a3c_LivingDiningRoom-14337,val
46db808a-d7e7-452c-95bb-d0677d21b13c_MasterBedroom-5540,val
106b7f57-ede9-48bf-a45f-dacf369fd800_LivingDiningRoom-5733,val
68181c4d-2a0d-4b29-b5be-c525b417c1fa_MasterBedroom-13579,val
06a619f2-8939-4188-9eb3-ce01717de2b0_DiningRoom-197500,val
a99c1e8e-0f26-4c2e-a471-9b9a308aaebc_SecondBedroom-274,val
ff92de73-ae8f-4ea1-a936-40cbf888f6b4_SecondBedroom-1116,val
f091233d-1a13-4a73-b1dd-f244780c76eb_Bedroom-14737,val
3f2629fe-a957-4e83-893a-28d476318740_Bedroom-28486,val
35602a52-6ddc-4137-ab5e-45296190513c_SecondBedroom-9959,val
8e9d0281-f7b6-4818-8fea-bdd0265b5f5d_MasterBedroom-95118,val
3ed02f51-4e42-4b78-9829-44ac6f2f52da_LivingDiningRoom-108722,val
d11d0783-dad6-41da-b9f5-93c51fc5e6ce_MasterBedroom-35288,val
98cf66bc-adf1-4140-b893-e8df0e483a20_Bedroom-21407,val
30c0c5d6-30c7-43fc-95b1-e7424df97d77_Bedroom-46540,val
801829a3-7355-4383-a3ce-41876ef1d358_LivingRoom-327,val
bf563d05-8920-4b9c-876b-6e8ab72adbe0_Bedroom-29738,val
ebd41253-638e-4273-80b7-971625b5144a_SecondBedroom-32722,val
27871446-7da7-4557-b554-dca744d3ea87_SecondBedroom-90886,val
81558907-9dff-4a6d-a766-6e0748997ae6_Bedroom-5697,val
133d45e4-e0c2-4d65-a627-10a56a7c2504_MasterBedroom-13164,val
a40d170f-a598-42ca-85ba-0141e6cadb9a_LivingDiningRoom-1984,val
14f828a2-182c-4085-b40b-2e2bf97b9aa7_MasterBedroom-29310,val
582e09c9-b6ab-41da-bd7e-f8275890dfc1_SecondBedroom-64303,val
2ed23edd-aebf-4fdc-bbe5-660409e5ae00_LivingDiningRoom-11161,val
f378812e-7afa-4eba-ab73-e537abb57780_MasterBedroom-103832,val
184bdd8c-cbe7-4f95-a444-65dc56d389e1_MasterBedroom-19310,val
bf869394-db5e-43ef-a664-aa863b99cf55_MasterBedroom-2805,val
1283c8a5-b589-48a8-a6c9-486791da56ff_LivingDiningRoom-19626,val
173fa696-64ac-4513-8154-48b16b633a3e_MasterBedroom-20647,val
6603615d-0b7c-4b8c-ae29-ce9b464960ab_Bedroom-3375,val
a4e28b69-2a4e-47fe-910e-c0df5879dcd5_SecondBedroom-23974,val
b099df62-e9b6-407b-b69c-7746f98223df_Bedroom-87733,val
98efac0b-a256-4bc2-a55f-a3df5ef39096_MasterBedroom-8978,val
c9b4f975-0f17-4718-bf05-a05a450a3c48_MasterBedroom-61232,val
bb4a55db-d988-4d61-bc52-175a9a8cec51_DiningRoom-87276,val
a6295210-e8d7-401e-a5db-6efeef45e5d5_LivingDiningRoom-19698,val
a4515359-59cb-46d6-9914-c54de45598a5_Bedroom-21085,val
e503e126-bd11-4e31-9b61-aa6816d22630_SecondBedroom-21233,val
ab2e0470-67b9-4902-b800-d75a1a6b7101_MasterBedroom-59528,val
3ace00f7-61e2-4f23-8295-eed2410787ef_MasterBedroom-9875,val
386553cb-c7ee-47e6-926a-679a9e65fa1a_MasterBedroom-23131,val
9886aa9f-f331-48e4-88a0-4e56ccaabe7f_MasterBedroom-9526,val
87033dd1-ac83-4bc2-84a0-c1b99d877cfd_DiningRoom-11640,val
80a1dad3-492a-4c8d-af9c-b33690528220_MasterBedroom-9893,val
62e9d3ab-899d-40b0-86e2-a6468e9de575_Bedroom-1124,val
a8489fa3-46a7-452e-ae5b-dd9bc5c71a05_MasterBedroom-9557,val
b41434c7-ea34-404b-a426-34221b17c942_SecondBedroom-3467,val
9aea034c-ec2d-4da0-8d18-0632a5d7177e_LivingDiningRoom-3811,val
e5a6fc8c-aaa9-460b-bab3-8fcd9aaaf6e2_MasterBedroom-109561,val
258b12fb-08e1-43df-a3dd-d88793d32621_LivingDiningRoom-35273,val
1e7966ed-1b5b-426b-aaef-395475df7dcd_MasterBedroom-151442,val
73bf13f8-35da-425b-8dbf-2e552f466d21_Bedroom-68902,val
1db2e62e-6516-47da-bc4d-6469ba619d2f_MasterBedroom-1065,val
493cdab0-045a-40cb-be8d-9227bdc08184_Bedroom-5165,val
6cc1d22f-47b3-4a3a-81b4-19575f2ec3cd_LivingDiningRoom-18809,val
58345886-a399-4359-a218-ad0a3b43f44c_MasterBedroom-10505,val
39629e24-b405-420b-8fb0-72cef0238f70_DiningRoom-6513,val
afaffb7a-d00b-4d21-8d9a-ed6df3023d70_SecondBedroom-781,val
b3532f29-171d-4239-b6c5-4a1da32ed8eb_SecondBedroom-78680,val
473f4a9e-505e-4864-9ffd-59a793b26d5a_Bedroom-6801,val
61e6ebe5-da92-4e8d-80ad-052996ac6e34_SecondBedroom-17265,val
99e610b9-c34a-404b-afda-18abf1d22cbf_DiningRoom-2469,val
6060e648-44c6-42d6-a9f4-f58c5bcff70d_SecondBedroom-25760,val
bfdb8f3c-7980-4db2-8517-64523b20b3aa_LivingDiningRoom-19390,val
7a1c91a1-efe6-47a3-8a22-5749fbeb67dd_SecondBedroom-9126,val
2c1b1eb9-e5ce-4cdb-815e-32d3b6e8ca4f_SecondBedroom-50464,val
354509b3-76e3-4e5b-b554-9237d47aec90_Bedroom-222,val
e2d00f14-06f1-4b29-a9a1-f17618a2d7b7_LivingRoom-60575,val
caf8c80f-961b-4b3f-991a-e1f9036efaee_SecondBedroom-45973,val
eb8a0928-94bb-4434-bf48-07f311399345_Bedroom-312023,val
8eebb493-c733-478d-a90b-b43620d3291a_Bedroom-61812,val
540c8131-452b-4702-a8db-5ab76f658c55_MasterBedroom-10386,val
c9b9c9fe-5175-4ee6-863b-31beb0cb9a13_LivingRoom-35854,val
483eb8ef-60ad-4f4b-85ee-9ee629e7fd85_SecondBedroom-73206,val
9afa32c6-96d5-4f54-8025-9ecdecc13b7a_Bedroom-9841,val
9961bd71-5f50-4c9d-8f4b-8e7db9f93451_SecondBedroom-3610,val
5385105a-4574-4afe-a14c-4f520b27494c_MasterBedroom-56793,val
3785b6c6-307c-45ea-b672-367f2451aa56_SecondBedroom-58428,val
1154c0d6-6d5c-4c64-89a3-238fa042ba6d_MasterBedroom-32615,val
89b6e11d-a814-4339-9140-4a2a4206a84b_SecondBedroom-89491,val
17a063ee-a39b-4aba-9f3b-508684dffac0_SecondBedroom-555,val
5f27b15d-9586-47a1-9875-075c68a95b05_SecondBedroom-48968,val
3f60d6b9-49ba-45d9-bf03-966069127e75_MasterBedroom-21751,val
787e7cd0-14ab-420d-8862-b1d45ea47725_SecondBedroom-30248,test
5bb3120d-3ad7-4456-b332-5bc1d60dd53c_SecondBedroom-1213,test
0d83ef53-4122-4678-93be-69f8b6d32c77_Bedroom-727,test
6a697e31-513f-4bc5-adc6-1d2a8b8f7d61_SecondBedroom-112,test
300a30a0-69d3-46c3-99ae-98cc2665ea28_Bedroom-35152,test
bba8c5f2-10f0-4917-b26b-82fb076a97b4_SecondBedroom-7619,test
6417999f-abfd-4c11-8ca1-0100d8738214_Bedroom-6881,test
7d95196d-5b65-4180-97db-aab7af789280_SecondBedroom-12861,test
a9c6a334-ba10-467a-a5cc-81dadb65a615_MasterBedroom-7711,test
38d90d55-8add-4c08-b054-4fe57e4768e5_SecondBedroom-15281,test
aa9b470c-42d0-4f2e-8239-22142ab5fddc_Bedroom-1103,test
ee137a12-e725-44c0-8f12-42078b028705_Bedroom-16514,test
a94a1d56-0246-4dd5-904b-8f721214b91f_MasterBedroom-48626,test
36a9e2d2-2165-4ea7-ba91-f20ec6f76553_Bedroom-35912,test
347dcefd-c4ad-4d24-b9fa-88bd5573ed5e_MasterBedroom-1071,test
d8f50afc-d93f-49f8-9170-b7b9fe880152_Bedroom-22570,test
5a6650a5-b713-4d8f-9c82-5fc49a5f6ea3_Bedroom-12297,test
fef4c9c4-a340-4388-908b-53f9a866731f_Bedroom-8493,test
7cb2b1ac-1751-4ed8-95af-588764071f9e_LivingRoom-13136,test
191931a4-ae27-44eb-a639-d8ee3de85a0b_SecondBedroom-10141,test
30b4457b-420a-4c1b-b951-b589e741229c_SecondBedroom-83138,test
b7c74b29-1bc9-4112-9587-03a1b330a284_Bedroom-274,test
877816d8-eff9-4884-8c9a-fbad50a7b5ab_SecondBedroom-16154,test
fa21ce43-f02e-43a0-8f64-31f81cb339b1_SecondBedroom-42424,test
4b9ec5a5-811d-446d-bda5-3acb0ecbe2c1_Bedroom-18203,test
008f0372-b7d0-485f-8d3e-f686dcb68d4f_MasterBedroom-820,test
d4d0237f-a66b-40cf-bf85-56e11cb20602_SecondBedroom-6442,test
eb25553f-fc01-4dc0-b53b-fdc991d1abdd_MasterBedroom-32109,test
21569333-a837-4228-9440-bfbaf37cd57e_MasterBedroom-69844,test
63624bb6-0323-476c-b295-2e31b729fbb8_SecondBedroom-3380,test
5661c826-341e-4a5b-8901-c1a84b96298a_MasterBedroom-3270,test
46bc8223-0661-44c7-8f95-29beadbe62d2_DiningRoom-33429,test
625cc958-7f61-487f-a076-427034fedc1a_MasterBedroom-232,test
ef0613b7-4461-461b-96c6-cb140f7a2f2a_Bedroom-16717,test
a48c2fa2-734e-4a66-a1ba-c63bcb76b08b_SecondBedroom-11598,test
56fedd11-b226-4c51-8d89-552caf24487b_SecondBedroom-19232,test
22eb02bc-5982-4ebe-9575-47902632e022_LivingDiningRoom-23611,test
6a03badb-61ab-4e22-9564-de2fd2ed1938_LivingRoom-38434,test
e7e9f7bd-8fac-434a-b34e-090a55495daf_Bedroom-1021,test
329e33f3-ed03-4147-9389-c3573e7e54b7_MasterBedroom-2118,test
b744dce4-8f32-4016-bb25-6d00e9843e79_MasterBedroom-60471,test
c3c2b237-b863-436f-b66d-27bf5d0ca927_SecondBedroom-104740,test
519b86db-47ec-41aa-9375-34d6aa714349_MasterBedroom-19867,test
a252fd2f-afbf-4b76-b63c-5af2b0a3cebc_Bedroom-288,test
c662dd5d-839e-44de-8cc8-23c74b757d9e_LivingDiningRoom-5381,test
e95ecf25-bf6b-443b-9f23-c2151152da14_MasterBedroom-18042,test
bc51f3c3-2ed0-45da-9b28-18b6f6dfe677_SecondBedroom-1688,test
38adcc1b-67d2-458a-bab4-b099b1ee7230_Bedroom-38944,test
64b7a725-7b94-443b-a8b1-d582ba1cd3d9_LivingDiningRoom-1764,test
bbed00a6-d2e0-4f55-a5cc-09db9e3dd6cd_MasterBedroom-47889,test
9105f71c-bbd1-4bc5-8b06-88057dfefa08_SecondBedroom-218199,test
e8f2696c-3f35-4c36-b414-5127c639c31b_Bedroom-65398,test
8ed6f6d3-ba4d-4eee-b897-d2e37ccd324e_Bedroom-156,test
d4237a89-ec0b-42da-b170-231cfa26f8a8_Bedroom-19866,test
c7e26be6-3639-4da2-a56e-ca741a367249_LivingDiningRoom-18479,test
e2ca3b88-0619-4841-81f7-6dd37d684149_Bedroom-34030,test
be05ec39-347e-4e1c-a75c-494d679eb8aa_SecondBedroom-61776,test
ede1bcab-2298-4756-b03a-690d5cf8dfe5_MasterBedroom-11214,test
2815915a-e5d6-4c4b-9d38-f1e4c72ab476_Bedroom-6294,test
1789dde5-03d6-44c7-b244-ed0d7fc234b7_LivingDiningRoom-18578,test
236523ba-f956-45c5-b527-94ac5de67aea_Bedroom-2092,test
ce51b1c1-72b8-4812-a291-30bf97c07aa1_Bedroom-32206,test
d5051ff6-1923-45ed-9e4f-d26d1a76bc39_LivingDiningRoom-1447,test
3db40bf1-6f2c-45a1-9c26-386014ba6e24_MasterBedroom-36842,test
6577e150-653b-42f2-968d-69aec166976d_LivingDiningRoom-13072,test
0e44eab5-891c-49df-8311-4395a610016d_LivingDiningRoom-57414,test
53ac3d02-ed9a-4d4e-8982-e1b44dc8d5ec_LivingDiningRoom-19339,test
a2f77d1e-d982-4fd4-9216-38f97718082a_Bedroom-23604,test
8504e027-78af-4833-b36d-2ab919e84ee2_MasterBedroom-7802,test
d768fc85-328c-402b-a61b-ce8c2a529303_MasterBedroom-50333,test
075afe52-555f-4ef7-9ed7-5ef9bed6705f_MasterBedroom-15985,test
320753f3-80d9-4237-9f59-38c4201a2782_Bedroom-2207,test
54234f8f-0f41-47d8-911f-506320aa75c0_DiningRoom-22156,test
d5fa75af-c302-4c73-ad4e-78e4e9765845_MasterBedroom-5265,test
bc2c8755-47a1-4d2e-ab18-2c5fda2aba1f_Bedroom-489,test
ab6995b8-bad0-4660-a337-a914b42ba219_SecondBedroom-4485,test
dc53f093-fca0-495b-a659-fd77cd6292a5_LivingDiningRoom-36702,test
f7b437bf-195d-41f4-a0b6-ce3f14dae321_MasterBedroom-20548,test
55f96837-a873-45b3-8feb-6c25ae7991d1_SecondBedroom-145304,test
7dbb372a-75d0-4e3d-9954-06240f8bb8ad_MasterBedroom-2548,test
eeb71e43-2988-439e-867e-cb143cb3988a_Bedroom-2394,test
dfb54c79-6d74-454e-8bce-a6898527daba_MasterBedroom-64939,test
1b74b745-24a5-4119-96e8-2a852a9d1a05_Bedroom-32287,test
4fa56715-fad5-4f60-a57e-e628df21a914_LivingDiningRoom-17107,test
26387a08-3ebc-4638-83cd-33150de9f17a_MasterBedroom-26153,test
ae6e05dc-ce87-415f-b98e-3349488d984b_SecondBedroom-12902,test
a5a45951-673d-40c0-a092-e75bcb5d7d36_MasterBedroom-12887,test
05e8b512-5ee0-42e3-a26d-a40c4e5bc523_Bedroom-20944,test
ca0e30eb-62c0-4b91-8df2-1cf1becf6ef2_MasterBedroom-15911,test
d15f5658-c053-4d7b-b8f9-b1f8ce4d226a_Bedroom-2901,test
878a346d-66ea-4807-8ee1-ce1bcc9080fa_LivingDiningRoom-7050,test
ec1d45dd-4935-490b-9c2b-f6caf4261d82_LivingDiningRoom-9763,test
a22895c1-7102-4701-a1a4-02faca65b6bb_MasterBedroom-45779,test
bf0c006b-a15a-4357-ac71-9d0249d85d72_DiningRoom-20718,test
69bdd28e-52a7-4be1-be76-21c660e66a43_MasterBedroom-9914,test
e8924da7-9ca0-4eaa-b936-6636786c97cb_Bedroom-338,test
a5040c13-c69d-4651-9ee6-eeb2afb539af_Bedroom-1181,test
d752939f-39fe-4ce5-a86c-174eb509f137_Bedroom-97983,test
181ecd38-5ccd-45e9-a7ec-2c79f5b58e07_MasterBedroom-14015,test
0d64bb56-2b49-425e-bc83-b90b1dc4a5cd_SecondBedroom-46764,test
a68b6e8f-7afa-454b-9fe0-124396add326_SecondBedroom-15797,test
bcd72137-7c98-48f1-ab1d-8b79e5f59864_SecondBedroom-110921,test
2d38c33c-6311-4497-b68e-018b544912a2_Bedroom-10786,test
bbc93034-4e17-48e2-a52b-c09e966490e5_LivingDiningRoom-3354,test
c3f2cb53-f822-4385-b426-77d016a8e168_DiningRoom-17116,test
b1666056-97cd-41f8-947f-06147f148f10_SecondBedroom-8548,test
01fbfc1f-5b13-4a72-a15e-eae0ff56de69_SecondBedroom-43096,test
7cb03574-4360-478a-9ad8-1e0e20c48bd9_MasterBedroom-11832,test
9b901fc2-2f66-4f0f-86bf-e7571cbb5226_LivingDiningRoom-23833,test
be37ae8e-a3aa-4202-a812-9be187c941b5_MasterBedroom-27086,test
18bc0787-1a02-44a9-921b-f75bbbf65b9a_SecondBedroom-96865,test
927e2bbc-7d06-4c62-b51c-00ee61f1272f_MasterBedroom-33631,test
6d3af868-b36b-4849-b2d8-e267bef0b0e9_MasterBedroom-23240,test
d6359e97-edea-43ac-a05a-22a9fc17f6a0_SecondBedroom-58474,test
d7aff847-7906-4de1-a241-6ee8a22d57c6_LivingDiningRoom-37746,test
0e75222c-2d88-401b-8f36-1510d06f6675_Bedroom-24002,test
eb29ee2c-5f25-4dbe-965a-ec1c07904585_SecondBedroom-534911,test
e6298d68-3c6d-40d9-96cb-0596e02c268a_SecondBedroom-9321,test
291a73b2-97b3-4089-8f0c-6751ac724bb2_MasterBedroom-294,test
120e3c35-05c5-40a7-b92b-1abbd5592026_Bedroom-33921,test
070bb554-f9b7-4b80-a1a2-fc91f1c861fb_LivingDiningRoom-43900,test
44e6ed20-9ddf-4f53-a6c9-5bdbedb31aa3_SecondBedroom-22780,test
edd66ac7-760e-45b2-aeeb-0036f683fef8_DiningRoom-63838,test
c59272a6-c41f-45c3-86c5-c813e8af6492_SecondBedroom-10458,test
ee5aedcc-fd1e-4de2-93f1-dac088683d96_MasterBedroom-34953,test
f53c1c3b-e142-4ae6-ab15-ebe13d2888cf_MasterBedroom-70236,test
c399ce02-05e4-470c-a353-0670dfc45a03_SecondBedroom-14682,test
261105e5-46ab-4e38-8f70-ac07107cdb2c_Bedroom-1720,test
9b098112-9633-4328-b7f8-94054dd2d87e_MasterBedroom-34915,test
b48bc4ca-1bd4-48c3-a4da-8363d8b91a60_Bedroom-1298,test
e5d0d4f7-dff4-48dc-982d-0a4bce850a39_MasterBedroom-17838,test
a4de8a11-8912-481b-af83-427b3ddec110_DiningRoom-11103,test
a931e811-6950-46f6-b733-6c13e079f448_MasterBedroom-72447,test
eed2d8f7-791e-41f8-a367-075ff0434685_SecondBedroom-431,test
807ccf8e-f477-4188-81be-0f0e00266f8c_MasterBedroom-3054,test
d7c6c9c3-8d57-405b-b422-48b89b89d25c_SecondBedroom-8687,test
79c086e6-b5cb-4488-9361-1a70db853c7b_SecondBedroom-40706,test
6019bf5a-b088-45f4-aa3c-f8ccaed77069_MasterBedroom-31015,test
7e14d2ad-fc0e-41e3-b48f-d66972cbe526_MasterBedroom-2311,test
57e1c8e3-02cb-4f09-b5bf-abfd43013610_SecondBedroom-113391,test
453652dc-fd47-48b7-8a51-a762b22b5c2a_SecondBedroom-35011,test
ef482642-65a4-4ef5-b8ae-f32d09c0febe_MasterBedroom-18069,test
0fe63810-f03a-4cd5-a765-311cdf694b09_MasterBedroom-144596,test
3036ad25-dfe4-469b-9ab9-3fec36c348e8_SecondBedroom-10500,test
1e2d5644-9a07-4d9d-b801-e0a57c688856_MasterBedroom-52264,test
04959bdd-7862-44e5-bfce-6dbe906981bb_SecondBedroom-15353,test
b49f4f6e-cd07-43d7-aee0-3ded49597acb_LivingDiningRoom-43067,test
7b48d192-1ac0-406c-af41-800853de2d7f_LivingRoom-41466,test
6c53a2a8-25a8-495b-a2e1-b8133fccaa61_MasterBedroom-9380,test
b9301a72-5a7b-4ab3-bcf4-aa7f67112747_MasterBedroom-10400,test
d5514ff3-afae-4ce4-b98e-5f83bf4172eb_LivingDiningRoom-19612,test
bd9bf8cc-4f6c-4396-832d-b60aa95992e0_SecondBedroom-42337,test
884069da-a0e2-4f44-bb7d-63da58b183fc_MasterBedroom-36867,test
644f3b6e-ad35-4254-92ea-626e3e8a65b1_SecondBedroom-33705,test
2c1a198e-8bc6-490c-ada7-bc66729b7151_Bedroom-125104,test
054528e4-15e4-4b79-b629-bd3d367b21d2_Bedroom-62070,test
ee3d1267-f097-43b5-9a18-2e408f379b3a_Bedroom-7022,test
a99c1e8e-0f26-4c2e-a471-9b9a308aaebc_MasterBedroom-3049,test
78fdbb1d-cf57-4127-bfbe-fd02368353fc_Bedroom-127,test
d50558c4-1ae5-491f-8182-1985dbed7aee_Bedroom-3673,test
f807cca3-8e6b-4f4f-8823-30c5a3247ed1_Bedroom-302,test
dc52d387-0a6b-4ee1-b939-4b4f529665ba_SecondBedroom-17372,test
e52a7124-05ef-446d-b70e-39af1ac7aa5c_DiningRoom-21611,test
07e1fc5d-2c74-4b12-8100-95f55d396e31_Bedroom-17603,test
0bd6628a-d04c-4fd6-9dbb-78d983b590ad_MasterBedroom-5110,test
5bd22e7d-960b-4e14-93bd-f955001f799e_MasterBedroom-4284,test
878a346d-66ea-4807-8ee1-ce1bcc9080fa_MasterBedroom-7033,test
7a1e44d1-5828-441d-b041-238b1f0cb76b_MasterBedroom-42913,test
e329f479-1ec7-4036-92d3-56af79b638a1_MasterBedroom-19852,test
350388e2-7c93-45e9-bcc8-6a0a5165dab0_LivingDiningRoom-34640,test
9231f5c6-02ab-4704-bc98-8c652710e64c_MasterBedroom-7439,test
eb41d9bd-e372-479c-9dc9-ea9f738bf9c4_MasterBedroom-28978,test
8ad05b8a-76f2-42c0-bfc1-4024351e966d_SecondBedroom-13211,test
1084931f-5dd3-4ced-b541-025017fe779f_LivingDiningRoom-11801,test
95ef8c0b-8cdf-4580-a25c-c489de2c079b_Bedroom-260,test
e49a3f2c-c856-468b-a7fb-0584f5aa91e8_LivingDiningRoom-209282,test
8f2a2975-c763-4707-8a4c-efeaf526d3a3_LivingDiningRoom-86,test
f3c74c10-295f-400e-8953-84f44ab3ea0b_SecondBedroom-7774,test
ee165625-1a56-41fa-b145-232f235a4257_MasterBedroom-2433,test
8d24325f-7d48-41eb-a0bd-ed9c3e587bbe_MasterBedroom-11347,test
256d7c62-a550-4dd1-a57b-541a2260bff2_DiningRoom-9824,test
bad53a4f-e11c-4055-b059-9c955d66556f_SecondBedroom-25725,test
013d6a38-6fa2-4e16-9903-53921f86114a_DiningRoom-9584,test
a17427a8-d555-45f8-a71e-e614a7a7d23b_Bedroom-3410,test
071527d1-4cb5-47a9-abd0-b1d83bd3e286_MasterBedroom-4499,test
8ea12414-feaa-426d-9b89-b3379668761b_MasterBedroom-63839,test
03f25b88-2c5f-49fd-82d9-dfe2f14de90b_Bedroom-1403,test
0156308f-fe4e-4916-90c3-9f498c0d9e9c_Bedroom-30358,test
911575f5-aea1-486d-bf41-c7f9b0bbd258_MasterBedroom-36096,test
1b09ec32-2b68-4fae-926f-eabe89582e58_Bedroom-32859,test
85b8bb95-393e-435e-9b4a-a09a46910920_MasterBedroom-137524,test
219a8aab-25f7-4ea0-a9d2-345fd362ad9b_SecondBedroom-3496,test
eadbefb4-5962-4aea-838c-15591fa851c3_SecondBedroom-26399,test
bf0d1803-a01d-4e17-9986-0607fbab1cd0_LivingDiningRoom-10921,test
6995dbb7-6399-4d3e-b8e1-89d5b309c5aa_MasterBedroom-29249,test
a3fd852d-8626-4d0e-91c0-79270e3a99f9_MasterBedroom-17166,test
ada38237-cee3-477f-9bbb-45cb29f29d4c_SecondBedroom-5145,test
