9961bd71-5f50-4c9d-8f4b-8e7db9f93451_MasterBedroom-4683,train
0be0e89a-9965-4f38-8dbb-ea220f2f5fc1_SecondBedroom-12155,train
222602e0-a430-45a8-9b70-928d8bf3ba71_DiningRoom-26294,train
e3386b37-d80e-4431-ad84-df700fd4b2ff_MasterBedroom-45642,train
6d13bd56-8931-486a-8490-61752942a6de_DiningRoom-43067,train
447ddf50-7fdb-43f4-ba37-b6735a1871f1_SecondBedroom-2399,train
b8366424-8564-4127-9238-097bf6200861_MasterBedroom-150024,train
234f5661-8d9e-499b-ae27-ee5dfe702e56_LivingDiningRoom-40062,train
2fee88c4-7d23-4a57-ac24-ad3c1eefb992_LivingDiningRoom-6295,train
aa7fc990-0ab9-4fcb-ab9a-5dc1e29ed3b3_Bedroom-91160,train
23a588bb-3870-405a-a226-293c1c170611_Bedroom-4604,train
4704fc8f-c4e8-4a68-92f6-5abdc54d327d_LivingDiningRoom-22101,train
ba01d127-c603-47bb-ac22-e6546031244c_LivingDiningRoom-35067,train
036bc96c-419d-4a43-812e-1e533d95dfd3_LivingDiningRoom-114074,train
ed28807d-83d3-437e-95bd-cf1392ad21e9_DiningRoom-55572,train
9fdf3141-0670-4eb5-b37e-aed37d45b260_LivingDiningRoom-7298,train
df03a9de-c80f-48da-a8d1-3f8587590891_Bedroom-3755,train
40b522ad-fa7b-44b2-aed5-81f65a369d88_MasterBedroom-28439,train
52b847da-e47c-49b8-aa7a-0b66f16ae1af_SecondBedroom-624,train
17671175-6e0d-4c7e-959b-afa223d8a43f_MasterBedroom-16433,train
31c76e1b-92f5-402a-8685-63a845bc6c6c_SecondBedroom-714,train
1dc74c70-21d3-40c6-8bd4-afb94dab934c_DiningRoom-12526,train
2ed67650-9178-4ba8-b112-94a8893cb278_Bedroom-25908,train
708218c2-ff5f-450f-9a8a-c82e6ad896a9_MasterBedroom-32484,train
5245da59-db94-49fc-99a3-76e3a2efcbff_MasterBedroom-76124,train
0d2ade9f-c238-47b4-8b02-c0f2324e76be_Bedroom-6376,train
de513c79-61f9-4689-b671-fad361e605a3_MasterBedroom-17000,train
1658b9ab-c1db-492f-8094-b12c44939e3d_Bedroom-88317,train
5d09aa48-6249-4c1f-b445-c2d956825c66_MasterBedroom-4842,train
05aa0174-838c-4255-a34d-1b419365f7a7_DiningRoom-8661,train
36c17dc7-820d-47d6-8526-77b8ec0ea7a4_MasterBedroom-1903,train
170b48eb-5746-4cd6-b0da-cd6fb853765f_LivingDiningRoom-1354,train
5e3a66c2-c3dd-42a3-864a-d19fa9b65973_MasterBedroom-2411,train
82d87086-84b8-4741-9ec2-e8f14efb5d7c_Bedroom-9803,train
7f4b525c-6962-4d55-9947-fe8b92f54900_SecondBedroom-2540,train
fcc5e685-aab1-42bd-aaa7-9167d58f63d6_LivingDiningRoom-31520,train
52b488f2-ce9d-4d54-94c8-97c639b347f7_Bedroom-790,train
62ac423c-ae2f-4fc4-be9e-01275e8067ca_Bedroom-79925,train
bf563d05-8920-4b9c-876b-6e8ab72adbe0_Bedroom-29697,train
99f3729a-84c5-49b4-b31d-5e6c248040c1_Bedroom-5546,train
32216876-8786-4e76-a06c-bce05e2192e2_SecondBedroom-1309,train
0d85b6f8-d94d-4a7f-8601-53382c62fc6e_MasterBedroom-13713,train
88de649c-9fea-443a-96bc-57df455997b0_MasterBedroom-9197,train
eca62dc1-f5a9-4b74-a568-420fc7e66d68_LivingDiningRoom-25714,train
39ea30b1-4302-4a07-885b-bd498facd30d_SecondBedroom-14861,train
e517ea91-4a71-4a23-a05b-7d325acd0541_DiningRoom-41611,train
bc2fec07-323e-4ab5-bda7-64febe8f69f8_LivingDiningRoom-4827,train
016e8e9e-143b-4f12-9679-3ca930a1b6d6_LivingDiningRoom-34678,train
01951c96-631e-4880-83ab-1d69835e635c_Bedroom-5998,train
472b168a-54af-48ae-8a25-07f280742ac5_SecondBedroom-750,train
276db613-fc04-47be-b52f-f417d86ec465_MasterBedroom-3943,train
29fa37ed-8b21-43fc-a3bf-c079b1833f6f_LivingDiningRoom-33482,train
d56b4502-5b8c-4eea-814c-c01f0e388894_MasterBedroom-70605,train
39ebc63e-060d-457c-aa76-5293bfb804ac_Bedroom-14550,train
11abab51-40d2-4dc7-a106-e262ee0f792f_SecondBedroom-6182,train
b3d120be-7c88-41b6-bb85-16d61a97e542_MasterBedroom-32121,train
9b65961c-da2e-4758-97a3-21702e5e8931_Bedroom-24525,train
80d80e4a-197a-4bd5-9ed1-81c48786a321_Bedroom-74,train
7d0ab4db-488a-441b-8977-86aafadbbba3_MasterBedroom-14707,train
25eb39fd-8bd2-4fa9-96ea-5f626dbd04a4_MasterBedroom-1683,train
89e19da8-8eb7-448b-aa89-9ce0aa6ac3b1_LivingDiningRoom-1004,train
3d81afec-001f-460c-a85f-54c5fcfec008_SecondBedroom-5959,train
8caa5850-3914-427c-ad99-cbb4b2f517a1_LivingDiningRoom-32255,train
5921e046-ab2d-4451-85bd-6a31b71c2f4e_MasterBedroom-2924,train
decb93da-ff77-49c3-9cad-fbb3596d36e8_MasterBedroom-9370,train
7ec2d100-1e0b-49b0-b703-9d518d412657_SecondBedroom-85409,train
6400fde7-9e67-42dc-9966-670e0a3ade78_SecondBedroom-20673,train
2c324317-0e3e-488a-a456-37fcd2cd90df_LivingRoom-88888,train
1d127f82-0a20-4417-b879-08d73f208a0a_SecondBedroom-26015,train
c84945ea-5844-42e4-9049-3685b127bd22_SecondBedroom-1905,train
58064c7d-8e8b-4149-9b3a-672cf22d4733_DiningRoom-11336,train
47bdd0ae-6956-469e-954b-680655c6252b_LivingDiningRoom-59355,train
aa864471-da98-4da0-b383-461f994d2531_MasterBedroom-8164,train
cf94fa93-585e-4b9c-b07e-ba982d22cc79_Bedroom-14292,train
7c21dd91-e3ba-46d9-b158-27c9a589e1fd_SecondBedroom-32869,train
2f5fc1b6-c9d2-4388-a8ed-b2144f30781f_Bedroom-56759,train
32216876-8786-4e76-a06c-bce05e2192e2_MasterBedroom-1629,train
47ed8915-d698-4d0b-9537-41f6d16e5065_SecondBedroom-28256,train
6e7a0c41-15f3-4909-a20c-dab460b45ada_Bedroom-168,train
04773d20-6f81-4e68-a72c-2e0e0f1d73b9_LivingDiningRoom-44684,train
54b6b469-8aa3-4d5d-a285-977f75fc4212_MasterBedroom-14876,train
1bb912af-497d-4200-831b-be4ac6d86d1f_LivingDiningRoom-37551,train
0f039b8c-53ee-47cb-b4c9-58ba9a0141b9_Bedroom-2175,train
814ba6f7-fdd2-4b5d-9604-9e3b682db37f_MasterBedroom-27443,train
67f1d8aa-6ef0-404a-b540-fdb4f1f3dbb1_MasterBedroom-157649,train
b6a24513-baa6-4f67-8a78-4a19c5536dce_SecondBedroom-1656,train
be1f3c71-ec18-4ebd-be16-1e0c43738d39_SecondBedroom-27301,train
fdc0b569-e71a-4cf9-9a16-a6f60bffc326_SecondBedroom-36167,train
6c2d1fd6-0cb5-4382-9788-c0d95431a6ec_LivingDiningRoom-8714,train
672b75fe-1120-4627-80a9-5616d99c3423_DiningRoom-24272,train
6d2dacee-dbfa-4c95-8465-c0184969823d_MasterBedroom-7665,train
5a2857c7-b831-4e4a-b56c-24bea08a9aaa_MasterBedroom-142,train
29281ba9-137b-491f-a9ea-1b51822c4caf_MasterBedroom-42455,train
206d8aff-ccfc-4120-b5d8-d63c5578796e_SecondBedroom-1279,train
906838fb-55ed-4908-acf3-2ce304e821a3_SecondBedroom-12680,train
9d3329f3-b506-49ce-9edd-ac5155143bf4_DiningRoom-3017,train
324e817c-96c3-43c0-a96d-70b8c8a35f6f_MasterBedroom-91485,train
be762422-6294-499e-96fa-038dced9f5a8_LivingDiningRoom-77047,train
5130545c-cb6d-4547-b120-5815531c8589_SecondBedroom-116485,train
5b90a853-b47f-4e37-9819-102fe25575fe_LivingDiningRoom-74225,train
1fcf1b3d-d29b-478e-b944-9c8d58ca9aa2_Bedroom-17761,train
6a03badb-61ab-4e22-9564-de2fd2ed1938_SecondBedroom-23047,train
0ba3737a-4fa2-4f70-a7e7-e2629a79483b_Bedroom-7773,train
edf9bdcc-bd49-4c27-960f-05511abffcbb_Bedroom-1778,train
dd70b5b5-5e6e-4f5f-bdd3-47f32223ed1d_MasterBedroom-13436,train
c2d57b49-fc5d-4fb0-8024-b7e7302dc3fa_Bedroom-14257,train
1d7907ee-aa5a-4cdf-ab8b-1f4bcfc43901_LivingDiningRoom-3480,train
31669d15-2f3f-4f8e-b155-569ccba2c33b_Bedroom-68021,train
9b893109-d943-428e-8af9-81e9c4e8ec2c_DiningRoom-23097,train
cd44195e-94a0-4e44-80e6-976cad1ddcb4_Bedroom-23003,train
f93473b4-3fa4-401b-924d-ee78112f516b_LivingRoom-67073,train
0fb669df-bc95-4e0e-b48d-cc403690ff53_LivingRoom-48562,train
c05880a2-1426-4f4f-947a-cb0c2b43b913_Bedroom-13487,train
bc3508cf-b422-480f-baa2-80fd11a6a11d_Bedroom-17436,train
802ba6ac-c040-4f27-b843-8c47791d0383_MasterBedroom-19531,train
8ca2d45d-0a06-4a1f-9930-4b30e008ffa6_MasterBedroom-541,train
ef5257c8-753d-43a1-a653-ecd20ef21bfd_SecondBedroom-32163,train
4b5269e4-7e4a-45a3-88fc-3a13f1cae1c5_MasterBedroom-952,train
20c9fb05-a1e3-4e28-b010-7e3dabd76507_MasterBedroom-42928,train
2c213709-c572-4f58-92c8-d2a42199314a_SecondBedroom-2311,train
12af5f26-c8b1-45e7-9ab3-e4d20e7a2c19_LivingRoom-518,train
fd956aea-c66d-4771-9cb3-9247f5da110c_MasterBedroom-71933,train
8a557542-429f-4a17-b22e-059d8bfc3f5a_SecondBedroom-18355,train
1038892d-cbe2-40e6-b2aa-b152f3dd388c_Bedroom-5666,train
df84d678-cec9-4909-b09d-e57fad3b9d01_Bedroom-28089,train
9d145e0d-deb3-4d32-9bb7-78c379b8f210_SecondBedroom-226338,train
d6155bfd-d8e8-423f-aac2-cdced98f7643_MasterBedroom-16029,train
7961640d-b638-40df-badb-59572bcdbacb_LivingRoom-8496,train
089458cc-75b2-45c8-a58d-177cb6aced8c_DiningRoom-27660,train
0fb669df-bc95-4e0e-b48d-cc403690ff53_SecondBedroom-44116,train
1b628313-1254-4608-847f-b68d3d081799_LivingDiningRoom-63837,train
edd66ac7-760e-45b2-aeeb-0036f683fef8_MasterBedroom-59131,train
b4128f2c-0f8a-4654-8acc-05eda8644ce7_SecondBedroom-702,train
bbc028db-4450-4987-954b-5000869fa634_SecondBedroom-1499,train
b59e2e3f-d611-4e62-a72a-b3d7ff4bbd08_Bedroom-15614,train
36e41e39-505b-48f5-ac9c-ae7f3898ef3a_SecondBedroom-16777,train
fe174e21-5e11-4004-8347-f4e5e2e7b30c_LivingDiningRoom-20428,train
c7160900-af33-4167-8b8d-474be9a129e6_MasterBedroom-5874,train
cde4fdcb-4e23-42b7-bce8-af71fb4fef57_MasterBedroom-11980,train
1167a82b-ace6-4cec-a2af-7c6f227a371a_Bedroom-79365,train
67574e8b-f5a4-463f-bc05-f3e8a2cc0cb9_MasterBedroom-2367,train
ac92919a-90ac-4fa7-a972-12c947305f41_LivingDiningRoom-6787,train
b006fb39-3343-4a80-a758-b5e5f681e2a9_Bedroom-16055,train
53dd8916-335c-4370-b51f-dfe318b63aee_MasterBedroom-5467,train
311508e8-72de-4e63-bb1c-439f85f11bbd_MasterBedroom-2605,train
724eb4ee-bd9e-4036-8579-d5379605f941_MasterBedroom-9227,train
53edc8f5-4846-4993-b8fe-5999b6b95d7c_LivingDiningRoom-98328,train
7d8f9ace-5704-4689-b135-4ece5fb32467_SecondBedroom-45070,train
e1b50a25-5422-4307-8b9c-24ad0bb8d8bc_MasterBedroom-24635,train
dee82180-497b-489f-8554-cb27be17300f_DiningRoom-46322,train
848506e2-a801-43e7-b843-122761708d88_MasterBedroom-1282,train
1421cde5-0a9d-48ee-ba2b-3882c877c838_Bedroom-12973,train
e04fb1c1-1b11-4778-85dc-818624587b3e_LivingDiningRoom-45017,train
43907bbc-4b39-4f1a-8747-3287c8bce690_SecondBedroom-47691,train
be5a1752-7745-46b4-bdf8-b57d81fbde9e_MasterBedroom-15235,train
3bc9ad8f-554f-4dec-93ec-53459445e20e_Bedroom-21497,train
8acf1f20-d5c7-4984-b86a-f5947938b634_MasterBedroom-29595,train
9a697b01-5800-40fe-b290-86c2779e2517_Bedroom-10080,train
5681f6fb-9437-4732-86fc-a493a7241035_Bedroom-32464,train
545a2079-3533-45e3-8893-4bd9b90cbf10_MasterBedroom-31680,train
d457c7cc-1cf6-4380-9cbf-ea8d5dad1f0c_MasterBedroom-28921,train
1316cc69-c622-44e9-a683-8aeeae46c2da_LivingRoom-355604,train
a9efa7e9-ca08-4e7b-84cb-a1cbe3a71211_SecondBedroom-43263,train
81461ff0-4f44-44df-9a8e-bb81a1c032ca_MasterBedroom-49492,train
1a82a427-49cb-4394-b9d7-8ff02c42e18f_MasterBedroom-5463,train
6fe3cf2d-8353-4541-8de2-33158182ba33_Bedroom-8139,train
043781c1-1ae7-42c8-8545-83375c2ca911_SecondBedroom-1727,train
967e40cb-ac87-4ff0-90f0-f775d80ca4ae_LivingDiningRoom-1110,train
e5f5c020-50fd-4deb-83ca-ad91542fd9c2_MasterBedroom-11697,train
d71ccf98-e923-4134-8f7f-d831838b614e_MasterBedroom-838,train
7ddfd41d-9e6d-47e0-bd67-eb12580ae322_SecondBedroom-33779,train
789015e3-c63f-4bf9-a557-3a3cd6867a83_DiningRoom-3538,train
7858c38a-cad2-4fa0-afb5-b75866aad698_LivingRoom-4892,train
3302e0fc-33e4-47b4-8303-88616dca641b_Bedroom-5673,train
a30a4186-a7f8-41c8-9aa1-0878820348ac_SecondBedroom-5597,train
ab0e29af-145f-4578-a700-d78f1e043dc5_LivingDiningRoom-7940,train
069e0db3-41be-4747-be25-1a59fe4e0a48_MasterBedroom-16651,train
35f27849-c5f6-4a81-8fa7-d527f9963b96_MasterBedroom-28264,train
054528e4-15e4-4b79-b629-bd3d367b21d2_Bedroom-60102,train
c0ff8f34-a0c3-47b1-92cc-fdccee514833_LivingDiningRoom-128466,train
8d787c07-cc25-4399-afc1-b182662846b8_SecondBedroom-100131,train
40e1119e-c7fa-4319-9887-236dee57ffea_Bedroom-297,train
6a14c9df-bb67-4cc2-a6c5-9e5093024506_LivingDiningRoom-10183,train
64f12868-d3f0-4add-9598-4478c4e7cee0_MasterBedroom-476,train
0220df39-8356-4ba5-8f26-4f385afa2cae_SecondBedroom-37482,train
b1ef2a3d-8d3d-41a3-af7a-af58219fe562_Bedroom-3098,train
57aca5c1-cbe5-4df7-922e-6c6cf9ba2a0e_DiningRoom-22308,train
db542eec-5a55-4f04-98cf-435531932c39_LivingDiningRoom-21391,train
408ac41a-18b0-4c87-82ec-881b39e06b37_MasterBedroom-11336,train
eff4c634-9e2d-45fa-b05f-75a972098be2_MasterBedroom-10048,train
ef5860ab-d989-4605-93b1-5127126696c6_MasterBedroom-71012,train
caaf690b-c16f-45ba-88f1-45cafd0a2a9b_MasterBedroom-223838,train
26cdfa24-043c-4bef-94d1-04d37481505f_MasterBedroom-6737,train
b13a4874-00a4-49a5-aa2d-e22d7d864b56_Bedroom-53437,train
c8bbbdc5-96c2-493a-861c-dd6b38076c7d_MasterBedroom-121478,train
1ee30586-b6e2-4165-a2a3-7fafa7bc3284_MasterBedroom-30468,train
3a0265cf-f63d-4f8d-b167-751cd9bedeb2_LivingDiningRoom-3395,train
737515de-dcae-4400-aa9c-c4bfb0d999fc_MasterBedroom-144074,train
a74cbd87-e6cf-4df8-9007-1134ec1f5459_MasterBedroom-42208,train
dc270b69-a104-4f96-8676-e13d62b66cc0_SecondBedroom-9594,train
14219a8f-9d69-4b1b-b43a-cf4d73fda1c3_MasterBedroom-398,train
28b5e0bd-6017-4298-88da-7af8d5a521a1_Bedroom-32115,train
0693202e-7fe9-47bc-9ceb-bc3cf22f7f74_SecondBedroom-2470,train
6846bd34-bc78-4c4e-bfd5-58b57841b0ae_DiningRoom-3539,train
4df0b21c-821f-4e15-b7d3-226a9d80ade8_MasterBedroom-20614,train
af43eb53-423d-4ef3-8498-d208d22b15de_MasterBedroom-131194,train
40c54a07-55c4-4c83-9624-957261e07ab8_DiningRoom-65753,train
45f0c9b3-a06b-4e38-838f-1829297ee000_MasterBedroom-107799,train
5796d41e-a117-42ac-a92a-331cd02f72c5_SecondBedroom-1652,train
5a6ad201-c801-4ea3-bd67-4d7bdff0b77a_SecondBedroom-65636,train
3dae8246-5f5e-4a15-96fb-c001b3496fc1_Bedroom-373,train
375cd4a6-4b0a-4551-be5a-fd2832a0c457_MasterBedroom-27269,train
05b8982b-6b8c-40e4-880e-07bc7de301b4_SecondBedroom-18829,train
794c22b8-0dca-4ce5-b1aa-f4235950fe43_SecondBedroom-16436,train
19967e98-8617-4944-be87-91eb9adb0a36_MasterBedroom-32234,train
4409ab36-f1e1-442c-8fbc-ff49638af1e8_SecondBedroom-21695,train
75be4842-6167-4b77-a131-859b40255ed9_DiningRoom-6919,train
3b5a9dae-0314-490c-b0ff-5ee9edfa4741_SecondBedroom-31401,train
198eb9ec-9059-4e26-958e-dc8fb8187713_MasterBedroom-15321,train
929a3154-f313-4960-8f49-23b154678d48_MasterBedroom-13597,train
3dc195aa-0a30-440e-bf84-5f1995ec1c3f_LivingDiningRoom-1419,train
7d9e6e3d-5dcb-4fb6-8af0-eed60ccd1dc9_SecondBedroom-6400,train
12f93edf-43d1-4009-9639-92b3b604b352_SecondBedroom-1145,train
08a52364-b500-4fa7-a4bc-d0500965c6b4_Bedroom-855,train
e4874b32-dbf7-48ae-84e1-bbcf47a528e7_Bedroom-6887,train
e60d4680-8a03-4f74-be43-99483b9ad9d3_MasterBedroom-9093,train
a327b51f-5b13-410f-8acb-b2b564612600_LivingDiningRoom-77579,train
69db2776-b0aa-47c1-8877-9ca6e04f6f6b_SecondBedroom-15362,train
66abf732-abfb-4aec-b06d-841e713017c8_Bedroom-1611,train
600c25d7-b174-41df-9dd0-29a3998db028_SecondBedroom-7221,train
5d8f96db-9043-4356-93c8-4f3198ceba34_DiningRoom-41675,train
26018cad-b5fe-42cb-9032-9e5a14b45c55_Bedroom-24236,train
6c600c25-ede9-4ae7-8e1e-46bf11d80227_SecondBedroom-7635,train
13626eb3-bcc1-455a-a889-78b6c92dfbb6_SecondBedroom-2787,train
98728333-ee1a-4459-b54a-4879611098da_MasterBedroom-14570,train
88de649c-9fea-443a-96bc-57df455997b0_LivingDiningRoom-9159,train
46d93d61-5f50-4431-b92e-9f9bd4da5b7c_LivingDiningRoom-48528,train
36c2c33b-73f2-47d5-881e-2fa359198b9a_SecondBedroom-35477,train
e8472697-64b0-4c0c-9980-4d8ae0a48c99_MasterBedroom-10650,train
0bae68bc-b465-4f11-9d52-ebf5b44b0100_MasterBedroom-17957,train
dadf76b4-87ba-4988-919a-cccf6d9fcf30_MasterBedroom-70714,train
7d35e4ba-137f-4f29-a62c-7b80ea8f4a14_LivingRoom-61247,train
57cb9c1c-82b6-4708-9514-472c1a05b919_LivingRoom-36683,train
4f2012c0-ec3b-4fff-9cd4-68c37fe42ea1_MasterBedroom-52705,train
a9f9debb-f5bd-46ce-9364-bf33a3659b3c_MasterBedroom-4340,train
22957273-2fd9-4ef8-a4bc-6146cf737218_Bedroom-27284,train
d8147603-926a-4bb8-8a5c-8f4887ac10ac_MasterBedroom-38086,train
7130f8fa-ec52-455e-88a6-fb2a4e440087_LivingRoom-59825,train
6417999f-abfd-4c11-8ca1-0100d8738214_Bedroom-10573,train
7e223a35-096e-44ea-b06f-1a34778ddead_SecondBedroom-27455,train
5b991136-5594-403a-8c89-af34b8e21cb0_Bedroom-241,train
f6a13d34-e838-40c9-967c-282083e1c603_SecondBedroom-898,train
ed9eb96f-9366-485c-aa68-2512ab380096_Bedroom-6019,train
c20ab624-9677-40e6-a832-ed2c906e408f_SecondBedroom-46591,train
44903efe-45ea-42a0-954e-bacb917bd7dc_LivingDiningRoom-648,train
3f399a35-6dec-4245-8356-dd37726f2d5a_LivingRoom-4260,train
6de860f5-8cca-498d-830c-7e9b301a43bd_MasterBedroom-27045,train
131fb697-ef09-458a-b28d-df6f10798fb2_LivingDiningRoom-27416,train
c685d996-7959-44bf-85d2-ffca8fbd6841_MasterBedroom-45712,train
1c2e47d2-2ddb-4d62-bcc7-93a438f22b18_MasterBedroom-2061,train
65653285-2397-4f86-8012-17ab10f7b67a_SecondBedroom-34345,train
715cd0a2-3c66-4f33-b9e9-e8c13aea5eba_SecondBedroom-71986,train
184bdd8c-cbe7-4f95-a444-65dc56d389e1_SecondBedroom-19291,train
8e4c11a9-3c52-4708-a6ff-8172905b21f2_SecondBedroom-51399,train
eea7b665-1c20-40db-89b9-7b87a3c9baa7_LivingDiningRoom-16369,train
0d4d89c6-007c-42c6-8b69-23ec5502d56d_MasterBedroom-31896,train
8b708387-4b58-4cfc-8e23-2339ad15d34a_SecondBedroom-17752,train
4b3afc35-94ce-4154-ba53-dc10e83bde73_Bedroom-8024,train
797dd495-26a0-4bf6-b0c8-c71690e1addf_MasterBedroom-11301,train
cb9dc855-72d5-43f0-957e-627bbbe902b9_Bedroom-15584,train
706922ae-ac4e-4495-af82-91ffa695bff2_MasterBedroom-8601,train
cb9dc855-72d5-43f0-957e-627bbbe902b9_Bedroom-10024,train
a2acfbc4-7112-42de-b249-027deac584d5_SecondBedroom-16156,train
02f7ad87-8aaf-49a0-bd98-c010e7b84c33_SecondBedroom-17020,train
7d47a9ea-c7be-4ca0-8282-0cd176391b3f_SecondBedroom-15676,train
787727b2-f70e-4881-933a-327fb86f6f8d_Bedroom-51343,train
73d7d368-1b45-47cf-bc56-a786c7bb0b40_LivingDiningRoom-11797,train
531c8742-d3b6-43eb-a56a-39b620e70500_SecondBedroom-4296,train
b3a7d1dd-a679-44ad-a9f7-971d09c2447f_LivingRoom-1676,train
7b0f919e-5ad6-4b4b-bbca-eeae4b365ccc_LivingRoom-30722,train
6d89d79f-b69d-4435-b0a0-dd77507c8c1b_MasterBedroom-17237,train
15bed03e-d66d-4da2-8b8f-7dacde3d3d8b_DiningRoom-35065,train
88cfc038-7420-4e41-ad79-b940d31d51bb_MasterBedroom-26625,train
44b61eec-c68a-4691-aa5d-2557b46a3f79_MasterBedroom-1672,train
041d34b7-1b22-4164-b84e-c1fe93f5c880_SecondBedroom-88841,train
0a77986b-5c04-41b9-8ee8-1ea301ccda3e_Bedroom-90564,train
641eaf99-ec77-40a6-bef8-2ff72ef2b1d1_MasterBedroom-9445,train
2c987637-94e6-47e2-829b-4816f919a3dc_MasterBedroom-9477,train
86b14d42-1ea7-4570-8cf3-81c4f7b6a840_MasterBedroom-34842,train
36c2c33b-73f2-47d5-881e-2fa359198b9a_MasterBedroom-35458,train
cb7cd2ca-fa11-42bb-91fb-20cab0089000_MasterBedroom-63855,train
d099aa82-c37c-4c77-aa35-26f02862f55b_Bedroom-837,train
cd02c5d6-e2cd-4af5-aecb-7cbfef80fa18_SecondBedroom-46806,train
f16b8374-c879-4338-932c-1784f1737a41_LivingDiningRoom-10397,train
ae3855cc-a0de-4e86-8148-d65b94f07f3f_SecondBedroom-30549,train
fefb59b1-a1ed-42d8-ab19-95808008e573_MasterBedroom-10659,train
dc3a82da-ec0d-476d-a581-5c25c6952eb5_LivingDiningRoom-8302,train
5f6f938a-e502-404f-9cbb-a9dc265deec3_LivingRoom-1353,train
8879fdaf-a95e-4a05-b1ae-e1bede3cb592_Bedroom-21273,train
dd4b29cc-4003-4881-99b4-0c762de73d5f_SecondBedroom-5052,train
c07f558e-acf1-4bc1-9ad8-2cf78ca8295e_LivingDiningRoom-2872,train
14d51b10-6120-4370-acdb-fe94baaed5a2_Bedroom-11504,train
f5ba38ae-7330-4132-b051-cf0bae2b8b44_Bedroom-28476,train
fab5214f-622a-42bf-8556-92fba66a7c13_Bedroom-8031,train
b2312fb9-ca25-4e89-ab5a-0bc96888cebf_DiningRoom-23035,train
afaffb7a-d00b-4d21-8d9a-ed6df3023d70_LivingDiningRoom-1123,train
37f27a08-ff20-42f3-baf2-9ff1f155eaeb_MasterBedroom-4716,train
d69d3466-c783-46f4-afc4-9d9bafd1f56e_MasterBedroom-76653,train
d758c7ad-e322-42d2-a230-330f9859e7d3_MasterBedroom-412,train
ba174a36-20d1-4d22-9b25-470480e409de_SecondBedroom-55519,train
a3df624b-0917-46e9-ac15-fab766276c72_Bedroom-25795,train
88cb9d3f-0703-455c-a951-8d04b2bb66a2_MasterBedroom-2737,train
1bd03f57-711f-4152-82e4-a5968033fcac_Bedroom-29500,train
b3a256df-54e0-40c1-b04e-5ace4cccaddb_MasterBedroom-283,train
21220c2d-5f56-4abe-bc4c-e938ac42f75b_SecondBedroom-36248,train
234f5661-8d9e-499b-ae27-ee5dfe702e56_SecondBedroom-40147,train
c9b9c9fe-5175-4ee6-863b-31beb0cb9a13_Bedroom-34903,train
79432d9c-5809-49d5-80c4-a20eac526210_MasterBedroom-1803,train
5a6e5b9c-9962-4637-839b-8084eca3dba3_SecondBedroom-12952,train
f419f189-23f4-42f6-89c1-838f09191f87_MasterBedroom-26413,train
78264f14-353d-4b41-a364-6fda4f2fc8cf_DiningRoom-11789,train
9ddbde94-1d82-4d74-b262-a19cf0f9c5fd_MasterBedroom-15595,train
4704fc8f-c4e8-4a68-92f6-5abdc54d327d_MasterBedroom-22674,train
04f0aee8-b117-434b-bcd2-a78766f49106_LivingDiningRoom-14873,train
04dcc229-3353-4d90-a058-080acbcc4d59_MasterBedroom-1166,train
df0e6d6c-5251-43ab-8334-e67e11ffc697_MasterBedroom-156311,train
e49a3f2c-c856-468b-a7fb-0584f5aa91e8_Bedroom-210267,train
22c65012-8fca-41cd-a317-051b9658a950_SecondBedroom-1143,train
1d89a45b-bb91-40af-9182-6dbb87517097_SecondBedroom-2259,train
8acf1f20-d5c7-4984-b86a-f5947938b634_SecondBedroom-29711,train
838bdb43-9217-4b8b-a6ea-340a256cca0e_LivingDiningRoom-71691,train
124f6e30-6e91-44e4-bcaa-5583b78767d0_MasterBedroom-74290,train
52b6a7c2-509f-4253-a562-27347f318b05_Bedroom-233,train
f7168796-b600-4453-9d54-41314f27bed3_DiningRoom-50445,train
9a1745e1-f537-4faa-a403-15b1f06e8178_LivingDiningRoom-277579,train
930621ed-def9-4e62-998a-5c121b87055f_SecondBedroom-41119,train
c54ea712-9d13-40c5-8c18-da66837c4780_DiningRoom-16137,train
9b3608bf-9705-482d-9c23-2d03aebd61ad_SecondBedroom-17415,train
19b584e7-b54c-4d1b-a6d1-c6a674519311_Bedroom-25069,train
49e7d085-8a30-4a62-b6ec-2a52ae5153b4_LivingDiningRoom-2476,train
c789545c-e098-4f51-a366-5e52f0f39234_MasterBedroom-2647,train
82d40986-a40f-4638-918b-fc023ce6f380_MasterBedroom-59476,train
c0ff8f34-a0c3-47b1-92cc-fdccee514833_MasterBedroom-128453,train
aad5db70-686c-4a63-9d2e-302f27ba459a_MasterBedroom-20828,train
0b4abd30-b157-4ecf-a077-989285598cf2_MasterBedroom-9688,train
57638f14-c201-43bd-86f8-56fffa63e917_SecondBedroom-28138,train
a7e3448a-11fa-470d-a59c-3e50bb8bc36d_SecondBedroom-19612,train
21a2b6a2-7126-4727-bf72-68e5f6b57c6b_MasterBedroom-871,train
b1ed9921-425e-4c61-b4a3-4d3c8c20d788_DiningRoom-3185,train
da79a86b-abc6-4ce8-a5ed-7a94a7387cc8_SecondBedroom-20347,train
3e9f2a5c-2530-42c4-981e-c134bd7b8591_Bedroom-14560,train
a1541190-2d13-475f-8c00-06652f7d5f46_MasterBedroom-2153,train
7d243467-0d66-45e4-8e6b-a2eb011cf366_SecondBedroom-9667,train
dee82180-497b-489f-8554-cb27be17300f_Bedroom-46392,train
4b54eac7-33c2-4f5a-9fa4-44bda75d881e_LivingDiningRoom-19270,train
a14845b0-e64c-49fe-8de7-e10df6fcab69_LivingDiningRoom-45836,train
1f397944-0127-417c-aebc-397096d2614d_SecondBedroom-5581,train
91e19c05-929c-416c-99c9-9d5ed3b6393c_SecondBedroom-25354,train
d7ac1af8-ec79-41f5-985e-c89109b03fb7_Bedroom-5263,train
6359883f-326f-4c7f-99f0-30626f427d5f_MasterBedroom-28235,train
8d89aa3a-27c4-45d5-b902-203088bfa427_SecondBedroom-25694,train
809652f3-1c3d-4962-90d3-737fadb964ec_DiningRoom-16187,train
39b05074-7903-4cac-acda-ca1f62e8dfa6_Bedroom-1433,train
5de48c8f-3e53-43fa-b174-d59e597201e5_SecondBedroom-4698,train
b4128f2c-0f8a-4654-8acc-05eda8644ce7_MasterBedroom-1859,train
0cbce4a0-0f3d-4444-830d-002a546bbf82_SecondBedroom-34440,train
d9f72fce-30b2-42ab-83a9-8bbab2087230_LivingDiningRoom-3127,train
1c79cb23-f69d-4766-b829-2747eb6152c5_LivingRoom-5401,train
f25272c2-6718-4baa-8458-e5ee500eefff_MasterBedroom-36996,train
9629ce14-0f3f-4610-913b-d815eed1b7eb_LivingDiningRoom-26811,train
334e4726-e94f-4689-8a73-85e93072f13a_Bedroom-53458,train
356e8e40-f891-48e8-a393-aee1a9412275_SecondBedroom-6070,train
d4d0237f-a66b-40cf-bf85-56e11cb20602_Bedroom-62330,train
0533b7c9-8660-444d-833c-14f81eea2628_SecondBedroom-18201,train
e4874b32-dbf7-48ae-84e1-bbcf47a528e7_Bedroom-7051,train
1d7a01b8-4621-4ac0-8d81-b1c8f0cedc98_MasterBedroom-20476,train
ff507d6c-aab0-476e-9f58-1f765cb8956e_Bedroom-13858,train
eb0ff29a-8033-47b1-85cf-969415958f2e_MasterBedroom-101816,train
e6c6bd9a-9db2-43cd-aef8-486948914a90_MasterBedroom-40514,train
4b2324a4-5910-4719-b6dd-b47d20b6b06d_Bedroom-161064,train
d81e0b1f-c11e-4a88-974f-4c570fb22a20_Bedroom-24179,train
8115c36a-f798-4ed7-82c0-7f67a7888fbf_MasterBedroom-1303,train
bb50ccab-396b-4264-92e6-33c790542e6a_LivingRoom-25131,train
4279081f-e8fe-49a3-9060-5f098e3b17e8_MasterBedroom-3786,train
83ecfed1-fa86-410e-bba8-37fe041bce65_MasterBedroom-125741,train
68bb331a-32f5-463d-932e-e8360fad1908_LivingDiningRoom-83039,train
61a0705d-2f6b-4086-a80d-4b06a42fc876_MasterBedroom-9222,train
8f886527-2338-4148-9027-122a1d48476e_LivingRoom-178433,train
f3fb6d7a-9e84-4954-a6be-b0c3bd6a3ca9_SecondBedroom-10109,train
8895975f-06f6-436c-a43f-de3a0d46f053_MasterBedroom-6430,train
5e2a38d6-75b9-4f91-a688-a2f3141230bd_Bedroom-7489,train
f52dc2c0-935d-4e0d-b99d-bd634498ef8f_Bedroom-119686,train
8c069e29-9332-4e92-b13d-a6f190df120f_Bedroom-5352,train
4e2798bd-14ff-43f4-9521-a9928cb981dc_MasterBedroom-44897,train
66f67e6f-2c22-473c-9997-0690a62661ec_Bedroom-7423,train
97bdbfe9-052e-4864-b98d-9080b266cc5e_Bedroom-5426,train
0b9766ba-35c9-4af7-8040-0fad2386a9b8_MasterBedroom-394,train
bc51f3c3-2ed0-45da-9b28-18b6f6dfe677_LivingDiningRoom-2508,train
c06f62d4-778a-4303-a2c8-301181ecc9ee_MasterBedroom-35376,train
f9f68e7b-7679-43df-87b9-8677dedb2845_Bedroom-20650,train
c073aa26-2ba1-4e60-baf3-85325cb4819a_Bedroom-2210,train
a59c6716-3e62-4141-827b-993734038990_Bedroom-62184,train
2d734555-b563-4d64-8d48-a5bf8cef7d75_SecondBedroom-30670,train
d4237a89-ec0b-42da-b170-231cfa26f8a8_DiningRoom-19885,train
0ddd9ee0-6ba9-4038-beaf-62a12a12a1a1_MasterBedroom-27414,train
6e356720-39a8-4843-874d-a71efc4fb1ff_MasterBedroom-121454,train
587c2748-01e8-4586-9428-ca9ce053d413_LivingDiningRoom-451,train
594abe36-d4a7-4cfc-a3cb-5de355ca999d_Bedroom-23540,train
a591afd1-fc8b-4224-a2bf-b36ecb44aa18_SecondBedroom-32567,train
0405ce07-e6d8-480e-8e3e-a699b9474b15_MasterBedroom-56783,train
9629ce14-0f3f-4610-913b-d815eed1b7eb_MasterBedroom-25843,train
46bc8223-0661-44c7-8f95-29beadbe62d2_SecondBedroom-28725,train
d7ce6c7f-3e4b-44d6-ae3f-7b3e27d6a493_MasterBedroom-81749,train
103b8933-85cf-4b6f-bfd1-6a779076bc6a_SecondBedroom-12980,train
35c841f6-d045-4b15-8309-bf183790880e_Bedroom-279,train
d97f0b0f-a15c-4385-95f3-1fb5f053f78a_MasterBedroom-17413,train
81dc4064-023a-41b3-adda-8a5ac462dc13_MasterBedroom-52848,train
05e407ce-9c38-4b23-ae7d-b9036fdb9d67_MasterBedroom-6424,train
6781a219-c0f0-42b0-8c40-4ef700a5dacb_Bedroom-3107,train
53d89581-b092-4bee-a49f-8aa637b2b586_Bedroom-22896,train
12af5f26-c8b1-45e7-9ab3-e4d20e7a2c19_DiningRoom-4027,train
17b0d207-79c5-448b-b649-5c9c708abc7f_MasterBedroom-3903,train
2ccbadbd-5c68-4b09-90fb-0c79585cef29_SecondBedroom-16072,train
d6cfb01e-6757-48ab-9112-66c3c4454a9d_MasterBedroom-10912,train
f0bf6457-59d0-4a44-88f6-152ead9dd17d_LivingDiningRoom-26288,train
906838fb-55ed-4908-acf3-2ce304e821a3_Bedroom-12734,train
1c924224-5cfa-4933-901f-596707001a91_SecondBedroom-116295,train
15239adb-29d9-4e61-a6ea-8ff199b8d4aa_SecondBedroom-49949,train
ec766bba-cbde-473f-9983-c5bb1f3e932d_SecondBedroom-1052,train
f89c8def-be8d-4a45-948e-714938ca5550_LivingDiningRoom-16828,train
60e4b558-623a-4459-860e-5954f41d4b22_LivingRoom-1772,train
5e1cf772-2618-4b24-bf20-8670d2fea4e9_LivingRoom-23405,train
041d34b7-1b22-4164-b84e-c1fe93f5c880_MasterBedroom-89243,train
6359883f-326f-4c7f-99f0-30626f427d5f_SecondBedroom-23255,train
5113fd61-0a51-4309-9ca3-9461623f92d1_SecondBedroom-185607,train
7fe08405-d4de-48f9-9435-ba3c18de84b6_LivingRoom-8766,train
806855a9-aa7b-4ea5-8e5f-efc2b0260489_SecondBedroom-7076,train
83ec537a-528d-4a4d-9bc2-6d6e7b805945_MasterBedroom-47626,train
1ee30586-b6e2-4165-a2a3-7fafa7bc3284_SecondBedroom-30547,train
d6b75909-5d63-46a8-9f60-43a28992e4ba_SecondBedroom-1756,train
19cccb78-90a9-4bcb-8fe0-76e92a94a35b_MasterBedroom-29148,train
1dc74c70-21d3-40c6-8bd4-afb94dab934c_SecondBedroom-16593,train
f5e20ff1-7ed8-4103-886f-1309e7dcd456_MasterBedroom-15607,train
e1c89bbb-0337-46b7-ac45-21e17ae29d91_MasterBedroom-33650,train
57184c2b-7ec2-44ac-b842-e3320ea99486_LivingDiningRoom-3715,train
a2f77d1e-d982-4fd4-9216-38f97718082a_LivingDiningRoom-23314,train
80362a97-c88e-46b6-a6b6-b8322b826d59_Bedroom-2878,train
d97f0b0f-a15c-4385-95f3-1fb5f053f78a_SecondBedroom-6993,train
0b508d29-c18c-471b-8711-3f114819ea74_MasterBedroom-12595,train
fd987ee8-eeac-4d95-a947-306db2feada5_LivingDiningRoom-18871,train
b7c96fc7-b8f8-45c0-83c6-539da3c005a5_SecondBedroom-10643,train
e525ddc0-e901-48c7-9c82-4c266ef1d2c5_MasterBedroom-2632,train
e1ce0785-e1e1-4f8f-9428-514459737af0_SecondBedroom-74670,train
16190659-dff5-4ef7-a96f-eb2b71f88a2a_MasterBedroom-4864,train
73c6b742-1dbf-406a-bda5-e7880efead98_MasterBedroom-20856,train
41c4da34-e8fa-4082-ac62-199a94f0aad5_MasterBedroom-245977,train
15a5a4ec-651e-4367-9f9e-c2732e5890a8_LivingRoom-214380,train
1b21fb55-10f7-47ac-bf69-4ea9b62b417f_Bedroom-43407,train
78b48ded-6abb-476c-825a-19751792fab1_MasterBedroom-468,train
008f0372-b7d0-485f-8d3e-f686dcb68d4f_LivingDiningRoom-1531,train
070e6150-3592-41ca-910d-b2d07ec2feff_MasterBedroom-159368,train
397425d0-cb5b-4d48-87eb-4b0929c3e3b6_MasterBedroom-62315,train
7896e9be-3ed9-4736-89c3-5eec7820e5b7_Bedroom-18928,train
db16a13e-2960-4bd3-a8ba-167a00e3ac8f_Bedroom-8607,train
bd786a9b-f4dc-4b95-8ec1-14f100ea8fa9_LivingDiningRoom-24540,train
8b8e91b1-3337-4ba6-ae2a-45390121ddbd_Bedroom-25720,train
d6784049-e7e4-4a1e-818f-955c1c5bd871_MasterBedroom-98806,train
0ec7ce97-e93d-4842-9c89-b947136bb393_DiningRoom-29864,train
66504491-bdc0-445e-a727-9fbb68e749ce_SecondBedroom-25652,train
177baa22-21a7-4d8b-91df-a6934117160c_DiningRoom-18481,train
b35d10f4-0f24-4b75-b370-4db788e41222_SecondBedroom-2833,train
06b029bb-7b93-45d0-8667-13411d1e59f2_MasterBedroom-29010,train
154620a2-e63e-474b-b950-b7cc287b0e43_DiningRoom-150053,train
326567e9-39d0-4dd4-ad64-acd6e6b1d97d_SecondBedroom-17713,train
01861393-3d82-4926-af4c-e2d29c6d0c0b_DiningRoom-32107,train
2e6f78b9-74f5-4273-adfe-6d07f1cf115c_DiningRoom-19847,train
88e59754-af7c-44d0-bd64-0a958a919cc5_SecondBedroom-417,train
0432b048-ede1-4049-982d-8bccfacfb541_MasterBedroom-8393,train
fc9c89c7-c736-42ca-bda0-21c253e76b3a_Bedroom-48979,train
d6eca762-0ddd-40e3-a250-ee5928eeafa3_Bedroom-719,train
8442cc57-83b6-4c2a-b7f3-ed7cc2780098_MasterBedroom-14747,train
99d95fd4-d3ee-4a45-b84e-7df7c69b7687_LivingDiningRoom-66502,train
c1c65ebb-faa1-4a74-abd5-05959bc4e8d5_Bedroom-11172,train
26978a48-eab2-444c-9a0b-2fbfb1ace40c_SecondBedroom-2176,train
a1efe26e-57c1-4624-ba4e-27c75f2b684d_DiningRoom-22307,train
df95b56a-7256-4db7-a07a-fcd45f7c7129_SecondBedroom-9241,train
231936d0-34da-479b-a958-cad27e9db00f_LivingDiningRoom-3047,train
1cc0fd55-1c5a-4885-a2de-f30c6d387353_SecondBedroom-33218,train
a90f38f6-c1ad-4d64-9fcc-0f3d982912c4_DiningRoom-45358,train
a25838be-d066-4334-8a9d-bb090ba166df_LivingDiningRoom-3025,train
50359138-c356-4b6a-89ab-b69f1ceb8167_MasterBedroom-1640,train
c776fe0c-3c75-4f96-be4e-49c2ade7b30e_LivingDiningRoom-30074,train
75234ddd-4285-463f-8455-0cf1f3efa174_MasterBedroom-7208,train
c05880a2-1426-4f4f-947a-cb0c2b43b913_LivingDiningRoom-14432,train
45d900c6-5d73-47b9-a119-4b219110ebba_SecondBedroom-19046,train
35602a52-6ddc-4137-ab5e-45296190513c_LivingDiningRoom-9921,train
ddb1220c-cd70-4c09-8dfc-758f19807b7d_MasterBedroom-12270,train
0b16abb1-4a59-4ce3-85b5-8ec10440d9dd_Bedroom-36373,train
4d8b6b63-f624-42c9-8442-4e7bfeb7e2f9_LivingDiningRoom-20298,train
e876d240-71f0-4ac0-abcc-6205a5247c38_SecondBedroom-28761,train
bf0c006b-a15a-4357-ac71-9d0249d85d72_MasterBedroom-5128,train
22d37dff-09dc-491d-bcc0-f0283e81f04b_MasterBedroom-3732,train
44d15f42-a914-4d48-8add-393c57addfb4_MasterBedroom-16160,train
aa7599ea-5d9c-44bd-a3e5-1e4216dcbf34_DiningRoom-11642,train
8207dd97-de33-4456-91c8-b085fb42b6a5_MasterBedroom-14249,train
8d28fda2-d498-440a-b9e1-44caa95eb3e1_MasterBedroom-11400,train
e44ef7e0-ff39-4430-9f37-15cec7c72ea1_SecondBedroom-1020,train
1d43e076-fc80-4d55-a07d-1b7a8c6dc6e7_SecondBedroom-3382,train
0967e330-aa37-41d5-af14-04c9e8ea820c_MasterBedroom-99,train
908633f6-545c-4016-a2e7-f334120ac392_LivingDiningRoom-9101,train
ef2e95fa-9458-47f8-9779-c3a3c644d670_MasterBedroom-2751,train
80308db6-8d2d-441c-ad4d-980255eacb6f_Bedroom-8481,train
9e50138a-d669-41f1-9dcf-3c77fdb17397_LivingDiningRoom-1048,train
c5820082-3988-41b4-a216-77e3ee05b0db_Bedroom-357,train
89da35d7-a1dd-4a7d-98ac-4e6a5da27a64_Bedroom-63726,train
fd956aea-c66d-4771-9cb3-9247f5da110c_SecondBedroom-71861,train
c28a2210-cc62-4ab7-8e2c-ddee21852317_Bedroom-75355,train
bb5491f0-2af5-4bf5-b7fd-562d24539f96_MasterBedroom-5934,train
b1b34315-3981-48b3-bfc0-e82878ea6e34_MasterBedroom-49467,train
45bea9b9-7cc5-400f-a5f8-57eb3779ee15_MasterBedroom-364,train
22843330-f141-4cb6-8ce6-8b32b56388ba_SecondBedroom-9822,train
d63a99e5-6b3d-4a99-8408-437794a5ea31_MasterBedroom-152647,train
2f47a9b4-2f26-4c54-9e85-fb78df28c1b1_SecondBedroom-17691,train
fa56e1b0-7c26-4a09-a8f4-6e3f226fc131_SecondBedroom-41616,train
e8093c84-2ce4-4be4-ab4a-e37269d14c47_SecondBedroom-14540,train
fadb1a04-d125-46fa-9711-d59110217622_LivingDiningRoom-514,train
c83c564f-ceb1-4cd0-b171-7eb26a283b24_SecondBedroom-6879,train
e4c63506-0538-4f51-8fcd-e191efee273b_LivingRoom-13248,train
e892807a-549e-4a8f-855b-075fa1b70c9f_Bedroom-19731,train
d4016070-45f4-45f1-800c-b6147def05b4_LivingDiningRoom-3483,train
0a77986b-5c04-41b9-8ee8-1ea301ccda3e_LivingDiningRoom-126918,train
486ba848-916f-48ae-8f44-858c2fb95c85_SecondBedroom-10210,train
a5254d6c-a8f6-4eb6-90dc-3e0e378de293_Bedroom-10537,train
8e6f8c6f-a9ac-43a2-946f-18bdc645432c_Bedroom-14389,train
5385105a-4574-4afe-a14c-4f520b27494c_LivingDiningRoom-60607,train
14a8aabb-7f3f-4dfd-ae11-72bbfeaa296c_MasterBedroom-28078,train
e9ebe917-5812-429a-9154-913dcacb49ff_MasterBedroom-33111,train
67574e8b-f5a4-463f-bc05-f3e8a2cc0cb9_SecondBedroom-8823,train
46a7ff72-6a76-43a0-b7b6-8499d6878532_Bedroom-42930,train
53db8493-091d-439b-b73c-18156bafe3bd_Bedroom-20037,train
dd22d718-475a-4a17-ad13-9c0089edf15f_MasterBedroom-14554,train
bf13d794-3b0d-45a6-a699-fe0af6304ff3_DiningRoom-13915,train
081b8907-7e4d-4764-b931-7709386de7da_MasterBedroom-21200,train
bfc9a79e-7433-45f9-8daa-77f41504f917_Bedroom-379,train
1fb8e3cb-c6be-4933-bcae-8e24c6c5fb61_MasterBedroom-10340,train
7cda1ed0-e923-4ace-bbfa-b9b5238d190e_SecondBedroom-14328,train
206826dc-c962-4044-aa42-4709a4e1455c_MasterBedroom-20171,train
92ae01f5-6f87-4e2b-85a4-f2890b62b3c4_Bedroom-4631,train
6a8ad1d5-8c81-49bf-a752-fbe9448ff3b1_MasterBedroom-36389,train
11eb078d-7eee-4c82-a748-34a7e2c6c7f4_MasterBedroom-12579,train
92b94d94-a523-4ae6-bbde-55f5e01590da_SecondBedroom-93457,train
0eb7a684-6a4e-4e9f-807c-c0e0384deb3d_LivingDiningRoom-48663,train
fad912df-d3ad-4525-86d7-edbfa2bf20cd_MasterBedroom-1186,train
8d29c73c-1246-4852-b7e1-d076ca22d7cc_MasterBedroom-85660,train
99a9a277-df69-43f1-a934-3548f4438510_SecondBedroom-92664,train
a5a45951-673d-40c0-a092-e75bcb5d7d36_LivingRoom-19334,train
f2e9f7ec-737a-472e-9e4a-9895805dea77_LivingRoom-46675,train
41352a15-a73f-46ae-b996-5abd61ed9871_Bedroom-47196,train
22957273-2fd9-4ef8-a4bc-6146cf737218_Bedroom-28183,train
3bc5a441-247a-42fb-8da0-dcfbfe89a631_SecondBedroom-16823,train
3da510a3-8db8-425e-bd0c-99e5a12af2ca_MasterBedroom-45724,train
e68032b2-11be-476a-b4b3-cf9a601db316_MasterBedroom-117275,train
96bc1382-7f9a-42ff-8937-f0175468d63f_SecondBedroom-34863,train
dd7856a2-52c4-4b27-bd7c-7ba5df36d181_Bedroom-1898,train
2aabe005-d9d1-4b73-80a2-21fa2fad8c6f_SecondBedroom-84778,train
dc53f093-fca0-495b-a659-fd77cd6292a5_MasterBedroom-36749,train
994206c4-c697-480a-9825-85141dd8a205_Bedroom-68754,train
13e786b0-fa44-4b6c-92bd-6ef20d20b2a2_MasterBedroom-736,train
52898c59-72fd-413a-b6e9-d388cb9624ba_MasterBedroom-76318,train
917830d3-78a6-4f70-b029-ba6da27a2692_Bedroom-3619,train
94c64091-a056-49b0-9c6d-a928ab68992b_Bedroom-12490,train
36a9e2d2-2165-4ea7-ba91-f20ec6f76553_Bedroom-35975,train
8bc14971-a14f-42c9-83b1-6b74010c6c98_LivingDiningRoom-10610,train
8879fdaf-a95e-4a05-b1ae-e1bede3cb592_LivingDiningRoom-20720,train
f999ea63-2aca-4e3a-a646-dd75bc53fc8c_SecondBedroom-5887,train
c2e171f2-69b9-4e7b-8cdb-e8d7c533d990_MasterBedroom-33899,train
c685d996-7959-44bf-85d2-ffca8fbd6841_SecondBedroom-42885,train
1fcf1995-3b40-4681-bffd-cdef049612a0_DiningRoom-6579,train
5820a6a9-14a6-4066-b431-14a8da7ef88b_SecondBedroom-34587,train
40ae8003-7d89-4e10-a98d-991f8918220a_SecondBedroom-22431,train
228b0998-2bb2-4c11-844d-de1382aa9182_Bedroom-17101,train
4af7572c-6b2f-45fa-8321-71e5e33e66fe_SecondBedroom-5878,train
a0f0e5f2-09a8-4a38-a4a3-7e88a67c1575_LivingDiningRoom-1315,train
070bb554-f9b7-4b80-a1a2-fc91f1c861fb_SecondBedroom-43866,train
be3bf4b3-c548-43cf-86f5-1c52f4ace8d3_MasterBedroom-43924,train
03386199-b47b-4417-85cc-cba4e8d28ee3_Bedroom-46909,train
2a001497-73d9-4172-a89a-90ce19d94ed2_MasterBedroom-2355,train
01805656-e66f-44b1-8bc1-5e722fff3fff_Bedroom-8715,train
c4c0cac9-48a8-4d05-a279-c2582bbd3f9c_Bedroom-191156,train
7be5d4f4-2460-4e6f-90a6-9ffbca8d7ae4_Bedroom-52292,train
401a9c00-571c-491d-a2c6-2201b964ca79_MasterBedroom-18800,train
676a6773-36ae-4d7a-afe7-5c6ad227325e_MasterBedroom-14257,train
fc2f0a6b-1a5a-40e0-b88d-47e82a30aec7_Bedroom-5501,train
fbb124a7-d4d2-46a0-9465-fc790f714350_Bedroom-12922,train
7d243467-0d66-45e4-8e6b-a2eb011cf366_MasterBedroom-9702,train
103f980a-daf2-4dc3-b295-fabd6afe4bcf_MasterBedroom-32143,train
a5af701c-1825-40ce-a9d7-0b7ed08fb43b_MasterBedroom-13131,train
aabbb864-d09f-4c95-8b84-a01b8f8cc3a2_SecondBedroom-16034,train
37c295c0-9bbc-4b31-89a6-d4339588dbef_SecondBedroom-8653,train
648b8740-c145-4233-84f1-27f596c387e7_Bedroom-26089,train
a6dfce68-511d-4762-8f43-fb568fe8b6d9_Bedroom-741,train
a3e1afe7-f89d-44f1-bcb9-a4086de781f8_LivingDiningRoom-8026,train
6ab91867-b6fa-4630-93f8-f3223e71c154_Bedroom-614,train
b8eca45e-8419-496a-b781-1eb69c320d39_MasterBedroom-892,train
c360d758-8dbf-4d82-9afe-d71135c13c7f_DiningRoom-22753,train
43f250b1-17a4-4ac7-af2d-ba722f3a8bcb_Bedroom-43042,train
251ddd5b-6646-414d-9361-7a93ff46ed46_LivingDiningRoom-4316,train
0ed2f341-9ad9-441d-a33c-ace6a9f741b4_Bedroom-7783,train
c71f45dd-e8b6-4214-996a-c3359126bdc4_SecondBedroom-18421,train
580bb871-f446-438a-9cde-3d970affe421_LivingDiningRoom-9462,train
3d9f406a-4032-44ed-9f55-064f14fe2250_MasterBedroom-67795,train
1928f513-0f29-4311-b8cd-bb9faa1d3be0_MasterBedroom-4104,train
28d091d1-a89f-45b5-b978-4b0c77a0dd14_SecondBedroom-1762446,train
c9e81151-4655-4615-8988-03ad824d5836_MasterBedroom-3124,train
7bb7b619-1e6c-40f2-b95c-caef17c17fb7_LivingDiningRoom-26193,train
e79d4a5f-5089-44c0-bb01-0e2853307d00_Bedroom-6975,train
fe34c57e-fdaa-4d29-85ac-a580bdafd66a_SecondBedroom-22085,train
247908e3-d84d-4743-9e31-a783464dd4ec_LivingDiningRoom-45341,train
5673b8fc-be93-4fda-af1e-bd63bb02b8a6_SecondBedroom-2827,train
0f661df2-0f41-47a4-830c-7444f4a33a03_Bedroom-12514,train
13a27655-e337-4846-af2e-ebabfb631742_Bedroom-251,train
1960c136-ed10-45b9-b19c-03765a6abdc8_SecondBedroom-37424,train
5661c826-341e-4a5b-8901-c1a84b96298a_SecondBedroom-1310,train
aa1a03cc-eb9f-4388-8501-23917fc85c58_DiningRoom-9649,train
e8ab029f-1144-4c2b-a139-4d5d97c3724c_LivingDiningRoom-12300,train
614a39e1-5f7f-42ea-ba0d-dbd2c82d08ee_MasterBedroom-12682,train
a42ac970-4696-4382-a902-0e13e66953ff_MasterBedroom-77359,train
a0d30f6c-c229-45a2-bf7f-ae9f08b97596_MasterBedroom-505,train
ad50e9bd-4511-4b68-b348-c472c719440d_Bedroom-7968,train
cf6bc3a8-7f5f-401c-ba9b-45994eac05eb_MasterBedroom-77770,train
36678f29-129a-40ef-b197-a2c3fde6778c_SecondBedroom-1670,train
f7d7e3c8-2593-401f-aa35-37785b9ab987_MasterBedroom-2708,train
6799b892-951c-46ea-8606-3391654b8af9_Bedroom-6460,train
2ce51e58-c45f-424d-b333-5b56d1641f68_SecondBedroom-26863,train
5c650b8f-1b58-4e32-9469-9a3787bf88cc_LivingDiningRoom-70142,train
2c1b1eb9-e5ce-4cdb-815e-32d3b6e8ca4f_MasterBedroom-50988,train
6d486929-8d49-4d3c-aa16-88330ce2e164_Bedroom-61799,train
d63a99e5-6b3d-4a99-8408-437794a5ea31_LivingRoom-151325,train
6b399f2d-3097-4272-822a-e50dea179ce0_DiningRoom-2713,train
007e1443-462a-4dae-b47c-44cfc6a5a41d_Bedroom-7050,train
1c6e161b-ac01-411c-9a60-dd5f6da0ec08_MasterBedroom-34278,train
571bb2c3-d9fa-4a25-9fb4-7d67106dcb6c_SecondBedroom-2230,train
1268f393-0f90-4af5-92e8-cf14efb06596_MasterBedroom-1543,train
0953aa27-1f92-4068-aed9-41f0cc7401d6_LivingRoom-39213,train
580a48e3-61e3-4d09-958a-2b8ac4deb65b_MasterBedroom-10043,train
1d43e076-fc80-4d55-a07d-1b7a8c6dc6e7_MasterBedroom-2906,train
fb90b296-f1cd-4741-a3a1-c626dabc6e68_LivingRoom-37631,train
01861393-3d82-4926-af4c-e2d29c6d0c0b_MasterBedroom-32031,train
6d89d79f-b69d-4435-b0a0-dd77507c8c1b_LivingDiningRoom-24764,train
c5b12c08-1059-494e-8320-5b4b9ae6b846_SecondBedroom-76776,train
3f5df315-6fc7-46c2-84eb-862e27012530_Bedroom-366,train
826004c1-e596-467f-99b1-b10c1b1f31e5_LivingRoom-7407,train
c1575512-d8f9-4d74-a8d3-fdd840f0d9a9_LivingDiningRoom-7013,train
6a58fca6-3af8-4807-b3cd-80b97aa81c7b_SecondBedroom-31363,train
d0933b3b-ad15-453b-98c7-bd8a781f3a69_SecondBedroom-151547,train
b9e0dff9-03dd-4c4a-a00f-0b04b45d8df4_MasterBedroom-62195,train
e16e222e-f9b3-41eb-983f-b6173f84c35a_Bedroom-2005,train
56400f40-07af-405b-b3f5-577245b13ce9_MasterBedroom-93966,train
7ee99caf-3c16-4933-b4fc-926687c7ccbf_Bedroom-14024,train
706c2d0b-66ca-43f4-9c40-09398a8b4bda_LivingDiningRoom-19680,train
c56d010b-bafb-44c5-a397-3cdfa2684f20_MasterBedroom-251,train
3ed02f51-4e42-4b78-9829-44ac6f2f52da_SecondBedroom-107545,train
01e1d6b2-e3b3-4eb4-9969-b23088fab6a0_Bedroom-7308,train
a90f38f6-c1ad-4d64-9fcc-0f3d982912c4_Bedroom-45428,train
fc867413-7da3-420a-83a4-a292b2114b40_MasterBedroom-319741,train
00004f89-9aa5-43c2-ae3c-129586be8aaa_LivingDiningRoom-3474,train
4f847ca8-17e6-4256-9737-9fd7befeebf3_LivingDiningRoom-460,train
f623fc6b-ed49-451d-9858-85a3c1091631_DiningRoom-21748,train
18abc0cb-4f4c-41fe-9faa-77bba613b781_LivingDiningRoom-698,train
5c70ea0d-cb3a-43ca-ab0b-a2498fae8bd5_LivingDiningRoom-1711,train
04684207-3d45-4d33-bd9d-0f66c9a45402_LivingDiningRoom-7220,train
5c8e6bc5-c29e-4ac3-813e-df2145b20c69_MasterBedroom-28057,train
8ab6793a-646c-494a-9cb1-b149d3e09cd7_LivingDiningRoom-3999,train
03279ac8-717b-4b94-96e1-3b6a7e94e782_LivingRoom-19481,train
33253f91-fb29-4a9e-aec7-42e3cf96b25a_LivingDiningRoom-107,train
9fc84985-1955-4003-83ef-43970b1418a2_SecondBedroom-9892,train
3a5d9f83-9aeb-4e53-a25c-fa164589c3a9_LivingDiningRoom-19536,train
15205240-8f74-4da2-a891-49267a5aacb3_LivingDiningRoom-420,train
a9c6a334-ba10-467a-a5cc-81dadb65a615_LivingDiningRoom-7730,train
129a997d-b773-4039-ac5d-411e69c3f4a7_LivingDiningRoom-10339,train
b7e22103-19b8-47d1-a287-4349e4786cdc_Bedroom-1277,train
5e647f08-d821-4554-8598-9684ffd28f7c_SecondBedroom-1885,train
40ae8003-7d89-4e10-a98d-991f8918220a_MasterBedroom-21566,train
d7c0b43b-125c-489f-acb8-ad0b0f526dca_MasterBedroom-147951,train
fa3b6dec-1159-425f-b9bb-aa4e535e56d1_Bedroom-7588,train
9961048a-54ca-4b21-b082-d511e9ce6be7_MasterBedroom-50625,train
05766a96-fb40-4194-a368-279ab1bff0d0_LivingDiningRoom-2456,train
350aa72e-963e-4ce5-914b-5dfb81427b0e_MasterBedroom-7997,train
8ec660e6-b95b-4b11-81aa-ed3b1164a165_Bedroom-51292,train
0b851a7f-d0ec-48fb-a9f2-736b1cccf44a_MasterBedroom-51236,train
2f2aea48-6acc-4236-bf29-b2b9e450557c_SecondBedroom-127291,train
ce3aa96b-a6f4-455d-8a83-2a61253c6fec_SecondBedroom-1689,train
a48c2fa2-734e-4a66-a1ba-c63bcb76b08b_SecondBedroom-11704,train
6ae193c4-4fe1-42e8-b2dd-38ded31b7f12_MasterBedroom-48345,train
3c47589f-313d-4bac-abee-830161a278f0_LivingDiningRoom-109935,train
e0e8453a-618c-4c12-9d67-0967d1a2adbe_LivingDiningRoom-751,train
7bb77c39-3c41-4992-a825-52b998a14a28_Bedroom-634,train
0e563bef-ab48-4a9a-94c1-3018575fa499_SecondBedroom-9451,train
cc7791a6-d2bd-4386-b94f-bfffc868b67f_SecondBedroom-36266,train
bd2ced26-6c83-44cc-baa2-780a68b7a0ce_MasterBedroom-16901,train
116f9473-b473-49a4-a4da-1cf81ba45e3a_SecondBedroom-9255,train
e50797bd-0d25-4337-9642-b89db05e879a_MasterBedroom-16843,train
6ae5c274-8d8c-4832-878c-ea4f74082dfa_Bedroom-4576,train
8c3494c7-e7a3-4702-94ba-6a21e7e2ed73_LivingRoom-419,train
6f969906-b789-4a47-a930-008d35ca0458_MasterBedroom-2689,train
ce45a28c-fbf0-435e-943e-0449826a6d5b_MasterBedroom-38443,train
1d58e654-b0c2-4a5c-a1b1-ba34eb31b380_SecondBedroom-24855,train
473fb8fd-a6d4-4fc1-bd5d-1afd61a9617e_MasterBedroom-6488,train
7d1a7697-3051-4e51-8d6c-fed5d3a0dd8f_LivingDiningRoom-21803,train
d317680d-eb33-4085-bc3a-ec3a5a22f0a0_MasterBedroom-17216,train
626ec355-216b-4e9b-a010-9f4e8ac5096e_LivingRoom-4561,train
7b48d192-1ac0-406c-af41-800853de2d7f_Bedroom-41491,train
7a2de022-745d-4f10-a4fa-d7ab5bb8809f_DiningRoom-8044,train
5034f033-eb73-461c-b75c-dfc1d1e2fa5d_MasterBedroom-62487,train
2d5c6029-ecfd-454a-969a-af5bafd30e3f_LivingDiningRoom-23254,train
33353657-e2ec-4ebd-8eac-362c0d3ecfcc_MasterBedroom-6536,train
53e64f48-d7e7-46ef-a3cd-da63ff4a6dcb_MasterBedroom-1408,train
a65aa3c5-680c-4bbd-bd81-fa2e610c1b5f_MasterBedroom-91021,train
5f501905-6bb6-497e-bd13-59d2478416ad_SecondBedroom-2149,train
f01d52ec-ff3e-4157-b0bc-9c29e849f03c_LivingDiningRoom-24470,train
acc099b5-dabc-4fb0-ba27-4f8c961432fb_SecondBedroom-1912,train
9b70aba5-4a95-4ffe-a585-41e3a46f716d_LivingDiningRoom-2999,train
624ea9fb-febe-49ae-98c8-d5cd01590a09_SecondBedroom-242776,train
0fdce50f-b5e6-4d43-909a-fbae7a64f508_MasterBedroom-1801,train
2450e37d-483a-4504-8379-063a0e9035d2_MasterBedroom-16095,train
51e5a27e-717c-4194-b4c7-ebb8ed877c12_MasterBedroom-3247,train
b5922b83-8f9a-42e8-b999-680441fd30b5_LivingDiningRoom-9992,train
483eb8ef-60ad-4f4b-85ee-9ee629e7fd85_MasterBedroom-73294,train
87bd388a-3f7c-4fba-9b1e-4cceafa671f6_Bedroom-10367,train
a4045e66-6f5f-493b-b9f8-ea369b8e309d_SecondBedroom-1607,train
b54940c4-ed58-48c3-8017-9a644c75ff2b_Bedroom-90068,train
f11aa158-fcaf-4b0e-86b8-17e51ed32c18_LivingRoom-22976,train
0e5fe624-43b3-42b3-831d-bd1a8efebd89_MasterBedroom-1895,train
5ac451ba-b3f0-4734-ac59-e7ac821e3c83_SecondBedroom-110415,train
64321004-c08d-4334-984b-4bdbed4895d1_MasterBedroom-65519,train
17c88eb5-0b0d-4c01-8135-51bd3e7b7ce5_SecondBedroom-91744,train
80261497-c204-4078-8155-a0a435138c70_LivingDiningRoom-9530,train
333c205b-df97-4ff8-a657-2314392bb5be_Bedroom-4321,train
2c36d890-0d02-438e-9dfc-b817f31c3f44_MasterBedroom-17448,train
e68032b2-11be-476a-b4b3-cf9a601db316_LivingRoom-117225,train
835f8679-e773-4ce3-9a38-4281f4ae78ef_MasterBedroom-22898,train
a88f5922-2f3b-4ad8-b834-82fa1c0d00c8_DiningRoom-16498,train
0c125bc5-9517-4db1-b088-41f794cb16f1_Bedroom-9661,train
c69b9977-decf-4f27-b1eb-da633f72cdae_Bedroom-13712,train
f0a56d5a-bbd4-44e4-823f-e3f19e25ed43_MasterBedroom-20448,train
bb5491f0-2af5-4bf5-b7fd-562d24539f96_Bedroom-1861,train
3bc4f880-3a82-4006-aa18-2a8597970923_Bedroom-6958,train
6019bf5a-b088-45f4-aa3c-f8ccaed77069_SecondBedroom-31187,train
f3719575-1f2b-4a1d-b75f-a8a9c7257fbf_Bedroom-29147,train
fe49d5e3-8a9e-4e22-ab9a-414b2553a561_Bedroom-1155,train
10087356-5564-4bb8-9dcd-72adee753630_MasterBedroom-26618,train
acb86b11-fe85-4f83-b47c-c6243982298a_Bedroom-1206,train
e5aba2e0-9afc-476c-8ddf-10b253e3001b_MasterBedroom-15912,train
0925adc7-8bb3-4080-a3bc-8bf19d5d2916_SecondBedroom-25214,train
99b2b537-cc43-46e8-9cd8-eadd000f5a8d_SecondBedroom-16477,train
0f737b17-9449-4961-b978-e115bcba56de_SecondBedroom-56702,train
4fa56715-fad5-4f60-a57e-e628df21a914_MasterBedroom-17233,train
1ad8463f-62b5-4b08-a438-904c10bfd435_SecondBedroom-15946,train
d1ea181a-167b-4dfe-b427-3fdb31c225a8_Bedroom-153,train
65124426-994e-4215-afed-5070c65ba5b0_Bedroom-734,train
1b628313-1254-4608-847f-b68d3d081799_MasterBedroom-63953,train
29d6297d-aa35-4a6e-afef-534b89943229_MasterBedroom-20766,train
a137a098-9a96-4b7c-9553-13e5178d29b0_Bedroom-13209,train
0a28563b-19e4-4d67-8130-9a87a547daf6_MasterBedroom-16845,train
ef9e8fac-ec60-453d-83a0-d286699a1f1a_Bedroom-6995,train
724eb4ee-bd9e-4036-8579-d5379605f941_Bedroom-10740,train
d11d0783-dad6-41da-b9f5-93c51fc5e6ce_SecondBedroom-35698,train
2de27e8e-9388-4c17-8760-a8bdbe23931b_MasterBedroom-30887,train
c9297532-14a7-4736-a0f4-1f14a527e93d_LivingRoom-14036,train
5e1e0861-354c-407d-b267-083216bda705_SecondBedroom-18401,train
d9eb740a-ef9b-41f5-8fe9-09200a8702d4_DiningRoom-9753,train
a172d8e6-1750-4d9f-b0fe-901c08f3890b_DiningRoom-306,train
22993c56-81b4-49c2-b0d5-3d5a0565067b_DiningRoom-85692,train
e538b99f-3925-45c2-93b4-981e89efaba7_SecondBedroom-30221,train
b1fb2628-f260-4bee-8db1-6f4f10520a09_MasterBedroom-1096,train
5b274239-637c-451f-ade5-f71c97d6d86c_LivingDiningRoom-13620,train
f95acb63-fe70-447f-a493-75b0c6174f59_Bedroom-70517,train
9bf58256-675c-40d8-a685-e1496d9b84a7_MasterBedroom-68654,train
ee137a12-e725-44c0-8f12-42078b028705_Bedroom-16603,train
ba52c6af-b741-470a-bca8-7bc8a31484dd_LivingDiningRoom-355,train
3922ab15-7973-4443-ab72-b7ebd0a89b6e_SecondBedroom-19972,train
337ca42e-c680-4e47-b36e-16a4cc7090ff_Bedroom-98387,train
217a37c6-075b-4f4c-a0ab-196e07bb5f3d_SecondBedroom-52584,train
8effb2a7-1b2a-49e3-9ae7-676a5a4007d2_Bedroom-145448,train
fe1c870e-fd97-4d8c-b0ef-ab646c06e3cc_MasterBedroom-13878,train
e580682e-4cfa-4f03-9d85-0c74c929f896_MasterBedroom-7049,train
36ff476f-9fa4-4bc8-a545-75954191b1a3_Bedroom-2241,train
7abef546-bd7b-4ed7-8eca-63db3b704cb6_MasterBedroom-22634,train
0d1cc664-0f78-44f4-b6dc-3871e09decab_MasterBedroom-3280,train
06a60335-aa4d-4550-9e09-cae4f437988d_Bedroom-10348,train
d5e74bf6-6488-481f-8afa-6f5828d7afe8_MasterBedroom-20569,train
e43620b4-b1d6-4e7b-9e87-cf4835a91370_SecondBedroom-14765,train
76b1f40f-6a8d-45f9-96c0-80f3247d69bf_MasterBedroom-4882,train
905ccf24-697b-4bb5-8c53-def619d16327_Bedroom-6506,train
73d7d368-1b45-47cf-bc56-a786c7bb0b40_Bedroom-11907,train
06fd7746-9abf-4430-b674-a6b904d5f1a3_Bedroom-2364,train
503ebcb6-9815-4412-90ea-f0bbd59ddbe9_MasterBedroom-221,train
10daa874-0936-4bd6-9be2-3bbe831d1bcd_Bedroom-27059,train
3abf3ff3-5ba9-439d-b4c8-49a9e3c11556_Bedroom-28121,train
6fb2b02c-b119-4304-aab5-383794defa1f_MasterBedroom-8863,train
7fd048fd-4980-45b6-8a28-57a0585dffe3_MasterBedroom-35445,train
9fa47876-dc0b-4cb1-b5dc-93ca194b1d87_SecondBedroom-40163,train
5391bad9-ae5e-4930-8e81-326e082fbe5c_SecondBedroom-51336,train
810c7c5f-af5f-42f7-b64c-ecd80a5d253d_Bedroom-15856,train
101f9f17-45ff-4654-ae7c-c5ac221bdaba_Bedroom-15975,train
9af04c57-d004-41ca-8e33-bc8a4c56648a_LivingRoom-1276,train
1f5862f8-119a-455e-880d-f9bdb56a88e2_MasterBedroom-38741,train
0e49912b-d9f3-4f1a-93e2-0245e6fb67c1_MasterBedroom-10236,train
b28a98d3-1348-478e-825d-572ee7454666_LivingDiningRoom-13555,train
71af0582-e827-4368-ad45-6a56821b8840_MasterBedroom-33999,train
c8bbbdc5-96c2-493a-861c-dd6b38076c7d_SecondBedroom-121535,train
871235f6-ecd6-4a95-86e2-312c2f9ffe55_MasterBedroom-28975,train
72cfe763-f119-4fb0-a697-5a56cf3b8289_Bedroom-28692,train
bf4d05fc-826d-4a7b-a938-373e42688dda_MasterBedroom-2080,train
12b5252a-0921-4e41-b07e-a9a1ba9d40f6_Bedroom-600,train
0fda4bb3-f0cd-490a-8fe3-71bdce9c855b_MasterBedroom-29275,train
d4d465b0-e4fd-40b6-9ead-0a1c3d03036a_MasterBedroom-63341,train
23172eea-a923-4c67-ad1a-0738bedef84d_LivingDiningRoom-22775,train
c3c2b237-b863-436f-b66d-27bf5d0ca927_MasterBedroom-99492,train
1843ffd3-4865-4d1f-a4df-f30d063b08b6_Bedroom-1448,train
48831a32-7fed-41a1-a132-18ff65aeba93_LivingDiningRoom-1898,train
bcb2a617-b2ce-4b95-9ab9-1823502130b2_SecondBedroom-8304,train
1a1e205b-3f54-49fb-8154-e2d61c3682ae_Bedroom-1276,train
d73cf536-63eb-4e57-8bca-9da3981bed28_SecondBedroom-16350,train
d6359e97-edea-43ac-a05a-22a9fc17f6a0_MasterBedroom-62978,train
4f51046e-37c1-4308-9e81-2408fb164852_Bedroom-71736,train
6487eb58-d9fa-4a42-afd2-13cba40b71d1_LivingDiningRoom-4693,train
ce0a5b4d-de74-4e8a-aae5-5dab76a314b7_MasterBedroom-2514,train
1d611ea0-440f-429e-aec2-840708b60211_MasterBedroom-149227,train
0ef2b250-b5d3-4a2a-afef-6c3a04031c6a_MasterBedroom-34361,train
72f75ed4-ab5e-466e-ab6a-7672b31ceb93_MasterBedroom-121748,train
21ed5c27-b951-407a-a450-754d4af932b8_SecondBedroom-258,train
577c772f-369a-46ae-85ed-bf392426180f_LivingRoom-1097,train
76815557-7eb8-4328-bcbb-bc4fb45d2253_MasterBedroom-29378,train
8a4ba162-f708-4639-a340-59db284a0eb6_DiningRoom-26811,train
e7fed67a-ded2-424e-93fd-c64e5a35ae8b_Bedroom-21984,train
ae1f318b-a8ac-4eec-974c-10a587ea0a71_Bedroom-35611,train
d86f03dc-7900-486d-97f2-4eba7f7f41cd_SecondBedroom-32832,train
0be0e89a-9965-4f38-8dbb-ea220f2f5fc1_MasterBedroom-12177,train
1a8dbd8d-0025-4373-8b94-ee9dd9fa7295_MasterBedroom-40654,train
74ed0339-0753-45b6-9caf-d5f494122e24_LivingDiningRoom-9272,train
ba3303e0-761d-4cfc-9411-18f1ff7a4340_SecondBedroom-7433,train
300a30a0-69d3-46c3-99ae-98cc2665ea28_MasterBedroom-35272,train
adfe8dd6-46ee-46bc-a3bc-dbc712147d82_MasterBedroom-27797,train
d369782b-4c74-43f3-865f-9e1d753709d8_Bedroom-7001,train
5442e552-4595-4772-bf9e-eb10f8476e5c_Bedroom-18329,train
997c437d-2a84-48e8-bf8e-6280cdc1dac8_SecondBedroom-19781,train
10c73ad0-214c-4bf7-a4e8-1c154a77b7ed_MasterBedroom-20015,train
39ea30b1-4302-4a07-885b-bd498facd30d_MasterBedroom-13100,train
d2a5683a-06fe-449f-817c-c66a292476d3_SecondBedroom-10226,train
62fd38a2-1ef7-4791-9f77-86a35ca36c10_LivingRoom-68491,train
613b2c63-66ba-4643-b4d3-c6a4f34d62a9_DiningRoom-29610,train
66d9cc5c-b6d2-4f5c-a757-c0e8584f3c3c_MasterBedroom-557,train
74e9a688-df21-44c4-a4e1-a57081a62bc0_MasterBedroom-78127,train
96ef296c-dfa6-4905-8d84-4f8d706a7ad7_MasterBedroom-5883,train
eeeeb368-bd8c-4601-8bd1-b6f82e2cea1f_SecondBedroom-138968,train
0ab72fdf-ba1b-4df5-8df2-6efcfa7bb53a_LivingRoom-71071,train
d6bc1b0a-d7aa-48d0-bba5-5aed5eaa539d_Bedroom-2251,train
af50bca9-1d0d-4eaf-9e81-9f8fc643949f_LivingRoom-21437,train
bc2c8755-47a1-4d2e-ab18-2c5fda2aba1f_Bedroom-214,train
44b61eec-c68a-4691-aa5d-2557b46a3f79_Bedroom-2976,train
ef543f0b-22b8-463f-9def-0bfa6cae51ea_LivingDiningRoom-79295,train
fed3d417-97a3-44e0-ba86-b76c71672dc4_MasterBedroom-13989,train
52cedb89-ed69-45ca-b04e-e60d822e8230_Bedroom-16403,train
44903efe-45ea-42a0-954e-bacb917bd7dc_SecondBedroom-712,train
0a25c251-7c80-4808-b609-3d6fbae9efad_MasterBedroom-2888,train
8e8db6d3-3f5e-4d95-9a23-ec6d57ff5cdd_MasterBedroom-654,train
cb7d522c-c582-4d16-a005-1f2e4636453e_Bedroom-5804,train
8e234f22-483c-4dfd-9ce5-cc2d052a97e8_LivingDiningRoom-5956,train
7c4c43e1-b28a-44a0-81c9-e5da48d8b212_MasterBedroom-40378,train
c3a08e36-b8bf-478c-834a-af534ec13947_LivingDiningRoom-1520,train
d4d0237f-a66b-40cf-bf85-56e11cb20602_MasterBedroom-169246,train
6bb9d1bf-8fd5-4278-b4a0-38ea346dafcd_LivingRoom-26049,train
885bca04-679c-4098-a2d9-27885640ad28_MasterBedroom-22581,train
d6bb4731-c25f-4f2b-abbf-cea2982d2485_SecondBedroom-1132,train
21b83dd7-a159-4471-aa41-8ca48a4ace1e_SecondBedroom-10142,train
3186dc14-6778-4412-8792-68bbc2dae22a_MasterBedroom-2363,train
65a7ec51-0813-4bdf-9f92-cb4a84b0d4c0_MasterBedroom-184355,train
cca427ff-6f8e-40cc-a890-321a87d3664b_MasterBedroom-63698,train
28b5e0bd-6017-4298-88da-7af8d5a521a1_MasterBedroom-136536,train
0b16abb1-4a59-4ce3-85b5-8ec10440d9dd_Bedroom-36404,train
69cc1796-5e17-43c1-9dc8-e5193206eba2_MasterBedroom-28098,train
14125793-35c5-4ab8-be6e-3089eaa45bc1_Bedroom-87322,train
2d728150-ecd3-4648-b584-68de8e9f9a89_MasterBedroom-120616,train
db3662d2-4985-49f8-aaad-3ae88da58577_MasterBedroom-29129,train
370d8ff2-386a-4570-ab49-5f3db0891cf2_MasterBedroom-7982,train
5ca4c392-dcc6-4dc1-a607-44b66785ac6d_MasterBedroom-48826,train
61fd44a0-70d9-42d2-9ed3-b2a45b2c4351_MasterBedroom-83604,train
a8ea81c6-f23d-4019-828e-dfe63aa61553_LivingDiningRoom-12109,train
00ecd021-64bb-4bc4-b754-1796d2a12965_Bedroom-83832,train
3bf54310-1dd3-45a3-b6ce-e192f4d8ff43_Bedroom-18,train
2da2523f-1852-4a2a-9809-37dba6c8b959_MasterBedroom-14596,train
b9c1aec3-a600-4084-908a-c351c423a357_Bedroom-19328,train
401a9c00-571c-491d-a2c6-2201b964ca79_LivingDiningRoom-18728,train
5bd22e7d-960b-4e14-93bd-f955001f799e_DiningRoom-6151,train
0337f31c-ff58-48a8-8a03-1db9f02e6471_Bedroom-108,train
6c6da165-485a-41a8-9870-75cb9f39c017_MasterBedroom-37355,train
620c63cf-4adf-47f7-bb9b-ead8ab6a30dc_SecondBedroom-1082,train
e76449f3-2e35-4597-8382-bc258aaeae09_Bedroom-69440,train
61ae862a-a53a-4313-af9b-f8c851316c4e_Bedroom-4727,train
b7d1e3e1-0ede-460d-9b03-cf016a3b2b3c_Bedroom-10854,train
707a8e25-4a36-4048-a088-303b6a107051_MasterBedroom-63052,train
43b85f54-1a49-413f-8b9d-2858c270c442_LivingDiningRoom-1524,train
0fc4b1e0-8a22-4d27-bd2f-dfd3ac22a8a7_Bedroom-2914,train
aafa0b11-9656-40b3-b44f-c2f9053ec194_Bedroom-6312,train
36cf981f-f4fd-41dd-a0c3-52d8f4511855_SecondBedroom-28815,train
6be7ef9a-98d9-4d32-8b0c-c0d2b1ca3bbe_Bedroom-39015,train
4693ef91-67c6-4e65-87c5-46b53aa23445_LivingDiningRoom-3328,train
88140d56-63ae-4230-947f-c6054ea72507_Bedroom-263,train
e7ff83c3-7b24-40fb-9e6f-c5a7f4b11903_SecondBedroom-61396,train
86223b94-4407-468b-b593-c436c1ee5127_Bedroom-13468,train
5bd2dd31-7aed-4024-99fd-f2e98eb4f814_LivingRoom-8148,train
b5fea2a3-9686-4764-9a8d-b35c02f2d71e_Bedroom-398,train
be5b08cc-5357-42d8-963d-9910b2e602d7_MasterBedroom-18161,train
55b2d6ae-86e5-40de-a739-95ce5b824d67_MasterBedroom-192,train
9a0486c5-58e8-4a77-99de-9c4ea78d39d3_SecondBedroom-6212,train
48005d2a-cb97-4128-b068-20a03b678bde_LivingDiningRoom-34204,train
181ecd38-5ccd-45e9-a7ec-2c79f5b58e07_LivingDiningRoom-13945,train
af474567-7aec-4b7f-8e0a-9054871beb8a_SecondBedroom-33219,train
1f79806e-ecb3-4dbe-a569-74164ef37d2a_MasterBedroom-7150,train
81e13b7b-a684-4086-a394-0ecc5956a1d1_MasterBedroom-26925,train
464570ce-bc6e-4914-a2af-846492c41560_Bedroom-18123,train
f566d9b8-0ec1-446c-a1f8-e429933253cc_MasterBedroom-6807,train
fe34c57e-fdaa-4d29-85ac-a580bdafd66a_MasterBedroom-22054,train
2f02d9e6-8490-47a6-bcdb-2f2f99ac8294_MasterBedroom-5710,train
aa8112cc-d57e-4a9f-a425-d40e7d114b08_DiningRoom-34036,train
267ab0f0-2d01-4539-a5b8-d32b78bbb0f3_MasterBedroom-12753,train
df84d678-cec9-4909-b09d-e57fad3b9d01_Bedroom-27924,train
d5e74bf6-6488-481f-8afa-6f5828d7afe8_SecondBedroom-20519,train
03c8c59c-ba14-4486-ba57-3cd79b7f3eb9_MasterBedroom-5025,train
4d94c89f-b5fa-4649-aff1-5ae51ce0e63a_DiningRoom-12832,train
004f900c-468a-4f70-83cc-aa2c98875264_LivingDiningRoom-27430,train
ba35bae5-34ab-42de-941c-9f8a73b1beb7_MasterBedroom-48561,train
c1b3e945-cefc-4e73-89fc-099bb5352bac_MasterBedroom-4779,train
8495ba23-5e37-4bf5-a795-dee5cf78c5f3_LivingDiningRoom-516,train
0f126d75-6db7-48fb-a514-909ecbe11964_LivingDiningRoom-21832,train
bf563315-8442-429d-8435-7be477600130_LivingDiningRoom-19103,train
bb3b0c72-5fdf-4536-9a0d-4fa358748dd1_Bedroom-37666,train
5e004059-c7c4-44e2-99bb-93f7ec7b5b46_SecondBedroom-22111,train
787727b2-f70e-4881-933a-327fb86f6f8d_SecondBedroom-48054,train
15205240-8f74-4da2-a891-49267a5aacb3_SecondBedroom-86,train
08c75291-0df5-40b1-a266-36910ab06aca_MasterBedroom-31276,train
18716b5c-cf26-4685-aa00-8896e8f5696d_Bedroom-21117,train
30157c7f-112e-4fdc-870a-2e48a372c3a1_SecondBedroom-8691,train
ee37e9da-454f-4026-83ef-50c8172e976e_Bedroom-17674,train
168c24cf-f3fd-41bd-b5f5-348edb6358c7_LivingDiningRoom-13594,train
90b7eea6-8bb6-48aa-9981-690ca4de4938_SecondBedroom-39559,train
ef5860ab-d989-4605-93b1-5127126696c6_LivingDiningRoom-70961,train
52e1f54c-3d9b-4d69-bebc-decfdc950f7c_Bedroom-803,train
c399ce02-05e4-470c-a353-0670dfc45a03_MasterBedroom-14581,train
ce377776-581d-4b4c-807f-e63f7473e9b3_LivingDiningRoom-276836,train
15de4a4c-2258-4015-9cc3-f2ebbb9d61e5_SecondBedroom-35821,train
a5406a0e-6bc5-478a-bd06-938a60d64b0a_MasterBedroom-14320,train
60f370ab-55b2-43a0-9dd4-fefea294ab5c_LivingDiningRoom-30127,train
34fa0d95-9e58-49dc-9f98-2c4554be7700_MasterBedroom-6803,train
54602e77-2ebd-4198-af5b-be0e1f75b806_LivingDiningRoom-15430,train
e414e3aa-24fb-4922-bbc1-058a04829bbd_MasterBedroom-3258,train
79b8f927-e1c8-4fc6-b0c2-6b9e2ff6708c_LivingDiningRoom-74474,train
77993e73-b0e6-4620-b0ec-83b261c297a6_SecondBedroom-313,train
d235526d-92b4-4bbd-80b9-0d5f277676f4_MasterBedroom-12534,train
e15e9791-e99e-4f81-b838-692ecd556e81_Bedroom-303113,train
45d95f40-c4c6-4fd5-8e0e-f9b26cb0e04f_MasterBedroom-2824,train
422161aa-6b12-4d29-b4cc-729da721f2a7_MasterBedroom-52585,train
f2993a42-1e68-4247-98f1-8eb62109d7c9_LivingRoom-62595,train
5d325c8c-5490-48c0-87c4-6d436134421b_Bedroom-2224,train
591b9224-4c2c-4f24-95f2-c4e7213ed482_SecondBedroom-3942,train
39629e24-b405-420b-8fb0-72cef0238f70_MasterBedroom-4105,train
53992538-a81a-4f27-ae40-f743549c0325_DiningRoom-10103,train
dce67d70-f3ce-4696-b473-589b1a66f880_SecondBedroom-32620,train
16ebc7a1-5845-4030-986a-a9469100d534_DiningRoom-17747,train
08ee3c6d-a06d-451a-9241-09b050788d07_SecondBedroom-18403,train
7f8636c8-33d3-4221-bfcf-ccdd43f519af_LivingDiningRoom-12325,train
55527c3b-b4be-4a79-bfc8-58fc522e2901_MasterBedroom-27362,train
aa772832-5eb8-4470-9a7e-39f965b45060_LivingRoom-4053,train
0878fcd8-0934-4298-87a2-9813bd4c19c2_DiningRoom-26805,train
40415a21-d863-4c54-a088-c078346ba939_Bedroom-4098,train
b58a5ff0-ae4c-4af0-ba06-13153ecb9f4d_MasterBedroom-75042,train
2e173d63-1462-4df1-938a-11415d0662f9_MasterBedroom-5264,train
2c3e8bd4-73ff-47eb-8d50-29fd2a20325e_DiningRoom-39386,train
0967e330-aa37-41d5-af14-04c9e8ea820c_LivingDiningRoom-629,train
39df2bf1-e376-4782-8485-6bf38b6ef694_SecondBedroom-19247,train
ffd38d23-f910-44db-a3ec-7347ecc1f185_Bedroom-16443,train
5e01911c-03ad-4654-b028-ca20c0182293_LivingDiningRoom-334,train
569234db-5f65-499a-9704-fa1135305cfd_MasterBedroom-8427,train
86ee5b13-72d1-4100-a8af-0e86d7e69aa4_Bedroom-7809,train
f31a5ee6-2ba4-4af7-a286-77887385a068_Bedroom-2604,train
be642e05-b8e2-4acf-b43a-4765248f1996_MasterBedroom-13947,train
cb106df9-e7c5-4c0d-88bf-4c8395537e69_SecondBedroom-1463,train
cb691815-7dbc-47a5-9280-c22d59f3a7bd_MasterBedroom-17590,train
756382a6-5d6b-4bdd-8f48-4bb8cddf9df8_MasterBedroom-12848,train
184286fb-3558-40bc-b090-e79e5b8e6fec_LivingDiningRoom-9995,train
a88f5922-2f3b-4ad8-b834-82fa1c0d00c8_SecondBedroom-16583,train
dabfd6fb-2bf4-40e6-9816-6be9708cf9c8_MasterBedroom-7891,train
80c650a0-8b67-44a3-ab43-bf5c96522bea_Bedroom-15603,train
0f401f03-d3c7-413b-b9ff-bfb6fdbb416d_MasterBedroom-75552,train
19071359-17b4-4d4d-a15e-33b90449ff30_MasterBedroom-51516,train
bf0b9895-7e9b-4ca6-bf93-07e22b047195_MasterBedroom-2002,train
799ed691-945a-40e5-a355-b1928a15e567_MasterBedroom-32892,train
ad2204ba-60fd-4802-b8cd-6ac2cfea507c_DiningRoom-18657,train
e60add0b-e098-43fb-8555-704624ea66a6_SecondBedroom-8812,train
54881cd5-4441-4fc0-887c-d4579dd06803_MasterBedroom-271962,train
80c650a0-8b67-44a3-ab43-bf5c96522bea_LivingRoom-15502,train
0380a4ca-bd26-4f49-9a5e-a00765aab879_LivingDiningRoom-35413,train
137f72fb-2331-4cf0-b832-0e7ddea0cce2_MasterBedroom-8331,train
70ed875b-62c8-42d4-87d2-bf7596b658a9_MasterBedroom-2218,train
80bfa178-96af-4ea9-adf6-c32d5bc23085_SecondBedroom-63538,train
8130be63-1fe1-4c4e-b2aa-d0ee9e7f0710_DiningRoom-35087,train
ca938632-27ac-4744-ae18-6e8378d919a7_MasterBedroom-38123,train
10c73ad0-214c-4bf7-a4e8-1c154a77b7ed_SecondBedroom-16186,train
70daf81b-199a-4571-9e11-89959489c7a8_LivingDiningRoom-15322,train
4b24b149-9426-437c-894d-1d94b7fa3207_Bedroom-27692,train
b594794f-2ab1-4bc8-94a5-4843621ca79e_Bedroom-48850,train
e16bb544-c6b8-4b18-83c0-84c87f488e7d_MasterBedroom-34945,train
797a6beb-75a2-481a-a15d-5d761cbe4bea_SecondBedroom-390,train
23608ced-9c2c-4d17-b7a8-4e3656d2acca_SecondBedroom-21651,train
10a47ebb-d756-463f-af98-e36ddf845bf2_SecondBedroom-224930,train
30054695-4a17-4698-a482-06047262a526_SecondBedroom-6800,train
de7bbe9b-703e-4a0a-af91-01bbd3fa623e_Bedroom-15247,train
68f61309-f9e6-4dfb-a1a6-82c1bef6b6f9_Bedroom-21752,train
a74cbd87-e6cf-4df8-9007-1134ec1f5459_SecondBedroom-42233,train
8077b5fc-e48d-4105-a59f-de2369e4bb39_LivingDiningRoom-9549,train
4409ab36-f1e1-442c-8fbc-ff49638af1e8_DiningRoom-26150,train
b2312fb9-ca25-4e89-ab5a-0bc96888cebf_MasterBedroom-22924,train
fdb7f1f3-c28e-43f3-ac6b-fbb43396c015_SecondBedroom-12633,train
6cc1d22f-47b3-4a3a-81b4-19575f2ec3cd_SecondBedroom-17365,train
3dae8246-5f5e-4a15-96fb-c001b3496fc1_Bedroom-217,train
4ed421c9-f5d9-4b17-9769-371ea078f6f5_Bedroom-402,train
257d6d2c-8251-4f06-8880-7ec5cfff78fa_SecondBedroom-36965,train
4448c201-24bc-4eb1-b534-87f656f3094f_MasterBedroom-13842,train
63bc11cd-473f-49f6-b239-7ecf3d9e4ae3_LivingRoom-28161,train
f2773a3a-b8fb-4b98-8d6a-be6de57103ee_SecondBedroom-13466,train
ee4ca189-a9b5-4049-a0ee-9f78402ab039_MasterBedroom-22804,train
756382a6-5d6b-4bdd-8f48-4bb8cddf9df8_SecondBedroom-12785,train
8422cae1-c835-4703-aa9d-b15c8824bbc3_SecondBedroom-1636,train
05edf1fe-08c8-4589-966d-6d242fe1d3d1_Bedroom-7331,train
3ec24496-80f4-4ea1-b889-b3cb902d2a47_MasterBedroom-1362,train
a111cbfa-1ae0-4705-9974-210f1f10731f_SecondBedroom-8920,train
871235f6-ecd6-4a95-86e2-312c2f9ffe55_LivingDiningRoom-29009,train
26bc9037-7ff2-477b-b80a-08befb9d261e_LivingDiningRoom-18908,train
66f99d38-f9b7-4bb0-a646-314f6228059d_MasterBedroom-9583,train
822213ac-e850-4189-ae92-5a9e0946be04_Bedroom-75240,train
15d07e45-2761-43ed-8dfc-f9d4ef58041d_LivingDiningRoom-68183,train
a2616d89-609a-4b04-878c-e6c42698051e_LivingDiningRoom-124277,train
e6534ac2-3e67-4cb1-8776-f1b5ae914105_SecondBedroom-5427,train
a59c6716-3e62-4141-827b-993734038990_Bedroom-62235,train
21b83dd7-a159-4471-aa41-8ca48a4ace1e_MasterBedroom-10120,train
532db1c8-603c-4921-bf67-822b142eb500_MasterBedroom-22134,train
aee82a11-1d1f-47ff-80d5-902e800b839a_Bedroom-1017,train
741bccc3-8ec2-4f66-915b-633fe7cfae94_LivingRoom-45612,train
2b49ac86-df1a-4cf4-b9d7-44b588d1d594_Bedroom-522,train
49b97a8d-f594-4e76-b347-6455da1eb950_LivingDiningRoom-15929,train
6064cd7d-6922-4b76-bdb6-08f50aea6097_Bedroom-48198,train
fdb7f1f3-c28e-43f3-ac6b-fbb43396c015_MasterBedroom-14915,train
339e4d0f-096a-4453-be12-5a730e71e6aa_MasterBedroom-15718,train
aa2de198-d7e6-4a86-bb9d-2419d02ebacd_MasterBedroom-6372,train
bdaf4b80-2c85-4958-8a51-50b8a690ea6b_Bedroom-3805,train
364f3f00-fcd3-4c11-b807-69757ddffe26_Bedroom-5020,train
d97a1fd8-ec70-438d-a7fd-a7badea1eda3_MasterBedroom-10895,train
20a90d60-1200-4a68-82dd-6fd1fd52655f_SecondBedroom-20455,train
d7b8a396-8932-4d4f-a233-a93a23cd2ec3_MasterBedroom-12676,train
14c7b2f7-cfe9-43a0-9dbd-fd65c33454ca_Bedroom-22264,train
0e373951-83a9-43e4-83cd-febb0ead7c9a_SecondBedroom-45271,train
e7617091-5ec2-4f8b-801f-848e260ef807_Bedroom-3065,train
44d15f42-a914-4d48-8add-393c57addfb4_LivingDiningRoom-16072,train
959d7224-db8a-4ce0-8dd6-8e17adbe719f_LivingRoom-423,train
203f67cf-e43d-4395-8bd6-75ce85fb2481_MasterBedroom-3935,train
df76627b-4746-482a-abe3-b9a6f5388e7a_Bedroom-51521,train
60cce170-55c9-4ced-a4e1-79bf96444224_Bedroom-3372,train
27871446-7da7-4557-b554-dca744d3ea87_MasterBedroom-37895,train
35602a52-6ddc-4137-ab5e-45296190513c_MasterBedroom-9984,train
bbec4026-0cd6-4222-9d10-0cb90ae815fd_Bedroom-42079,train
e00c171f-748b-4d28-9e6a-3ebeff291323_MasterBedroom-6963,train
b98e19f5-239f-45a7-a892-da88b2719561_MasterBedroom-145762,train
7dc2bdd5-7f8f-438d-9f31-c71932a0ea71_MasterBedroom-7129,train
d4372f50-5d15-4f80-a9c9-0159f4010215_SecondBedroom-116679,train
70441a13-34cb-4927-a0b9-e5fa771da509_SecondBedroom-1167,train
8caa5850-3914-427c-ad99-cbb4b2f517a1_LivingDiningRoom-32202,train
da0e2064-ac31-434a-bea9-59fd362db565_Bedroom-122787,train
90a43e21-3a34-4158-bc4e-e12338ba0cc1_Bedroom-9299,train
0953aa27-1f92-4068-aed9-41f0cc7401d6_MasterBedroom-36282,train
cc14e409-5e44-4237-a4b0-11521ca7639d_LivingDiningRoom-10768,train
34ea0f40-d9c2-4207-862f-7d3cc641728f_LivingRoom-22322,train
5e870702-4768-446f-9c7e-a50e4ace9796_Bedroom-212,train
2a655d00-ddf8-4b46-a3d6-bb8c60971e68_MasterBedroom-39199,train
e75c45f8-283d-46d2-b5d2-7603205b46c1_Bedroom-394,train
db90162a-bd64-4667-883e-7c58f9a5cc7b_MasterBedroom-40083,train
7c5d4d55-ecb4-486d-aff4-67e910b66b9e_Bedroom-20673,train
a796ac9a-abc1-4003-b7a3-d1e84fb7fc28_SecondBedroom-28894,train
0ab19ed6-debc-4c6e-857b-29290fb111d9_LivingDiningRoom-9063,train
12f93edf-43d1-4009-9639-92b3b604b352_MasterBedroom-1549,train
becd7f2b-1039-4346-aacb-8d9962f5e0ae_LivingDiningRoom-74263,train
13a2bf30-781b-4328-aa2e-47a78ffedfc8_MasterBedroom-3544,train
0ab72fdf-ba1b-4df5-8df2-6efcfa7bb53a_MasterBedroom-71103,train
23b0def1-e853-43de-89c8-be709b6f9f1c_LivingRoom-3203,train
26387a08-3ebc-4638-83cd-33150de9f17a_LivingDiningRoom-29614,train
0c79dbe0-dd22-403a-a757-1afd9a33ffe7_MasterBedroom-1699,train
c6c7d88a-9f06-4f43-b065-6c07c29f0ddd_Bedroom-1937,train
d92cece8-3eef-46fb-bd24-8572d78e96ac_MasterBedroom-13598,train
733aa566-0120-43c8-afe3-ab36ae21d3b7_MasterBedroom-24269,train
01492580-b04d-4865-932d-c6fc225ba3b8_LivingDiningRoom-34353,train
8495ba23-5e37-4bf5-a795-dee5cf78c5f3_MasterBedroom-69027,train
1c815e3d-b8bc-42fa-944e-8278b7cd9acb_SecondBedroom-29739,train
386553cb-c7ee-47e6-926a-679a9e65fa1a_LivingRoom-22971,train
5d325c8c-5490-48c0-87c4-6d436134421b_Bedroom-1196,train
7fe08405-d4de-48f9-9435-ba3c18de84b6_MasterBedroom-8852,train
53edc8f5-4846-4993-b8fe-5999b6b95d7c_MasterBedroom-97964,train
2c55e5c8-0ec5-4f98-b0cc-1c6dd0418815_SecondBedroom-14044,train
6e135215-4cb4-4d79-a750-682cd2caef96_SecondBedroom-94626,train
e4c63506-0538-4f51-8fcd-e191efee273b_DiningRoom-13317,train
c76960e2-bf7d-4cec-8ead-554c40227983_DiningRoom-12475,train
018d9d83-0ca1-427a-8388-fcd0cab365e6_Bedroom-1361,train
5e870702-4768-446f-9c7e-a50e4ace9796_MasterBedroom-1289,train
8174e94b-cb97-4d24-bd3a-81a095192bbe_Bedroom-33603,train
98257d91-7cf7-4ae9-b23e-f6912b0e0cfb_LivingRoom-12311,train
b2e0b670-b308-4817-b3b6-2a8b7312c18f_SecondBedroom-6261,train
0b2bc0ab-adef-4db2-b681-84b8adf592ed_LivingRoom-7106,train
4448c201-24bc-4eb1-b534-87f656f3094f_SecondBedroom-10635,train
6ae193c4-4fe1-42e8-b2dd-38ded31b7f12_SecondBedroom-48433,train
03704744-6330-41f6-9983-928466e9a39b_MasterBedroom-771,train
60e4b558-623a-4459-860e-5954f41d4b22_MasterBedroom-2661,train
a6121dc7-7fc9-4ca0-af1d-bacd537be48a_LivingDiningRoom-1196,train
122783c6-2e29-430f-9e44-0ea3f73835c0_SecondBedroom-38613,train
4c12b98a-472b-4a5b-9941-615a3d22b960_SecondBedroom-5067,train
dd428ba2-c3df-4f72-8c78-677993205d64_MasterBedroom-14208,train
46a7ff72-6a76-43a0-b7b6-8499d6878532_Bedroom-43109,train
987bfa8c-edf6-40a7-87c2-f49e4e8c5a16_Bedroom-300,train
8463261b-999e-4506-a090-7fffcc106adb_SecondBedroom-30652,train
de1183f7-1d62-47c9-8f58-fbedc416bf44_Bedroom-34409,train
01655258-a4b1-45ff-b16d-bae0ffb189c7_DiningRoom-45089,train
18abc0cb-4f4c-41fe-9faa-77bba613b781_MasterBedroom-604,train
6cc1d22f-47b3-4a3a-81b4-19575f2ec3cd_MasterBedroom-15896,train
292d569e-d219-4460-957d-4652a488aaa9_Bedroom-1853,train
63624bb6-0323-476c-b295-2e31b729fbb8_MasterBedroom-7175,train
e6e919bb-01bf-4003-a676-5276ce19e2b9_MasterBedroom-7783,train
0ec7ce97-e93d-4842-9c89-b947136bb393_Bedroom-29839,train
be762422-6294-499e-96fa-038dced9f5a8_Bedroom-73234,train
eda7084f-406e-4d08-8346-d42e75324500_LivingDiningRoom-31431,train
a2b307d5-8d70-4332-9317-010891dd68f0_MasterBedroom-12272,train
864615ad-ed48-4703-9d5d-cf92e03124dd_MasterBedroom-13595,train
0c3c3fdb-6f91-466a-8784-17f8f2a12632_MasterBedroom-17288,train
386553cb-c7ee-47e6-926a-679a9e65fa1a_DiningRoom-23106,train
9243a675-6bbe-4b57-98d4-14f5c2c23686_Bedroom-1033,train
e111dcdb-094b-4adb-bcce-1db491755d7b_DiningRoom-69757,train
2479eff0-7d6e-4657-8de9-f0f9358f342a_MasterBedroom-52196,train
97d1fafe-5ee8-4f76-aef0-3505d4f24905_SecondBedroom-76086,train
6379e703-a2fb-4d36-a417-30e0357a31ad_SecondBedroom-121249,train
f7a3bd11-edb2-41ee-b15c-79730eba86b1_MasterBedroom-12183,train
625cc958-7f61-487f-a076-427034fedc1a_Bedroom-589,train
df69e2a1-9ca8-4512-9410-b848e91da0d8_MasterBedroom-1008,train
ecb9cf66-3f1a-46a1-846c-0b97406d762f_LivingDiningRoom-5162,train
c796bf4a-4370-4430-b32d-e083407ccda1_LivingDiningRoom-2676,train
41c070fc-dc7a-40b8-9ce2-c65606f4b728_SecondBedroom-9038,train
189b1d9b-894e-43b5-87be-c1b76cba3df4_SecondBedroom-19262,train
58a87ed9-d8a5-46ce-b02d-a8d3e9875cb3_SecondBedroom-19500,train
075afe52-555f-4ef7-9ed7-5ef9bed6705f_SecondBedroom-8463,train
21c3b027-c6b7-480c-9933-d519eefab02d_MasterBedroom-2401,train
8d3fce57-cba3-4aa1-be97-5f8a03f7c723_LivingDiningRoom-6155,train
2615ddc5-6763-47c0-84a9-b2fe790662c2_LivingRoom-2294,train
43362117-720e-48f6-bab0-d3cd0f0ccdff_DiningRoom-17793,train
84dc6b73-ea3a-424b-91ae-175027928d17_SecondBedroom-3776,train
3aafcdbc-bdc5-45f8-9da7-4cccc696a373_LivingDiningRoom-60587,train
bb755eb0-434b-4805-9d28-214380ae6a29_LivingRoom-15768,train
ad2bc1ea-0567-4048-8cdb-d298dc18d162_MasterBedroom-31095,train
a4824c35-ccb2-4e70-89c7-eda575054197_MasterBedroom-3822,train
7719f139-6a07-47c3-9435-eb894ce81069_LivingDiningRoom-8095,train
d209b341-a36a-46b4-bd07-62e9ac82a41b_Bedroom-18974,train
d3224dc6-1fc8-4488-9d28-462eb23e1f09_Bedroom-12094,train
db113afa-d8c6-499e-b70c-08ce94e05071_Bedroom-24059,train
8c3314da-a761-4ee4-8a2f-28e61590fee8_LivingDiningRoom-6109,train
6799b892-951c-46ea-8606-3391654b8af9_SecondBedroom-20973,train
b68b868f-5ed9-4917-b922-4d58ca68ed7d_MasterBedroom-45020,train
873270b6-6e93-44e8-8745-ef3076b4ba5a_MasterBedroom-13141,train
01df4fc6-be42-4c30-ab7f-0add3ec82213_Bedroom-44231,train
3d00a520-dfe2-460a-98d6-c0cf07c0fe02_MasterBedroom-13199,train
1fc77158-532c-4d98-b9c7-cedac33ccfda_LivingRoom-5067,train
5fe0be69-8fb3-46ad-8e77-78f426e7a832_Bedroom-24692,train
130898f4-b33e-4c5c-93fb-c701f3c498da_SecondBedroom-36964,train
9bdcdcf0-ea32-4aa4-a14e-29b6f6844c85_Bedroom-14989,train
e06680c8-236b-4b45-ba63-d20d17e2e019_SecondBedroom-34183,train
479d2d66-4d1a-47ca-a023-4286fc547301_LivingDiningRoom-91005,train
035b4959-8c9a-4dcb-94c1-e2b2ad7c88b5_SecondBedroom-3137,train
5f2dff8c-5d2a-4e1e-bd2b-8e4d78a5ad29_MasterBedroom-148398,train
dd7856a2-52c4-4b27-bd7c-7ba5df36d181_Bedroom-2104,train
4b18584d-3740-40f7-b344-5fbd98858ed8_SecondBedroom-88577,train
2d424221-26f3-472e-9ea1-c7c11a1fb796_MasterBedroom-2763,train
2a28ddb9-f126-4480-a098-de099efdc87a_MasterBedroom-4847,train
c15e5b24-87ea-4729-a648-e406f048a25b_MasterBedroom-41843,train
352181fb-3bbc-471f-9b64-626e174dbc4b_Bedroom-13343,train
998ca0a0-ee00-4323-b2ad-79b858ffb0a3_SecondBedroom-17030,train
88c063af-0d7d-4f18-ad36-a226497e25aa_MasterBedroom-25927,train
3e9f2a5c-2530-42c4-981e-c134bd7b8591_Bedroom-14516,train
e02e2373-1bb0-4d67-819b-8c471edc78a3_Bedroom-8051,train
32320a79-b44d-45cf-8742-a654a5348bba_MasterBedroom-53441,train
369cda7c-e402-4382-8d9d-8c79133487d1_MasterBedroom-72370,train
4f1cc012-96d5-4669-b631-1ccb3003e77e_MasterBedroom-102651,train
bb8583bf-ee94-4667-9981-63faf7a91234_MasterBedroom-10958,train
06e6dae8-1592-4278-8f40-ffa20cea11d3_SecondBedroom-2295,train
08c75291-0df5-40b1-a266-36910ab06aca_SecondBedroom-31355,train
fbb124a7-d4d2-46a0-9465-fc790f714350_LivingRoom-14341,train
16dfc62a-fd35-41a2-9f8e-6b1c11dc1898_LivingRoom-582,train
656bf897-705c-4397-871e-13268143369a_MasterBedroom-2432,train
5669e7d6-ad0f-47ad-be4a-c511786ad433_SecondBedroom-21866,train
f3719575-1f2b-4a1d-b75f-a8a9c7257fbf_Bedroom-25711,train
d79c4380-6d73-4ff7-9f7d-c085c7e1ccfb_LivingDiningRoom-1037,train
d3da0f2d-bddc-4c90-9d4f-e8e5f5045691_Bedroom-2973,train
f0f07050-6651-4075-b2b2-5922d677247e_SecondBedroom-6847,train
d19b8b80-a9af-477a-bf3f-41cd20cf840b_SecondBedroom-21632,train
88746b30-d6c3-4bf2-b977-d4979f90b050_MasterBedroom-1081,train
8207dd97-de33-4456-91c8-b085fb42b6a5_SecondBedroom-14227,train
2a954c43-f0a7-446d-8f1b-769b28adfdf8_LivingDiningRoom-7363,train
979e98a1-4cac-41a9-94e2-0913935f75bb_MasterBedroom-223908,train
f18ac5cc-b441-40b9-ac1e-a799bdb8cf15_MasterBedroom-64701,train
43921e8e-fbe4-4eca-b1be-99969dda2224_LivingDiningRoom-31684,train
b9ec12bf-2806-41d4-829a-18e3f58558c3_LivingDiningRoom-79595,train
2b7bbd2f-8e66-45af-bfda-8ccec86cf64d_MasterBedroom-12325,train
c554575f-b749-4b58-8b6a-d1428049fb1d_MasterBedroom-251223,train
71cc3390-7abf-4be5-a2e9-8673e556538a_LivingDiningRoom-5087,train
a1a61778-5124-4062-937e-3d6eef4ad426_MasterBedroom-17138,train
33e62338-9681-4fa0-9ffd-edb64d988f63_LivingRoom-2104,train
8c9e0171-56fe-4ae6-b003-bb9d35bac067_MasterBedroom-1504,train
757250d9-884c-45f5-8d4f-73a955f6227a_MasterBedroom-29631,train
5130545c-cb6d-4547-b120-5815531c8589_DiningRoom-116178,train
ebef8637-55d8-48d2-bc27-e880c51f36e8_LivingDiningRoom-2829,train
23b1facb-b178-4875-86c3-1a2a853a3dae_SecondBedroom-14527,train
54843f72-a34a-41b9-9483-56ac743082cc_MasterBedroom-41297,train
86b16b1f-1846-46bf-959b-1c7ae05b4ed6_MasterBedroom-46932,train
fbe0dae7-7c8a-4a3f-aac9-082d5c509469_Bedroom-11065,train
e604494e-6f67-4fe9-af75-5f30b819d8aa_MasterBedroom-32060,train
93e4d5d6-5508-4ac2-bbe4-6e31c66163c2_MasterBedroom-32589,train
0b4abd30-b157-4ecf-a077-989285598cf2_SecondBedroom-6482,train
2d4dceda-1875-4f72-9bbf-d12cb8d9c7a6_Bedroom-517,train
07e1fc5d-2c74-4b12-8100-95f55d396e31_LivingDiningRoom-21042,train
8a41712e-1a55-407f-92f7-3c7cbd4366e2_SecondBedroom-34098,train
26ede85c-343c-47a4-a84d-6afa5dbae091_Bedroom-12129,train
7e1344a6-49f6-49cc-8f5d-2e5772c68c6e_LivingDiningRoom-12009,train
4c7d3c24-b50c-4a53-84b8-d7620fc6b252_MasterBedroom-30313,train
06a40b75-b57f-4962-ae13-a9fb08bf347d_LivingRoom-178450,train
f6bf9761-7493-486f-8c70-831e83eab521_Bedroom-126560,train
2db22595-4053-4976-93c3-244fc17a0cbf_MasterBedroom-46100,train
cb0886aa-598e-4acb-a5f9-5740e098c7e3_LivingDiningRoom-32393,train
225aa50d-aac7-4eb5-8a24-800a80d27d50_MasterBedroom-4030,train
675507da-6f11-412d-aa21-545212322fa6_LivingDiningRoom-32204,train
afda8ff8-1350-49b1-99a6-f138c46fb6ab_Bedroom-11457,train
cf536225-9a90-4fde-9175-f453e2436c29_SecondBedroom-58732,train
b67bcb77-c998-40c6-941a-d9c40f57390e_MasterBedroom-15538,train
63bc11cd-473f-49f6-b239-7ecf3d9e4ae3_SecondBedroom-22593,train
cf94fa93-585e-4b9c-b07e-ba982d22cc79_DiningRoom-14251,train
899a7baf-5c1a-404a-a693-03ba05741c93_MasterBedroom-54525,train
bdf64124-075e-4aea-a6e4-aa961e3af480_Bedroom-7707,train
43b74fcd-363a-4cf5-9bb3-4444768c589c_SecondBedroom-42209,train
e95ecf25-bf6b-443b-9f23-c2151152da14_SecondBedroom-18007,train
10a47ebb-d756-463f-af98-e36ddf845bf2_LivingDiningRoom-223767,train
42dac4e2-8940-4ea3-9039-030961b73776_SecondBedroom-8208,train
20e5f2e7-ab26-4119-b16a-5b7282ee0a70_LivingRoom-24666,train
7ca0ebf5-fab7-481f-9225-979c3fa4f949_Bedroom-6637,train
81c47424-f98c-418d-b810-ad23e586b3b2_SecondBedroom-304,train
30f2574f-dd2d-4e97-a937-dce8be2af98e_SecondBedroom-118939,train
6adb0cc9-8e56-4829-a7f0-c72dfd69afcd_SecondBedroom-3877,train
5b90a853-b47f-4e37-9819-102fe25575fe_MasterBedroom-74514,train
6ed345e5-a38e-4ac4-90fd-f31dff832fc7_Bedroom-6936,train
8b209bb2-72e7-4249-8f50-17f079fa8d90_MasterBedroom-34223,train
deebcfd8-9f7e-49be-8c50-2edb11abb8d9_MasterBedroom-22766,train
1b5b1674-b4bb-4a39-85c2-60191dff763f_DiningRoom-18833,train
7d0ab4db-488a-441b-8977-86aafadbbba3_SecondBedroom-14567,train
2ec90c50-4ece-40be-bb69-a2150a4678a9_MasterBedroom-78468,train
5d4526b7-8bfd-45b3-bd31-80ddf5a8b5e9_SecondBedroom-270847,train
83ec537a-528d-4a4d-9bc2-6d6e7b805945_DiningRoom-47598,train
b0dc2c16-296a-491e-a82b-d2d7fd8fdada_SecondBedroom-2393,train
1d89a45b-bb91-40af-9182-6dbb87517097_MasterBedroom-1862,train
d48c19cb-6142-4344-aeb6-9ea23eb87ac2_MasterBedroom-32346,train
234635d0-a5cd-4544-85cf-ab9acd974978_Bedroom-75221,train
d2f4784e-0fdf-43ea-915b-515f11791cf6_SecondBedroom-23886,train
174948c4-2519-4d82-bb1b-7784330d2fed_Bedroom-5024,train
5a46fbf6-0235-478a-b155-3994daab55e2_MasterBedroom-289120,train
1aad0aaa-7604-45eb-91db-8482b861b803_LivingDiningRoom-20425,train
e8ffd31e-be4d-4840-ba76-5a89b17ec8dd_DiningRoom-4509,train
c0043cd0-d1e2-430e-b273-b97e9c76e5ed_MasterBedroom-8176,train
cc919f0b-06d7-4da5-bdff-ba9d2ffbada1_MasterBedroom-1901,train
cbd4a8a0-be44-4629-a271-0518654ab3d9_LivingDiningRoom-8843,train
0adb88db-02a3-43ca-9a69-76dcf25740d6_SecondBedroom-71965,train
023fcd68-dd38-420c-a518-87e82b80ac1e_MasterBedroom-87405,train
e6a4a8f1-d501-40d8-ba95-ef8163fe2d23_Bedroom-11582,train
37d9c4da-b8b9-45ca-bd51-26df71083b10_SecondBedroom-140603,train
2383a24b-483b-4011-87fb-8e2c89202f78_SecondBedroom-12073,train
99533e24-4bd1-4780-808b-02e8ca8a37e5_Bedroom-29751,train
e6e919bb-01bf-4003-a676-5276ce19e2b9_DiningRoom-16306,train
c3f1bddc-8460-45a5-99f0-d5b31d7adc2d_LivingRoom-126,train
7cb03574-4360-478a-9ad8-1e0e20c48bd9_SecondBedroom-11757,train
98d50a8c-8f9c-40c7-b306-2b282a3ade70_MasterBedroom-9415,train
4c12b98a-472b-4a5b-9941-615a3d22b960_LivingDiningRoom-5178,train
6cf680e2-ed2a-4ca0-a66c-ae25c016e7d3_Bedroom-14220,train
d6eca762-0ddd-40e3-a250-ee5928eeafa3_LivingDiningRoom-2138,train
d370c471-53bd-4027-aafb-1e611b97946a_DiningRoom-12376,train
36678f29-129a-40ef-b197-a2c3fde6778c_LivingRoom-2873,train
e1a4a544-4918-42d9-b659-c332e05335fa_LivingRoom-33448,train
8ad8bd52-f739-4021-8ad9-9e02f2cb7456_Bedroom-623,train
d370c471-53bd-4027-aafb-1e611b97946a_Bedroom-8166,train
a22895c1-7102-4701-a1a4-02faca65b6bb_SecondBedroom-45226,train
ef49fbf5-040b-48d1-9370-e6d496b8d1d0_MasterBedroom-7735,train
8e4c11a9-3c52-4708-a6ff-8172905b21f2_MasterBedroom-37107,train
0de011f0-b39c-44f5-a5b8-3bf0fb7bdd24_SecondBedroom-7359,train
c1eb2abf-bebc-4e8b-886c-2f8f660bbfc2_SecondBedroom-155582,train
f6eb3b89-4fd1-41fb-8064-4fc54194e472_Bedroom-31327,train
a390f6ea-2c8b-4e0f-8a0e-74eeed8b32fd_Bedroom-10811,train
865efbe7-e24e-4080-9c8e-dc6c52180ea6_SecondBedroom-26143,train
5f27b15d-9586-47a1-9875-075c68a95b05_MasterBedroom-48903,train
0bd1cdea-366c-47b6-a65d-ee7ccde0aaa9_LivingDiningRoom-23474,train
2befd25c-4ad6-4d8d-a817-85f69d9e1197_SecondBedroom-78718,train
bb393cde-eecb-4efc-8711-e9576791aee2_Bedroom-119,train
86963bbe-7969-4632-a379-1cd39e2a69ab_DiningRoom-14660,train
3e2a08c1-5a26-453c-bc8f-a6058ddd6952_Bedroom-55636,train
1fb04296-436f-4676-bd6c-b56fa9e31f05_MasterBedroom-15007,train
2d424221-26f3-472e-9ea1-c7c11a1fb796_SecondBedroom-1891,train
c796bf4a-4370-4430-b32d-e083407ccda1_MasterBedroom-16735,train
a74cbd87-e6cf-4df8-9007-1134ec1f5459_DiningRoom-42346,train
04684207-3d45-4d33-bd9d-0f66c9a45402_MasterBedroom-9404,train
ef543f0b-22b8-463f-9def-0bfa6cae51ea_SecondBedroom-79497,train
46d93d61-5f50-4431-b92e-9f9bd4da5b7c_Bedroom-47481,train
533de1da-215e-41c7-a79c-105de6a823fd_MasterBedroom-42449,train
e00d4702-e681-4d67-90e0-bed64fee50a5_SecondBedroom-12430,train
30157c7f-112e-4fdc-870a-2e48a372c3a1_MasterBedroom-31461,train
8e021c8e-c921-4f62-b09f-ad3cfe576d3d_MasterBedroom-27352,train
5e2a38d6-75b9-4f91-a688-a2f3141230bd_Bedroom-7445,train
531c8742-d3b6-43eb-a56a-39b620e70500_LivingDiningRoom-1744,train
4ae3d49f-5e7a-4de8-b5d6-5bfd00bf6303_MasterBedroom-64477,train
362f04f5-4219-44ef-bcf0-c557a180b70c_Bedroom-11435,train
626ec355-216b-4e9b-a010-9f4e8ac5096e_DiningRoom-8473,train
90a74103-cb2f-44fa-89e4-4381a2b63644_MasterBedroom-14778,train
619ee75c-c11e-416f-90d2-15c05721932e_Bedroom-1695,train
c925155e-97cf-42a9-9151-af24e901a8bd_MasterBedroom-9410,train
b31b4898-6395-4283-9be9-872c7559cac8_MasterBedroom-11471,train
99fd1d4c-1da6-4e4b-a469-30eaa6f5befb_MasterBedroom-4008,train
1f19c3ef-19eb-49a1-b57f-3ac0c078a4e9_SecondBedroom-37944,train
cb90b8ee-abe2-4e9f-a6ad-33413624cf82_SecondBedroom-13795,train
bee6daae-fb60-4c9f-a30f-f2c4dd8bfce6_MasterBedroom-14051,train
e93b3e34-be1b-4c2f-83f2-f055304c7c7a_LivingDiningRoom-48904,train
9f09b360-ed12-4e72-96db-d956c00253fc_SecondBedroom-2731,train
2a655d00-ddf8-4b46-a3d6-bb8c60971e68_SecondBedroom-33477,train
bab46499-2458-45be-8b65-a0e4f3b41202_MasterBedroom-6196,train
fbbcd9c7-e432-4058-94df-5861a0f8e889_Bedroom-1197,train
baceb7be-2d27-4408-b036-39ae7bdfb4fa_LivingRoom-5614,train
5a6e4200-430f-4d0a-8f7a-deb7d98567be_Bedroom-10342,train
52982a7b-ed79-44e6-bb37-f878754c07d3_SecondBedroom-46,train
b51e3da5-5d31-4511-882a-e841de457404_SecondBedroom-562,train
96a6a5e8-d185-4b3a-b78f-79298e05cac3_MasterBedroom-29432,train
fc2dadc6-b593-44f0-b1a6-843bc0eb8018_MasterBedroom-9077,train
22ab3b63-db92-4737-bdca-6aeaa111e541_SecondBedroom-11179,train
b76b3b9e-1709-49eb-a5cc-8e5b76da6939_LivingDiningRoom-108064,train
caaf690b-c16f-45ba-88f1-45cafd0a2a9b_SecondBedroom-218799,train
fd5ffce0-b4fa-432d-abc8-3f5b49eb1669_Bedroom-22479,train
4cab8354-8d8e-4200-b1cf-da003b6d6d73_LivingDiningRoom-1965,train
45c3dc01-a2eb-41ce-a395-69ebf0325ac6_Bedroom-16767,train
c9297532-14a7-4736-a0f4-1f14a527e93d_SecondBedroom-12565,train
7407dade-c1a0-4fb7-af1b-9af240f44cfc_MasterBedroom-15500,train
809652f3-1c3d-4962-90d3-737fadb964ec_SecondBedroom-16272,train
8df6c006-6c38-4c65-90d9-017a26b63d4b_SecondBedroom-964,train
542c1605-f5d0-4e21-bc49-9169ed52802a_SecondBedroom-40748,train
473f4a9e-505e-4864-9ffd-59a793b26d5a_Bedroom-6984,train
c38b86ae-e6c5-4a1f-8b52-eceb83456d80_MasterBedroom-60951,train
488518b2-894d-47a8-bb81-ac58a802d015_LivingDiningRoom-39432,train
5b7a930b-0088-421f-a3a1-f2c3e7c69751_Bedroom-69096,train
af8d354c-2b22-4af8-a35c-4d3bd37cbdf6_MasterBedroom-9031,train
a714271c-22a0-41f0-a5fc-531042f51bf7_MasterBedroom-10020,train
e56442cc-b416-44d5-87f2-95e578e52e20_MasterBedroom-33021,train
935a911c-212b-4d87-b68c-04e17a8c1fd8_LivingDiningRoom-3349,train
ef5257c8-753d-43a1-a653-ecd20ef21bfd_MasterBedroom-32084,train
228b0998-2bb2-4c11-844d-de1382aa9182_Bedroom-17082,train
22915111-742a-4bf0-8fb3-021b97bbe614_DiningRoom-1436,train
f36740a2-e955-492c-9645-c1a2e443e964_MasterBedroom-615,train
2f9fc349-3878-448e-8f34-c3660a3bf106_MasterBedroom-4381,train
ecbff5e1-39fd-4a37-acd1-e836f987a981_SecondBedroom-15800,train
3ee9fe04-c35f-4b40-bcd5-de3e4d0f8243_Bedroom-6002,train
9aea034c-ec2d-4da0-8d18-0632a5d7177e_SecondBedroom-2131,train
7696025a-291f-4b22-911b-beb13c4b598d_SecondBedroom-14817,train
025c66d0-3114-434a-a7b4-51ea83c2eaf4_SecondBedroom-32499,train
862269d5-f301-4857-90ea-df3b2d848997_SecondBedroom-8680,train
f36889f8-d94b-4ab9-9da1-46e06a27ff90_MasterBedroom-12883,train
068b2b34-52cb-4499-b33e-b777e632e4a1_MasterBedroom-12970,train
ce98e1dc-5cab-4390-a433-985fcff9b435_SecondBedroom-10070,train
d209b341-a36a-46b4-bd07-62e9ac82a41b_LivingRoom-19382,train
640cbd2f-7f51-4208-80a4-8f91308cbd1e_SecondBedroom-11035,train
a9f9debb-f5bd-46ce-9364-bf33a3659b3c_SecondBedroom-4514,train
578810bc-9d89-4852-921f-fb51ca7fbc53_SecondBedroom-6685,train
9d21c2a0-3cc4-4ce4-a926-506ed2c32a14_Bedroom-232,train
8478b032-a360-4549-80dc-1409a87f4a2b_MasterBedroom-18055,train
5c22a23d-e49c-4d31-adee-987c93eec20e_LivingDiningRoom-5987,train
0c1f82d4-6aa2-401f-ae0d-f053a024aa3b_LivingDiningRoom-248,train
e6518ae8-5905-490a-8314-7823a310f117_MasterBedroom-25765,train
733aa566-0120-43c8-afe3-ab36ae21d3b7_LivingDiningRoom-27185,train
4657306e-53a2-45b6-ac45-628f9c37099d_SecondBedroom-1977,train
23aae785-c0bc-4645-9e64-fdea78c42e2d_SecondBedroom-88275,train
1f79806e-ecb3-4dbe-a569-74164ef37d2a_SecondBedroom-11643,train
b514db66-e26d-44b7-92d8-338b17a5da28_MasterBedroom-58491,train
174948c4-2519-4d82-bb1b-7784330d2fed_MasterBedroom-7015,train
d48fd432-ed84-4e2a-9481-92ecc3e2937c_Bedroom-369,train
e7750796-5f4c-4d0d-8d32-bda89c09a724_MasterBedroom-2343,train
e41ed17d-c021-4a43-b71a-d99872106260_MasterBedroom-3979,train
814ba6f7-fdd2-4b5d-9604-9e3b682db37f_SecondBedroom-23205,train
12c54720-32c2-4634-8eac-1e2b129c2991_Bedroom-142430,train
93a20906-9d65-4541-ba47-61c7d13a06bb_MasterBedroom-10688,train
aaf31a7e-4344-4a75-aeba-2c3268c0f484_MasterBedroom-4461,train
92c1c4c2-73f3-4688-b0e8-493c94f7fbe4_LivingRoom-57772,train
80c2e2ae-7c24-42a2-8f0f-933d38d3ff9e_Bedroom-62451,train
8879fdaf-a95e-4a05-b1ae-e1bede3cb592_Bedroom-21210,train
12572a45-9432-4198-9ee6-061bee66dae4_SecondBedroom-73546,train
65663bda-5a45-40e6-a07d-c7fbd9874657_MasterBedroom-10707,train
4b95d149-431c-4f94-aa7c-2e1a8bb20599_LivingDiningRoom-4247,train
b88dadff-2e79-465f-916b-14404ffbf4a1_MasterBedroom-141250,train
3aad7ee0-e494-4a55-b296-d55005b8ebc8_MasterBedroom-13614,train
0e1191b7-83d1-44b6-99c9-66326cd00201_Bedroom-49598,train
38d3ebcf-aa8a-457f-b520-f526c2b311e1_LivingDiningRoom-74331,train
a4a6dbf2-4558-4f48-b567-392202358792_LivingDiningRoom-35492,train
eae6025c-f93b-49d3-85e5-fabd2958cbd1_Bedroom-60232,train
057af01e-97b2-46b7-9bd3-eefbdfe4f31c_Bedroom-19090,train
0d7ded41-b1f0-4696-b8d4-4a97933d269c_MasterBedroom-1091,train
57b535e1-49e2-46f0-a54d-a3e50fe9c413_MasterBedroom-2435,train
04959bdd-7862-44e5-bfce-6dbe906981bb_DiningRoom-15369,train
9105f71c-bbd1-4bc5-8b06-88057dfefa08_SecondBedroom-218174,train
1d19e06d-bbe7-4d3d-a65b-60b3fe01b8a2_MasterBedroom-304,train
2a6d5f03-79ed-4fde-83c4-1548ef7082d0_SecondBedroom-7017,train
6c482868-df60-4e35-b33d-d7e1613bf3c4_MasterBedroom-10501,train
feddc846-b266-435d-b48b-a23a4f201c3f_SecondBedroom-9994,train
2d38c33c-6311-4497-b68e-018b544912a2_Bedroom-10660,train
d0cc42a0-107e-486e-8fa1-3fd71daa8bfe_MasterBedroom-39571,train
6d5ce3ed-049e-4ca7-965a-c1cb66dd25d8_Bedroom-272,train
cb106df9-e7c5-4c0d-88bf-4c8395537e69_MasterBedroom-6074,train
a66bbfeb-dc00-42c6-b9c2-62bd75651c32_SecondBedroom-42606,train
b1b053a9-b268-4f62-a06d-b9b9325c5092_SecondBedroom-1064,train
fd9ec869-05a9-4f85-8478-d3932abde306_LivingDiningRoom-72618,train
ee2c0ae0-2f44-4e83-80ff-bffcace07edb_Bedroom-16438,train
677be953-f176-4ce7-9641-32745d188f04_Bedroom-44609,train
980a056e-a3ed-4074-9a3a-8cc4dbe32a6b_Bedroom-3742,train
1a82a427-49cb-4394-b9d7-8ff02c42e18f_SecondBedroom-54345,train
86ee5b13-72d1-4100-a8af-0e86d7e69aa4_MasterBedroom-13001,train
95fa3378-06e7-47e9-ad11-e868fe7d41ca_MasterBedroom-13968,train
d6ff39e4-0823-4441-bc96-375d120edaf5_SecondBedroom-15458,train
0cbce4a0-0f3d-4444-830d-002a546bbf82_LivingDiningRoom-37001,train
549abbb2-a523-4004-a217-d6bab54f94dc_Bedroom-12972,train
143df637-91d4-486c-ae5a-8cb482fa1cd7_LivingDiningRoom-11333,train
fd956aea-c66d-4771-9cb3-9247f5da110c_DiningRoom-71949,train
46962cd9-1433-4c4a-ad4e-3a700ed010c0_MasterBedroom-1762236,train
503ebcb6-9815-4412-90ea-f0bbd59ddbe9_LivingRoom-472,train
e086c12f-2d1f-47f5-9676-74a53179f7e2_MasterBedroom-82186,train
8d89aa3a-27c4-45d5-b902-203088bfa427_MasterBedroom-25650,train
13e45e23-425b-47f8-8187-d1aa23dc419b_MasterBedroom-352,train
d07beff7-77ba-4f6a-b09d-f7b5e748da57_Bedroom-285,train
1e453f21-4757-48c0-9a50-6ffe47ef9925_SecondBedroom-100695,train
13a2bf30-781b-4328-aa2e-47a78ffedfc8_LivingDiningRoom-8606,train
75b28f63-bb61-4818-a1d3-0d23ac89be5c_SecondBedroom-17587,train
26771dc0-2868-4ef9-833f-36d046a91df9_SecondBedroom-30951,train
d33d3c64-330a-43c7-ab6f-059d2844d6a0_MasterBedroom-4588,train
e120bc58-b9de-4d01-8d3c-3ef645ff025f_MasterBedroom-3995,train
9dc08332-0442-4e9b-975c-7c1b336d8d31_LivingDiningRoom-5774,train
76347b63-6e7e-419e-89b3-0fa82279515f_SecondBedroom-44122,train
8c6a8080-463d-4edc-b775-8b612c2bc27d_Bedroom-1397,train
da2f593b-765f-4e30-bf6b-9b5545c88f80_MasterBedroom-14382,train
109a8e42-f7d7-4893-8262-f2030072b760_MasterBedroom-34310,train
f3777947-bb99-4cca-b0e7-9992c971ad87_Bedroom-10003,train
4dc7b28c-95ea-44c5-b222-6f0979ffdbbd_Bedroom-41872,train
0adfb786-3070-498b-a0a4-ed7b9b050931_MasterBedroom-12988,train
101f128e-c2de-470d-8956-8d61031ea68e_Bedroom-14771,train
f2773a3a-b8fb-4b98-8d6a-be6de57103ee_MasterBedroom-13482,train
d6a8a0b4-7468-44bb-8268-7db948055a4b_SecondBedroom-26049,train
881ca3a4-592f-4e86-8dd8-f95513165c94_LivingDiningRoom-10479,train
77f6da2b-12c1-4dcd-bd87-70a4a28c1cf4_MasterBedroom-7393,train
50526848-e51d-48e0-bb9b-3c5c90d76c4d_SecondBedroom-13085,train
38330463-78e6-4d25-bd89-9daf92d0cfb9_SecondBedroom-22370,train
66ec97ae-5863-4444-9492-6856cf9ea710_MasterBedroom-59979,train
228237d8-0328-42e7-af23-e400fe003092_Bedroom-36219,train
3f00a056-ba0a-467a-9565-0326eca9cc5d_MasterBedroom-87312,train
4b1513de-23df-43b3-866f-ef10c1c09d58_MasterBedroom-13936,train
f91f3891-f90c-43e4-a343-c7c2922badb9_MasterBedroom-6588,train
c992fea1-7f87-4397-aa40-ca8e0e30a936_MasterBedroom-44999,train
2a6c3151-0e15-42e4-878a-e890e9a9d946_MasterBedroom-11867,train
4786f6aa-41fe-44fc-a3d7-37843334fd4d_Bedroom-34622,train
c79ea3a9-687f-4db2-807a-0b7a85714342_MasterBedroom-2601,train
c36bebbe-ba39-4667-9507-8899d50b9e87_SecondBedroom-8364,train
ec1d45dd-4935-490b-9c2b-f6caf4261d82_SecondBedroom-6548,train
c1575512-d8f9-4d74-a8d3-fdd840f0d9a9_SecondBedroom-6191,train
e2f3aa79-e130-445e-8773-b697ab77d9b8_MasterBedroom-45873,train
120e3c35-05c5-40a7-b92b-1abbd5592026_LivingDiningRoom-35947,train
fed3d417-97a3-44e0-ba86-b76c71672dc4_LivingDiningRoom-15471,train
3d848cc4-94db-4a9e-b592-b78bc13ed199_MasterBedroom-14654,train
728e0c2c-98f5-49dd-8947-7f1a37c8887f_MasterBedroom-11259,train
4bb9db06-ef22-45ff-ab61-398469d8dbea_LivingRoom-26266,train
86669bea-46aa-4a87-96f5-cbbe054e6d08_Bedroom-19737,train
857cd64e-778c-483a-91e4-16f2a2cc774e_Bedroom-2671,train
228237d8-0328-42e7-af23-e400fe003092_Bedroom-40470,train
fba48f02-1ffc-4328-b877-e53c3716ec18_SecondBedroom-29858,train
d25c96c5-d328-48d1-84f8-ea4ee5207a72_SecondBedroom-11596,train
74e9a688-df21-44c4-a4e1-a57081a62bc0_SecondBedroom-78413,train
3f4bdfd2-1c63-435d-9482-6dce589f6a5f_MasterBedroom-22801,train
785aec91-b165-4561-a384-1a191e6690ba_DiningRoom-107223,train
79f53548-011d-45c7-bb97-1bcfc60abbaa_Bedroom-8289,train
6c00f5fb-76c7-4820-95d5-5e9e343d8bc0_SecondBedroom-738,train
08cfec4b-56a0-43f0-8428-e31c210d8c6c_SecondBedroom-27997,train
8f39ace2-169e-4949-8fa0-08b22342f58d_LivingRoom-12271,train
64cce374-230b-4fe2-8240-69f81c8cfb33_LivingDiningRoom-19646,train
5140bbfa-680e-4a3d-904b-e6b4a4dd9d79_Bedroom-2662,train
a477867e-24da-45e5-b57b-aab7de1c1623_Bedroom-2165,train
a1c9fc91-973f-4369-bc65-99c7e59e4b3f_MasterBedroom-7143,train
d65ffaee-7fb8-4163-8a5f-594ca4daefc6_MasterBedroom-3579,train
103d8063-fb69-4029-a3e5-a3ded8ca728d_SecondBedroom-68353,train
18bc0787-1a02-44a9-921b-f75bbbf65b9a_SecondBedroom-106044,train
06d755fa-1beb-46d1-bc70-31227fdd6045_MasterBedroom-6295,train
68e20f2b-e004-4767-9eac-6d3e4d63ee80_LivingDiningRoom-101134,train
ccb37ec7-dd9b-4f64-b349-a552e43673b2_SecondBedroom-16748,train
b8c9c3ae-2aa0-4140-b7cd-8578cee5b571_MasterBedroom-1244,train
3bdc611f-0626-4f7c-bb3d-1907ce0c7cbc_SecondBedroom-13950,train
905ccf24-697b-4bb5-8c53-def619d16327_LivingDiningRoom-6844,train
1fac355b-d197-42b9-ab5b-0184d712a0ce_MasterBedroom-16919,train
e1beeab5-1299-4241-95ed-2843243e9a2b_MasterBedroom-1199,train
47f0a907-5b60-4511-82c4-9f56aa4e1010_MasterBedroom-28784,train
43907bbc-4b39-4f1a-8747-3287c8bce690_MasterBedroom-48054,train
f82d44c6-df98-404b-870d-b6f378d2151e_MasterBedroom-5362,train
fde0fdcc-7a6a-4e8f-a1bd-ff10cbb09b29_LivingDiningRoom-61187,train
057af01e-97b2-46b7-9bd3-eefbdfe4f31c_LivingRoom-20951,train
55edb089-573a-4701-9290-1ed05a2590e4_MasterBedroom-32242,train
62a36664-15ed-4930-839a-0964bdc11d45_SecondBedroom-1443,train
32b648a3-a703-4639-ab84-deb1da43793e_SecondBedroom-3549,train
a630400d-2cd7-459f-8a89-85ba949c8bfd_Bedroom-1912,train
5bd22e7d-960b-4e14-93bd-f955001f799e_SecondBedroom-5468,train
7e61cbde-bf28-4e5f-8595-867906134d5a_Bedroom-3307,train
9cd2228d-11b3-4ea8-b004-f916ad632e1a_MasterBedroom-7936,train
f419f189-23f4-42f6-89c1-838f09191f87_SecondBedroom-27136,train
bf1f9223-5235-4860-ae2a-c59177e35fff_MasterBedroom-18854,train
174948c4-2519-4d82-bb1b-7784330d2fed_LivingDiningRoom-7707,train
f39d32b7-b0be-4c78-81e7-3568d573035e_Bedroom-21954,train
2024f6da-9111-4685-b98a-04d8b262003a_MasterBedroom-42805,train
838bdb43-9217-4b8b-a6ea-340a256cca0e_MasterBedroom-71742,train
b77fac8b-d1a7-4444-ae6b-5fd394a82535_Bedroom-12028,train
d253d879-a5f7-436f-b617-24207803b871_SecondBedroom-22936,train
bbfbce07-fd71-4e7c-a40d-4eb3a9bb70d2_LivingRoom-3217,train
c69b9977-decf-4f27-b1eb-da633f72cdae_Bedroom-13655,train
cce3fe83-2d9a-4ac9-9e93-f9b687f1ae51_LivingDiningRoom-54045,train
89b6e11d-a814-4339-9140-4a2a4206a84b_MasterBedroom-89427,train
333c205b-df97-4ff8-a657-2314392bb5be_MasterBedroom-5794,train
30f12fbf-3033-4c68-878c-497d0251b75a_LivingDiningRoom-58272,train
86b8d631-2312-4e2f-82f7-de19d29a5f39_Bedroom-22495,train
82139c38-28e9-4c1c-8c59-eaffa520c98f_SecondBedroom-120097,train
35c715da-b871-4059-8115-7d06e7395a54_LivingDiningRoom-9340,train
abc63a60-6190-47f5-a331-12f2d90bf8b7_LivingRoom-41316,train
62e9d3ab-899d-40b0-86e2-a6468e9de575_DiningRoom-442,train
97089e6f-2c65-4a2a-96cf-6841c0a238f5_SecondBedroom-65077,train
5050ddf5-f2db-463d-9b3b-148b57482892_LivingRoom-35924,train
08f49426-b0e1-4524-b1e3-d004b2523a39_MasterBedroom-8333,train
60e6bf2e-0c25-455c-9f53-ccff3034be5f_LivingRoom-1698,train
cbe422ce-66fb-43d8-b546-7ea428c6972b_SecondBedroom-115910,train
d235526d-92b4-4bbd-80b9-0d5f277676f4_LivingDiningRoom-12577,train
0f13029f-8c56-47d0-b23d-639738301ca0_MasterBedroom-135740,train
a5efdf8a-2480-4453-a958-3218e5929d6c_LivingDiningRoom-7999,train
dba186ea-8a71-47c2-a88f-5c2ad23b7a7d_Bedroom-3456,train
76a2dc69-14be-41d5-ad13-306d09cdd47d_DiningRoom-46577,train
86bd6c59-e949-41d5-a944-832b67e3d763_SecondBedroom-8913,train
67b26a1f-a7d2-4c9b-ad51-3caa25c5ce4e_SecondBedroom-20724,train
103aa1f7-93f7-41d7-8f19-df5c073a4d87_MasterBedroom-110156,train
2c324317-0e3e-488a-a456-37fcd2cd90df_Bedroom-88515,train
878a346d-66ea-4807-8ee1-ce1bcc9080fa_SecondBedroom-5641,train
7b5eeb04-1392-4e97-b773-45e964e0698f_MasterBedroom-8245,train
bb755eb0-434b-4805-9d28-214380ae6a29_Bedroom-15841,train
e68e32cc-4817-4f5b-9faa-01f48e210839_MasterBedroom-39086,train
b741b776-33dc-43b0-b33a-2a488c920045_LivingDiningRoom-50574,train
1498c6cf-a99d-4558-bcc0-171ff8cc427f_SecondBedroom-59406,train
5e60dc5c-7541-46ee-ba0f-6524fe05a00a_Bedroom-23278,train
fcc5e685-aab1-42bd-aaa7-9167d58f63d6_MasterBedroom-4746,train
3e038beb-1cf4-4a16-8775-cf225873aca9_LivingDiningRoom-8049,train
3bb5bb6d-b566-4218-bead-cba9a146413f_SecondBedroom-20466,train
c6c726a2-8051-48ee-b099-edd487682340_MasterBedroom-20096,train
aa772832-5eb8-4470-9a7e-39f965b45060_Bedroom-2916,train
53992538-a81a-4f27-ae40-f743549c0325_MasterBedroom-6344,train
787e7cd0-14ab-420d-8862-b1d45ea47725_SecondBedroom-30126,train
23332f94-e456-4e6e-b308-aa13e69b9c47_SecondBedroom-11204,train
5f86c744-15af-4c99-80ef-b3608aadbf1b_LivingDiningRoom-37641,train
5d8f96db-9043-4356-93c8-4f3198ceba34_LivingRoom-5161,train
c22b8f01-a606-4b65-a964-79be4c0036a0_SecondBedroom-1060,train
532db1c8-603c-4921-bf67-822b142eb500_SecondBedroom-22112,train
015ed8e0-35dc-41ab-9a9e-b3dbba4ec64a_SecondBedroom-33375,val
2882c0c9-cf09-446e-83b3-9c0fe19601f5_MasterBedroom-54753,val
cd47dd5b-277a-4c26-85d3-c679bbd494a2_DiningRoom-29434,val
22ff7a9f-b05a-445f-9b6d-61fa00adcf09_MasterBedroom-12040,val
205197ab-2552-4466-aa07-fdb2beb1f7ab_MasterBedroom-6399,val
d1200595-8df1-4758-983f-8b8ba63c25f6_DiningRoom-22339,val
c1877e6b-8428-480a-997e-cc81e6139023_Bedroom-50382,val
2383a24b-483b-4011-87fb-8e2c89202f78_MasterBedroom-12108,val
d25c96c5-d328-48d1-84f8-ea4ee5207a72_LivingDiningRoom-14386,val
0552c9e7-d3cc-4546-9952-3486cd6c0ef2_MasterBedroom-333,val
bbed00a6-d2e0-4f55-a5cc-09db9e3dd6cd_LivingDiningRoom-48055,val
0c883c9f-0ecf-4bfd-8941-a41b59c636fe_LivingRoom-2151,val
b40dbb05-821c-45f2-9ae6-e02e97c70c80_MasterBedroom-16305,val
9105f71c-bbd1-4bc5-8b06-88057dfefa08_MasterBedroom-211121,val
8d29c73c-1246-4852-b7e1-d076ca22d7cc_SecondBedroom-85594,val
a7ad1a14-1721-4ecf-ab23-813defaa75f1_Bedroom-10508,val
8a557542-429f-4a17-b22e-059d8bfc3f5a_MasterBedroom-6937,val
1c93896d-54d3-4fe2-b664-1b53c134e535_MasterBedroom-8778,val
a4b4d452-05f0-4c77-b367-cc0799a1f996_DiningRoom-41976,val
c54ea712-9d13-40c5-8c18-da66837c4780_LivingRoom-16017,val
81558907-9dff-4a6d-a766-6e0748997ae6_Bedroom-2694,val
62d27fcc-a6df-477e-a4ff-e8687eae2b15_LivingDiningRoom-13259,val
151777ef-6113-426c-bd88-335a9718c75a_MasterBedroom-8750,val
54f911eb-26a7-410f-b212-185745f55515_Bedroom-22018,val
dcde79e6-63d3-4517-9766-0ebc45d8b678_MasterBedroom-25568,val
935075cb-fbaf-40e8-837d-b5288251ccbb_MasterBedroom-29514,val
966e4e61-c119-4588-9c25-88270a9ccc62_MasterBedroom-101566,val
007e1443-462a-4dae-b47c-44cfc6a5a41d_LivingDiningRoom-268,val
bab46499-2458-45be-8b65-a0e4f3b41202_SecondBedroom-9812,val
15e31e17-330c-4904-98fd-210770901565_LivingDiningRoom-10484,val
5150b934-a2fd-4afb-b738-b6a20703d00d_MasterBedroom-6537,val
ffa6f9b3-4a73-435c-996a-f780833e77e1_MasterBedroom-39095,val
09133ad3-fcbd-4cdc-9dae-331bedc50afa_SecondBedroom-6135,val
0fce6b35-d0d8-4a85-a784-e877e659ebc2_LivingDiningRoom-1991,val
5a74379c-00fc-4e6b-8641-e577a8f0bcc2_Bedroom-27855,val
2ef0b2f0-4df2-4bc3-8312-f378e49d89a7_MasterBedroom-16935,val
9d21c2a0-3cc4-4ce4-a926-506ed2c32a14_DiningRoom-375,val
7d88dbb1-ccf1-4d57-b01f-e5a889839045_LivingRoom-12361,val
4d8b6b63-f624-42c9-8442-4e7bfeb7e2f9_MasterBedroom-20760,val
69f51600-f8b7-4445-815f-55b87172c756_Bedroom-24655,val
d8907ea3-971a-4185-b7be-fea64b47a60f_Bedroom-3801,val
2c55e5c8-0ec5-4f98-b0cc-1c6dd0418815_MasterBedroom-13916,val
82c830e5-5bf1-4f4a-be30-9c6d47c6af2b_SecondBedroom-28302,val
6781a219-c0f0-42b0-8c40-4ef700a5dacb_Bedroom-2636,val
45d95f40-c4c6-4fd5-8e0e-f9b26cb0e04f_SecondBedroom-2049,val
c23b1aa8-3e99-4598-8171-7f10483da1c9_MasterBedroom-106127,val
5952a518-03dc-40f1-8990-89a0b312e0f9_LivingDiningRoom-837,val
db5e0c75-e464-46b8-8d87-a0bafe9fc137_MasterBedroom-54086,val
27c7f794-45cd-48b8-a5fa-78f8780131f7_SecondBedroom-38398,val
cfa7ff85-8109-4ff4-9b06-c2d64224b3d5_MasterBedroom-25619,val
643838f2-8b84-496c-9bee-4c6b82a2fc9d_LivingDiningRoom-76810,val
5e024c0f-0bca-4074-ac77-4b72a7629d0a_MasterBedroom-1069,val
61b7fad2-bbac-4728-a5e1-c574cfcf14e6_Bedroom-35225,val
21bce930-fd0c-4ef3-be2d-6cdd5bb3a8c7_SecondBedroom-8820,val
8c57175b-106d-4aca-aed5-be16cf15d7e7_LivingDiningRoom-42284,val
2b1ad3e7-91ce-4447-a950-656a6204d756_DiningRoom-154097,val
ed9eb96f-9366-485c-aa68-2512ab380096_MasterBedroom-2721,val
9432d96b-5e6d-4a93-a395-48894ad49bfc_LivingDiningRoom-10892,val
ed3b3a65-f3b1-47d8-9310-593f30c66bc8_SecondBedroom-39696,val
789015e3-c63f-4bf9-a557-3a3cd6867a83_MasterBedroom-6127,val
9a26b2a5-3a4f-40b8-93b7-dec4feef5f38_DiningRoom-4628,val
aa7fc990-0ab9-4fcb-ab9a-5dc1e29ed3b3_Bedroom-91204,val
dc52d387-0a6b-4ee1-b939-4b4f529665ba_DiningRoom-17262,val
bfcffd0f-0a30-45d7-852d-f1fe1f77fed4_MasterBedroom-2171,val
145a8dee-2950-4483-90e6-36e70fec5c60_LivingRoom-4460,val
3332e155-0105-4d97-937a-b7a64daedb40_MasterBedroom-71406,val
5314ce59-d69e-4471-8ca4-bd418e06fcda_SecondBedroom-31129,val
7534aaa5-254a-48dd-a5d8-b13432bb0217_LivingRoom-43168,val
d71ccf98-e923-4134-8f7f-d831838b614e_Bedroom-1838,val
41cc9bf6-a51f-4c28-92f8-98e7a2fc6136_Bedroom-1971,val
4b34d274-a89f-438d-aae1-1867f8e25e61_MasterBedroom-16874,val
ffa247bb-94fc-4f11-abb5-5681b09d1d81_MasterBedroom-37428,val
aa8112cc-d57e-4a9f-a425-d40e7d114b08_MasterBedroom-34727,val
5a8a69a6-6c69-45a2-a0c6-75693d542b4c_Bedroom-30450,val
23a5fa77-0aa5-45f4-8399-3265005b1def_Bedroom-102143,val
f29e10da-f170-43c5-b03b-0f1d88149c55_MasterBedroom-1667,val
0003d406-5f27-4bbf-94cd-1cff7c310ba1_LivingRoom-54780,val
4b1513de-23df-43b3-866f-ef10c1c09d58_LivingDiningRoom-14482,val
f18b38d2-6253-4593-b715-8ad6f55ae549_SecondBedroom-13296,val
5d522173-3fc1-4964-898d-48ab76e67f4d_SecondBedroom-10509,val
8aa48f09-0a0f-441c-b19c-6795de7e346b_MasterBedroom-9881,val
19c91c8f-02fc-44d9-b275-84c32f0572ad_SecondBedroom-266050,val
731f15a2-adb8-40d5-ba2f-0d32707bc60b_SecondBedroom-49533,val
55c71d40-878a-417e-bbc8-ab1a0b9004bc_Bedroom-77815,val
9f465ca9-cb35-4b6e-beb4-fb73a86d4656_MasterBedroom-1966,val
3ba16a91-d753-4a16-a316-12f29948cef9_Bedroom-5699,val
8cb25305-b65d-46b7-bf85-34604674d5ab_LivingDiningRoom-8968,val
423a87ad-9f80-426b-8faf-9015764a0978_MasterBedroom-30716,val
416f3a24-3c1b-4c05-baa9-dd26451e6401_LivingDiningRoom-37172,val
fb6b040f-414d-4816-977f-c680acb29da6_MasterBedroom-22697,val
8115c36a-f798-4ed7-82c0-7f67a7888fbf_SecondBedroom-1001,val
9a0486c5-58e8-4a77-99de-9c4ea78d39d3_LivingDiningRoom-9632,val
3bc6c458-c350-4da0-a441-c882bbb05731_SecondBedroom-16096,val
90a74103-cb2f-44fa-89e4-4381a2b63644_Bedroom-14888,val
2b7bdb1f-48bf-4987-a420-b3887e7c4a2c_MasterBedroom-24725,val
a5a45951-673d-40c0-a092-e75bcb5d7d36_SecondBedroom-14102,val
09d742d0-9e99-4e31-ac3d-ad1879cf691b_SecondBedroom-9342,val
e06680c8-236b-4b45-ba63-d20d17e2e019_MasterBedroom-34104,val
bcd72137-7c98-48f1-ab1d-8b79e5f59864_MasterBedroom-107126,val
0c1cea01-e28f-45dd-87df-6f906054c364_MasterBedroom-21392,val
ffb067ad-cf9a-4321-82ae-4e684c59ea3e_LivingRoom-53948,val
7a3dcd72-1be7-4281-8583-2b1b21c277c3_LivingRoom-3401,val
c3c2b237-b863-436f-b66d-27bf5d0ca927_SecondBedroom-104672,val
29d13cd2-df94-4a2c-b690-725301e3f32a_MasterBedroom-53935,val
6799c7da-4248-4fa1-9d6d-c8acf521a414_LivingDiningRoom-13177,val
9f524658-1955-42a7-a344-eeb240b23267_MasterBedroom-103288,val
eff72f0f-049a-47b3-8685-b1b6af535435_Bedroom-17592,val
836eac3f-e90a-4cc0-8b70-eb56947c9bde_SecondBedroom-33263,val
81cd1f33-a6e7-4ff5-b0ae-f132fd8ded6e_MasterBedroom-14388,val
55f96837-a873-45b3-8feb-6c25ae7991d1_MasterBedroom-142285,val
05330649-da43-4dfc-b5b1-f27272b15259_Bedroom-5403,val
41102cdc-f833-4edf-8d5b-4dcd24607969_SecondBedroom-15642,val
0efc2789-0d3a-41eb-adc7-6db4f8713070_MasterBedroom-617,val
48812187-9207-4686-9f6e-e8e1e97eeabd_SecondBedroom-8840,val
7b5eeb04-1392-4e97-b773-45e964e0698f_LivingDiningRoom-9744,val
fe174e21-5e11-4004-8347-f4e5e2e7b30c_SecondBedroom-16460,val
948706ad-3044-4ac6-83d4-b350e62d299b_Bedroom-33100,val
c1877e6b-8428-480a-997e-cc81e6139023_DiningRoom-53897,val
3080f4d4-c02f-4a2c-82b0-d24677fd59a9_Bedroom-28795,val
20c675c6-5b9d-4f74-84af-adbe03e6897b_MasterBedroom-18435,val
be433977-0fd3-4977-858a-88342e985d8f_SecondBedroom-81247,val
df2c4d5d-b540-4995-8dcd-280638bfef47_MasterBedroom-6118,val
afd1ec15-5319-47dc-b558-b6a86d448982_MasterBedroom-31474,val
b8c79259-df95-4696-9a1f-b929d9fedcd9_Bedroom-25940,val
f7f1f448-8a7e-4b56-935b-83ab1d524a71_LivingRoom-20330,val
a92d096e-20d4-4426-95a7-ada1d9f309ab_Bedroom-1892,val
83159087-2f7a-44ac-a0ae-76485750bfe5_Bedroom-39186,val
37148fed-ae60-40b4-a86e-1bbe500862a5_MasterBedroom-7154,val
f034b396-40ea-4ece-ab94-e07445475fa6_Bedroom-12169,val
71afc86e-1261-4c9e-a2b0-59e0811180e3_Bedroom-2685,val
12329142-9d6e-4957-8592-4d156a454bab_MasterBedroom-18415,val
2a6c3151-0e15-42e4-878a-e890e9a9d946_SecondBedroom-12408,val
8458bf29-9feb-4dc2-a804-bb2f7b9be0b6_SecondBedroom-58083,val
c9b3ee78-9e2f-4634-b5fd-b7a0686a511f_Bedroom-1738,val
a526e37a-fa7a-4fa1-95df-326ebdf3350e_Bedroom-1395,val
2a77be2c-c48a-4fd1-b27e-c0153673f884_SecondBedroom-14518,val
afaffb7a-d00b-4d21-8d9a-ed6df3023d70_MasterBedroom-1180,val
f385547b-42fa-485e-bc25-ab752182db10_MasterBedroom-22837,val
fe94c17a-ba89-49ae-91e1-9173ded16545_SecondBedroom-130646,val
531c8742-d3b6-43eb-a56a-39b620e70500_MasterBedroom-17461,val
9178e733-092a-49e5-a900-b375d6a68dd1_MasterBedroom-17329,val
e44ef7e0-ff39-4430-9f37-15cec7c72ea1_MasterBedroom-365,val
3302e0fc-33e4-47b4-8303-88616dca641b_Bedroom-6144,val
4e112013-af55-4fc9-8603-b9690b1e3a64_MasterBedroom-50869,val
3ec24496-80f4-4ea1-b889-b3cb902d2a47_SecondBedroom-5466,val
c4e93e2a-3b1d-4c3c-8a94-4cebc91e4eac_MasterBedroom-14739,val
8ebe2792-a8af-4d4a-be92-edd3c88ef278_MasterBedroom-22686,val
5c6bb298-db40-4838-b417-ad0979f8e990_MasterBedroom-40355,val
908633f6-545c-4016-a2e7-f334120ac392_Bedroom-8646,val
3c29e2e4-4b96-4124-91b6-00580ba3414d_Bedroom-67985,val
da41c0e0-e010-4fd4-a54b-e884e29d8e18_LivingDiningRoom-476,val
1b7d49e1-a3c0-4138-b865-c0a897903500_Bedroom-275,val
c7a0a8db-3f0b-4de8-8ed5-6e3a8c028814_MasterBedroom-9614,val
708e5eed-9b7d-428b-9e1b-022541261d21_LivingDiningRoom-176519,val
06c02177-67dd-449b-a778-50d41946b95b_LivingDiningRoom-173006,val
aea28264-2cb8-4875-bdd2-073fb12c83ac_SecondBedroom-33345,val
305d3251-8f1e-4cca-9227-011187146d89_MasterBedroom-69048,val
ecdbeecd-1c5e-4605-a682-ca1085fd0721_DiningRoom-12178,val
4b2324a4-5910-4719-b6dd-b47d20b6b06d_Bedroom-160646,val
8c6a8080-463d-4edc-b775-8b612c2bc27d_Bedroom-1658,val
3e9c8a6e-dec6-4002-a1b9-7d1f95e14977_MasterBedroom-8571,val
0dd9e55c-dac2-4727-b8a1-f266fd11c987_SecondBedroom-17251,val
473f4a9e-505e-4864-9ffd-59a793b26d5a_Bedroom-1705,val
689da5dd-edaf-4ec7-9a11-ca7cd548bfa8_SecondBedroom-39441,val
2ea5c247-dd92-4e06-a1c1-3cb9ee376c13_Bedroom-766,val
dd4b29cc-4003-4881-99b4-0c762de73d5f_MasterBedroom-4877,val
91e19c05-929c-416c-99c9-9d5ed3b6393c_LivingRoom-10294,val
9ebf1a86-1279-43c5-b5a5-00ca1424aeaa_MasterBedroom-50979,val
370938e1-1b18-46cb-874d-a23ceeb0cd1e_MasterBedroom-13327,val
e2104869-2823-4736-9e92-bc25fd7c9502_LivingRoom-39485,val
3d47d5ba-5b4c-4f9d-a5cb-bc16dc65ca44_DiningRoom-100009,val
9818c527-02e7-47f1-b816-83fd72177a96_Bedroom-65752,val
708218c2-ff5f-450f-9a8a-c82e6ad896a9_LivingDiningRoom-32452,val
23444087-afa2-4072-977e-ae4d446a727c_SecondBedroom-4739,val
f16b70be-bcb5-4845-8b84-82b2e5b9b3cc_MasterBedroom-2768,val
fd2905d1-64c4-4550-a118-3a5a9881c093_MasterBedroom-24714,val
532f51b0-9e98-4f27-9bef-8d8726fa8161_Bedroom-32636,val
e1b50a25-5422-4307-8b9c-24ad0bb8d8bc_SecondBedroom-24878,val
0b6a7b14-07ce-4276-b2e7-a17d9e0b7a9d_LivingDiningRoom-2954,val
47b97fea-9b61-4047-a9b5-6d03faa8b7d7_Bedroom-4530,val
c7e26be6-3639-4da2-a56e-ca741a367249_Bedroom-18862,val
f73285cd-a1f5-4c2e-a319-136013991487_DiningRoom-16563,val
3cb92d64-e832-4c05-be86-a286b92a1ac6_MasterBedroom-8229,val
1fac355b-d197-42b9-ab5b-0184d712a0ce_SecondBedroom-22054,val
9e9c7c48-a631-4ded-a271-7dd697faf0dc_MasterBedroom-1615,val
8563478a-b3c7-482c-850f-910502fd4e6a_MasterBedroom-41181,val
a8b4f748-b37e-4037-afd1-c245833ef11d_LivingDiningRoom-45776,val
151777ef-6113-426c-bd88-335a9718c75a_SecondBedroom-8873,val
c83c564f-ceb1-4cd0-b171-7eb26a283b24_LivingRoom-6982,val
3bcd937b-c084-40c8-9d5b-adf7ef20f842_LivingRoom-32091,val
e43620b4-b1d6-4e7b-9e87-cf4835a91370_MasterBedroom-20402,val
57b535e1-49e2-46f0-a54d-a3e50fe9c413_LivingDiningRoom-2729,val
c84945ea-5844-42e4-9049-3685b127bd22_MasterBedroom-1369,val
5839632c-bad1-4129-865c-342a3b72ec92_MasterBedroom-52003,val
0d7be408-9e3d-4f68-8422-5aa2069ccdb2_MasterBedroom-27127,val
258948d9-50d8-4c90-a6f4-d9d1072e45bb_SecondBedroom-9070,val
14d51b10-6120-4370-acdb-fe94baaed5a2_LivingDiningRoom-11608,val
d8cf6893-a2fc-4f7b-b6ee-ebaba19c7518_MasterBedroom-25203,test
7b8b173c-2354-4bdc-9321-93ad43796020_LivingDiningRoom-49915,test
5e00e9df-d996-4b30-9137-4d39bf1ea713_LivingDiningRoom-162404,test
0e3f92e0-8f04-4643-a737-23603f438e68_LivingRoom-1951,test
8442cc57-83b6-4c2a-b7f3-ed7cc2780098_SecondBedroom-18194,test
876b4ae9-721e-494c-9fe6-e7ae55467300_MasterBedroom-149108,test
360e8f1f-c0cf-40b7-892a-2d4d6c76561b_MasterBedroom-10472,test
a63260de-8b32-4b9e-a593-0be2a647ed63_LivingDiningRoom-5444,test
e37ef24d-fe80-40e7-a744-51122067af5a_Bedroom-7518,test
bbd52bbc-166f-4256-998e-a35f3f924f70_LivingDiningRoom-14966,test
becd7f2b-1039-4346-aacb-8d9962f5e0ae_Bedroom-74627,test
13a27655-e337-4846-af2e-ebabfb631742_Bedroom-362,test
67eca9c0-703e-44ca-b59c-3490e439bca0_MasterBedroom-11391,test
4abcb667-c57f-4d8f-940a-d964152329d5_Bedroom-11746,test
50efaf87-0d30-4ace-9cba-19c04f464b62_MasterBedroom-12928,test
fbd8335f-0637-42e3-8d89-dc96d4651ac2_MasterBedroom-3684,test
f623fc6b-ed49-451d-9858-85a3c1091631_MasterBedroom-21792,test
474b594c-a474-48fc-bcc3-f9df10f63bb9_MasterBedroom-15002,test
0c537cc6-59c6-46d1-a865-f5424003bc48_LivingDiningRoom-270,test
a3793c44-f933-4356-84df-578a26e4cd33_MasterBedroom-7269,test
d9258405-b80f-489c-9cc7-41679420d0b6_MasterBedroom-32770,test
09389527-fe13-4cc0-841e-c5e21d1aef0a_MasterBedroom-40236,test
d36f79ba-3eaf-4cc2-b3b0-87c7e0d0775c_LivingDiningRoom-20731,test
167cd3f9-810a-4d7e-b4a6-1ad0555bfd71_SecondBedroom-103441,test
1ca5a85e-9cac-41a6-b47f-bada85ea706f_MasterBedroom-10862,test
935c15ae-f9e0-41ea-a91c-54bf019bb290_MasterBedroom-25729,test
c0c31d78-501d-417b-8d81-da40f3067a68_MasterBedroom-9819,test
8504e027-78af-4833-b36d-2ab919e84ee2_SecondBedroom-16638,test
80261497-c204-4078-8155-a0a435138c70_Bedroom-9593,test
becd7f2b-1039-4346-aacb-8d9962f5e0ae_Bedroom-73620,test
c360d758-8dbf-4d82-9afe-d71135c13c7f_MasterBedroom-22904,test
0ad5052c-bae4-41ed-ae58-e82c4ab63d6e_MasterBedroom-257118,test
f451b16e-3457-41e1-8f08-b56265549833_DiningRoom-14049,test
8360c9a4-f5ea-461f-8a0d-278ca17eb5dc_MasterBedroom-129464,test
0987e7de-3d71-491d-a89f-ecc74212a93e_SecondBedroom-11322,test
4b3afc35-94ce-4154-ba53-dc10e83bde73_Bedroom-8008,test
09e6ca5d-7f96-4ee2-9a27-ecacf0f69b65_LivingDiningRoom-2258,test
d107a97a-ee01-413c-8df1-d8be5873b02c_MasterBedroom-31445,test
f9b500af-25f8-4d88-ab0d-f36dc3e765b8_SecondBedroom-99450,test
c4e93e2a-3b1d-4c3c-8a94-4cebc91e4eac_SecondBedroom-9386,test
dbab9e2d-87df-4c2c-b9b8-612f5b14b28d_Bedroom-89669,test
1cf13668-24ae-4095-9983-634d71d5e065_MasterBedroom-43761,test
e5d0d4f7-dff4-48dc-982d-0a4bce850a39_SecondBedroom-17932,test
91dde31a-632c-4353-85cf-b36a2c6c0be6_Bedroom-923,test
168c24cf-f3fd-41bd-b5f5-348edb6358c7_Bedroom-13645,test
885b27c2-0224-47a3-bd0d-5d1bfe2c164b_MasterBedroom-58885,test
4fcbcf8c-3e21-45a7-aa3c-c2a879f916b2_Bedroom-559,test
6c294141-0ec8-47cd-b1cb-102d60dc252c_DiningRoom-55362,test
5e004059-c7c4-44e2-99bb-93f7ec7b5b46_DiningRoom-33907,test
f788d318-0f9f-4c95-9aab-41d9878998c0_Bedroom-10012,test
eb29ee2c-5f25-4dbe-965a-ec1c07904585_SecondBedroom-535020,test
54f2ad1d-ba3f-4c61-a8b3-68bc90ae15b9_SecondBedroom-25677,test
198eb9ec-9059-4e26-958e-dc8fb8187713_LivingDiningRoom-15286,test
2615ddc5-6763-47c0-84a9-b2fe790662c2_MasterBedroom-537,test
b9c1aec3-a600-4084-908a-c351c423a357_LivingDiningRoom-19374,test
1f035474-4470-4bb1-b208-0d9339c23c2a_Bedroom-6915,test
799c9b05-8901-4113-ac72-b268bc542a13_Bedroom-9508,test
b0fe48b1-d6b1-4854-ba04-111d22289522_MasterBedroom-13658,test
92c1c4c2-73f3-4688-b0e8-493c94f7fbe4_SecondBedroom-57682,test
2882c0c9-cf09-446e-83b3-9c0fe19601f5_LivingDiningRoom-57605,test
decb93da-ff77-49c3-9cad-fbb3596d36e8_SecondBedroom-11739,test
5b548a2b-4e7c-4d2c-9655-c54818ffe934_SecondBedroom-27519,test
63f2541a-7330-4214-a2a2-88e8f7613a10_MasterBedroom-5836,test
0ff98ee4-0807-4300-b557-14236497bdf4_MasterBedroom-23191,test
b9443b5d-de9c-4392-b5f6-1239d7a4e8c2_Bedroom-11392,test
6adb0cc9-8e56-4829-a7f0-c72dfd69afcd_MasterBedroom-2540,test
384a185c-6d2b-41c5-9f35-9b33c1aad421_LivingRoom-2328,test
185d02b3-ca3f-40a9-a981-71ecb7944538_Bedroom-18055,test
cdf2cf2f-6cc4-40a7-b8a6-e0cd078c210b_LivingDiningRoom-7674,test
95ce44ad-d993-47c9-a312-dcd325040fbf_MasterBedroom-120497,test
5e647f08-d821-4554-8598-9684ffd28f7c_LivingDiningRoom-3367,test
d6fcec54-1bec-4f8a-b945-8f6fd33d1e6b_LivingDiningRoom-10913,test
c05880a2-1426-4f4f-947a-cb0c2b43b913_Bedroom-14863,test
cf503fce-857d-4bc5-afe0-e04a1b088cb0_SecondBedroom-1763082,test
5e01911c-03ad-4654-b028-ca20c0182293_MasterBedroom-138,test
09389527-fe13-4cc0-841e-c5e21d1aef0a_SecondBedroom-39603,test
6c00f5fb-76c7-4820-95d5-5e9e343d8bc0_MasterBedroom-1073,test
62773068-a0a2-4ed0-b85c-84a9a353d18a_LivingDiningRoom-2583,test
7c5d4d55-ecb4-486d-aff4-67e910b66b9e_Bedroom-21463,test
af17e492-9278-4023-9c48-c289e819a641_LivingDiningRoom-452,test
a92d096e-20d4-4426-95a7-ada1d9f309ab_DiningRoom-4330,test
0363cf51-5e28-4b32-8a3b-68726d8da273_MasterBedroom-836,test
c5c79d19-eb16-4099-8dd4-13a3b59a9bdc_SecondBedroom-25260,test
87bd388a-3f7c-4fba-9b1e-4cceafa671f6_Bedroom-9192,test
ddc26e88-622e-49de-a9b4-d5527d23ce3e_SecondBedroom-43092,test
ae07aa05-8333-48c3-8637-0845be0fadb4_LivingRoom-1537,test
adfd50d5-efee-4d42-8457-bc1ce2707ed6_SecondBedroom-9343,test
2160a773-b01f-4521-9771-c8dcb024f203_Bedroom-4046,test
8e8db6d3-3f5e-4d95-9a23-ec6d57ff5cdd_LivingDiningRoom-4696,test
9a21209b-f836-4d36-b106-04495545481a_Bedroom-5981,test
ad2204ba-60fd-4802-b8cd-6ac2cfea507c_MasterBedroom-18771,test
96d0fed8-575a-4244-94bf-9e76cbb953d4_SecondBedroom-22467,test
f8ee1c9b-799e-4137-80ea-b9a5c240d988_MasterBedroom-4930,test
1bb912af-497d-4200-831b-be4ac6d86d1f_Bedroom-37589,test
f98c8dff-7392-45b8-abf5-81c3ca5eb064_Bedroom-3165,test
c807b9e8-cc51-46f9-9eb3-5573742f106a_SecondBedroom-38515,test
65dee4d7-0d0d-434c-a281-0caaa8e9e979_SecondBedroom-6693,test
66082784-28d9-41e7-94bd-09a72fa335cf_MasterBedroom-1979,test
29ac53f9-61fe-4397-96ae-b33522d292ae_MasterBedroom-22041,test
4a9d830e-7de9-470f-a2f5-90b7cd1c233e_SecondBedroom-6087,test
0d36da0e-6a48-478e-b1d4-d4a2adaebfb6_MasterBedroom-575,test
d4d0237f-a66b-40cf-bf85-56e11cb20602_LivingDiningRoom-57947,test
6d90a3f0-ab42-45c9-80e6-c4b3c068e32e_MasterBedroom-8791,test
43b74fcd-363a-4cf5-9bb3-4444768c589c_SecondBedroom-42190,test
987d0a4b-07d5-4958-aac4-cefaa277d511_DiningRoom-8951,test
25f3c57b-baa1-41d3-95eb-bf0b176823f9_SecondBedroom-9100,test
65968c3a-f434-4d80-9f65-f37f8d703a6e_MasterBedroom-630,test
1d3e057a-fdb4-4414-883f-b68776ee0763_MasterBedroom-38660,test
8eebb493-c733-478d-a90b-b43620d3291a_DiningRoom-61715,test
b69453bf-972b-4b3c-98c9-59832bcb945b_SecondBedroom-1804,test
da6f8be3-8783-4dfc-933a-ce95d7299c8a_SecondBedroom-17966,test
a3f5476a-694f-4539-a902-c7df89988484_SecondBedroom-592,test
09da55e8-7969-4f80-bbbf-1b4450339558_LivingDiningRoom-2973,test
9fa47876-dc0b-4cb1-b5dc-93ca194b1d87_Bedroom-40204,test
1db2e62e-6516-47da-bc4d-6469ba619d2f_LivingDiningRoom-1654,test
ac7b509e-5782-481a-a4f7-48e037c5fa29_MasterBedroom-8696,test
be762422-6294-499e-96fa-038dced9f5a8_Bedroom-74674,test
aa6d487c-ed0f-49be-bb94-3b8c13af391b_MasterBedroom-4198,test
7fef554c-fdee-4a82-a180-16dfc68f415d_Bedroom-28863,test
c9f70be8-2021-4fb1-b599-da3b4e184543_MasterBedroom-621,test
78b48ded-6abb-476c-825a-19751792fab1_SecondBedroom-226,test
e7c265f5-5542-459e-8df6-d7d7f65cdff5_MasterBedroom-245,test
a44fb825-f9fd-4e1a-beb5-da0322f81ed0_MasterBedroom-63654,test
6f1f5670-b6d8-4590-bd30-97818c3754f8_MasterBedroom-149010,test
27127091-beea-4597-807f-83a71d05b3ac_Bedroom-6033,test
1bc22c85-3159-417c-a8cb-4e3788a0a0eb_LivingDiningRoom-61800,test
1aa91215-cba7-4c40-8b37-6b21584b5924_MasterBedroom-12352,test
4a97a190-268c-4b0a-adb2-62e3eb5a29ec_SecondBedroom-35198,test
030345aa-f00e-4922-b50f-b56055702045_MasterBedroom-18203,test
2036d116-05fb-4c12-b9e9-8577f841e45d_MasterBedroom-6943,test
2c987637-94e6-47e2-829b-4816f919a3dc_SecondBedroom-8018,test
2b7bbd2f-8e66-45af-bfda-8ccec86cf64d_SecondBedroom-12420,test
5c8e6bc5-c29e-4ac3-813e-df2145b20c69_SecondBedroom-30593,test
db1bb23c-a728-4e9e-97b8-e98ffa8cb31b_MasterBedroom-40255,test
a9f95562-fcfa-4da6-bd23-d537e751d8b5_SecondBedroom-1830,test
0a77986b-5c04-41b9-8ee8-1ea301ccda3e_Bedroom-86824,test
74fa622c-58f2-4375-b6b5-684659581385_LivingDiningRoom-78283,test
d75c40a6-0d21-409e-bdba-6202979cd490_SecondBedroom-1251,test
8373d0f1-b5de-4f24-b5c9-9a087e2ae1d7_LivingDiningRoom-69519,test
95dc6d32-fbf0-4183-b09a-3a352fa0cd57_SecondBedroom-5791,test
65653285-2397-4f86-8012-17ab10f7b67a_MasterBedroom-35481,test
162ad134-44c6-4eef-9c22-bb1929486b7a_MasterBedroom-15388,test
fed3d417-97a3-44e0-ba86-b76c71672dc4_SecondBedroom-14107,test
0419bc7b-5bd0-47fc-802a-69c21ee0c80b_Bedroom-24730,test
5245da59-db94-49fc-99a3-76e3a2efcbff_LivingDiningRoom-84890,test
b1b053a9-b268-4f62-a06d-b9b9325c5092_MasterBedroom-1797,test
4d94c89f-b5fa-4649-aff1-5ae51ce0e63a_LivingRoom-12351,test
01ba1742-4fa5-4d1e-8ba4-2f807fe6b283_LivingDiningRoom-4271,test
15d435be-5acf-417a-a42b-f18f731b99d2_SecondBedroom-7218,test
a9f95562-fcfa-4da6-bd23-d537e751d8b5_MasterBedroom-2295,test
bb88ce25-613d-40b6-b2e6-5b7f505d9f94_DiningRoom-699,test
7d95196d-5b65-4180-97db-aab7af789280_LivingDiningRoom-12385,test
203f67cf-e43d-4395-8bd6-75ce85fb2481_SecondBedroom-26455,test
3f6df3ff-611d-4259-a65f-57641b3e993e_Bedroom-10372,test
a4b4d452-05f0-4c77-b367-cc0799a1f996_MasterBedroom-41884,test
a169f204-56f4-4598-878b-93c6b69d00af_LivingDiningRoom-13061,test
ce377776-581d-4b4c-807f-e63f7473e9b3_LivingRoom-276933,test
5820a6a9-14a6-4066-b431-14a8da7ef88b_MasterBedroom-34508,test
2d424221-26f3-472e-9ea1-c7c11a1fb796_LivingDiningRoom-1446,test
c5c99bbd-e9d2-40ff-b46c-43ed48e08864_LivingDiningRoom-7430,test
738b0195-666c-4e04-a95a-f667ab0529d7_SecondBedroom-22643,test
d03b14a0-31a6-4136-8e7c-d364c7b09955_MasterBedroom-454,test
320dc0a4-0acf-4880-97c5-33273d37bd93_Bedroom-21192,test
fe6dd857-df5a-4dbd-8121-e22d1c321455_Bedroom-164,test
b214afdb-2761-443e-82a2-a6720d7a0578_MasterBedroom-12350,test
a2a8f036-c0d0-4d57-b55f-f6aa5e56d7fa_MasterBedroom-12873,test
0c1f82d4-6aa2-401f-ae0d-f053a024aa3b_Bedroom-367,test
19dc4a0c-8b39-4339-9420-ab1ae4e95d48_SecondBedroom-23415,test
f03e56a7-395c-40d1-b453-3aadf7c8a92c_MasterBedroom-29025,test
f242015d-0a67-4ac7-a5ad-30199df3e02c_SecondBedroom-21986,test
966e4e61-c119-4588-9c25-88270a9ccc62_SecondBedroom-101544,test
410f4975-e3ff-42c5-975f-cd1878d41070_Bedroom-9794,test
02fb72ea-8e75-4f7b-85bd-18798232b263_MasterBedroom-40642,test
ffd98024-7200-429e-8b9a-1234a5937826_MasterBedroom-118,test
eb169c9a-318d-42b2-b629-bbacea5c2e55_MasterBedroom-32334,test
39cc2839-b317-41cc-90fe-c829d91c800b_MasterBedroom-26273,test
cb0886aa-598e-4acb-a5f9-5740e098c7e3_MasterBedroom-29761,test
02cdd750-72be-4bc5-a033-3c604919009f_Bedroom-3064,test
f50fc676-d5e4-45ad-89f8-11d789079dde_Bedroom-3743,test
9963cca3-dedd-4f39-b6b9-3674e43ae959_MasterBedroom-6180,test
7170830d-8ce7-455a-a0f5-f7a4edb745d1_MasterBedroom-13668,test
8df6c006-6c38-4c65-90d9-017a26b63d4b_MasterBedroom-1403,test
05aa0174-838c-4255-a34d-1b419365f7a7_MasterBedroom-5249,test
7511f0b9-0076-44e5-9d86-1100ce3ddf14_LivingDiningRoom-134680,test
cf969c1a-14dd-420c-8739-eda9f0705070_LivingDiningRoom-69704,test
4e8acec6-a626-47bf-8a90-053e425e6522_MasterBedroom-3452,test
df17ede9-742d-4283-b77e-8482e260c71e_Bedroom-15473,test
4ad70f20-a808-4d83-ad8f-4556cbc58760_Bedroom-604596,test
31d93b50-3d5d-4962-ab4e-d92c0249ec74_MasterBedroom-10211,test
dbf53bb3-199d-49e9-9840-70ff939e7bc7_LivingDiningRoom-2152,test
f47e91bf-c4c3-4399-9917-ac2c0d393fee_MasterBedroom-33062,test
1d4185fd-6736-4441-9bf8-f653312d7a3b_MasterBedroom-12892,test
19e48746-a5c1-4223-842d-43e28ace0f97_MasterBedroom-10107,test
b078021c-8535-4ed3-8c63-0b6109c603d6_Bedroom-16422,test
51a789b5-f6cc-4437-ba6b-bfdc41e2e46d_SecondBedroom-7317,test
e42d2cda-3beb-4996-9bf3-6d2278942239_MasterBedroom-354,test
5c337554-ee3f-4c1b-80c0-f8ee49d87e8d_SecondBedroom-14246,test
