2e173d63-1462-4df1-938a-11415d0662f9_MasterBedroom-5264,train
c7e26be6-3639-4da2-a56e-ca741a367249_Bedroom-18862,train
52e1f54c-3d9b-4d69-bebc-decfdc950f7c_Bedroom-803,train
80bfa178-96af-4ea9-adf6-c32d5bc23085_SecondBedroom-63538,train
23f42f25-fdc1-4897-8905-c60a4545e404_MasterBedroom-4089,train
a35d3d15-332d-4e0c-833e-3c1c476edddc_LivingDiningRoom-33915,train
5d4526b7-8bfd-45b3-bd31-80ddf5a8b5e9_MasterBedroom-270794,train
0832d1de-528e-4d78-9177-1a96e38ad499_MasterBedroom-26903,train
73bf13f8-35da-425b-8dbf-2e552f466d21_Bedroom-68902,train
22ab3b63-db92-4737-bdca-6aeaa111e541_MasterBedroom-11265,train
137262e3-1242-45a7-8dab-c95abcc5bcc5_SecondBedroom-44145,train
d457c7cc-1cf6-4380-9cbf-ea8d5dad1f0c_SecondBedroom-26903,train
479d2d66-4d1a-47ca-a023-4286fc547301_Bedroom-89166,train
8342c7fe-6d97-43ea-a89b-4106943a533e_MasterBedroom-963,train
4e307a7e-f510-4aca-ba9e-8328b05abe3f_SecondBedroom-9823,train
756382a6-5d6b-4bdd-8f48-4bb8cddf9df8_SecondBedroom-12785,train
8879fdaf-a95e-4a05-b1ae-e1bede3cb592_LivingDiningRoom-20720,train
e95ecf25-bf6b-443b-9f23-c2151152da14_MasterBedroom-18042,train
161cd2fc-819a-4b56-8802-b7cfb2f4e535_MasterBedroom-809,train
9b098112-9633-4328-b7f8-94054dd2d87e_MasterBedroom-34915,train
2c64981c-1d61-49a9-9e5b-2c49888a9099_Bedroom-83360,train
4ee3b02e-5d9d-43bb-a0a5-2384f7f5e483_Bedroom-19853,train
0405ce07-e6d8-480e-8e3e-a699b9474b15_LivingDiningRoom-56654,train
3c44be55-28a1-4e89-93a9-5de2828aeabf_MasterBedroom-13622,train
707a8e25-4a36-4048-a088-303b6a107051_LivingDiningRoom-66938,train
757250d9-884c-45f5-8d4f-73a955f6227a_MasterBedroom-29631,train
fe174e21-5e11-4004-8347-f4e5e2e7b30c_SecondBedroom-16460,train
95ce44ad-d993-47c9-a312-dcd325040fbf_MasterBedroom-120497,train
7ba97748-ec80-48d5-9456-23f32eba485f_MasterBedroom-1637,train
917830d3-78a6-4f70-b029-ba6da27a2692_Bedroom-3619,train
17a0fd79-fcaf-463e-9b50-e0ef8bb60a3f_MasterBedroom-12178,train
76815557-7eb8-4328-bcbb-bc4fb45d2253_MasterBedroom-29378,train
b76b3b9e-1709-49eb-a5cc-8e5b76da6939_MasterBedroom-107429,train
2815915a-e5d6-4c4b-9d38-f1e4c72ab476_Bedroom-6294,train
9e84166d-ff70-496e-92b2-489f58936fbf_Bedroom-2588,train
6b2a7e3f-4f6a-487e-9da4-9f30a0f064c9_SecondBedroom-15967,train
b88dadff-2e79-465f-916b-14404ffbf4a1_MasterBedroom-141250,train
8495ba23-5e37-4bf5-a795-dee5cf78c5f3_LivingDiningRoom-516,train
6b5bb08d-7e14-4206-8014-685580c674b1_LivingDiningRoom-2106,train
12c54720-32c2-4634-8eac-1e2b129c2991_Bedroom-144341,train
23a5fa77-0aa5-45f4-8399-3265005b1def_Bedroom-102143,train
423a87ad-9f80-426b-8faf-9015764a0978_MasterBedroom-30716,train
5dd0cc02-00d5-42b1-8ae0-948137fcb432_MasterBedroom-29109,train
af1a51c8-8113-4756-b60a-af2057deeffb_Bedroom-44824,train
c9297532-14a7-4736-a0f4-1f14a527e93d_LivingRoom-14036,train
ac5f5386-c629-4b58-aed5-9a4b8f6911ce_MasterBedroom-9818,train
041d34b7-1b22-4164-b84e-c1fe93f5c880_MasterBedroom-89243,train
c1eb2abf-bebc-4e8b-886c-2f8f660bbfc2_DiningRoom-131888,train
143df637-91d4-486c-ae5a-8cb482fa1cd7_LivingDiningRoom-11333,train
49832d73-cd59-4b63-87b8-2a2c945b526e_MasterBedroom-5547,train
2383a24b-483b-4011-87fb-8e2c89202f78_MasterBedroom-12108,train
ef543f0b-22b8-463f-9def-0bfa6cae51ea_SecondBedroom-79497,train
2aabe005-d9d1-4b73-80a2-21fa2fad8c6f_SecondBedroom-84778,train
3ca68de1-56b8-4aa8-8995-968f6df2e52d_LivingDiningRoom-64294,train
8c76b801-c0e7-4267-ab00-eb950d32687d_LivingDiningRoom-3181,train
05766a96-fb40-4194-a368-279ab1bff0d0_LivingDiningRoom-2456,train
92c1c4c2-73f3-4688-b0e8-493c94f7fbe4_LivingRoom-57772,train
a4b4d452-05f0-4c77-b367-cc0799a1f996_SecondBedroom-41859,train
04e61b97-0a68-44c5-abae-5219c2d3f616_SecondBedroom-15023,train
101f9f17-45ff-4654-ae7c-c5ac221bdaba_Bedroom-15975,train
b59e2e3f-d611-4e62-a72a-b3d7ff4bbd08_Bedroom-15630,train
86bbd7c6-31bc-423a-88ba-554381085ef4_MasterBedroom-11896,train
f105dd34-bc81-432e-83bd-314087015257_Bedroom-97,train
228b0998-2bb2-4c11-844d-de1382aa9182_Bedroom-17101,train
80308db6-8d2d-441c-ad4d-980255eacb6f_Bedroom-8481,train
7f3ba261-a531-4e30-b760-515f57ca1b5c_Bedroom-6864,train
e00d4702-e681-4d67-90e0-bed64fee50a5_SecondBedroom-12430,train
d53e93c7-957e-4af2-8b95-98903a45af6a_SecondBedroom-42478,train
c1ebb7fc-5537-4ee3-a1ec-4d89b09743c6_MasterBedroom-17431,train
c28a2210-cc62-4ab7-8e2c-ddee21852317_Bedroom-75355,train
c002075b-7091-4599-b829-ca4c2cb874e1_Bedroom-680,train
8c7a71d5-01c0-4537-8669-5c58b8054102_MasterBedroom-5149,train
1498c6cf-a99d-4558-bcc0-171ff8cc427f_MasterBedroom-59375,train
6d3af868-b36b-4849-b2d8-e267bef0b0e9_MasterBedroom-23240,train
22957273-2fd9-4ef8-a4bc-6146cf737218_Bedroom-27600,train
79597940-47fb-4944-92ed-fd7dc9da0762_MasterBedroom-9858,train
1cf94f82-50bc-4805-94d5-a8b52b66be31_MasterBedroom-53789,train
328ada87-9de8-4283-879d-58bffe5eb37a_LivingDiningRoom-5343,train
1dc74c70-21d3-40c6-8bd4-afb94dab934c_SecondBedroom-16593,train
1d3e057a-fdb4-4414-883f-b68776ee0763_SecondBedroom-38751,train
be05ec39-347e-4e1c-a75c-494d679eb8aa_MasterBedroom-61839,train
b5d5ec24-9934-4ea8-a805-c85659ebb74f_MasterBedroom-52062,train
bb1737bf-dae6-4215-bccf-fab6f584046b_Bedroom-4744,train
c8d23532-0629-40d8-a3bd-00891e4c5dc2_MasterBedroom-6069,train
b59e2e3f-d611-4e62-a72a-b3d7ff4bbd08_Bedroom-15614,train
de7bbe9b-703e-4a0a-af91-01bbd3fa623e_Bedroom-15206,train
0533b7c9-8660-444d-833c-14f81eea2628_SecondBedroom-18201,train
ba13101c-01ff-41e2-be9b-aaabbeed1c6f_Bedroom-2246,train
69bdd28e-52a7-4be1-be76-21c660e66a43_MasterBedroom-9914,train
3d00a520-dfe2-460a-98d6-c0cf07c0fe02_SecondBedroom-7785,train
22d37dff-09dc-491d-bcc0-f0283e81f04b_MasterBedroom-3732,train
5820a6a9-14a6-4066-b431-14a8da7ef88b_MasterBedroom-34508,train
717acc1d-2b59-4dfb-9d9f-6863b548a1ec_SecondBedroom-11545,train
1c93896d-54d3-4fe2-b664-1b53c134e535_MasterBedroom-8778,train
63624bb6-0323-476c-b295-2e31b729fbb8_SecondBedroom-3380,train
9afa32c6-96d5-4f54-8025-9ecdecc13b7a_Bedroom-9417,train
3f5df315-6fc7-46c2-84eb-862e27012530_LivingDiningRoom-174,train
2eda727a-ae93-4af9-bf12-4104825a19d6_MasterBedroom-6887,train
e1ade7a0-9d88-4394-b0ca-7ac957e7facb_Bedroom-3130,train
36c2c33b-73f2-47d5-881e-2fa359198b9a_SecondBedroom-35477,train
26387a08-3ebc-4638-83cd-33150de9f17a_LivingDiningRoom-29614,train
386553cb-c7ee-47e6-926a-679a9e65fa1a_Bedroom-23021,train
c9bdf08a-2b29-419b-9a3e-8452b6cc9dd9_Bedroom-6679,train
274ef293-2cf8-4c9a-8125-814f91d0bc83_SecondBedroom-879,train
4c7d3c24-b50c-4a53-84b8-d7620fc6b252_MasterBedroom-30313,train
5391bad9-ae5e-4930-8e81-326e082fbe5c_MasterBedroom-51218,train
0de011f0-b39c-44f5-a5b8-3bf0fb7bdd24_SecondBedroom-7359,train
6ec3fc4a-25c0-4e29-819e-d7c4ef341d14_MasterBedroom-1823,train
05d05b98-e95c-4671-935d-7af6a1468d07_Bedroom-27402,train
43b74fcd-363a-4cf5-9bb3-4444768c589c_SecondBedroom-42190,train
aef6f22c-02ce-45f4-ba66-2433f847c324_MasterBedroom-39088,train
7a3dcd72-1be7-4281-8583-2b1b21c277c3_SecondBedroom-895,train
adbbe0e9-068e-4deb-a11f-3131fe24c384_MasterBedroom-32008,train
27871446-7da7-4557-b554-dca744d3ea87_MasterBedroom-37895,train
a4d43e3a-2e83-4624-ba8b-79c0b6f32196_SecondBedroom-13814,train
21465c7c-7ddc-4b9c-9c12-feebdbf9cd1e_Bedroom-1784,train
41bc5800-56a9-4a47-80ff-d1bd57ec3cd7_MasterBedroom-22333,train
b34db318-8b66-4bf3-aa2b-23448e51fcc1_SecondBedroom-1986,train
dea8e07c-6c70-434c-89d8-7c1b718bf171_DiningRoom-27853,train
bb50ccab-396b-4264-92e6-33c790542e6a_Bedroom-24019,train
a526e37a-fa7a-4fa1-95df-326ebdf3350e_Bedroom-1395,train
71d6b0a5-ba83-4df7-9a6d-703eedb14e20_SecondBedroom-1762979,train
5f501905-6bb6-497e-bd13-59d2478416ad_SecondBedroom-2149,train
c45c5b4c-5fca-43b2-9770-02cd174f24c2_SecondBedroom-66007,train
054528e4-15e4-4b79-b629-bd3d367b21d2_Bedroom-60102,train
b099df62-e9b6-407b-b69c-7746f98223df_Bedroom-87733,train
9867e853-a25a-42ec-bb4d-06bb1bce0023_MasterBedroom-77600,train
b0fe48b1-d6b1-4854-ba04-111d22289522_LivingDiningRoom-13623,train
ed28807d-83d3-437e-95bd-cf1392ad21e9_DiningRoom-55572,train
1d89a45b-bb91-40af-9182-6dbb87517097_LivingDiningRoom-3831,train
4c8e35c2-1f5a-4012-bae6-ae42d5f42756_SecondBedroom-1419,train
3c7b86d5-3af6-4748-b9a1-cf45b85b1d1b_Bedroom-25641,train
83261694-9e42-4893-aab9-9d2c669490a8_MasterBedroom-15307,train
21a2b6a2-7126-4727-bf72-68e5f6b57c6b_SecondBedroom-860,train
72fbdea6-2af2-4c2a-bf00-0d4d90bfa334_MasterBedroom-7158,train
e812a184-e26d-4700-b7b1-940b7cfbcd43_SecondBedroom-16519,train
2b1ad3e7-91ce-4447-a950-656a6204d756_SecondBedroom-154355,train
0f737b17-9449-4961-b978-e115bcba56de_SecondBedroom-56702,train
c2d57b49-fc5d-4fb0-8024-b7e7302dc3fa_Bedroom-14257,train
95f80cff-1f0a-4204-9b5d-207cd0c74d89_Bedroom-869,train
5a81f6c1-4742-45b0-9a1c-61fefae41430_Bedroom-35352,train
0adb88db-02a3-43ca-9a69-76dcf25740d6_SecondBedroom-71965,train
e06680c8-236b-4b45-ba63-d20d17e2e019_MasterBedroom-34104,train
a5a40e5f-d289-4d2a-96e5-9de97ae2220f_MasterBedroom-12835,train
6629237b-2eb1-4fd5-a008-e175fbe9a975_MasterBedroom-49863,train
360e8f1f-c0cf-40b7-892a-2d4d6c76561b_MasterBedroom-10472,train
0b9766ba-35c9-4af7-8040-0fad2386a9b8_MasterBedroom-394,train
be37ae8e-a3aa-4202-a812-9be187c941b5_LivingRoom-31397,train
6845a1ea-b5b7-496c-bbf4-0ba36d9a115b_MasterBedroom-2083,train
7abef546-bd7b-4ed7-8eca-63db3b704cb6_MasterBedroom-22634,train
234f5661-8d9e-499b-ae27-ee5dfe702e56_SecondBedroom-40147,train
9c67a64d-1fe2-4cb4-8644-4220a12ce2c8_DiningRoom-75475,train
97c9ee1b-c5ad-43c9-8cc4-19c45ed40dc0_Bedroom-86672,train
4ed421c9-f5d9-4b17-9769-371ea078f6f5_Bedroom-402,train
15d435be-5acf-417a-a42b-f18f731b99d2_SecondBedroom-7218,train
77e1f059-5450-45c2-ad28-d464e0180094_Bedroom-8158,train
6bf1f96b-80f4-4b28-9e1c-2ce2e48e7ad0_SecondBedroom-168927,train
0106f9d2-5779-457b-9b8b-72942373d42e_MasterBedroom-10670,train
5b903de7-1d5e-4b42-adf5-b474942abf5d_MasterBedroom-44572,train
c992fea1-7f87-4397-aa40-ca8e0e30a936_MasterBedroom-44999,train
793eccb1-f86a-4998-a4e9-0ab8b96bcce7_Bedroom-2087,train
101b6d05-6c0d-46bf-867c-16117b06138c_MasterBedroom-67961,train
e1a4a544-4918-42d9-b659-c332e05335fa_Bedroom-33792,train
fbb124a7-d4d2-46a0-9465-fc790f714350_LivingRoom-14341,train
59f8aa98-b884-4b42-ada2-44650fe1893f_Bedroom-51813,train
796565cd-a760-451a-a5e3-8dea15f607ea_MasterBedroom-30526,train
ba3303e0-761d-4cfc-9411-18f1ff7a4340_MasterBedroom-11688,train
5d916ba3-e843-4e95-b76c-389f80893169_Bedroom-23983,train
31d93b50-3d5d-4962-ab4e-d92c0249ec74_MasterBedroom-10211,train
88de649c-9fea-443a-96bc-57df455997b0_LivingDiningRoom-9159,train
8463261b-999e-4506-a090-7fffcc106adb_SecondBedroom-30652,train
d235526d-92b4-4bbd-80b9-0d5f277676f4_LivingDiningRoom-12577,train
1356d896-5300-4be9-aa8c-84b71b07d407_Bedroom-27213,train
9b901fc2-2f66-4f0f-86bf-e7571cbb5226_LivingDiningRoom-23833,train
3d81afec-001f-460c-a85f-54c5fcfec008_SecondBedroom-5959,train
bba7604d-83c8-4331-8222-c6654ffdb072_MasterBedroom-16961,train
d6b6b169-12d7-4a33-8407-7bed5d1d4a05_MasterBedroom-2895,train
4f2012c0-ec3b-4fff-9cd4-68c37fe42ea1_MasterBedroom-52705,train
305d3251-8f1e-4cca-9227-011187146d89_MasterBedroom-69048,train
20a90d60-1200-4a68-82dd-6fd1fd52655f_SecondBedroom-20455,train
667e9ce4-3087-40d8-97a8-2b45a6800093_MasterBedroom-109742,train
401a9c00-571c-491d-a2c6-2201b964ca79_LivingDiningRoom-18728,train
4afc655d-557d-4e0b-9bcd-47e65fe0ad02_Bedroom-6853,train
228b0998-2bb2-4c11-844d-de1382aa9182_Bedroom-17082,train
bdafa047-5022-4b4e-a2f0-98a5a841130c_MasterBedroom-5908,train
0552c9e7-d3cc-4546-9952-3486cd6c0ef2_MasterBedroom-333,train
d814978b-2875-4835-9341-011d9cfdf166_Bedroom-5668,train
708218c2-ff5f-450f-9a8a-c82e6ad896a9_MasterBedroom-32484,train
d8907ea3-971a-4185-b7be-fea64b47a60f_Bedroom-3801,train
79c940db-6486-4930-896f-dd205349df5f_MasterBedroom-52699,train
e6471913-4880-4757-b422-0fbc0ec6aa21_MasterBedroom-32890,train
9681ee28-7d6c-42ad-b7b1-fef48a780a6d_SecondBedroom-30001,train
a4045e66-6f5f-493b-b9f8-ea369b8e309d_SecondBedroom-1607,train
a13cbe28-97b9-48de-b617-70d6f4f50943_MasterBedroom-6631,train
3f2629fe-a957-4e83-893a-28d476318740_Bedroom-28486,train
04dcc229-3353-4d90-a058-080acbcc4d59_SecondBedroom-2302,train
dad0b720-0403-420a-97cf-a92ba509dff4_MasterBedroom-44763,train
4e09a8e0-2843-4826-9113-b3d18489331d_Bedroom-12495,train
12af5f26-c8b1-45e7-9ab3-e4d20e7a2c19_DiningRoom-4027,train
004f900c-468a-4f70-83cc-aa2c98875264_LivingDiningRoom-27430,train
b6167446-ce9d-4bc0-bc2e-e6026d939a3c_LivingDiningRoom-14337,train
1fc77158-532c-4d98-b9c7-cedac33ccfda_MasterBedroom-30165,train
2ef0b2f0-4df2-4bc3-8312-f378e49d89a7_SecondBedroom-16870,train
dea141ae-047d-482c-8838-2c3c0c7d80c1_Bedroom-65,train
e5116cc9-0c46-4d8a-ab2e-953d8b84e404_Bedroom-17410,train
abbd2623-75f1-4c73-9a8b-8378ae87416b_MasterBedroom-20990,train
5f86c744-15af-4c99-80ef-b3608aadbf1b_LivingDiningRoom-37641,train
2b4ad8be-6aad-48a7-b7cb-5f48463a5aea_Bedroom-86755,train
e2ca3b88-0619-4841-81f7-6dd37d684149_Bedroom-34030,train
50ed6947-ae41-4a06-9bae-d4eb36e17a0e_SecondBedroom-140641,train
31067a38-bcda-4496-9cbf-f0d8e538ed7e_MasterBedroom-15309,train
959d7224-db8a-4ce0-8dd6-8e17adbe719f_LivingRoom-423,train
32216876-8786-4e76-a06c-bce05e2192e2_MasterBedroom-1629,train
5e2a38d6-75b9-4f91-a688-a2f3141230bd_Bedroom-7489,train
dd4b29cc-4003-4881-99b4-0c762de73d5f_MasterBedroom-4877,train
e0e8453a-618c-4c12-9d67-0967d1a2adbe_Bedroom-466,train
5cafb089-f3ce-4d70-a322-39e30c010b0c_SecondBedroom-12164,train
8acf1f20-d5c7-4984-b86a-f5947938b634_MasterBedroom-29595,train
ed3b3a65-f3b1-47d8-9310-593f30c66bc8_SecondBedroom-39696,train
a111cbfa-1ae0-4705-9974-210f1f10731f_SecondBedroom-8920,train
fba48f02-1ffc-4328-b877-e53c3716ec18_MasterBedroom-29774,train
54ac6cd3-5c5a-40dd-823e-c4d159673810_SecondBedroom-81245,train
6c22e07d-7181-4d16-bf9b-a5763504011e_SecondBedroom-1037,train
fba48f02-1ffc-4328-b877-e53c3716ec18_SecondBedroom-29858,train
2d50e51d-fb9f-4464-836c-f9f2b269cbea_SecondBedroom-10368,train
fcc5e685-aab1-42bd-aaa7-9167d58f63d6_LivingDiningRoom-31520,train
640cbd2f-7f51-4208-80a4-8f91308cbd1e_SecondBedroom-11035,train
6c6da165-485a-41a8-9870-75cb9f39c017_MasterBedroom-37355,train
b1666056-97cd-41f8-947f-06147f148f10_SecondBedroom-8548,train
53dd8916-335c-4370-b51f-dfe318b63aee_DiningRoom-3653,train
3ec1f433-e612-4509-9e52-8fa062b2aaa2_LivingDiningRoom-1050,train
9fdf3141-0670-4eb5-b37e-aed37d45b260_MasterBedroom-7336,train
1142fda3-e01e-4e24-9f85-e167d25b08cc_LivingDiningRoom-961,train
5bdb0b90-f92c-4893-b1bf-b0d2957818ac_SecondBedroom-3031,train
31067a38-bcda-4496-9cbf-f0d8e538ed7e_SecondBedroom-7004,train
503ebcb6-9815-4412-90ea-f0bbd59ddbe9_MasterBedroom-221,train
20c675c6-5b9d-4f74-84af-adbe03e6897b_MasterBedroom-18435,train
6de860f5-8cca-498d-830c-7e9b301a43bd_MasterBedroom-27045,train
52982a7b-ed79-44e6-bb37-f878754c07d3_MasterBedroom-424,train
440fd8de-71b4-48ae-b886-174e70742f5e_MasterBedroom-78206,train
6a63fbd9-1cdd-404d-97d3-366d7ea978b1_MasterBedroom-47111,train
40b522ad-fa7b-44b2-aed5-81f65a369d88_SecondBedroom-28376,train
1e14f65e-f86d-4d18-ad71-aa2456e9a7c1_LivingRoom-41606,train
d86f03dc-7900-486d-97f2-4eba7f7f41cd_SecondBedroom-32832,train
558583ba-0ee1-486b-b040-f844997ea3a8_Bedroom-157258,train
b7df67ab-a4be-43ba-9069-eec82b12673d_MasterBedroom-17451,train
ce3aa96b-a6f4-455d-8a83-2a61253c6fec_LivingDiningRoom-2432,train
b5d22f47-c4af-4f72-9a9b-9fea32a01a26_MasterBedroom-179552,train
66f99d38-f9b7-4bb0-a646-314f6228059d_MasterBedroom-9583,train
9fdf3141-0670-4eb5-b37e-aed37d45b260_LivingDiningRoom-7298,train
97980fab-7bf0-4887-9fa9-68cc9138c717_SecondBedroom-37794,train
3f4239b6-b737-436b-a0e5-136eb9692c1e_SecondBedroom-18175,train
71afc86e-1261-4c9e-a2b0-59e0811180e3_MasterBedroom-2732,train
d4d0237f-a66b-40cf-bf85-56e11cb20602_Bedroom-62330,train
f242015d-0a67-4ac7-a5ad-30199df3e02c_SecondBedroom-21986,train
d209b341-a36a-46b4-bd07-62e9ac82a41b_Bedroom-18974,train
a00748fb-fdc2-4c08-875b-1e1f35f87a2b_SecondBedroom-6065,train
feddc846-b266-435d-b48b-a23a4f201c3f_SecondBedroom-9994,train
ef543f0b-22b8-463f-9def-0bfa6cae51ea_MasterBedroom-79424,train
3f3e99f9-be5f-4d9a-a796-7211d0a08b41_SecondBedroom-7253,train
23332f94-e456-4e6e-b308-aa13e69b9c47_SecondBedroom-11204,train
eff72f0f-049a-47b3-8685-b1b6af535435_MasterBedroom-17488,train
741bccc3-8ec2-4f66-915b-633fe7cfae94_LivingRoom-45612,train
6b464a37-2915-428f-8ee3-4557e5f7b903_MasterBedroom-49597,train
a5763f2e-2b35-4570-aa79-4cfe7eb2e26d_Bedroom-6482,train
15d07e45-2761-43ed-8dfc-f9d4ef58041d_Bedroom-68718,train
1fb04296-436f-4676-bd6c-b56fa9e31f05_LivingDiningRoom-21638,train
f03e152e-17d0-4b0d-a2b2-f28738902c58_MasterBedroom-79358,train
71afc86e-1261-4c9e-a2b0-59e0811180e3_LivingDiningRoom-6936,train
a88f5922-2f3b-4ad8-b834-82fa1c0d00c8_SecondBedroom-16583,train
a0b8b195-676d-47bd-afce-3e135b8fde83_SecondBedroom-22944,train
966e4e61-c119-4588-9c25-88270a9ccc62_MasterBedroom-101566,train
f0a56d5a-bbd4-44e4-823f-e3f19e25ed43_MasterBedroom-20448,train
fd9ec869-05a9-4f85-8478-d3932abde306_SecondBedroom-68666,train
ebb55c6a-0af2-4727-ad86-b18d0061a415_Bedroom-25921,train
be5e905c-cad3-4b8a-8f0b-1c3e93996efc_SecondBedroom-67319,train
0f5b9b03-c5f7-4172-9386-4805616025b5_LivingDiningRoom-20097,train
7452348f-f1c9-48e1-ac3c-aa40334c87e3_SecondBedroom-3935,train
da6f8be3-8783-4dfc-933a-ce95d7299c8a_SecondBedroom-17966,train
3ace00f7-61e2-4f23-8295-eed2410787ef_MasterBedroom-9875,train
b587f55e-a677-4107-9ad1-5c067cbd7c0a_LivingDiningRoom-15114,train
9a2df5c3-d305-46c7-a7f1-68f9ba45c56e_MasterBedroom-13404,train
6e3dbf3d-cf2f-41ea-adad-c6a40129c200_Bedroom-3916,train
463b244a-42b5-4340-8da3-7a291f989c80_SecondBedroom-107766,train
0d7be408-9e3d-4f68-8422-5aa2069ccdb2_MasterBedroom-27127,train
d317680d-eb33-4085-bc3a-ec3a5a22f0a0_MasterBedroom-17216,train
8a3bf65f-af38-4d9a-9cdf-b278faeb499a_SecondBedroom-27642,train
228237d8-0328-42e7-af23-e400fe003092_Bedroom-36219,train
47ad7aa0-ebce-404b-88c9-34505ce20068_MasterBedroom-24397,train
f566d9b8-0ec1-446c-a1f8-e429933253cc_MasterBedroom-6807,train
0b6a7b14-07ce-4276-b2e7-a17d9e0b7a9d_LivingDiningRoom-2954,train
c56d010b-bafb-44c5-a397-3cdfa2684f20_MasterBedroom-251,train
8777034c-23da-4555-b6cd-1570abbb80bb_Bedroom-11338,train
5c650b8f-1b58-4e32-9469-9a3787bf88cc_LivingDiningRoom-70142,train
9cbbb4f0-52d8-4600-ac63-bc4480ab1d83_Bedroom-46578,train
143df637-91d4-486c-ae5a-8cb482fa1cd7_SecondBedroom-11396,train
b01ce063-9f82-43ff-ba61-bc70986128a4_MasterBedroom-25057,train
caaf690b-c16f-45ba-88f1-45cafd0a2a9b_SecondBedroom-218799,train
7d0ab4db-488a-441b-8977-86aafadbbba3_SecondBedroom-14567,train
c76960e2-bf7d-4cec-8ead-554c40227983_LivingRoom-11414,train
b54940c4-ed58-48c3-8017-9a644c75ff2b_Bedroom-90068,train
2b7bdb1f-48bf-4987-a420-b3887e7c4a2c_SecondBedroom-25948,train
8e021c8e-c921-4f62-b09f-ad3cfe576d3d_SecondBedroom-27411,train
f19be8c6-be96-43dd-ab1a-c409aa126621_MasterBedroom-9574,train
74609b90-d884-41ff-a661-9d25f0818b0a_SecondBedroom-15145,train
bca32cf2-ae82-4d97-969e-d6fb5493e382_MasterBedroom-13262,train
64ddec2e-2c16-45c2-a88f-8ea95b9ac80a_SecondBedroom-4816,train
973ae127-2b9a-4f37-b04a-468a2c122caf_MasterBedroom-73119,train
062cf172-4d20-48bb-9aad-b75d4b5b6b54_MasterBedroom-29214,train
21bce930-fd0c-4ef3-be2d-6cdd5bb3a8c7_SecondBedroom-8820,train
5a6ed75c-d1a9-489c-8fd0-e11e2287e7a5_SecondBedroom-21947,train
45e7004e-bcb4-4f00-b475-4771e68d28da_MasterBedroom-102831,train
8555557f-34b5-485a-a0f1-db9ee2580959_MasterBedroom-109910,train
8df6c006-6c38-4c65-90d9-017a26b63d4b_MasterBedroom-1403,train
3da510a3-8db8-425e-bd0c-99e5a12af2ca_SecondBedroom-38516,train
8c6a8080-463d-4edc-b775-8b612c2bc27d_Bedroom-1658,train
ee1efacd-d7a1-48c9-bc7e-808187b95022_Bedroom-871,train
c0043cd0-d1e2-430e-b273-b97e9c76e5ed_MasterBedroom-8176,train
c9f70be8-2021-4fb1-b599-da3b4e184543_MasterBedroom-621,train
3d848cc4-94db-4a9e-b592-b78bc13ed199_LivingDiningRoom-56499,train
c79ea3a9-687f-4db2-807a-0b7a85714342_MasterBedroom-2601,train
14f828a2-182c-4085-b40b-2e2bf97b9aa7_SecondBedroom-27606,train
114a00ef-8b44-4714-b92c-f5f76dc90121_SecondBedroom-11462,train
b8b0933f-ecc1-4621-b7f3-ac01261917f1_MasterBedroom-12046,train
337b9770-f524-48fb-914c-89dd9f2d927e_MasterBedroom-6351,train
74dfc90f-42d5-4389-8cbb-5cbe036d99ef_MasterBedroom-37550,train
4879b8e7-75aa-46b7-a835-bc5fcd5f9b23_SecondBedroom-9825,train
4481c4f2-8355-415c-9787-c9a12dc948ee_Bedroom-29834,train
58aa41c3-736f-47df-880d-e2ba6b639149_Bedroom-2706,train
fadb1a04-d125-46fa-9711-d59110217622_LivingDiningRoom-514,train
66d9cc5c-b6d2-4f5c-a757-c0e8584f3c3c_MasterBedroom-557,train
a7ad1a14-1721-4ecf-ab23-813defaa75f1_Bedroom-10390,train
25529ba8-ec0f-43ce-8b82-47f57df67d80_SecondBedroom-10802,train
6ae4511d-5a72-45f3-af6e-2ddbf8fbe0b9_SecondBedroom-1807,train
0220df39-8356-4ba5-8f26-4f385afa2cae_LivingRoom-37659,train
90a74103-cb2f-44fa-89e4-4381a2b63644_Bedroom-14888,train
ede1bcab-2298-4756-b03a-690d5cf8dfe5_Bedroom-10952,train
46a7ff72-6a76-43a0-b7b6-8499d6878532_Bedroom-43109,train
dc5bd6be-b704-47b6-8539-b096765c7041_Bedroom-33476,train
fbb5e9c8-a731-4c49-9a11-176820219861_SecondBedroom-25080,train
802ba6ac-c040-4f27-b843-8c47791d0383_MasterBedroom-19531,train
ba01d127-c603-47bb-ac22-e6546031244c_MasterBedroom-35124,train
97ef997e-d71e-4afe-bd8d-9b18a6641a5e_MasterBedroom-25212,train
4e75f6db-1188-4917-b4cb-afc15ca67b8c_SecondBedroom-9802,train
9f690000-5197-4ba8-b2d1-e1f1e4dbe9bc_LivingDiningRoom-1431,train
7b5eeb04-1392-4e97-b773-45e964e0698f_LivingDiningRoom-9744,train
787727b2-f70e-4881-933a-327fb86f6f8d_Bedroom-51343,train
620c63cf-4adf-47f7-bb9b-ead8ab6a30dc_SecondBedroom-1082,train
6e284cd9-0d12-41f5-98e4-4d03c6eec135_SecondBedroom-9158,train
47bdd0ae-6956-469e-954b-680655c6252b_MasterBedroom-1376,train
9d21c2a0-3cc4-4ce4-a926-506ed2c32a14_Bedroom-267,train
5e162f48-e628-440f-b530-311ed1c337b2_MasterBedroom-44501,train
74e9a688-df21-44c4-a4e1-a57081a62bc0_MasterBedroom-78127,train
1c13c2e5-a73a-47ac-9706-bd565b761a53_MasterBedroom-9784,train
33e62338-9681-4fa0-9ffd-edb64d988f63_LivingRoom-2104,train
2024f6da-9111-4685-b98a-04d8b262003a_SecondBedroom-42887,train
79c940db-6486-4930-896f-dd205349df5f_LivingDiningRoom-52730,train
761a08d2-d407-4398-a3cf-34601f0d5c95_MasterBedroom-172369,train
6b282d95-3b71-414d-80d2-23d42bc0b526_LivingRoom-41901,train
9963cca3-dedd-4f39-b6b9-3674e43ae959_MasterBedroom-6180,train
baae19e7-6509-49a8-9f9c-9c43592d4740_SecondBedroom-16071,train
00fe8139-76e8-42b4-bb41-7f9f085ac351_SecondBedroom-15597,train
fd47d85f-a246-44ef-93f1-33e7b98aed46_Bedroom-62221,train
b13a4874-00a4-49a5-aa2d-e22d7d864b56_LivingDiningRoom-53709,train
1d8cf1d2-5807-4ea9-bef4-956cf4bd17d4_Bedroom-740,train
aef6f22c-02ce-45f4-ba66-2433f847c324_SecondBedroom-39039,train
6d3ebe90-a07a-4c02-93c6-a997c9890cc3_MasterBedroom-72870,train
9c8f3906-2496-4648-bf73-68538caed694_LivingDiningRoom-42072,train
f43f6f88-1a91-4732-8924-a5d5a9fccadd_SecondBedroom-40528,train
afaffb7a-d00b-4d21-8d9a-ed6df3023d70_SecondBedroom-1282,train
26eef880-4f22-4cb1-9166-5f52a331834c_MasterBedroom-627,train
30b4457b-420a-4c1b-b951-b589e741229c_MasterBedroom-27377,train
d7f64e9f-8b7d-4b1f-af04-83123aa1cabc_MasterBedroom-11058,train
e6ae70c3-73ac-4a31-8cf5-e1e084f9a9e6_SecondBedroom-101913,train
adfe8dd6-46ee-46bc-a3bc-dbc712147d82_MasterBedroom-27797,train
a8936f9f-f335-4e65-82ce-0eaa93df009c_Bedroom-62536,train
8e8db6d3-3f5e-4d95-9a23-ec6d57ff5cdd_LivingDiningRoom-4696,train
0106f9d2-5779-457b-9b8b-72942373d42e_LivingDiningRoom-10723,train
e22025ac-49ae-4e4b-907d-99f7053e98fd_SecondBedroom-22933,train
1c6e161b-ac01-411c-9a60-dd5f6da0ec08_MasterBedroom-34278,train
8efb867d-c198-4e93-b29f-58b4056d423a_SecondBedroom-585,train
d7aff847-7906-4de1-a241-6ee8a22d57c6_LivingDiningRoom-37746,train
2c1b1eb9-e5ce-4cdb-815e-32d3b6e8ca4f_SecondBedroom-50464,train
aa7fc990-0ab9-4fcb-ab9a-5dc1e29ed3b3_Bedroom-91204,train
5e2a38d6-75b9-4f91-a688-a2f3141230bd_Bedroom-7445,train
473f4a9e-505e-4864-9ffd-59a793b26d5a_Bedroom-6984,train
14c7b2f7-cfe9-43a0-9dbd-fd65c33454ca_Bedroom-22264,train
d63b9c4d-0b03-4e0d-94d1-c113aec32e22_MasterBedroom-47915,train
80c650a0-8b67-44a3-ab43-bf5c96522bea_LivingRoom-15502,train
1b21fb55-10f7-47ac-bf69-4ea9b62b417f_Bedroom-43407,train
807ccf8e-f477-4188-81be-0f0e00266f8c_MasterBedroom-3054,train
3d9f406a-4032-44ed-9f55-064f14fe2250_SecondBedroom-67719,train
3187cbc7-4da1-4ae6-811a-96adc72cb1d2_MasterBedroom-18110,train
cc630582-147a-4713-8a41-16912ec0af41_LivingDiningRoom-10201,train
5a70accd-61ca-45d0-86cb-ded3e35c85f3_LivingDiningRoom-19784,train
f8ee1c9b-799e-4137-80ea-b9a5c240d988_Bedroom-6521,train
ebef71f6-da6e-4b58-ae51-40797ed0114b_MasterBedroom-203,train
677d7c8d-5f1b-421e-bbf4-d729ee00dadd_LivingRoom-1253,train
4b2324a4-5910-4719-b6dd-b47d20b6b06d_Bedroom-160646,train
d71ccf98-e923-4134-8f7f-d831838b614e_MasterBedroom-838,train
068b2b34-52cb-4499-b33e-b777e632e4a1_SecondBedroom-13758,train
886fb316-5f1a-4050-9c7c-b001409a5b5b_LivingDiningRoom-491,train
935c15ae-f9e0-41ea-a91c-54bf019bb290_MasterBedroom-25729,train
d6bc1b0a-d7aa-48d0-bba5-5aed5eaa539d_Bedroom-2251,train
5385105a-4574-4afe-a14c-4f520b27494c_MasterBedroom-56793,train
ad3b17d0-ddc0-47c3-9a90-440add40ad9e_MasterBedroom-8520,train
80261497-c204-4078-8155-a0a435138c70_Bedroom-9593,train
81c47424-f98c-418d-b810-ad23e586b3b2_SecondBedroom-791,train
ea74c6b6-9d8b-46bb-bea4-b08ecce7e2a7_MasterBedroom-2243,train
035b4959-8c9a-4dcb-94c1-e2b2ad7c88b5_SecondBedroom-3137,train
ce98e1dc-5cab-4390-a433-985fcff9b435_LivingDiningRoom-9746,train
d2f8bb16-f080-4c4d-9de7-b2c3caa5bf87_Bedroom-50869,train
15e31e17-330c-4904-98fd-210770901565_LivingDiningRoom-10484,train
fbb124a7-d4d2-46a0-9465-fc790f714350_Bedroom-15586,train
d50558c4-1ae5-491f-8182-1985dbed7aee_Bedroom-3673,train
f655b350-074a-4b5e-ae1e-ede74c0e75ec_MasterBedroom-79012,train
c1575512-d8f9-4d74-a8d3-fdd840f0d9a9_MasterBedroom-7845,train
f409bc31-7e9a-4bb2-b577-449ddb3ea00a_Bedroom-21016,train
8055ba97-ba26-48bb-ac1b-8ed9b3330d62_MasterBedroom-92245,train
a68c6257-db07-4f5f-ae13-ec2878d3cbe6_MasterBedroom-31598,train
7cbabe0c-5239-4e90-95cb-5c79adb0ede6_MasterBedroom-71942,train
62ac423c-ae2f-4fc4-be9e-01275e8067ca_Bedroom-84734,train
326567e9-39d0-4dd4-ad64-acd6e6b1d97d_MasterBedroom-17579,train
df84d678-cec9-4909-b09d-e57fad3b9d01_Bedroom-28089,train
c84c3c1c-f8cd-417d-99e0-04f543d9947b_SecondBedroom-16892,train
f43f6f88-1a91-4732-8924-a5d5a9fccadd_MasterBedroom-45245,train
a35d3d15-332d-4e0c-833e-3c1c476edddc_MasterBedroom-34041,train
ddc26e88-622e-49de-a9b4-d5527d23ce3e_SecondBedroom-43092,train
f7f1f448-8a7e-4b56-935b-83ab1d524a71_LivingRoom-20330,train
b917e5c2-0271-4419-a3ae-65be2c108114_MasterBedroom-8000,train
cf8e0fce-dd8d-4b15-aadd-16120567d4b7_MasterBedroom-13145,train
1d43e076-fc80-4d55-a07d-1b7a8c6dc6e7_MasterBedroom-2906,train
7b5eeb04-1392-4e97-b773-45e964e0698f_MasterBedroom-8245,train
3a55f775-fc7c-4c6f-ab9f-59e31c04e093_LivingRoom-35085,train
c0ff8f34-a0c3-47b1-92cc-fdccee514833_LivingDiningRoom-128466,train
d69d3466-c783-46f4-afc4-9d9bafd1f56e_MasterBedroom-76653,train
dbdf84ea-3a94-4c7b-b0bc-f6ca6fd2a62a_SecondBedroom-16837,train
bb50ccab-396b-4264-92e6-33c790542e6a_Bedroom-24337,train
1bc22c85-3159-417c-a8cb-4e3788a0a0eb_SecondBedroom-59715,train
29ac53f9-61fe-4397-96ae-b33522d292ae_SecondBedroom-22098,train
ec766bba-cbde-473f-9983-c5bb1f3e932d_SecondBedroom-1052,train
b5922b83-8f9a-42e8-b999-680441fd30b5_MasterBedroom-9141,train
7ca411ef-2290-4db5-aeac-34f1a96f664e_Bedroom-3587,train
d6995e47-544b-442d-ba7c-f78841e590ae_MasterBedroom-146891,train
e1a7f175-ff21-44f6-a020-c0d7e9938be5_MasterBedroom-10726,train
f36740a2-e955-492c-9645-c1a2e443e964_MasterBedroom-615,train
198eb9ec-9059-4e26-958e-dc8fb8187713_LivingDiningRoom-15286,train
e8f14d6c-c37d-4ad2-9cf9-cdd57cdfe2b1_Bedroom-17102,train
31c76e1b-92f5-402a-8685-63a845bc6c6c_MasterBedroom-2224,train
f2469055-5566-47f8-9625-99ea6f74ceaf_MasterBedroom-60232,train
e16bb544-c6b8-4b18-83c0-84c87f488e7d_MasterBedroom-34945,train
182180c7-c96f-44f6-9368-5bb43d7ace17_DiningRoom-96608,train
0dbb30c0-3770-472f-a938-58412841c855_LivingRoom-66954,train
61ae862a-a53a-4313-af9b-f8c851316c4e_Bedroom-4727,train
35069402-d79f-47f6-99a4-3e77fbf443e0_MasterBedroom-5754,train
53d89581-b092-4bee-a49f-8aa637b2b586_Bedroom-22896,train
f7b437bf-195d-41f4-a0b6-ce3f14dae321_MasterBedroom-20548,train
171d6fc9-9991-413a-992c-6df01db113a9_MasterBedroom-12778,train
b77fac8b-d1a7-4444-ae6b-5fd394a82535_Bedroom-12012,train
53992538-a81a-4f27-ae40-f743549c0325_SecondBedroom-7736,train
baceb7be-2d27-4408-b036-39ae7bdfb4fa_LivingRoom-5614,train
d4624691-343d-46b6-b82b-9019115d642a_Bedroom-113,train
63bc11cd-473f-49f6-b239-7ecf3d9e4ae3_MasterBedroom-28214,train
2db22595-4053-4976-93c3-244fc17a0cbf_MasterBedroom-46100,train
1681706f-caa1-42c9-8898-93d182be64ea_SecondBedroom-24808,train
38adcc1b-67d2-458a-bab4-b099b1ee7230_Bedroom-38944,train
58a87ed9-d8a5-46ce-b02d-a8d3e9875cb3_SecondBedroom-19500,train
db113afa-d8c6-499e-b70c-08ce94e05071_Bedroom-24059,train
7cbabe0c-5239-4e90-95cb-5c79adb0ede6_Bedroom-76188,train
56c0b91b-90d1-4d15-9a3f-5ebd47dda561_SecondBedroom-5683,train
9629ce14-0f3f-4610-913b-d815eed1b7eb_MasterBedroom-25843,train
a4eef4ff-9d6b-4a68-a80a-29efa03e61ae_MasterBedroom-256747,train
bb12eac8-8dc8-46e9-b614-f5af84404423_DiningRoom-69393,train
a7e374d2-d8ed-4999-97e0-7e5ba98908d1_SecondBedroom-4501,train
5b6fc618-8dec-4fcf-b326-08436f643d93_Bedroom-9232,train
d370c471-53bd-4027-aafb-1e611b97946a_Bedroom-8166,train
5669e7d6-ad0f-47ad-be4a-c511786ad433_SecondBedroom-21866,train
19eb807e-29b0-4a67-a4d8-2faf8f60ea58_MasterBedroom-53904,train
20c675c6-5b9d-4f74-84af-adbe03e6897b_DiningRoom-18517,train
26cdfa24-043c-4bef-94d1-04d37481505f_MasterBedroom-6737,train
0e72f832-7030-4de0-a194-581120057dcf_SecondBedroom-2966,train
a5406a0e-6bc5-478a-bd06-938a60d64b0a_MasterBedroom-14320,train
9984c540-8ac6-498f-94f1-e11deebd507b_SecondBedroom-1074,train
2e410f39-cbe5-4403-a7bc-3b683ba72a07_LivingDiningRoom-6157,train
bad53a4f-e11c-4055-b059-9c955d66556f_MasterBedroom-25791,train
6b2a7e3f-4f6a-487e-9da4-9f30a0f064c9_MasterBedroom-15945,train
656bf897-705c-4397-871e-13268143369a_MasterBedroom-2432,train
170b48eb-5746-4cd6-b0da-cd6fb853765f_MasterBedroom-1339,train
65663bda-5a45-40e6-a07d-c7fbd9874657_MasterBedroom-10707,train
abc63a60-6190-47f5-a331-12f2d90bf8b7_LivingRoom-41316,train
37d9c4da-b8b9-45ca-bd51-26df71083b10_SecondBedroom-140603,train
43b85f54-1a49-413f-8b9d-2858c270c442_Bedroom-2457,train
e22c70fa-8427-4337-bf22-23496bd5a0a4_MasterBedroom-11557,train
c83c564f-ceb1-4cd0-b171-7eb26a283b24_MasterBedroom-6907,train
cc46988f-ce25-4ce0-84be-5ce67a8d0d42_Bedroom-128872,train
8e49c059-4e1b-4a7e-a78a-9d2fe7a8cad2_MasterBedroom-10454,train
df2c4d5d-b540-4995-8dcd-280638bfef47_MasterBedroom-6118,train
3c3866c8-a167-4e66-8b73-ee663bd79f07_Bedroom-5988,train
a48c2fa2-734e-4a66-a1ba-c63bcb76b08b_SecondBedroom-11598,train
d97f0b0f-a15c-4385-95f3-1fb5f053f78a_MasterBedroom-17413,train
4fa56715-fad5-4f60-a57e-e628df21a914_MasterBedroom-17233,train
6f25efe5-1c2d-443a-a297-4f4f0a3688c8_SecondBedroom-29462,train
77315352-be0a-44b9-ab5a-7a2f3e0e33c9_SecondBedroom-18208,train
1d3e057a-fdb4-4414-883f-b68776ee0763_MasterBedroom-38660,train
9d5ea5ec-326e-46f3-b6eb-634e5e2a3837_MasterBedroom-49008,train
a2e1515b-8bf4-4950-aa12-98e35d8410ca_SecondBedroom-44580,train
1c815e3d-b8bc-42fa-944e-8278b7cd9acb_MasterBedroom-29660,train
ad2462d1-ed66-45c6-8739-3ccface000c9_SecondBedroom-3814,train
e086c12f-2d1f-47f5-9676-74a53179f7e2_MasterBedroom-82186,train
53e64f48-d7e7-46ef-a3cd-da63ff4a6dcb_Bedroom-7835,train
b71b1950-5509-4f62-8aa2-2f49825d9f8f_Bedroom-17496,train
247908e3-d84d-4743-9e31-a783464dd4ec_LivingDiningRoom-45341,train
3f5dea2c-eda3-4cd1-adff-fc2317af1fcb_Bedroom-20594,train
54843f72-a34a-41b9-9483-56ac743082cc_MasterBedroom-41297,train
eb19c2b1-7eca-4389-9ee7-ff27db482cf4_MasterBedroom-48901,train
3036ad25-dfe4-469b-9ab9-3fec36c348e8_SecondBedroom-10500,train
ecc2066b-925b-4fa3-8734-e811352a45f5_Bedroom-115907,train
1e4c1b89-895e-4663-9469-f2e837fb39fd_SecondBedroom-118528,train
72fbdea6-2af2-4c2a-bf00-0d4d90bfa334_LivingDiningRoom-6461,train
116f9473-b473-49a4-a4da-1cf81ba45e3a_MasterBedroom-9217,train
b003f93a-5664-4fe2-b40a-caf19583fd57_SecondBedroom-1286,train
b7e22103-19b8-47d1-a287-4349e4786cdc_Bedroom-1277,train
075afe52-555f-4ef7-9ed7-5ef9bed6705f_SecondBedroom-8463,train
53608c94-9c21-4beb-a7c4-fb19b05a1a34_SecondBedroom-9632,train
bc2e79c6-a4f7-4c99-a6cd-6aafb5843cb8_MasterBedroom-25936,train
a9c6a334-ba10-467a-a5cc-81dadb65a615_SecondBedroom-7233,train
ec4ce2f3-bf90-45ed-b90a-84f89d87afba_Bedroom-22004,train
a0d30f6c-c229-45a2-bf7f-ae9f08b97596_LivingRoom-1906,train
865efbe7-e24e-4080-9c8e-dc6c52180ea6_MasterBedroom-26247,train
070bb554-f9b7-4b80-a1a2-fc91f1c861fb_MasterBedroom-43954,train
2615ddc5-6763-47c0-84a9-b2fe790662c2_SecondBedroom-2279,train
97089e6f-2c65-4a2a-96cf-6841c0a238f5_SecondBedroom-65077,train
a3e1afe7-f89d-44f1-bcb9-a4086de781f8_LivingDiningRoom-8026,train
f975ad76-0f30-4485-9388-a6c019d19b38_Bedroom-131,train
71b6e531-ed61-4ff3-8816-5f1b0ebbb464_Bedroom-20007,train
4de376c9-ddb7-4f68-9980-e6bba9a093a6_Bedroom-47682,train
d4d465b0-e4fd-40b6-9ead-0a1c3d03036a_MasterBedroom-63341,train
d859ce89-1e14-4ef8-ba97-f6631f3f0b87_LivingDiningRoom-17104,train
656bf897-705c-4397-871e-13268143369a_LivingDiningRoom-1228,train
714a1f8b-192c-48f5-965f-2bd0764a7546_MasterBedroom-21507,train
234f5661-8d9e-499b-ae27-ee5dfe702e56_MasterBedroom-33779,train
ac92919a-90ac-4fa7-a972-12c947305f41_MasterBedroom-3191,train
474b594c-a474-48fc-bcc3-f9df10f63bb9_SecondBedroom-12046,train
ce3aa96b-a6f4-455d-8a83-2a61253c6fec_MasterBedroom-3919,train
7289023b-aa7a-483f-b2bc-e0c33c6cc386_Bedroom-268,train
a59c6716-3e62-4141-827b-993734038990_Bedroom-62184,train
a97dc075-2b8b-4964-878d-976792ce71de_MasterBedroom-8841,train
73f1f19b-18ff-4704-a03c-cb3c6f82e001_MasterBedroom-3618,train
fe34c57e-fdaa-4d29-85ac-a580bdafd66a_SecondBedroom-22085,train
247908e3-d84d-4743-9e31-a783464dd4ec_Bedroom-42376,train
62ac423c-ae2f-4fc4-be9e-01275e8067ca_Bedroom-79925,train
648b8740-c145-4233-84f1-27f596c387e7_Bedroom-26089,train
0298054f-93f3-4365-8724-484202d53981_MasterBedroom-49696,train
261774c0-9480-40b3-a85a-4804c96ea443_SecondBedroom-131661,train
4fcbcf8c-3e21-45a7-aa3c-c2a879f916b2_Bedroom-559,train
676a6773-36ae-4d7a-afe7-5c6ad227325e_SecondBedroom-14200,train
c789545c-e098-4f51-a366-5e52f0f39234_MasterBedroom-2647,train
db5a99c8-100b-415e-abe0-bb9dbf261972_SecondBedroom-24115,train
82a7d3a7-7fe0-4bfd-82b7-05c56353983c_MasterBedroom-3845,train
bee6daae-fb60-4c9f-a30f-f2c4dd8bfce6_MasterBedroom-14051,train
57638f14-c201-43bd-86f8-56fffa63e917_SecondBedroom-28138,train
e3a673e8-9ac7-4e41-831a-24888f0b85ca_LivingRoom-1259,train
356e8e40-f891-48e8-a393-aee1a9412275_SecondBedroom-6070,train
f655b350-074a-4b5e-ae1e-ede74c0e75ec_LivingDiningRoom-77193,train
65dee4d7-0d0d-434c-a281-0caaa8e9e979_LivingRoom-3204,train
04684207-3d45-4d33-bd9d-0f66c9a45402_MasterBedroom-9404,train
44b61eec-c68a-4691-aa5d-2557b46a3f79_Bedroom-583,train
1960c136-ed10-45b9-b19c-03765a6abdc8_SecondBedroom-37424,train
af50bca9-1d0d-4eaf-9e81-9f8fc643949f_LivingRoom-21437,train
1d89a45b-bb91-40af-9182-6dbb87517097_SecondBedroom-2259,train
4b5269e4-7e4a-45a3-88fc-3a13f1cae1c5_MasterBedroom-952,train
cfdf4d87-2b14-48f0-8fad-629c917312d4_LivingRoom-105598,train
07e1fc5d-2c74-4b12-8100-95f55d396e31_Bedroom-17603,train
dfb54c79-6d74-454e-8bce-a6898527daba_MasterBedroom-64939,train
2c324317-0e3e-488a-a456-37fcd2cd90df_Bedroom-88515,train
cbb1452c-db03-4283-b18e-a6ed577d4bd7_LivingRoom-2715,train
408ac41a-18b0-4c87-82ec-881b39e06b37_MasterBedroom-11336,train
63624bb6-0323-476c-b295-2e31b729fbb8_LivingDiningRoom-8678,train
2d821cac-8858-4661-bdce-4ef65f59af0e_SecondBedroom-5349,train
3cb92d64-e832-4c05-be86-a286b92a1ac6_MasterBedroom-8229,train
03279ac8-717b-4b94-96e1-3b6a7e94e782_LivingRoom-19481,train
386553cb-c7ee-47e6-926a-679a9e65fa1a_LivingRoom-22971,train
25235b9f-c9cc-4dca-ac4c-69614e46e9a9_MasterBedroom-196,train
f385547b-42fa-485e-bc25-ab752182db10_SecondBedroom-22967,train
fbd8335f-0637-42e3-8d89-dc96d4651ac2_MasterBedroom-3684,train
03f25b88-2c5f-49fd-82d9-dfe2f14de90b_Bedroom-1403,train
09909663-6896-4cb8-993e-4417342d8d44_MasterBedroom-14958,train
5796d41e-a117-42ac-a92a-331cd02f72c5_SecondBedroom-1652,train
05e8b512-5ee0-42e3-a26d-a40c4e5bc523_Bedroom-20944,train
997b4bce-e106-4c9a-9df6-3ac82127a7c5_SecondBedroom-147068,train
fe1c870e-fd97-4d8c-b0ef-ab646c06e3cc_MasterBedroom-13878,train
f419f189-23f4-42f6-89c1-838f09191f87_MasterBedroom-26413,train
315c503f-8ff6-4359-9c0a-321b144e89b9_MasterBedroom-144863,train
2a23f8b0-9cf7-4655-be69-10508912fc99_Bedroom-563,train
60cce170-55c9-4ced-a4e1-79bf96444224_Bedroom-3372,train
3302e0fc-33e4-47b4-8303-88616dca641b_Bedroom-6144,train
d962e160-ac1a-4f93-9f8e-397818621588_MasterBedroom-1814,train
9a21209b-f836-4d36-b106-04495545481a_Bedroom-5981,train
39ea30b1-4302-4a07-885b-bd498facd30d_MasterBedroom-13100,train
e876d240-71f0-4ac0-abcc-6205a5247c38_SecondBedroom-28761,train
34ffd30a-32a4-4db0-aeaf-0fc61afec7e0_MasterBedroom-37219,train
848506e2-a801-43e7-b843-122761708d88_SecondBedroom-1956,train
018d9d83-0ca1-427a-8388-fcd0cab365e6_Bedroom-1361,train
5c8e6bc5-c29e-4ac3-813e-df2145b20c69_SecondBedroom-30593,train
aedb13db-b413-472d-a50e-81017caba93b_Bedroom-17813,train
181ecd38-5ccd-45e9-a7ec-2c79f5b58e07_LivingDiningRoom-13945,train
a11ff831-4d5c-48b0-a43e-90af1fd5a17c_LivingDiningRoom-9828,train
137f72fb-2331-4cf0-b832-0e7ddea0cce2_MasterBedroom-8331,train
908633f6-545c-4016-a2e7-f334120ac392_LivingDiningRoom-9101,train
600c25d7-b174-41df-9dd0-29a3998db028_SecondBedroom-7221,train
23b0def1-e853-43de-89c8-be709b6f9f1c_LivingRoom-3203,train
2d4dceda-1875-4f72-9bbf-d12cb8d9c7a6_Bedroom-124,train
32b648a3-a703-4639-ab84-deb1da43793e_SecondBedroom-3549,train
5921e046-ab2d-4451-85bd-6a31b71c2f4e_SecondBedroom-18314,train
6be30d81-2935-4fe7-9280-6efa0fd48a82_Bedroom-28019,train
5a74379c-00fc-4e6b-8641-e577a8f0bcc2_Bedroom-27871,train
a252fd2f-afbf-4b76-b63c-5af2b0a3cebc_Bedroom-288,train
0ca13717-8f2a-485f-b991-6211ff18a00b_SecondBedroom-116650,train
39629e24-b405-420b-8fb0-72cef0238f70_MasterBedroom-4105,train
f8d1f7d8-8270-4a12-9b21-785332cd542a_SecondBedroom-9587,train
13a27655-e337-4846-af2e-ebabfb631742_Bedroom-251,train
52982a7b-ed79-44e6-bb37-f878754c07d3_Bedroom-186,train
dc44410d-8a89-4099-ab84-4444b9ebbcd6_LivingRoom-37001,train
d7c6c9c3-8d57-405b-b422-48b89b89d25c_SecondBedroom-8687,train
337dfa6c-11ad-4710-853a-24db35898c81_LivingDiningRoom-6485,train
db5e0c75-e464-46b8-8d87-a0bafe9fc137_MasterBedroom-54086,train
bd7a0fef-6083-4bd7-af4e-eb82d293967b_MasterBedroom-118537,train
35970ff6-4588-4bcf-8461-16448f1d0650_SecondBedroom-332,train
be1f3c71-ec18-4ebd-be16-1e0c43738d39_MasterBedroom-27279,train
8e021c8e-c921-4f62-b09f-ad3cfe576d3d_MasterBedroom-27352,train
e5a744d6-d36d-4682-877f-fea6e9614c94_SecondBedroom-17858,train
f50fc676-d5e4-45ad-89f8-11d789079dde_LivingDiningRoom-4010,train
dd70b5b5-5e6e-4f5f-bdd3-47f32223ed1d_MasterBedroom-13436,train
f1b8b50c-14ed-4bb0-a04c-a8ecb2b2aadf_MasterBedroom-448821,train
8ebe2792-a8af-4d4a-be92-edd3c88ef278_MasterBedroom-22686,train
dea06c5b-ef2d-4101-b5ef-3f8397cbf002_SecondBedroom-40604,train
5909d95e-ee06-4fa3-bb01-5b0f43185a6a_Bedroom-11072,train
927e2bbc-7d06-4c62-b51c-00ee61f1272f_MasterBedroom-33631,train
0b16abb1-4a59-4ce3-85b5-8ec10440d9dd_Bedroom-36373,train
39549a42-25c9-4b10-bbdd-9c3ea5c47186_MasterBedroom-246,train
78dc0550-6644-4473-87bc-8f8ff72db51c_SecondBedroom-46451,train
0a761819-05d1-4647-889b-a726747201b1_MasterBedroom-24539,train
4b1513de-23df-43b3-866f-ef10c1c09d58_LivingDiningRoom-14482,train
b2cdbdb3-1b72-49ad-81eb-f130c9acd170_MasterBedroom-11888,train
871235f6-ecd6-4a95-86e2-312c2f9ffe55_MasterBedroom-28975,train
db3662d2-4985-49f8-aaad-3ae88da58577_MasterBedroom-29129,train
b0f5ee50-f513-40be-ae17-20fd9acd60b4_MasterBedroom-26054,train
80a1dad3-492a-4c8d-af9c-b33690528220_MasterBedroom-9893,train
c2bcb689-bf86-4b18-9edd-abc5f7a7a05b_MasterBedroom-7914,train
80c650a0-8b67-44a3-ab43-bf5c96522bea_DiningRoom-15480,train
d4d0237f-a66b-40cf-bf85-56e11cb20602_LivingDiningRoom-10068,train
21bce930-fd0c-4ef3-be2d-6cdd5bb3a8c7_SecondBedroom-8848,train
8504e027-78af-4833-b36d-2ab919e84ee2_LivingDiningRoom-8799,train
a42adc3a-01df-45a6-855e-e034c6b2fc31_Bedroom-8818,train
5669e7d6-ad0f-47ad-be4a-c511786ad433_MasterBedroom-21810,train
79f53548-011d-45c7-bb97-1bcfc60abbaa_Bedroom-8289,train
4409ab36-f1e1-442c-8fbc-ff49638af1e8_SecondBedroom-21695,train
b744dce4-8f32-4016-bb25-6d00e9843e79_MasterBedroom-60471,train
46987366-9a63-4f9f-97fd-1bafb4769ef7_Bedroom-47615,train
befab963-73d6-4063-a7a3-386024905c4c_MasterBedroom-14272,train
e1f97282-7ce0-4eb3-86ab-448eb00db818_MasterBedroom-13487,train
df84d678-cec9-4909-b09d-e57fad3b9d01_Bedroom-27988,train
b3756af5-3246-428d-be76-57b1decad705_Bedroom-2284,train
76b9e260-e7f4-43a2-96bc-45ddfc3e3c22_SecondBedroom-38435,train
06c02177-67dd-449b-a778-50d41946b95b_LivingDiningRoom-173006,train
be642e05-b8e2-4acf-b43a-4765248f1996_MasterBedroom-13947,train
e503e126-bd11-4e31-9b61-aa6816d22630_DiningRoom-19938,train
1f5872d3-0ec8-49f7-a821-d660c794ea4a_LivingDiningRoom-11325,train
8a3bf65f-af38-4d9a-9cdf-b278faeb499a_SecondBedroom-117377,train
fc8c70a8-34ee-41d7-b54f-022c75d117e0_MasterBedroom-1843,train
fd987ee8-eeac-4d95-a947-306db2feada5_Bedroom-18781,train
eeb71e43-2988-439e-867e-cb143cb3988a_Bedroom-3153,train
4c1ba4df-e772-4f76-bd59-5d293258e17c_LivingDiningRoom-2610,train
21a0379d-e657-4b7b-80f1-2aa4554d7d80_MasterBedroom-142318,train
c3c2b237-b863-436f-b66d-27bf5d0ca927_MasterBedroom-99492,train
0eb102fc-89cd-4d87-a289-c4b3ee55d44e_Bedroom-20629,train
fd898769-3118-4877-b9d4-9f7f82a0f7b9_MasterBedroom-30566,train
eb1f5725-ab22-470d-b345-cca532813d98_MasterBedroom-25667,train
d6bd0000-bdbe-487c-b1b4-cb57cff99d89_Bedroom-1137,train
1c15614e-3995-4ed4-9091-5e0dad0090b5_MasterBedroom-3635,train
1b628313-1254-4608-847f-b68d3d081799_MasterBedroom-63953,train
53db8493-091d-439b-b73c-18156bafe3bd_Bedroom-20037,train
69b82978-76fe-43cc-b88d-92b7244ee573_LivingDiningRoom-15465,train
0fc4d063-6145-456f-8fe1-1180d3eeeb3f_Bedroom-2719,train
0c537cc6-59c6-46d1-a865-f5424003bc48_LivingDiningRoom-270,train
560b2876-65ae-498c-99a6-8ca691cd42dd_SecondBedroom-13764,train
cdf2cf2f-6cc4-40a7-b8a6-e0cd078c210b_SecondBedroom-7640,train
133d45e4-e0c2-4d65-a627-10a56a7c2504_MasterBedroom-13164,train
4db96e52-b5ff-4722-a0eb-9d4384480744_Bedroom-40071,train
86f1f54f-e8ef-4e21-b8bd-109ae91c95ff_Bedroom-59718,train
36678f29-129a-40ef-b197-a2c3fde6778c_MasterBedroom-2856,train
a62c4a8d-d297-402a-b688-5d551d889530_DiningRoom-164,train
6490d051-3de1-42b5-970f-c940ae01730e_Bedroom-35900,train
9457cca2-5776-40f6-bca2-c95907a872b7_DiningRoom-2644,train
503ebcb6-9815-4412-90ea-f0bbd59ddbe9_LivingRoom-472,train
31669d15-2f3f-4f8e-b155-569ccba2c33b_Bedroom-67513,train
21b83dd7-a159-4471-aa41-8ca48a4ace1e_SecondBedroom-10142,train
cc46988f-ce25-4ce0-84be-5ce67a8d0d42_Bedroom-128261,train
545bd0a0-fac4-40f6-84fc-6ee05ac27255_SecondBedroom-1056,train
2da2523f-1852-4a2a-9809-37dba6c8b959_Bedroom-13499,train
72fbdea6-2af2-4c2a-bf00-0d4d90bfa334_SecondBedroom-7914,train
036bc96c-419d-4a43-812e-1e533d95dfd3_LivingDiningRoom-114074,train
a603c8bd-8ff0-42b5-b836-b0e693d1b0aa_Bedroom-323257,train
ac92919a-90ac-4fa7-a972-12c947305f41_Bedroom-6866,train
13e45e23-425b-47f8-8187-d1aa23dc419b_SecondBedroom-407,train
79432d9c-5809-49d5-80c4-a20eac526210_MasterBedroom-1803,train
89c3fa07-8356-43dc-9928-07e6323f6c2e_Bedroom-4213,train
26018cad-b5fe-42cb-9032-9e5a14b45c55_Bedroom-23685,train
ae1f318b-a8ac-4eec-974c-10a587ea0a71_Bedroom-35611,train
0efc2789-0d3a-41eb-adc7-6db4f8713070_SecondBedroom-392,train
6f969906-b789-4a47-a930-008d35ca0458_Bedroom-1541,train
070e6150-3592-41ca-910d-b2d07ec2feff_MasterBedroom-159368,train
47bdd0ae-6956-469e-954b-680655c6252b_SecondBedroom-6146,train
a4a6dbf2-4558-4f48-b567-392202358792_LivingDiningRoom-35492,train
3c47589f-313d-4bac-abee-830161a278f0_Bedroom-109970,train
199658c9-c2b1-4c98-aa80-807ab817c21f_SecondBedroom-66284,train
acc099b5-dabc-4fb0-ba27-4f8c961432fb_SecondBedroom-1912,train
0ff98ee4-0807-4300-b557-14236497bdf4_MasterBedroom-23191,train
fe4aa477-9203-4c50-a540-e1bbdf2d9fec_SecondBedroom-819,train
69bdd28e-52a7-4be1-be76-21c660e66a43_SecondBedroom-6621,train
5bb4911d-eeb7-4fbc-8ce1-1cd3826eba60_SecondBedroom-13794,train
9334958c-caf6-4b8c-8334-b924a9483401_Bedroom-12965,train
d7b8a396-8932-4d4f-a233-a93a23cd2ec3_MasterBedroom-12676,train
347dcefd-c4ad-4d24-b9fa-88bd5573ed5e_MasterBedroom-1071,train
ed8ac36a-974f-4117-8dbc-89e6498bdaab_MasterBedroom-11523,train
08cfec4b-56a0-43f0-8428-e31c210d8c6c_MasterBedroom-28090,train
8d1316ff-e5f0-4065-8676-2e6c79194434_SecondBedroom-13359,train
809652f3-1c3d-4962-90d3-737fadb964ec_MasterBedroom-16250,train
06a40b75-b57f-4962-ae13-a9fb08bf347d_Bedroom-57748,train
7067f026-f793-4931-9e6f-d6372015de5a_MasterBedroom-261,train
0c0431b0-fbbf-415e-aa86-5aaee0815805_MasterBedroom-95193,train
ef49fbf5-040b-48d1-9370-e6d496b8d1d0_SecondBedroom-7697,train
a0c48314-2360-479a-8ff5-a61f4e0bedb7_Bedroom-166575,train
4c2c82a1-1589-4326-be92-03187ba0b459_Bedroom-2235,train
2f9fc349-3878-448e-8f34-c3660a3bf106_MasterBedroom-4381,train
122feb6c-450f-4d1b-a02a-25c976b14ba4_LivingDiningRoom-9254,train
5ac451ba-b3f0-4734-ac59-e7ac821e3c83_MasterBedroom-110518,train
75652f7b-3a8d-44d5-8474-47dbbfb62681_SecondBedroom-8426,train
68e20f2b-e004-4767-9eac-6d3e4d63ee80_Bedroom-100768,train
a88f5922-2f3b-4ad8-b834-82fa1c0d00c8_MasterBedroom-16561,train
9894d4c3-43cb-4af9-9107-263bdb85bd18_SecondBedroom-19505,train
49779fa2-226f-4e40-8f8c-1205e9a36475_MasterBedroom-8111,train
b214afdb-2761-443e-82a2-a6720d7a0578_MasterBedroom-12350,train
c6c7d88a-9f06-4f43-b065-6c07c29f0ddd_Bedroom-1937,train
016e8e9e-143b-4f12-9679-3ca930a1b6d6_LivingDiningRoom-34678,train
324e4fe5-cbcb-46f7-9dd3-64549d0eb3a1_SecondBedroom-116,train
0e373951-83a9-43e4-83cd-febb0ead7c9a_MasterBedroom-45353,train
9a3ae5f2-9579-4a74-805e-77e758ab8027_LivingDiningRoom-11033,train
91e19c05-929c-416c-99c9-9d5ed3b6393c_DiningRoom-22829,train
e9ebe917-5812-429a-9154-913dcacb49ff_MasterBedroom-33111,train
77b9486d-fb58-4e37-99de-be7fb1632ac5_SecondBedroom-7140,train
491af85e-3c8f-40f2-a204-392483bb4308_LivingRoom-2602,train
40415a21-d863-4c54-a088-c078346ba939_Bedroom-4098,train
78270e88-4f1b-4169-abf1-c093f200bd5d_Bedroom-3652,train
a76b20fd-d688-4bcd-9daf-5535e66959ad_MasterBedroom-7176,train
a3f5476a-694f-4539-a902-c7df89988484_MasterBedroom-1741,train
3e73871a-0b33-44cb-99ab-6a76a7d6e12d_LivingDiningRoom-17558,train
3729c734-fa3d-41bb-9f0d-d44a0db14889_MasterBedroom-32352,train
dbab9e2d-87df-4c2c-b9b8-612f5b14b28d_Bedroom-89669,train
9a26b2a5-3a4f-40b8-93b7-dec4feef5f38_MasterBedroom-2604,train
cc3d86ff-9dcc-4757-8325-f7d1ac98edc9_LivingRoom-5458,train
93a20906-9d65-4541-ba47-61c7d13a06bb_SecondBedroom-10764,train
c06f62d4-778a-4303-a2c8-301181ecc9ee_MasterBedroom-35376,train
8df6c006-6c38-4c65-90d9-017a26b63d4b_SecondBedroom-964,train
143df637-91d4-486c-ae5a-8cb482fa1cd7_MasterBedroom-11355,train
715cd0a2-3c66-4f33-b9e9-e8c13aea5eba_SecondBedroom-71986,train
966e4e61-c119-4588-9c25-88270a9ccc62_SecondBedroom-101544,train
c7a6c545-7e2b-452d-a116-1d724dbd9e34_MasterBedroom-1269,train
e64176c6-724a-471a-bd2c-81fc36504a59_Bedroom-11388,train
88b5a171-9136-4bb0-8d8d-43937f8cd9e4_SecondBedroom-11688,train
b983c974-ad79-4389-a02a-d8175f933411_MasterBedroom-11254,train
6197d128-fb8b-4f65-93be-c318bf2eaf7f_MasterBedroom-90580,train
7cb03574-4360-478a-9ad8-1e0e20c48bd9_MasterBedroom-11832,train
28b5e0bd-6017-4298-88da-7af8d5a521a1_Bedroom-32115,train
6019bf5a-b088-45f4-aa3c-f8ccaed77069_MasterBedroom-31015,train
a65d35b4-f9df-4d15-9cc2-fce1155974c1_SecondBedroom-137783,train
df17ede9-742d-4283-b77e-8482e260c71e_LivingDiningRoom-15419,train
d7ceb50f-a367-4c65-b961-71a77ef1967d_LivingDiningRoom-16634,train
d3dbe530-1eac-4374-a97c-93f073071a60_MasterBedroom-3293,train
041d34b7-1b22-4164-b84e-c1fe93f5c880_SecondBedroom-88841,train
0a71be67-5024-4b9c-a53f-da0aaa294963_MasterBedroom-29735,train
7f881e49-e02f-4524-b58c-ad6ff07d569e_SecondBedroom-53615,train
5b00b25e-578c-4eea-b736-2c98d456ea44_MasterBedroom-1261,train
5799a8da-0d93-4c2d-bc54-f1c2b7bca9af_LivingDiningRoom-2316,train
a7449906-43ae-4a5c-871a-51db33ae4608_SecondBedroom-22460,train
1a93bbbb-3b94-41c1-bf0c-0c9f29fb6aba_Bedroom-19967,train
b3a7d1dd-a679-44ad-a9f7-971d09c2447f_LivingRoom-1676,train
6be7ef9a-98d9-4d32-8b0c-c0d2b1ca3bbe_Bedroom-39015,train
f12586b0-d5a3-445c-9dca-8a40121851d5_MasterBedroom-391,train
d48fd432-ed84-4e2a-9481-92ecc3e2937c_Bedroom-369,train
6ae193c4-4fe1-42e8-b2dd-38ded31b7f12_SecondBedroom-48433,train
30676bda-6d34-4efc-a32d-3f13f19ba2d7_Bedroom-12002,train
f034b396-40ea-4ece-ab94-e07445475fa6_Bedroom-12169,train
8a41712e-1a55-407f-92f7-3c7cbd4366e2_MasterBedroom-42698,train
cfc0e878-ba80-43f0-9a54-45a4850e4ecd_SecondBedroom-3852,train
6417999f-abfd-4c11-8ca1-0100d8738214_MasterBedroom-6822,train
ee5aedcc-fd1e-4de2-93f1-dac088683d96_MasterBedroom-34953,train
6e284cd9-0d12-41f5-98e4-4d03c6eec135_Bedroom-9255,train
51375fc5-dd6a-4e5b-bd10-be734156418f_SecondBedroom-44058,train
a8489fa3-46a7-452e-ae5b-dd9bc5c71a05_MasterBedroom-9557,train
46db808a-d7e7-452c-95bb-d0677d21b13c_MasterBedroom-5540,train
76347b63-6e7e-419e-89b3-0fa82279515f_SecondBedroom-44122,train
40c54a07-55c4-4c83-9624-957261e07ab8_MasterBedroom-65728,train
2a28ddb9-f126-4480-a098-de099efdc87a_MasterBedroom-4847,train
84dc6b73-ea3a-424b-91ae-175027928d17_SecondBedroom-3776,train
899a7baf-5c1a-404a-a693-03ba05741c93_MasterBedroom-54525,train
83793e28-7213-400b-b3ef-978fc7962cfa_MasterBedroom-8266,train
2eeb434c-855e-4298-a8d5-29b1ca838608_SecondBedroom-5811,train
f92faf3f-2b6c-437c-9942-fd8437292634_MasterBedroom-8221,train
f086151e-64f0-4fad-b373-22c20dfc2fce_MasterBedroom-5478,train
4b34d274-a89f-438d-aae1-1867f8e25e61_MasterBedroom-16874,train
a4f3cf0f-0722-4cab-b6fe-02ac4aadc6af_SecondBedroom-3003,train
aee82a11-1d1f-47ff-80d5-902e800b839a_Bedroom-1017,train
dd7856a2-52c4-4b27-bd7c-7ba5df36d181_LivingRoom-1255,train
28d091d1-a89f-45b5-b978-4b0c77a0dd14_SecondBedroom-1762446,train
2d728150-ecd3-4648-b584-68de8e9f9a89_SecondBedroom-119762,train
871235f6-ecd6-4a95-86e2-312c2f9ffe55_LivingDiningRoom-29009,train
5fc584ea-ebdf-4bbd-8c85-4a2be9b35abd_MasterBedroom-2045,train
9fc84985-1955-4003-83ef-43970b1418a2_SecondBedroom-9892,train
5ec747dd-d7be-41b5-856c-215d4803d281_SecondBedroom-19303,train
7d6bfedc-a000-498d-993d-62099a5fa5fb_Bedroom-9227,train
6417999f-abfd-4c11-8ca1-0100d8738214_Bedroom-6881,train
f4491796-1b49-474b-a246-5be7f2d65d99_MasterBedroom-15017,train
81c47424-f98c-418d-b810-ad23e586b3b2_SecondBedroom-304,train
8ef1ac63-da17-4f85-94ad-d784649329c6_Bedroom-206,train
a791d489-d419-435f-9235-827390615fdf_MasterBedroom-4225,train
876631f3-8f59-4a3b-bae1-8da99beff4c5_LivingRoom-6045,train
0bae68bc-b465-4f11-9d52-ebf5b44b0100_MasterBedroom-17957,train
4a9d830e-7de9-470f-a2f5-90b7cd1c233e_SecondBedroom-6087,train
07f02d16-a025-4bc4-a45d-5f487c545f49_MasterBedroom-97223,train
5a6cc890-9073-420c-ad20-d8a99f9d4968_Bedroom-38939,train
549abbb2-a523-4004-a217-d6bab54f94dc_Bedroom-12972,train
aa864471-da98-4da0-b383-461f994d2531_MasterBedroom-8164,train
27c7f794-45cd-48b8-a5fa-78f8780131f7_SecondBedroom-38398,train
f3cfad69-28ff-4db2-ab70-4cc7f6909985_SecondBedroom-39793,train
3e40b128-6291-41ff-89aa-0ae707a594c6_SecondBedroom-11303,train
08305531-aea9-43e5-a37f-6dd82ac44092_Bedroom-7143,train
65dee4d7-0d0d-434c-a281-0caaa8e9e979_SecondBedroom-6693,train
546dcbbf-7a5c-436b-9153-95541bfe31ca_Bedroom-1265,train
2d424221-26f3-472e-9ea1-c7c11a1fb796_MasterBedroom-2763,train
b660850f-9a16-4040-867a-871406da5590_SecondBedroom-25535,train
1fdb9840-5925-48a0-a307-4be1bc9b402b_MasterBedroom-16628,train
87bd388a-3f7c-4fba-9b1e-4cceafa671f6_Bedroom-10367,train
a7f64d89-c953-4ba9-bbd4-6f74eb69710b_LivingRoom-18042,train
bb8583bf-ee94-4667-9981-63faf7a91234_MasterBedroom-10958,train
4ba8a28c-b40f-45f8-8329-b13bcb70ff02_Bedroom-23724,train
c20ab624-9677-40e6-a832-ed2c906e408f_MasterBedroom-46660,train
fb6b040f-414d-4816-977f-c680acb29da6_MasterBedroom-22697,train
3f5df315-6fc7-46c2-84eb-862e27012530_Bedroom-366,train
ede1bcab-2298-4756-b03a-690d5cf8dfe5_SecondBedroom-12217,train
c5c99bbd-e9d2-40ff-b46c-43ed48e08864_LivingDiningRoom-7430,train
13834f3e-2207-4206-9b48-daa29b2eb873_MasterBedroom-29842,train
5e870702-4768-446f-9c7e-a50e4ace9796_MasterBedroom-1289,train
8d29c73c-1246-4852-b7e1-d076ca22d7cc_MasterBedroom-85660,train
339e454d-b3a8-4de8-97e8-cfc8aa37cca4_SecondBedroom-2080,train
df0e6d6c-5251-43ab-8334-e67e11ffc697_MasterBedroom-156311,train
2a8a1191-d4cc-46e4-b5ea-65e01954dbfa_SecondBedroom-214733,train
5894e989-ba18-4007-a1ca-6dc2c517c212_MasterBedroom-198576,train
d3dbe530-1eac-4374-a97c-93f073071a60_SecondBedroom-4535,train
905ccf24-697b-4bb5-8c53-def619d16327_LivingDiningRoom-6844,train
a0e73d7a-169e-4df4-9c48-43ccc65cff48_Bedroom-9836,train
69f51600-f8b7-4445-815f-55b87172c756_Bedroom-24655,train
b8366424-8564-4127-9238-097bf6200861_SecondBedroom-144825,train
0be0e89a-9965-4f38-8dbb-ea220f2f5fc1_SecondBedroom-12155,train
10daa874-0936-4bd6-9be2-3bbe831d1bcd_Bedroom-27118,train
a2b307d5-8d70-4332-9317-010891dd68f0_SecondBedroom-9417,train
191931a4-ae27-44eb-a639-d8ee3de85a0b_SecondBedroom-10141,train
f85c9163-8554-4302-8927-6e5c0e31f3f8_MasterBedroom-539,train
06e6dae8-1592-4278-8f40-ffa20cea11d3_SecondBedroom-2295,train
1a93bbbb-3b94-41c1-bf0c-0c9f29fb6aba_Bedroom-24070,train
78270e88-4f1b-4169-abf1-c093f200bd5d_Bedroom-3435,train
2882c0c9-cf09-446e-83b3-9c0fe19601f5_SecondBedroom-52968,train
afcaa4ce-37db-4314-9786-1addf4ea57e0_SecondBedroom-21667,train
2c213709-c572-4f58-92c8-d2a42199314a_SecondBedroom-2311,train
1bd5e2a8-54f7-4f90-ade4-2ea965db13c2_LivingDiningRoom-27644,train
786669de-f41a-409f-b487-ec62413e2ee0_Bedroom-66453,train
f5e20ff1-7ed8-4103-886f-1309e7dcd456_MasterBedroom-15607,train
bb393cde-eecb-4efc-8711-e9576791aee2_Bedroom-119,train
a4a6dbf2-4558-4f48-b567-392202358792_Bedroom-35514,train
987d0a4b-07d5-4958-aac4-cefaa277d511_DiningRoom-8951,train
c55dd0d4-1191-44b5-8afe-8e0d0c90d8cb_Bedroom-14265,train
906c7fc1-5bea-4ba0-a40a-adc132247a6b_Bedroom-5740,train
6995dbb7-6399-4d3e-b8e1-89d5b309c5aa_MasterBedroom-29249,train
8660193c-1cdf-45f0-b8be-f9022ba57802_SecondBedroom-15743,train
15669288-4a23-49e3-b586-9822b27fc3c9_Bedroom-57639,train
00321452-517d-431b-a21b-f52750684910_MasterBedroom-7594,train
98257d91-7cf7-4ae9-b23e-f6912b0e0cfb_LivingRoom-12311,train
35033c21-ccdb-4e41-b701-f5df9e0d90d7_Bedroom-12109,train
0abe65fc-108e-4f9b-a8ff-29758234b9ec_MasterBedroom-9694,train
54f911eb-26a7-410f-b212-185745f55515_Bedroom-22018,train
d36f79ba-3eaf-4cc2-b3b0-87c7e0d0775c_SecondBedroom-16763,train
ddd6ce30-4d99-442b-9886-37e431cfdaa0_MasterBedroom-26587,train
ca0f44ac-687c-48e1-9b6a-dd64319d4a9b_Bedroom-44526,train
fbef7a6c-6526-42da-b2c1-209ce8e3908c_SecondBedroom-5877,train
6ed345e5-a38e-4ac4-90fd-f31dff832fc7_Bedroom-6936,train
ab0e29af-145f-4578-a700-d78f1e043dc5_MasterBedroom-4622,train
c59272a6-c41f-45c3-86c5-c813e8af6492_SecondBedroom-10458,train
25d44eea-b095-4d54-9b55-775a600d57bb_SecondBedroom-27194,train
529be18a-a998-40c9-89ea-074be3172e1b_Bedroom-85414,train
cde4fdcb-4e23-42b7-bce8-af71fb4fef57_SecondBedroom-19608,train
1ca5a85e-9cac-41a6-b47f-bada85ea706f_LivingDiningRoom-13632,train
9984c540-8ac6-498f-94f1-e11deebd507b_MasterBedroom-536,train
4b2324a4-5910-4719-b6dd-b47d20b6b06d_Bedroom-161064,train
f242015d-0a67-4ac7-a5ad-30199df3e02c_MasterBedroom-23674,train
d575f48e-3268-4e38-90e0-53f47168c303_MasterBedroom-5292,train
03386199-b47b-4417-85cc-cba4e8d28ee3_LivingDiningRoom-46824,train
36c2c33b-73f2-47d5-881e-2fa359198b9a_LivingDiningRoom-35401,train
2a77be2c-c48a-4fd1-b27e-c0153673f884_MasterBedroom-19001,train
af04306f-ef15-4b0a-ba75-1e499b3f3ccd_MasterBedroom-29436,train
dbdf84ea-3a94-4c7b-b0bc-f6ca6fd2a62a_MasterBedroom-16793,train
96ef296c-dfa6-4905-8d84-4f8d706a7ad7_SecondBedroom-6026,train
54f2ad1d-ba3f-4c61-a8b3-68bc90ae15b9_MasterBedroom-25762,train
70d6a3c2-2cc4-4b8a-98e3-2179c03e91dc_Bedroom-23984,train
80261497-c204-4078-8155-a0a435138c70_LivingDiningRoom-9530,train
f82d44c6-df98-404b-870d-b6f378d2151e_MasterBedroom-5362,train
87033dd1-ac83-4bc2-84a0-c1b99d877cfd_MasterBedroom-11662,train
8de223d3-24f3-4219-b7ba-1da244e0279b_MasterBedroom-49236,train
e604494e-6f67-4fe9-af75-5f30b819d8aa_MasterBedroom-32060,train
22a9347f-33e4-4e68-94d6-fddd0786f95b_MasterBedroom-14005,train
f091233d-1a13-4a73-b1dd-f244780c76eb_Bedroom-13255,train
337ca42e-c680-4e47-b36e-16a4cc7090ff_Bedroom-98387,train
885b27c2-0224-47a3-bd0d-5d1bfe2c164b_MasterBedroom-58885,train
b80d85e9-bdf0-456d-b7f5-e4ea871e488b_Bedroom-2007,train
267ab0f0-2d01-4539-a5b8-d32b78bbb0f3_SecondBedroom-12671,train
d4d0237f-a66b-40cf-bf85-56e11cb20602_MasterBedroom-26744,train
a63260de-8b32-4b9e-a593-0be2a647ed63_LivingDiningRoom-5444,train
dd6acc85-293b-44a7-ba7f-88edf767f587_Bedroom-23600,train
f371cee2-4111-4f1b-b60f-707e8ccc68a8_LivingDiningRoom-71738,train
e4c63506-0538-4f51-8fcd-e191efee273b_LivingRoom-13248,train
401a9c00-571c-491d-a2c6-2201b964ca79_MasterBedroom-18800,train
391a4b30-fa2e-42bf-9271-497b8c105736_MasterBedroom-74238,train
08c75291-0df5-40b1-a266-36910ab06aca_MasterBedroom-31276,train
c1b3e945-cefc-4e73-89fc-099bb5352bac_MasterBedroom-4779,train
d75c40a6-0d21-409e-bdba-6202979cd490_SecondBedroom-1251,train
d7ba426a-60d6-4090-abfc-c6ff6d711544_Bedroom-25411,train
871235f6-ecd6-4a95-86e2-312c2f9ffe55_LivingDiningRoom-29062,train
b68b868f-5ed9-4917-b922-4d58ca68ed7d_LivingDiningRoom-45001,train
a2522dd1-9fd5-453e-9a28-24ea4b890043_SecondBedroom-6751,train
04959bdd-7862-44e5-bfce-6dbe906981bb_SecondBedroom-15353,train
ab15037d-47ac-45d2-94c9-df046642102e_SecondBedroom-75552,train
ba52c6af-b741-470a-bca8-7bc8a31484dd_MasterBedroom-144,train
ba01d127-c603-47bb-ac22-e6546031244c_SecondBedroom-35143,train
9761d289-a3fb-4a71-93ea-0a9bd8b728b8_Bedroom-56238,train
b6a24513-baa6-4f67-8a78-4a19c5536dce_MasterBedroom-2820,train
c9b9c9fe-5175-4ee6-863b-31beb0cb9a13_LivingRoom-35854,train
6bc28ca2-2555-49b4-816a-042ae648f4c6_MasterBedroom-50612,train
06782800-ab9b-45dc-b3ac-7069eeb7f5cf_MasterBedroom-13931,train
2615ddc5-6763-47c0-84a9-b2fe790662c2_LivingRoom-2294,train
a8cee5db-8701-4927-819e-92a610240975_MasterBedroom-9857,train
c35449c5-4c8e-41f5-ae69-f208b9512b6e_MasterBedroom-1016,train
291a73b2-97b3-4089-8f0c-6751ac724bb2_MasterBedroom-294,train
dbf53bb3-199d-49e9-9840-70ff939e7bc7_MasterBedroom-2137,train
8422cae1-c835-4703-aa9d-b15c8824bbc3_SecondBedroom-1636,train
74609b90-d884-41ff-a661-9d25f0818b0a_MasterBedroom-15217,train
dee82180-497b-489f-8554-cb27be17300f_Bedroom-46392,train
98b7c028-7943-4861-94a7-e1fbcc362d17_Bedroom-11599,train
d2f4784e-0fdf-43ea-915b-515f11791cf6_MasterBedroom-23705,train
1f077e24-2eca-43ca-bc92-1b36eab99467_MasterBedroom-181000,train
cc3db277-1fa7-4e71-9047-f14cc317b0af_Bedroom-12515,train
43907bbc-4b39-4f1a-8747-3287c8bce690_SecondBedroom-47691,train
bd45e442-2961-4143-8968-0fc05edb610f_SecondBedroom-46456,train
a74cbd87-e6cf-4df8-9007-1134ec1f5459_DiningRoom-42346,train
29008880-a914-4152-9397-c417745998d7_Bedroom-29259,train
7161d025-3ace-4163-b00c-f8409b75ce74_Bedroom-14458,train
0f2b5258-2413-47c4-bbf6-106a74c1e1da_LivingDiningRoom-9790,train
738b0195-666c-4e04-a95a-f667ab0529d7_SecondBedroom-15823,train
cd9ef0ed-362a-40a5-b233-cef072ad22ba_SecondBedroom-5373,train
b4128f2c-0f8a-4654-8acc-05eda8644ce7_MasterBedroom-1859,train
a9c6a334-ba10-467a-a5cc-81dadb65a615_LivingDiningRoom-7730,train
3f60d6b9-49ba-45d9-bf03-966069127e75_SecondBedroom-34317,train
af615a27-5139-40d2-833a-e62fead6777b_MasterBedroom-9735,train
a94a1d56-0246-4dd5-904b-8f721214b91f_MasterBedroom-48626,train
3922ab15-7973-4443-ab72-b7ebd0a89b6e_MasterBedroom-19801,train
c71f45dd-e8b6-4214-996a-c3359126bdc4_SecondBedroom-18421,train
cbe422ce-66fb-43d8-b546-7ea428c6972b_SecondBedroom-115910,train
be37ae8e-a3aa-4202-a812-9be187c941b5_SecondBedroom-31291,train
eb8a0928-94bb-4434-bf48-07f311399345_Bedroom-312023,train
7d1a7697-3051-4e51-8d6c-fed5d3a0dd8f_MasterBedroom-11564,train
9a26b2a5-3a4f-40b8-93b7-dec4feef5f38_SecondBedroom-2000,train
f18ac5cc-b441-40b9-ac1e-a799bdb8cf15_MasterBedroom-64701,train
88e59754-af7c-44d0-bd64-0a958a919cc5_LivingDiningRoom-1651,train
d581a7da-14ec-4c27-85d7-96908d89a9bd_Bedroom-46918,train
f3777947-bb99-4cca-b0e7-9992c971ad87_Bedroom-10003,train
82139c38-28e9-4c1c-8c59-eaffa520c98f_SecondBedroom-120097,train
ddc26e88-622e-49de-a9b4-d5527d23ce3e_MasterBedroom-43021,train
6b587a27-40d3-41fd-bcc1-e2d4b0e8afd3_Bedroom-126874,train
578810bc-9d89-4852-921f-fb51ca7fbc53_SecondBedroom-6685,train
c747001e-0384-4137-89f8-5091370971fe_SecondBedroom-100203,train
590a815e-df76-4dfe-bc5f-b4ee2c0d5740_SecondBedroom-147398,train
4846c351-6019-4a91-80ee-4888147cb903_MasterBedroom-13945,train
dfa26e59-2108-4ad6-93ef-32f4844b56d8_SecondBedroom-6793,train
66ec97ae-5863-4444-9492-6856cf9ea710_MasterBedroom-59979,train
be36d71d-3ed8-4afe-b2e9-45026b1a9341_MasterBedroom-15926,train
a9efa7e9-ca08-4e7b-84cb-a1cbe3a71211_LivingDiningRoom-43160,train
d0992373-c66c-46f5-ab24-90bd58921627_SecondBedroom-58234,train
c8655cd6-29b6-4c61-b2e5-a0c7a6bc0c95_LivingDiningRoom-3232,train
0023b7d1-1439-4e5c-9c7b-c34f155ee856_Bedroom-7177,train
6a03badb-61ab-4e22-9564-de2fd2ed1938_SecondBedroom-23047,train
63bc11cd-473f-49f6-b239-7ecf3d9e4ae3_LivingRoom-28161,train
912682a8-3a2a-46ea-9430-a32af806ce3c_Bedroom-22339,train
20365dbe-40b9-4cc9-b0ef-d7d6b89799ab_SecondBedroom-13159,train
797a6beb-75a2-481a-a15d-5d761cbe4bea_LivingDiningRoom-4241,train
20e0f217-6f5a-4a9b-a9a2-5c1eef113c79_LivingDiningRoom-25199,train
83261694-9e42-4893-aab9-9d2c669490a8_Bedroom-15373,train
8aa48f09-0a0f-441c-b19c-6795de7e346b_MasterBedroom-9881,train
ccb37ec7-dd9b-4f64-b349-a552e43673b2_SecondBedroom-23568,train
98728333-ee1a-4459-b54a-4879611098da_MasterBedroom-14570,train
0ed12a92-fdda-4476-a267-e076b77646c5_MasterBedroom-3202,train
211b121a-ce2c-4ea5-831e-2f8caff14cab_Bedroom-86259,train
2160a773-b01f-4521-9771-c8dcb024f203_Bedroom-4046,train
01ba1742-4fa5-4d1e-8ba4-2f807fe6b283_Bedroom-1440,train
9178e733-092a-49e5-a900-b375d6a68dd1_MasterBedroom-17329,train
95dc6d32-fbf0-4183-b09a-3a352fa0cd57_SecondBedroom-5791,train
5952a518-03dc-40f1-8990-89a0b312e0f9_LivingDiningRoom-837,train
7e1344a6-49f6-49cc-8f5d-2e5772c68c6e_MasterBedroom-6281,train
bfdb8f3c-7980-4db2-8517-64523b20b3aa_Bedroom-19315,train
5346b2c0-e86e-480a-93d8-ad31e5b07856_MasterBedroom-16138,train
e8f2696c-3f35-4c36-b414-5127c639c31b_Bedroom-65398,train
794c22b8-0dca-4ce5-b1aa-f4235950fe43_SecondBedroom-16436,train
aeecee5f-611c-45ea-b797-ccf2e38c362c_Bedroom-3653,train
c23b1aa8-3e99-4598-8171-7f10483da1c9_SecondBedroom-106269,train
82c830e5-5bf1-4f4a-be30-9c6d47c6af2b_SecondBedroom-28302,train
f8dbb08a-c5c7-41d3-b7e5-7fc62c5f610b_MasterBedroom-50346,train
48171257-b69e-42e8-8e03-8b5d0d49241f_LivingDiningRoom-18089,train
1a8dbd8d-0025-4373-8b94-ee9dd9fa7295_SecondBedroom-34631,train
f2773a3a-b8fb-4b98-8d6a-be6de57103ee_MasterBedroom-13482,train
82d40986-a40f-4638-918b-fc023ce6f380_MasterBedroom-59476,train
7ae5066e-5b71-4e01-83a1-b37dafed9eff_LivingRoom-29809,train
e15e9791-e99e-4f81-b838-692ecd556e81_Bedroom-303113,train
101f128e-c2de-470d-8956-8d61031ea68e_Bedroom-14771,train
e89afe87-760f-4291-bc6f-8554c65dd30c_SecondBedroom-16306,train
a81e5155-6784-4ab2-93b8-7193842d7801_MasterBedroom-299,train
98048467-1c7a-461d-8fd5-29f1e5c12c97_MasterBedroom-3425,train
626ec355-216b-4e9b-a010-9f4e8ac5096e_LivingRoom-4561,train
590e12f4-ad43-40a2-a1f7-ba85b9118e66_Bedroom-314,train
19cccb78-90a9-4bcb-8fe0-76e92a94a35b_SecondBedroom-33314,train
d4237a89-ec0b-42da-b170-231cfa26f8a8_Bedroom-19866,train
71242564-2de7-455b-b2fb-e191011a248d_LivingRoom-11670,train
0953aa27-1f92-4068-aed9-41f0cc7401d6_DiningRoom-39646,train
80def5d0-c5bf-4a24-8ca9-5185d8002817_MasterBedroom-243116,train
e37ef24d-fe80-40e7-a744-51122067af5a_Bedroom-7518,train
b13a4874-00a4-49a5-aa2d-e22d7d864b56_Bedroom-53437,train
d5e74bf6-6488-481f-8afa-6f5828d7afe8_MasterBedroom-20569,train
a0d30f6c-c229-45a2-bf7f-ae9f08b97596_MasterBedroom-505,train
1681706f-caa1-42c9-8898-93d182be64ea_MasterBedroom-24780,train
60df224e-f073-4875-bf66-c501bd4dd30b_SecondBedroom-10248,train
09133ad3-fcbd-4cdc-9dae-331bedc50afa_SecondBedroom-6135,train
a4f2ad71-da05-49c5-aa2b-a50abdd814f9_MasterBedroom-8798,train
1bba9cf8-9a17-4f76-9e40-b735f453aa32_Bedroom-60068,train
72f68129-a891-4552-a1bc-641366806b3f_DiningRoom-1758,train
04773d20-6f81-4e68-a72c-2e0e0f1d73b9_LivingDiningRoom-44684,train
fa21ce43-f02e-43a0-8f64-31f81cb339b1_SecondBedroom-42424,train
2d485e95-fb65-44eb-ba85-0de22a0b80f6_Bedroom-151327,train
a89d08fb-36df-416f-a855-f0d9f3cafcdc_Bedroom-8532,train
86669bea-46aa-4a87-96f5-cbbe054e6d08_Bedroom-19737,train
89e19da8-8eb7-448b-aa89-9ce0aa6ac3b1_LivingDiningRoom-1004,train
df95b56a-7256-4db7-a07a-fcd45f7c7129_SecondBedroom-9241,train
e859dbc0-b994-41be-8d51-9857389a0a74_Bedroom-54233,train
8acf1f20-d5c7-4984-b86a-f5947938b634_SecondBedroom-29711,train
8c3314da-a761-4ee4-8a2f-28e61590fee8_MasterBedroom-2371,train
8ec660e6-b95b-4b11-81aa-ed3b1164a165_SecondBedroom-51226,train
54a23d09-17fe-4e6a-9960-e45dafca32d5_MasterBedroom-50482,train
8207dd97-de33-4456-91c8-b085fb42b6a5_MasterBedroom-14249,train
ca0e30eb-62c0-4b91-8df2-1cf1becf6ef2_MasterBedroom-15911,train
bf1cb531-4e4c-4520-89cd-b0020a572903_MasterBedroom-91396,train
bbc1b345-a8db-4c3f-a70e-12f59d11410b_MasterBedroom-1480,train
53edc8f5-4846-4993-b8fe-5999b6b95d7c_MasterBedroom-97964,train
92ae01f5-6f87-4e2b-85a4-f2890b62b3c4_Bedroom-4593,train
21c3b027-c6b7-480c-9933-d519eefab02d_LivingDiningRoom-2575,train
580bb871-f446-438a-9cde-3d970affe421_LivingDiningRoom-9462,train
cd33b4f0-0813-42a9-9f18-d794bef96482_Bedroom-38049,train
f50a3dc4-2f5c-4edd-908a-8e0bcc6ef672_DiningRoom-36032,train
df09aaac-b71a-4703-b617-8cd51b421ce5_SecondBedroom-32261,train
33c06ec4-aaa3-40cf-8498-e8549285ab8d_SecondBedroom-14072,train
15239adb-29d9-4e61-a6ea-8ff199b8d4aa_MasterBedroom-49878,train
33ed8cde-22ec-495f-bbe9-fe35fe87c76b_Bedroom-3895,train
f01d52ec-ff3e-4157-b0bc-9c29e849f03c_LivingDiningRoom-24470,train
8442cc57-83b6-4c2a-b7f3-ed7cc2780098_LivingRoom-17283,train
2d4dceda-1875-4f72-9bbf-d12cb8d9c7a6_Bedroom-517,train
162ad134-44c6-4eef-9c22-bb1929486b7a_MasterBedroom-15388,train
2e82690f-7099-4b37-9375-f62598968df1_SecondBedroom-2658,train
0363cf51-5e28-4b32-8a3b-68726d8da273_MasterBedroom-836,train
9c2e4427-a6e0-41c0-af95-3464c4678cdf_Bedroom-14930,train
a2a8f036-c0d0-4d57-b55f-f6aa5e56d7fa_LivingRoom-12895,train
d7499538-b770-47e6-ab24-9b78007f6384_MasterBedroom-12441,train
ff92de73-ae8f-4ea1-a936-40cbf888f6b4_SecondBedroom-1116,train
9dc08332-0442-4e9b-975c-7c1b336d8d31_SecondBedroom-8229,train
1c924224-5cfa-4933-901f-596707001a91_SecondBedroom-116295,train
4cab8354-8d8e-4200-b1cf-da003b6d6d73_MasterBedroom-956,train
e6534ac2-3e67-4cb1-8776-f1b5ae914105_SecondBedroom-5427,train
2befd25c-4ad6-4d8d-a817-85f69d9e1197_SecondBedroom-78718,train
13df4898-d23d-4665-a67e-81a555a4f213_MasterBedroom-6528,train
9f95c9f8-3e85-4409-a803-807656b46bb2_SecondBedroom-24733,train
11e72915-3639-4dac-88d7-38e98a329e86_MasterBedroom-1167,train
df5e8b99-2ccc-4d27-89d8-094cf83706f9_Bedroom-1016,train
8e4c11a9-3c52-4708-a6ff-8172905b21f2_SecondBedroom-51399,train
f31e12c4-1134-42eb-b28f-2e9e19bc47d6_Bedroom-701,train
6a09436f-ffa2-428b-9117-37afc75e8ca0_LivingDiningRoom-61628,train
11163921-47e3-4f3b-a7a2-c436c322b64c_SecondBedroom-8010,train
fd9984b0-5f43-40b7-861b-f2cbee90326a_Bedroom-9293,train
f10d8b7b-fef2-443e-80d7-afc5e71a2e21_MasterBedroom-29464,train
a6704fd9-02c2-42a6-875c-723b26a8048a_MasterBedroom-45545,train
64a127ea-1375-4c1c-a36e-b11441ce8266_Bedroom-18163,train
65124426-994e-4215-afed-5070c65ba5b0_Bedroom-734,train
99b2b537-cc43-46e8-9cd8-eadd000f5a8d_SecondBedroom-16477,train
a0e73d7a-169e-4df4-9c48-43ccc65cff48_LivingDiningRoom-9014,train
591bd837-693c-4f91-bef7-fabf1c0ea146_SecondBedroom-24334,train
8e4c11a9-3c52-4708-a6ff-8172905b21f2_MasterBedroom-37107,train
0bd6628a-d04c-4fd6-9dbb-78d983b590ad_SecondBedroom-5509,train
e7750796-5f4c-4d0d-8d32-bda89c09a724_MasterBedroom-2343,train
9b901fc2-2f66-4f0f-86bf-e7571cbb5226_Bedroom-23931,train
29281ba9-137b-491f-a9ea-1b51822c4caf_MasterBedroom-42455,train
e396e943-0f12-4455-938a-47a4b44bc25c_MasterBedroom-22459,train
6788eee2-b676-41d3-9811-3a2a32248c06_Bedroom-8226,train
0f126d75-6db7-48fb-a514-909ecbe11964_LivingDiningRoom-21832,train
eaa1c03f-cd76-4ecb-abcc-0e66fa5a2c07_MasterBedroom-27465,train
7961640d-b638-40df-badb-59572bcdbacb_MasterBedroom-8547,train
add0c77d-3e5c-44b6-9298-6c09a38f5b6e_MasterBedroom-15409,train
531c8742-d3b6-43eb-a56a-39b620e70500_SecondBedroom-4296,train
75b28f63-bb61-4818-a1d3-0d23ac89be5c_SecondBedroom-17587,train
1d1d69da-23d2-45e6-a06f-1f5334e70bd5_Bedroom-14230,train
cbe73169-04cb-4457-9c31-16238a55f48b_SecondBedroom-52543,train
ce51b1c1-72b8-4812-a291-30bf97c07aa1_Bedroom-32206,train
bc73f551-6c2a-458b-a202-29f700d9316b_Bedroom-15592,train
e6c6bd9a-9db2-43cd-aef8-486948914a90_MasterBedroom-40514,train
bb3b0c72-5fdf-4536-9a0d-4fa358748dd1_Bedroom-37666,train
5ed691b6-9633-47ca-a0f0-5069079b2852_MasterBedroom-2801,train
d9f80253-8c05-4c78-9464-230008591d38_Bedroom-18317,train
14219a8f-9d69-4b1b-b43a-cf4d73fda1c3_MasterBedroom-398,train
c69b9977-decf-4f27-b1eb-da633f72cdae_Bedroom-13712,train
93e914f5-081c-43d8-89ee-986ce6ef1707_Bedroom-24461,train
bfcffd0f-0a30-45d7-852d-f1fe1f77fed4_MasterBedroom-2171,train
e2f3aa79-e130-445e-8773-b697ab77d9b8_SecondBedroom-3960,train
d4d0237f-a66b-40cf-bf85-56e11cb20602_SecondBedroom-6442,train
491af85e-3c8f-40f2-a204-392483bb4308_MasterBedroom-7347,train
53cf7da8-7c02-419d-bc4a-acf5d4337cac_Bedroom-7405,train
206d8aff-ccfc-4120-b5d8-d63c5578796e_MasterBedroom-994,train
427e4499-9d2d-4a29-a950-76f9aea81ffe_LivingRoom-2933,train
decb93da-ff77-49c3-9cad-fbb3596d36e8_SecondBedroom-11739,train
6ab91867-b6fa-4630-93f8-f3223e71c154_LivingDiningRoom-426,train
715cd0a2-3c66-4f33-b9e9-e8c13aea5eba_MasterBedroom-72062,train
62fd38a2-1ef7-4791-9f77-86a35ca36c10_LivingRoom-68491,train
a2acfbc4-7112-42de-b249-027deac584d5_MasterBedroom-14994,train
ff7b42d9-0e58-4847-8d47-f793a11cd3bd_MasterBedroom-83934,train
09857dd6-4f54-4c4d-bcba-4152a9a545b3_MasterBedroom-11202,train
ef5860ab-d989-4605-93b1-5127126696c6_SecondBedroom-67009,train
bda7b747-840d-4de1-88ec-03aaab4aef7a_Bedroom-22071,train
2c55e5c8-0ec5-4f98-b0cc-1c6dd0418815_MasterBedroom-13916,train
ab0e29af-145f-4578-a700-d78f1e043dc5_LivingDiningRoom-7940,train
e7c265f5-5542-459e-8df6-d7d7f65cdff5_MasterBedroom-245,train
3dae8246-5f5e-4a15-96fb-c001b3496fc1_Bedroom-373,train
6dd54ac4-ea84-406e-8abe-b4a602a15851_Bedroom-16914,train
9f524658-1955-42a7-a344-eeb240b23267_MasterBedroom-103288,train
ffd98024-7200-429e-8b9a-1234a5937826_MasterBedroom-118,train
5b274239-637c-451f-ade5-f71c97d6d86c_MasterBedroom-13692,train
ef17e0e8-f83d-466e-9a2c-096d97599757_MasterBedroom-1446,train
9da0c89f-c7b1-46f8-b37a-8377ad190e71_MasterBedroom-76782,train
4c364533-a3af-4a9c-9ed9-2f40f528fa04_Bedroom-1989,train
6c2d1fd6-0cb5-4382-9788-c0d95431a6ec_LivingDiningRoom-8714,train
73d7d368-1b45-47cf-bc56-a786c7bb0b40_LivingDiningRoom-11797,train
d8ab9e37-606b-4073-859b-14ac3c33eaf2_MasterBedroom-24658,train
878a346d-66ea-4807-8ee1-ce1bcc9080fa_LivingDiningRoom-7050,train
7ac7b8b0-6ea1-4930-9f50-7328e00e579a_LivingDiningRoom-33892,train
47f45b86-8dd6-4cee-bd43-9c32a777dd20_MasterBedroom-8822,train
36a434a5-ed7a-4f92-ba94-57685e289b37_MasterBedroom-7728,train
1d849540-8c29-45dc-a3c8-e086c1d31788_LivingRoom-30147,train
79090604-70df-47d2-98e7-62087f358e6e_MasterBedroom-10664,train
a5504123-3231-4d8f-b9c9-c71dd1c5714f_Bedroom-51228,train
32b648a3-a703-4639-ab84-deb1da43793e_MasterBedroom-1709,train
44e6ed20-9ddf-4f53-a6c9-5bdbedb31aa3_SecondBedroom-22780,train
57e1c8e3-02cb-4f09-b5bf-abfd43013610_SecondBedroom-113391,train
109aae3e-2fef-4732-aeee-f2897e73a694_SecondBedroom-15564,train
5f664372-7176-4ca8-aad7-e98fc86a0b53_SecondBedroom-9950,train
558ba1f7-b9eb-460b-a906-4551b446d2f0_MasterBedroom-7162,train
48171257-b69e-42e8-8e03-8b5d0d49241f_MasterBedroom-18177,train
071527d1-4cb5-47a9-abd0-b1d83bd3e286_MasterBedroom-4499,train
1f5862f8-119a-455e-880d-f9bdb56a88e2_MasterBedroom-38741,train
185fd076-293f-489f-8072-2baffac5d879_MasterBedroom-4676,train
6400fde7-9e67-42dc-9966-670e0a3ade78_MasterBedroom-21463,train
1fb04296-436f-4676-bd6c-b56fa9e31f05_MasterBedroom-15007,train
afda8ff8-1350-49b1-99a6-f138c46fb6ab_Bedroom-10325,train
709c571f-8ef6-4de4-85be-45ce8caa899c_MasterBedroom-17212,train
8dfa4d3f-19a9-45cd-a5ce-7da970ea36e3_SecondBedroom-47089,train
34e89b75-9f56-41ba-8e65-d0a8002e5fe1_Bedroom-37409,train
59aed3cf-93be-4630-97b2-bc707ca491c2_Bedroom-33711,train
e580682e-4cfa-4f03-9d85-0c74c929f896_MasterBedroom-7049,train
c08e6caa-3c39-4a8d-b47f-83f7612bd8af_SecondBedroom-909,train
6b56575f-a746-4062-8296-b566d5de7b60_LivingDiningRoom-41360,train
bad53a4f-e11c-4055-b059-9c955d66556f_SecondBedroom-25725,train
bb873f66-3268-4911-ab41-72071e81dc9a_MasterBedroom-11734,train
a4de8a11-8912-481b-af83-427b3ddec110_LivingRoom-11144,train
db78ef58-f372-459e-93c1-ddf43455e805_MasterBedroom-24445,train
7511f0b9-0076-44e5-9d86-1100ce3ddf14_LivingDiningRoom-134680,train
168c24cf-f3fd-41bd-b5f5-348edb6358c7_Bedroom-13645,train
30c0c5d6-30c7-43fc-95b1-e7424df97d77_Bedroom-46399,train
8444f7d5-2c4b-4abf-8da2-52e430225b67_Bedroom-219,train
19967e98-8617-4944-be87-91eb9adb0a36_MasterBedroom-32234,train
52982a7b-ed79-44e6-bb37-f878754c07d3_SecondBedroom-46,train
9b8b8318-45e8-4518-ba42-6512352c5ca1_MasterBedroom-24067,train
0c3c3fdb-6f91-466a-8784-17f8f2a12632_SecondBedroom-14900,train
b0fe48b1-d6b1-4854-ba04-111d22289522_MasterBedroom-13658,train
a22895c1-7102-4701-a1a4-02faca65b6bb_MasterBedroom-45779,train
eb169c9a-318d-42b2-b629-bbacea5c2e55_MasterBedroom-32334,train
70441a13-34cb-4927-a0b9-e5fa771da509_SecondBedroom-1167,train
42da194b-3b73-4d6b-b7bf-2e1e53e64355_SecondBedroom-3873,train
4d8b6b63-f624-42c9-8442-4e7bfeb7e2f9_LivingDiningRoom-20298,train
545bd0a0-fac4-40f6-84fc-6ee05ac27255_MasterBedroom-1505,train
5e7daec3-6980-46cc-855d-8465774001a4_MasterBedroom-113,train
6ae193c4-4fe1-42e8-b2dd-38ded31b7f12_MasterBedroom-48345,train
173fa696-64ac-4513-8154-48b16b633a3e_SecondBedroom-20716,train
09d742d0-9e99-4e31-ac3d-ad1879cf691b_SecondBedroom-9342,train
54bdf809-f190-48e7-9b25-a9986077fc0f_SecondBedroom-32238,train
4ac2c1b3-798f-488d-b93f-4fae52366cba_MasterBedroom-21002,train
0f94d702-891e-45a0-9532-0c804af07f0c_MasterBedroom-28990,train
9e9c7c48-a631-4ded-a271-7dd697faf0dc_SecondBedroom-717,train
4b95d149-431c-4f94-aa7c-2e1a8bb20599_MasterBedroom-928,train
44903efe-45ea-42a0-954e-bacb917bd7dc_SecondBedroom-712,train
1ee30586-b6e2-4165-a2a3-7fafa7bc3284_MasterBedroom-30468,train
29de9cfc-57d4-46d9-a40c-bdc7991f6902_MasterBedroom-1054,train
131fb697-ef09-458a-b28d-df6f10798fb2_SecondBedroom-86380,train
acc099b5-dabc-4fb0-ba27-4f8c961432fb_MasterBedroom-2276,train
cd44195e-94a0-4e44-80e6-976cad1ddcb4_Bedroom-23003,train
68bb331a-32f5-463d-932e-e8360fad1908_LivingDiningRoom-83039,train
1658b9ab-c1db-492f-8094-b12c44939e3d_Bedroom-88273,train
1bb912af-497d-4200-831b-be4ac6d86d1f_Bedroom-37589,train
3a3f479b-3fc5-4bf5-a60b-637492422f45_MasterBedroom-8645,train
ee4ca189-a9b5-4049-a0ee-9f78402ab039_MasterBedroom-22804,train
d6784049-e7e4-4a1e-818f-955c1c5bd871_MasterBedroom-98806,train
fc2f0a6b-1a5a-40e0-b88d-47e82a30aec7_Bedroom-5564,train
6064cd7d-6922-4b76-bdb6-08f50aea6097_Bedroom-48198,train
26018cad-b5fe-42cb-9032-9e5a14b45c55_Bedroom-24236,train
a6a754e6-cdb0-40ca-a068-8a5a576fefa4_SecondBedroom-439,train
a74cbd87-e6cf-4df8-9007-1134ec1f5459_SecondBedroom-42233,train
930621ed-def9-4e62-998a-5c121b87055f_LivingRoom-18816,train
3bcd937b-c084-40c8-9d5b-adf7ef20f842_Bedroom-32536,train
8c069e29-9332-4e92-b13d-a6f190df120f_MasterBedroom-6890,train
36a9e2d2-2165-4ea7-ba91-f20ec6f76553_Bedroom-35975,train
53e64f48-d7e7-46ef-a3cd-da63ff4a6dcb_MasterBedroom-1408,train
f03e56a7-395c-40d1-b453-3aadf7c8a92c_MasterBedroom-29025,train
c7818ac9-9bfe-40c5-932a-32d4c83ceab0_MasterBedroom-14201,train
afaffb7a-d00b-4d21-8d9a-ed6df3023d70_LivingDiningRoom-1123,train
b80d85e9-bdf0-456d-b7f5-e4ea871e488b_Bedroom-2582,train
ef9e8fac-ec60-453d-83a0-d286699a1f1a_Bedroom-6995,train
47198989-4f6e-4221-a833-e858a0e44793_LivingRoom-2351,train
22029510-ee86-4d46-9182-b4f56a0d8f91_Bedroom-6820,train
876b4ae9-721e-494c-9fe6-e7ae55467300_MasterBedroom-149108,train
dba186ea-8a71-47c2-a88f-5c2ad23b7a7d_Bedroom-3456,train
5140bbfa-680e-4a3d-904b-e6b4a4dd9d79_Bedroom-2662,train
eadbefb4-5962-4aea-838c-15591fa851c3_MasterBedroom-26128,train
11abab51-40d2-4dc7-a106-e262ee0f792f_LivingDiningRoom-5684,train
312c3afe-ae86-4823-b67e-292660fc85f8_SecondBedroom-739,train
871a8a69-b714-41c1-9950-0b8235baa52a_Bedroom-14731,train
0f13029f-8c56-47d0-b23d-639738301ca0_MasterBedroom-135740,train
5fe0be69-8fb3-46ad-8e77-78f426e7a832_Bedroom-24692,train
f18b38d2-6253-4593-b715-8ad6f55ae549_SecondBedroom-13296,train
7686a060-ab0d-4014-9e5c-75d75e0752e3_MasterBedroom-49524,train
1ccbcde4-189b-4865-8b04-659aba5e308b_MasterBedroom-43075,train
350388e2-7c93-45e9-bcc8-6a0a5165dab0_SecondBedroom-34703,train
73c6b742-1dbf-406a-bda5-e7880efead98_MasterBedroom-20856,train
cc919f0b-06d7-4da5-bdff-ba9d2ffbada1_MasterBedroom-1901,train
82139c38-28e9-4c1c-8c59-eaffa520c98f_MasterBedroom-120163,train
e3386b37-d80e-4431-ad84-df700fd4b2ff_MasterBedroom-45642,train
258948d9-50d8-4c90-a6f4-d9d1072e45bb_LivingRoom-9117,train
5c8e6bc5-c29e-4ac3-813e-df2145b20c69_MasterBedroom-28057,train
cd9ef0ed-362a-40a5-b233-cef072ad22ba_MasterBedroom-8284,train
b1ef2a3d-8d3d-41a3-af7a-af58219fe562_Bedroom-3098,train
5e31d382-5193-48e6-aab1-99104dff867c_MasterBedroom-17139,train
6417999f-abfd-4c11-8ca1-0100d8738214_Bedroom-10573,train
35716a6a-7c4e-4bf6-8c3b-3f0cd8203549_SecondBedroom-6754,train
5921e046-ab2d-4451-85bd-6a31b71c2f4e_MasterBedroom-2924,train
d3515b30-5007-4d61-9bed-78dce726f35a_MasterBedroom-83868,train
65653285-2397-4f86-8012-17ab10f7b67a_SecondBedroom-34345,train
f9b500af-25f8-4d88-ab0d-f36dc3e765b8_LivingDiningRoom-99518,train
25ce1678-b167-4e71-8cd6-f7d4425e6d35_MasterBedroom-22264,train
177baa22-21a7-4d8b-91df-a6934117160c_SecondBedroom-18500,train
6f56a549-5f9c-42ee-a484-a5b3a5cff4f8_SecondBedroom-19185,train
7d243467-0d66-45e4-8e6b-a2eb011cf366_MasterBedroom-9702,train
6799b892-951c-46ea-8606-3391654b8af9_Bedroom-6460,train
4e112013-af55-4fc9-8603-b9690b1e3a64_MasterBedroom-50869,train
5314ce59-d69e-4471-8ca4-bd418e06fcda_SecondBedroom-31129,train
bbd4d848-5cf2-4680-b508-bc13325d27b4_MasterBedroom-13224,train
373c2f60-29b0-471d-98ac-45f1c172f21b_MasterBedroom-52711,train
cf6bc3a8-7f5f-401c-ba9b-45994eac05eb_MasterBedroom-77770,train
be3bf4b3-c548-43cf-86f5-1c52f4ace8d3_SecondBedroom-46575,train
fce9aca0-ed23-4c5e-88e9-0b8782e63339_SecondBedroom-15092,train
d89ec3f0-de4b-4aec-b6f2-85c5741f636d_MasterBedroom-21186,train
876b4ae9-721e-494c-9fe6-e7ae55467300_SecondBedroom-149130,train
56ef3577-9ca2-43b9-8971-47d6c88e1008_MasterBedroom-35892,train
ff9c0083-f842-4adb-8278-b7ab67cdcdd8_SecondBedroom-62375,train
cb106df9-e7c5-4c0d-88bf-4c8395537e69_SecondBedroom-1463,train
65cd43e1-1294-44f7-a560-7a230ff893d2_LivingDiningRoom-72973,train
6bb3d777-55c4-444a-abc7-dfd0bfeb00ec_LivingDiningRoom-29413,train
6e3dbf3d-cf2f-41ea-adad-c6a40129c200_SecondBedroom-6938,train
38415404-fab1-4911-ae90-96cc538d398b_MasterBedroom-682,train
43064174-6fa4-480a-8e69-3c4e903b6e56_SecondBedroom-147166,train
df0e6d6c-5251-43ab-8334-e67e11ffc697_SecondBedroom-155750,train
0fdce50f-b5e6-4d43-909a-fbae7a64f508_MasterBedroom-1801,train
8d787c07-cc25-4399-afc1-b182662846b8_LivingDiningRoom-100199,train
cc7791a6-d2bd-4386-b94f-bfffc868b67f_SecondBedroom-36266,train
09604ef2-3910-435f-8875-02bbed9909a5_MasterBedroom-18093,train
e22025ac-49ae-4e4b-907d-99f7053e98fd_SecondBedroom-16113,train
311508e8-72de-4e63-bb1c-439f85f11bbd_MasterBedroom-2605,train
a45244aa-5c1a-48b7-b1a3-3f55fd35fcab_SecondBedroom-1097,train
644dba87-0d65-4897-912c-38185791b3c2_SecondBedroom-116544,train
b5515a75-9d29-47a1-a8dd-c61224c8d170_Bedroom-582,train
4c95f715-4ed9-43a1-9577-03980090b077_MasterBedroom-2364,train
836eac3f-e90a-4cc0-8b70-eb56947c9bde_SecondBedroom-33263,train
6359883f-326f-4c7f-99f0-30626f427d5f_SecondBedroom-23255,train
5e2a38d6-75b9-4f91-a688-a2f3141230bd_Bedroom-7470,train
77e7c22e-cef8-4598-8b5b-8c9dd070dbf0_DiningRoom-21124,train
7fe08405-d4de-48f9-9435-ba3c18de84b6_MasterBedroom-8852,train
14219a8f-9d69-4b1b-b43a-cf4d73fda1c3_SecondBedroom-334,train
a44fb825-f9fd-4e1a-beb5-da0322f81ed0_SecondBedroom-63777,train
afd1ec15-5319-47dc-b558-b6a86d448982_MasterBedroom-30923,train
38363d0e-7fc5-415e-aad1-248515d01ac5_Bedroom-71694,train
073019d0-0c5d-4c78-9aa0-6d420bec0a33_Bedroom-12257,train
dc270b69-a104-4f96-8676-e13d62b66cc0_SecondBedroom-9594,train
66352dcb-04af-421d-b2d9-ec7958de8f7e_Bedroom-108873,train
d41842f0-2b32-4230-9e19-40691b375b7a_Bedroom-15114,train
3bc6c458-c350-4da0-a441-c882bbb05731_SecondBedroom-16096,train
14abc843-9e80-447d-866b-7b4c16dc5097_Bedroom-91438,train
bbec4026-0cd6-4222-9d10-0cb90ae815fd_Bedroom-42079,train
075afe52-555f-4ef7-9ed7-5ef9bed6705f_MasterBedroom-15985,train
dc52d387-0a6b-4ee1-b939-4b4f529665ba_SecondBedroom-17372,train
305d3251-8f1e-4cca-9227-011187146d89_SecondBedroom-69136,train
e7fed67a-ded2-424e-93fd-c64e5a35ae8b_Bedroom-21984,train
422161aa-6b12-4d29-b4cc-729da721f2a7_MasterBedroom-52585,train
64ba6c94-c84a-4ecf-b321-e3f38c4bf20b_MasterBedroom-5792,train
b51e3da5-5d31-4511-882a-e841de457404_LivingDiningRoom-3428,train
8321a64d-d3ba-4901-b3d2-2b3d1101e529_LivingDiningRoom-63349,train
614a39e1-5f7f-42ea-ba0d-dbd2c82d08ee_MasterBedroom-12682,train
19e48746-a5c1-4223-842d-43e28ace0f97_MasterBedroom-10107,train
5c70ea0d-cb3a-43ca-ab0b-a2498fae8bd5_Bedroom-1692,train
560b2876-65ae-498c-99a6-8ca691cd42dd_MasterBedroom-7727,train
5661c826-341e-4a5b-8901-c1a84b96298a_SecondBedroom-1310,train
5130545c-cb6d-4547-b120-5815531c8589_MasterBedroom-116419,train
3be4d516-8479-4e89-b5b5-f19ede2006a8_SecondBedroom-1083,train
d304723a-ffd7-43ba-bca4-5667163a68ff_Bedroom-3336,train
103aa1f7-93f7-41d7-8f19-df5c073a4d87_MasterBedroom-110156,train
8130be63-1fe1-4c4e-b2aa-d0ee9e7f0710_MasterBedroom-35187,train
041c7dfd-2422-40d0-9fa4-7fe1c18ff454_MasterBedroom-50863,train
129c9a2a-f789-4cd0-82c0-2b6d5293c45f_LivingDiningRoom-32392,train
288e0e0d-63cb-4aa4-83ce-836128375eaa_MasterBedroom-20327,train
5e435d6c-8d14-4cc8-b9e3-cd8e194b20b6_SecondBedroom-20454,train
f01e1a67-a4cb-4a75-b37d-c473c47319a9_Bedroom-74104,train
7a3e83be-60fb-4de6-a9c1-dac393723c5d_MasterBedroom-32718,train
bda7b747-840d-4de1-88ec-03aaab4aef7a_MasterBedroom-22033,train
95519d76-eb3f-4da4-87ea-6fb4f065371e_MasterBedroom-949,train
a76b20fd-d688-4bcd-9daf-5535e66959ad_SecondBedroom-6067,train
885bca04-679c-4098-a2d9-27885640ad28_MasterBedroom-22581,train
5ba554c9-9edf-4d8c-9816-0e28fa909982_SecondBedroom-13869,train
d9f80253-8c05-4c78-9464-230008591d38_SecondBedroom-15519,train
4f96ac65-dfa8-4186-bf66-48b3b01f9e6d_Bedroom-9169,train
d6a8a0b4-7468-44bb-8268-7db948055a4b_SecondBedroom-26049,train
aa1a03cc-eb9f-4388-8501-23917fc85c58_DiningRoom-9649,train
48ba8b9e-31c8-49ec-b757-f5853fd562ff_LivingDiningRoom-22,train
26771dc0-2868-4ef9-833f-36d046a91df9_MasterBedroom-30872,train
53dd8916-335c-4370-b51f-dfe318b63aee_MasterBedroom-5467,train
48812187-9207-4686-9f6e-e8e1e97eeabd_DiningRoom-9630,train
c59f0391-361e-4d87-9fd5-0fee646cc85e_SecondBedroom-23275,train
9e0f6402-f0f1-48f6-8e8a-00f17e55de50_SecondBedroom-27831,train
afaffb7a-d00b-4d21-8d9a-ed6df3023d70_MasterBedroom-1180,train
74061e77-d518-44cd-bc07-67e5d0dce060_LivingDiningRoom-3513,train
d457c7cc-1cf6-4380-9cbf-ea8d5dad1f0c_MasterBedroom-28921,train
fa56e1b0-7c26-4a09-a8f4-6e3f226fc131_LivingDiningRoom-41538,train
09762406-ead0-4f30-8d34-04b534d7a3f5_MasterBedroom-79904,train
844dfcbe-0ab2-47e1-aa19-024c5b2a3fd8_DiningRoom-8345,train
61bcb629-5399-4b21-bf61-1f4340155c10_SecondBedroom-5185,train
29d13cd2-df94-4a2c-b690-725301e3f32a_MasterBedroom-53935,train
3954bd6b-b726-4a2f-a2c1-a32f6806db6b_LivingRoom-53762,train
e6298d68-3c6d-40d9-96cb-0596e02c268a_MasterBedroom-16187,train
8360c9a4-f5ea-461f-8a0d-278ca17eb5dc_SecondBedroom-129545,train
54f2ad1d-ba3f-4c61-a8b3-68bc90ae15b9_SecondBedroom-25677,train
88746b30-d6c3-4bf2-b977-d4979f90b050_MasterBedroom-1081,train
5c6bb298-db40-4838-b417-ad0979f8e990_MasterBedroom-40355,train
f65431c6-3731-45bf-b10e-e3b1a37a87b6_SecondBedroom-14021,train
876631f3-8f59-4a3b-bae1-8da99beff4c5_SecondBedroom-4901,train
93b46a6a-9703-4487-a125-89972c1e6a4a_MasterBedroom-12479,train
e120bc58-b9de-4d01-8d3c-3ef645ff025f_MasterBedroom-3995,train
f086151e-64f0-4fad-b373-22c20dfc2fce_Bedroom-4751,train
da8a9f42-2565-4900-a234-de4c2913d604_SecondBedroom-6002,train
f378812e-7afa-4eba-ab73-e537abb57780_SecondBedroom-103807,train
dce67d70-f3ce-4696-b473-589b1a66f880_MasterBedroom-32667,train
724bbf50-6e6f-4d74-b0f4-853f75ea1015_MasterBedroom-2213,train
7a2de022-745d-4f10-a4fa-d7ab5bb8809f_LivingRoom-8087,train
8abd4a65-e5c5-4edb-b494-7ebd05ff84b9_MasterBedroom-10682,train
bb755eb0-434b-4805-9d28-214380ae6a29_Bedroom-15841,train
6d13bd56-8931-486a-8490-61752942a6de_MasterBedroom-41036,train
236523ba-f956-45c5-b527-94ac5de67aea_Bedroom-2092,train
83ec537a-528d-4a4d-9bc2-6d6e7b805945_DiningRoom-47598,train
203e5f1e-3287-4675-9ad0-37b8810766d5_SecondBedroom-16390,train
7f73cd78-2b0e-457f-a2e6-1bc7405e77b4_MasterBedroom-39197,train
1c924224-5cfa-4933-901f-596707001a91_MasterBedroom-112394,train
a3f5476a-694f-4539-a902-c7df89988484_SecondBedroom-592,train
0d7be408-9e3d-4f68-8422-5aa2069ccdb2_LivingDiningRoom-27102,train
7a1e44d1-5828-441d-b041-238b1f0cb76b_SecondBedroom-42938,train
054528e4-15e4-4b79-b629-bd3d367b21d2_Bedroom-62070,train
4b3afc35-94ce-4154-ba53-dc10e83bde73_Bedroom-8024,train
79090604-70df-47d2-98e7-62087f358e6e_SecondBedroom-8681,train
56ef3577-9ca2-43b9-8971-47d6c88e1008_SecondBedroom-35832,train
0f7759ed-ccf3-4115-bd00-cf4d8165e6d3_DiningRoom-31759,train
103d8063-fb69-4029-a3e5-a3ded8ca728d_SecondBedroom-68353,train
a74cbd87-e6cf-4df8-9007-1134ec1f5459_MasterBedroom-42208,train
4657306e-53a2-45b6-ac45-628f9c37099d_SecondBedroom-1977,train
37c295c0-9bbc-4b31-89a6-d4339588dbef_SecondBedroom-8653,train
57713c25-228a-422e-9399-3a2c9ffcbd1a_MasterBedroom-23296,train
cd11f2c7-47e5-4dac-b8a8-b319052b6a29_MasterBedroom-11653,train
081b8907-7e4d-4764-b931-7709386de7da_MasterBedroom-21200,train
1452099f-bc40-46b3-a7f4-5b5354a60af5_MasterBedroom-5413,train
4af7572c-6b2f-45fa-8321-71e5e33e66fe_SecondBedroom-5878,train
d7ebdee4-fdc6-4ddf-a064-4324b1f5d2ce_MasterBedroom-95003,train
651c37ce-c0cd-47c6-843f-3aa192235e39_SecondBedroom-86888,train
676675bd-df42-4951-afca-7d39a70af0da_Bedroom-71366,train
7e69c681-1cbe-4fad-811d-7585a2ba7f43_MasterBedroom-10724,train
c9e81151-4655-4615-8988-03ad824d5836_SecondBedroom-2034,train
8f089406-6dd2-4f6d-9e81-bcc1b5a6fe52_SecondBedroom-12248,train
109a8e42-f7d7-4893-8262-f2030072b760_SecondBedroom-38244,train
530c8183-fd58-4d2f-a5dd-fc61906cc108_MasterBedroom-21731,train
15d07e45-2761-43ed-8dfc-f9d4ef58041d_Bedroom-70462,train
f158a4ff-e75b-401d-9bf4-8113c3407abc_SecondBedroom-7347,train
d0933b3b-ad15-453b-98c7-bd8a781f3a69_SecondBedroom-151547,train
fce9aca0-ed23-4c5e-88e9-0b8782e63339_MasterBedroom-17480,train
a5af701c-1825-40ce-a9d7-0b7ed08fb43b_MasterBedroom-13131,train
ae6dcfc8-994e-4448-8980-08e5292a8801_LivingDiningRoom-21808,train
ad428fbd-a2cf-4693-a858-e5e64ba48026_Bedroom-18759,train
1b3ba9b2-797c-4fa5-9973-6d144bd5aa19_Bedroom-18499,train
25886cb8-4b26-4354-b331-d3ccbbb37b10_SecondBedroom-1018,train
0adfb786-3070-498b-a0a4-ed7b9b050931_MasterBedroom-12988,train
ba833fcc-9594-4662-a631-1cd9f01a1ead_LivingRoom-46694,train
15239adb-29d9-4e61-a6ea-8ff199b8d4aa_SecondBedroom-49949,train
4a9d830e-7de9-470f-a2f5-90b7cd1c233e_MasterBedroom-12936,train
fc867413-7da3-420a-83a4-a292b2114b40_SecondBedroom-98122,train
f0203867-54d6-46fd-ba3c-f1519e42b9b5_Bedroom-437,train
876631f3-8f59-4a3b-bae1-8da99beff4c5_MasterBedroom-10019,train
b6a24513-baa6-4f67-8a78-4a19c5536dce_SecondBedroom-1656,train
0cbce4a0-0f3d-4444-830d-002a546bbf82_LivingDiningRoom-37001,train
517d8fd1-543e-4772-9889-391c6da7e674_MasterBedroom-7940,train
e68e32cc-4817-4f5b-9faa-01f48e210839_MasterBedroom-39086,train
45f82c57-4293-48eb-b0dd-378f97cda662_SecondBedroom-32099,train
b05fbcc4-57c0-46bf-a268-1c530085b983_LivingDiningRoom-18273,train
77bde924-9493-422b-b436-97dd4f1afd28_Bedroom-9265,train
762446b3-fdac-48d0-8044-7e965421f6fd_Bedroom-507,train
19071359-17b4-4d4d-a15e-33b90449ff30_MasterBedroom-51516,train
5245da59-db94-49fc-99a3-76e3a2efcbff_LivingDiningRoom-84890,train
9d145e0d-deb3-4d32-9bb7-78c379b8f210_SecondBedroom-226338,train
0ab72fdf-ba1b-4df5-8df2-6efcfa7bb53a_MasterBedroom-71103,train
9a2df5c3-d305-46c7-a7f1-68f9ba45c56e_SecondBedroom-11580,train
aa6d487c-ed0f-49be-bb94-3b8c13af391b_LivingDiningRoom-11917,train
eb8a0928-94bb-4434-bf48-07f311399345_Bedroom-311972,train
10c73ad0-214c-4bf7-a4e8-1c154a77b7ed_MasterBedroom-20015,train
9c8ed2d2-bfee-40c8-8b9c-12bb456242aa_Bedroom-13907,train
935a911c-212b-4d87-b68c-04e17a8c1fd8_LivingDiningRoom-3349,train
e3674f54-28aa-44af-8651-c98d831ef27e_LivingDiningRoom-15529,train
644f3b6e-ad35-4254-92ea-626e3e8a65b1_MasterBedroom-33618,train
8cb25305-b65d-46b7-bf85-34604674d5ab_MasterBedroom-12519,train
03db631f-2bb3-4e2e-a167-3042af55db6b_Bedroom-12574,train
950fe299-2595-4a3d-8f32-2dabd5d19b1f_SecondBedroom-31597,train
5d8c3aab-b20b-4b70-9ca5-e8f8fe59d0bf_MasterBedroom-25534,train
d65507af-393d-47c1-9cc5-aa68c6d2365d_SecondBedroom-3777,train
36c17dc7-820d-47d6-8526-77b8ec0ea7a4_MasterBedroom-1903,train
4e09a8e0-2843-4826-9113-b3d18489331d_Bedroom-12479,train
1bc22c85-3159-417c-a8cb-4e3788a0a0eb_MasterBedroom-58737,train
256dea7e-cb60-4f23-abb9-fd0104445c00_MasterBedroom-6844,train
21569333-a837-4228-9440-bfbaf37cd57e_DiningRoom-22384,train
a59bc5ad-6521-4ce9-bf94-e40caa36eff9_MasterBedroom-33444,train
797a6beb-75a2-481a-a15d-5d761cbe4bea_MasterBedroom-1102,train
63f2541a-7330-4214-a2a2-88e8f7613a10_MasterBedroom-5836,train
393e9998-9fdf-40a3-8943-aa818e3d3216_SecondBedroom-12975,train
c0ff8f34-a0c3-47b1-92cc-fdccee514833_Bedroom-56319,train
2d5c6029-ecfd-454a-969a-af5bafd30e3f_MasterBedroom-24185,train
62e9d3ab-899d-40b0-86e2-a6468e9de575_Bedroom-1124,train
64a127ea-1375-4c1c-a36e-b11441ce8266_Bedroom-17414,train
c9e81151-4655-4615-8988-03ad824d5836_MasterBedroom-3124,train
a9f9debb-f5bd-46ce-9364-bf33a3659b3c_SecondBedroom-4514,train
aa7fc990-0ab9-4fcb-ab9a-5dc1e29ed3b3_Bedroom-91160,train
42986cef-25a2-462f-a127-44a0c99eb0f3_MasterBedroom-33464,train
05e407ce-9c38-4b23-ae7d-b9036fdb9d67_SecondBedroom-3150,train
00808820-c206-4cc8-98a5-6b7d2ff364af_SecondBedroom-19183,train
6cf680e2-ed2a-4ca0-a66c-ae25c016e7d3_Bedroom-14220,train
e1beeab5-1299-4241-95ed-2843243e9a2b_MasterBedroom-1199,train
ef9270fb-978c-4918-a560-98c6408f12f5_LivingRoom-23777,train
83ecfed1-fa86-410e-bba8-37fe041bce65_MasterBedroom-125741,train
54602e77-2ebd-4198-af5b-be0e1f75b806_LivingDiningRoom-15430,train
ebef8637-55d8-48d2-bc27-e880c51f36e8_LivingDiningRoom-2829,train
bf0c006b-a15a-4357-ac71-9d0249d85d72_MasterBedroom-5128,train
231936d0-34da-479b-a958-cad27e9db00f_LivingDiningRoom-3047,train
4fdb87d5-1a09-45f2-bbc7-da8a5c4c5642_MasterBedroom-8404,train
0ec2bffe-f8a9-4b36-96e3-0b56200dd722_LivingDiningRoom-18047,train
902c1435-1c52-4ba5-bb15-03a3dd11d5ae_MasterBedroom-37799,train
1fac355b-d197-42b9-ab5b-0184d712a0ce_SecondBedroom-22054,train
c5cb9f35-ecb4-4761-ba65-f0e5b10bd40d_SecondBedroom-17999,train
5faf622e-532d-4c9e-ba55-e2dd01fa1f3f_SecondBedroom-60421,train
04f0aee8-b117-434b-bcd2-a78766f49106_LivingDiningRoom-14873,train
2036d116-05fb-4c12-b9e9-8577f841e45d_MasterBedroom-6943,train
9dbe7711-718f-49d4-819c-caca531b3cd7_MasterBedroom-9638,train
d5789823-32cf-4d9e-ab09-536884de8aac_MasterBedroom-45414,train
929a3154-f313-4960-8f49-23b154678d48_MasterBedroom-13597,train
fd956aea-c66d-4771-9cb3-9247f5da110c_SecondBedroom-71861,train
c38b86ae-e6c5-4a1f-8b52-eceb83456d80_SecondBedroom-58644,train
7314ce1d-276f-4aed-acaa-872172155163_MasterBedroom-73650,train
68181c4d-2a0d-4b29-b5be-c525b417c1fa_MasterBedroom-13579,train
5106576d-57df-4753-ade6-c87be45f462e_Bedroom-15868,train
081b8907-7e4d-4764-b931-7709386de7da_SecondBedroom-19241,train
87033dd1-ac83-4bc2-84a0-c1b99d877cfd_SecondBedroom-8814,train
6843f446-eb87-4f4c-b6f7-9b1b4d03f3eb_MasterBedroom-13746,train
329d1cda-829b-48bb-8636-e5336b0a1a89_LivingDiningRoom-88963,train
967b39f8-073d-4ace-83fc-c1e67ea1a78c_MasterBedroom-149026,train
22eb02bc-5982-4ebe-9575-47902632e022_LivingDiningRoom-23611,train
c1575512-d8f9-4d74-a8d3-fdd840f0d9a9_SecondBedroom-6191,train
967e40cb-ac87-4ff0-90f0-f775d80ca4ae_SecondBedroom-932,train
80261497-c204-4078-8155-a0a435138c70_Bedroom-9552,train
7c2e62e7-ab51-4900-bfdc-1932415fb295_MasterBedroom-16450,train
b8eca45e-8419-496a-b781-1eb69c320d39_MasterBedroom-892,train
78fdbb1d-cf57-4127-bfbe-fd02368353fc_Bedroom-127,train
a92d096e-20d4-4426-95a7-ada1d9f309ab_Bedroom-1005,train
b1aff8e4-49da-48f0-b6d7-34331895676e_MasterBedroom-533,train
66504491-bdc0-445e-a727-9fbb68e749ce_SecondBedroom-25652,train
c1c65ebb-faa1-4a74-abd5-05959bc4e8d5_Bedroom-11172,train
9886aa9f-f331-48e4-88a0-4e56ccaabe7f_MasterBedroom-9526,train
c0de5219-e186-4e77-9b84-394940d6460b_MasterBedroom-241,train
56ef3577-9ca2-43b9-8971-47d6c88e1008_LivingDiningRoom-35769,train
5952a518-03dc-40f1-8990-89a0b312e0f9_MasterBedroom-462,train
c1eb2abf-bebc-4e8b-886c-2f8f660bbfc2_SecondBedroom-155582,train
bf563d05-8920-4b9c-876b-6e8ab72adbe0_Bedroom-29738,train
3f60d6b9-49ba-45d9-bf03-966069127e75_MasterBedroom-21751,train
6f1f5670-b6d8-4590-bd30-97818c3754f8_MasterBedroom-149010,train
eeb71e43-2988-439e-867e-cb143cb3988a_Bedroom-2394,train
3547f90d-d3b7-41d2-b368-e25153afbaca_Bedroom-137551,train
1055b740-22c6-429a-99db-97fee8b05751_LivingRoom-1566,train
728e0c2c-98f5-49dd-8947-7f1a37c8887f_MasterBedroom-11259,train
9a0486c5-58e8-4a77-99de-9c4ea78d39d3_MasterBedroom-1624,train
5fdf68a2-1ad6-441f-a59e-230413b55a01_Bedroom-211817,train
c45c5b4c-5fca-43b2-9770-02cd174f24c2_SecondBedroom-72017,train
159a7b33-c633-4a75-8ad6-00b62bcc81e0_MasterBedroom-21432,train
885bca04-679c-4098-a2d9-27885640ad28_SecondBedroom-18640,train
8c70a332-7115-4197-a7a4-c7d48f68d9d3_Bedroom-1127,train
794c22b8-0dca-4ce5-b1aa-f4235950fe43_MasterBedroom-16392,train
73ed0b77-ba5b-4c11-9bf4-a776d8290144_SecondBedroom-278,train
56b05fc4-f06e-43ee-ac96-1a531da87e84_Bedroom-2042,train
ad2bc1ea-0567-4048-8cdb-d298dc18d162_MasterBedroom-31095,train
ce45a28c-fbf0-435e-943e-0449826a6d5b_MasterBedroom-38443,train
4e16983f-11ec-4345-aca0-3841f58f99e8_MasterBedroom-1512,train
e1d1eb29-7078-4ab7-9428-6ced49369bf9_Bedroom-1070,train
32216876-8786-4e76-a06c-bce05e2192e2_SecondBedroom-1309,train
1cc0fd55-1c5a-4885-a2de-f30c6d387353_LivingRoom-33324,train
b1fb2628-f260-4bee-8db1-6f4f10520a09_MasterBedroom-1096,train
26b72959-5261-49ef-ba2f-566c0982dce4_Bedroom-13131,train
7cb2b1ac-1751-4ed8-95af-588764071f9e_LivingRoom-13136,train
d7ac1af8-ec79-41f5-985e-c89109b03fb7_LivingRoom-27545,train
aeecee5f-611c-45ea-b797-ccf2e38c362c_LivingRoom-7918,train
8caa5850-3914-427c-ad99-cbb4b2f517a1_MasterBedroom-32168,train
9961048a-54ca-4b21-b082-d511e9ce6be7_MasterBedroom-50625,train
542c1605-f5d0-4e21-bc49-9169ed52802a_MasterBedroom-40855,train
1fc77158-532c-4d98-b9c7-cedac33ccfda_LivingRoom-5067,train
bf18f2a4-e180-4990-9ebb-1e52f4ab4e37_MasterBedroom-56404,train
32320a79-b44d-45cf-8742-a654a5348bba_LivingDiningRoom-53384,train
b3532f29-171d-4239-b6c5-4a1da32ed8eb_SecondBedroom-78680,train
39df2bf1-e376-4782-8485-6bf38b6ef694_SecondBedroom-19247,train
d63a99e5-6b3d-4a99-8408-437794a5ea31_MasterBedroom-152647,train
5bf68c41-3c78-42f5-a77c-bc6c95e051fe_MasterBedroom-38249,train
d6b75909-5d63-46a8-9f60-43a28992e4ba_SecondBedroom-1756,train
026d9b2e-f9e3-4754-b234-32e25b1974e5_LivingDiningRoom-64,train
a4f2ad71-da05-49c5-aa2b-a50abdd814f9_SecondBedroom-7287,train
4d926be3-62aa-4e42-84ad-649a8fe1e345_MasterBedroom-7968,train
f3c74c10-295f-400e-8953-84f44ab3ea0b_SecondBedroom-7774,train
8f90151a-098e-4156-b438-771584a19182_MasterBedroom-13855,train
062cf172-4d20-48bb-9aad-b75d4b5b6b54_SecondBedroom-29324,train
af17e492-9278-4023-9c48-c289e819a641_Bedroom-388,train
e37ef24d-fe80-40e7-a744-51122067af5a_SecondBedroom-7328,train
45bea9b9-7cc5-400f-a5f8-57eb3779ee15_MasterBedroom-364,train
ffd7218c-06dc-4550-96ab-72705ec4f3aa_MasterBedroom-60990,train
23aae785-c0bc-4645-9e64-fdea78c42e2d_SecondBedroom-88275,train
03279ac8-717b-4b94-96e1-3b6a7e94e782_Bedroom-19444,train
b003f93a-5664-4fe2-b40a-caf19583fd57_MasterBedroom-940,train
648408a7-3930-40b4-bca2-eeb20e48e982_MasterBedroom-44810,train
98efac0b-a256-4bc2-a55f-a3df5ef39096_MasterBedroom-8978,train
1d43e076-fc80-4d55-a07d-1b7a8c6dc6e7_SecondBedroom-3382,train
48f4336c-cf23-4023-bb5d-f339e7e1770c_Bedroom-30978,train
c399ce02-05e4-470c-a353-0670dfc45a03_MasterBedroom-14581,train
bd2c22aa-0dc5-4c05-80bc-d67fb1ba7e15_Bedroom-2301,train
d06a7c95-99a7-438e-a271-fe602380713c_SecondBedroom-76,train
ce0a5b4d-de74-4e8a-aae5-5dab76a314b7_MasterBedroom-2514,train
f081f259-c8d0-4745-974c-0e99b28b7e93_SecondBedroom-164083,train
d2965fec-86a0-4696-ae91-447d937a77c8_SecondBedroom-5506,train
d78a9dc7-eba3-4c8c-877a-80eaa2e4f76a_Bedroom-5573,train
da79a86b-abc6-4ce8-a5ed-7a94a7387cc8_MasterBedroom-23811,train
0ed3cea7-f8c0-4f91-87b8-9414ec60a713_SecondBedroom-1621,train
edd66ac7-760e-45b2-aeeb-0036f683fef8_MasterBedroom-59131,train
aaf31a7e-4344-4a75-aeba-2c3268c0f484_MasterBedroom-4461,train
b4605349-5ca9-44ec-bb78-1edf5fac49b5_MasterBedroom-44790,train
8458bf29-9feb-4dc2-a804-bb2f7b9be0b6_SecondBedroom-58083,train
642f5ac8-8330-46b1-bbf3-83e67501f35d_SecondBedroom-9931,train
a68c6257-db07-4f5f-ae13-ec2878d3cbe6_SecondBedroom-31876,train
369cda7c-e402-4382-8d9d-8c79133487d1_LivingDiningRoom-70537,train
bc3add99-a8b3-490b-85cb-cbe6e7e53f57_LivingDiningRoom-29182,train
7953c350-d2e9-4cdd-8f7e-b73b938331e0_MasterBedroom-49820,train
a9d64d89-ea72-46da-8b1f-b66dedcb82f9_MasterBedroom-30932,train
8d28fda2-d498-440a-b9e1-44caa95eb3e1_MasterBedroom-11400,train
b858c92c-9aa4-4767-99a8-661ef1afbd9e_MasterBedroom-4993,train
ede1bcab-2298-4756-b03a-690d5cf8dfe5_MasterBedroom-11214,train
7c630436-2d26-49aa-a416-aba2786d9afd_LivingDiningRoom-1362,train
334e4726-e94f-4689-8a73-85e93072f13a_Bedroom-53458,train
3edff452-4f84-497e-8af5-0e36a1d22ca5_Bedroom-22290,train
edabd944-0255-49c9-a7e6-b509cc392a67_MasterBedroom-17609,train
e3311e06-ea16-45e5-9d71-24ac8cb73050_MasterBedroom-226184,train
dc53f093-fca0-495b-a659-fd77cd6292a5_MasterBedroom-36749,train
f792305b-73a1-44ca-a818-33a0172a3a18_Bedroom-4076,train
aa2174af-a1ed-403f-b46d-bb44f315c181_LivingRoom-2057,train
fc2f0a6b-1a5a-40e0-b88d-47e82a30aec7_Bedroom-5501,train
cfdf4d87-2b14-48f0-8fad-629c917312d4_Bedroom-106236,train
ba3303e0-761d-4cfc-9411-18f1ff7a4340_SecondBedroom-7433,train
4437505e-b0f4-4dc9-ae75-1186ca6d6d2e_Bedroom-14,train
f655b350-074a-4b5e-ae1e-ede74c0e75ec_SecondBedroom-79435,train
7bf67f2c-6462-452f-86d7-512e591ea2a7_Bedroom-30371,train
9681ee28-7d6c-42ad-b7b1-fef48a780a6d_MasterBedroom-29891,train
be677899-49c7-4ae5-89f8-7e3b54f37f0a_MasterBedroom-16174,train
73818192-7ca3-4161-8cf1-ca3e5e51b1ab_SecondBedroom-10098,train
de7bbe9b-703e-4a0a-af91-01bbd3fa623e_Bedroom-15247,train
d6359e97-edea-43ac-a05a-22a9fc17f6a0_MasterBedroom-62978,train
b9301a72-5a7b-4ab3-bcf4-aa7f67112747_DiningRoom-15836,train
3d746247-8cd0-4b3c-8186-2ee990b66efa_SecondBedroom-31776,train
68bb331a-32f5-463d-932e-e8360fad1908_SecondBedroom-120852,train
63bc11cd-473f-49f6-b239-7ecf3d9e4ae3_SecondBedroom-22593,train
d8ab9e37-606b-4073-859b-14ac3c33eaf2_SecondBedroom-24774,train
2e173d63-1462-4df1-938a-11415d0662f9_SecondBedroom-5283,train
04845e59-1343-4f1a-91b1-169aa5a08443_SecondBedroom-39915,train
2be2628f-bec8-4217-9660-805b1c8a1baa_LivingDiningRoom-142185,train
90a74103-cb2f-44fa-89e4-4381a2b63644_MasterBedroom-14778,train
48831a32-7fed-41a1-a132-18ff65aeba93_LivingDiningRoom-1898,train
12f93edf-43d1-4009-9639-92b3b604b352_SecondBedroom-1145,train
ba833fcc-9594-4662-a631-1cd9f01a1ead_Bedroom-46678,train
886fb316-5f1a-4050-9c7c-b001409a5b5b_Bedroom-149,train
71077ab4-63f1-4875-a2b2-4199ea4de5d6_Bedroom-56702,train
5e44b2a9-66ec-4d5b-adf0-c87ab69cc93c_LivingRoom-3797,train
2f5fc1b6-c9d2-4388-a8ed-b2144f30781f_Bedroom-56759,train
dd428ba2-c3df-4f72-8c78-677993205d64_MasterBedroom-14208,train
3bf54310-1dd3-45a3-b6ce-e192f4d8ff43_Bedroom-18,train
0d36da0e-6a48-478e-b1d4-d4a2adaebfb6_MasterBedroom-575,train
50a6a1f8-b0ae-43ae-aa8c-ae41fcd0fe87_SecondBedroom-14981,train
483eb8ef-60ad-4f4b-85ee-9ee629e7fd85_SecondBedroom-73206,train
9aea034c-ec2d-4da0-8d18-0632a5d7177e_SecondBedroom-2131,train
3fc88ba8-7ea3-4653-892f-83667812c78a_MasterBedroom-76324,train
8b708387-4b58-4cfc-8e23-2339ad15d34a_SecondBedroom-17752,train
491ceb63-5cbd-4c24-b0e6-da8aec15eebc_SecondBedroom-37249,train
6be7ef9a-98d9-4d32-8b0c-c0d2b1ca3bbe_LivingRoom-38721,train
12329142-9d6e-4957-8592-4d156a454bab_MasterBedroom-18415,train
b4605349-5ca9-44ec-bb78-1edf5fac49b5_SecondBedroom-44692,train
4d2efc7c-8898-4ab3-a473-a421dc72eb58_LivingDiningRoom-11292,train
aeb21673-898c-41a2-a813-ab4b61ae542e_MasterBedroom-33506,train
007e1443-462a-4dae-b47c-44cfc6a5a41d_Bedroom-7050,train
011da194-aa84-4a98-bf9a-afd18357819a_LivingDiningRoom-840,train
896678cc-190d-4208-95f5-28911b3905c3_SecondBedroom-426,train
a1f31522-bfe3-4f53-beb3-8613e7b2ceb0_Bedroom-48166,train
1bc22c85-3159-417c-a8cb-4e3788a0a0eb_LivingDiningRoom-61800,train
14f828a2-182c-4085-b40b-2e2bf97b9aa7_MasterBedroom-29310,train
47f1e226-bb51-4a8e-aaad-64156c826c8a_Bedroom-2160,train
d093db64-0a91-4aa3-8074-9c1b4e571976_MasterBedroom-16024,train
41cc9bf6-a51f-4c28-92f8-98e7a2fc6136_Bedroom-1971,train
7c21dd91-e3ba-46d9-b158-27c9a589e1fd_Bedroom-15031,train
2f51aa40-46cb-43e4-b929-b18926ef86af_SecondBedroom-8325,train
4f96ac65-dfa8-4186-bf66-48b3b01f9e6d_LivingDiningRoom-10362,train
ee41dcf6-414a-4e05-b33f-db4272c90ed0_Bedroom-58778,train
e68032b2-11be-476a-b4b3-cf9a601db316_LivingRoom-117225,train
feacc183-06d2-4bb4-9c24-a62921abdc29_MasterBedroom-71130,train
362f04f5-4219-44ef-bcf0-c557a180b70c_Bedroom-11435,train
4e8acec6-a626-47bf-8a90-053e425e6522_MasterBedroom-3452,train
a591afd1-fc8b-4224-a2bf-b36ecb44aa18_MasterBedroom-32488,train
7673af04-3251-4385-909d-2f51e3c6e80b_Bedroom-69416,train
c66876f8-2836-4330-9868-87108bf52d1d_MasterBedroom-4830,train
12b5252a-0921-4e41-b07e-a9a1ba9d40f6_Bedroom-600,train
2509242c-0b79-417b-9c1b-9ce1f735ac2f_SecondBedroom-20952,train
6d2dacee-dbfa-4c95-8465-c0184969823d_SecondBedroom-7743,train
26bc9037-7ff2-477b-b80a-08befb9d261e_LivingDiningRoom-18908,train
4b18584d-3740-40f7-b344-5fbd98858ed8_LivingRoom-88425,train
e5203f49-b5f8-49c0-b07c-775eaafbce33_SecondBedroom-14075,train
c4eb86a1-f886-4f85-9127-19a4e4d6e45a_LivingDiningRoom-2486,train
073019d0-0c5d-4c78-9aa0-6d420bec0a33_LivingDiningRoom-12225,train
e6a4a8f1-d501-40d8-ba95-ef8163fe2d23_Bedroom-11582,train
bb4a55db-d988-4d61-bc52-175a9a8cec51_MasterBedroom-87179,train
df69e2a1-9ca8-4512-9410-b848e91da0d8_MasterBedroom-1008,train
f29e10da-f170-43c5-b03b-0f1d88149c55_MasterBedroom-1667,train
116f9473-b473-49a4-a4da-1cf81ba45e3a_SecondBedroom-9255,train
9d21c2a0-3cc4-4ce4-a926-506ed2c32a14_Bedroom-232,train
1452099f-bc40-46b3-a7f4-5b5354a60af5_SecondBedroom-4782,train
7f4b525c-6962-4d55-9947-fe8b92f54900_SecondBedroom-2540,train
d87c401d-93c1-427e-a03d-8e851e6db716_LivingDiningRoom-1592,train
5d64d4b4-14f6-4334-a81e-c0e4891c95c2_MasterBedroom-15154,train
df2c4d5d-b540-4995-8dcd-280638bfef47_SecondBedroom-6830,train
76915a22-544f-44e9-9a5a-525b1d282fd0_LivingDiningRoom-8122,train
6a63fbd9-1cdd-404d-97d3-366d7ea978b1_SecondBedroom-47052,train
c79ea3a9-687f-4db2-807a-0b7a85714342_SecondBedroom-8120,train
ec4ce2f3-bf90-45ed-b90a-84f89d87afba_Bedroom-21938,train
f7e21128-2c30-42f8-945b-343e6baede2d_SecondBedroom-20253,train
d209b341-a36a-46b4-bd07-62e9ac82a41b_LivingRoom-19382,train
011da194-aa84-4a98-bf9a-afd18357819a_SecondBedroom-373,train
c9b4f975-0f17-4718-bf05-a05a450a3c48_MasterBedroom-61232,train
546dcbbf-7a5c-436b-9153-95541bfe31ca_Bedroom-1683,train
53d89581-b092-4bee-a49f-8aa637b2b586_SecondBedroom-22972,train
08cfec4b-56a0-43f0-8428-e31c210d8c6c_LivingDiningRoom-28046,train
c3b5ef1d-9ca1-4c6f-b793-443d7682f970_DiningRoom-7122,train
56b06767-5d8d-4a9d-9f2d-148ee5c2c4ae_SecondBedroom-15421,train
4cb1cfaf-4f72-4f09-bf11-895130c18555_MasterBedroom-77618,train
2e03c81c-fc03-472c-91c8-025217a1ef58_Bedroom-208237,train
82c74c70-ad7b-47de-a718-66e8386256a5_Bedroom-30701,train
47ed8915-d698-4d0b-9537-41f6d16e5065_SecondBedroom-28256,train
57363672-24cd-4509-988f-80aa45214d5b_DiningRoom-2180,train
3ed8823a-0603-49ed-9a51-302cf15adf53_Bedroom-1889,train
11abab51-40d2-4dc7-a106-e262ee0f792f_SecondBedroom-6182,train
1316cc69-c622-44e9-a683-8aeeae46c2da_Bedroom-21840,train
bfdb8f3c-7980-4db2-8517-64523b20b3aa_Bedroom-19428,train
e4d49144-ac70-482d-ac0a-607f68160dca_MasterBedroom-15019,train
ceabd33a-d3dd-4500-9f44-a65fb285bff2_MasterBedroom-74105,train
5e01911c-03ad-4654-b028-ca20c0182293_MasterBedroom-138,train
3d746247-8cd0-4b3c-8186-2ee990b66efa_SecondBedroom-31811,train
3740868d-5ec9-4831-bd4b-4d033ac9576f_LivingDiningRoom-44165,train
79c5c8d7-bdbc-42ea-b582-bb5c3a925c11_SecondBedroom-12402,train
dc3a82da-ec0d-476d-a581-5c25c6952eb5_Bedroom-8821,train
30f12fbf-3033-4c68-878c-497d0251b75a_SecondBedroom-58235,train
d11d0783-dad6-41da-b9f5-93c51fc5e6ce_MasterBedroom-35288,train
f79dd946-de59-4b27-8e89-ea5b2303ee67_Bedroom-20615,train
c07f558e-acf1-4bc1-9ad8-2cf78ca8295e_LivingDiningRoom-2872,train
464570ce-bc6e-4914-a2af-846492c41560_Bedroom-18123,train
1b7d49e1-a3c0-4138-b865-c0a897903500_Bedroom-275,train
77bde924-9493-422b-b436-97dd4f1afd28_Bedroom-9287,train
2fca4177-ee2b-4165-aad6-3ad38d344655_MasterBedroom-9481,train
206d8aff-ccfc-4120-b5d8-d63c5578796e_SecondBedroom-1279,train
e0f35822-09d8-453c-bf87-55f85387ad17_MasterBedroom-116808,train
7f351356-0d67-47b8-9a4b-11be446a4a1c_Bedroom-1345,train
f389cf45-34e6-48bb-8f32-46210e8e72a5_MasterBedroom-1458,train
906838fb-55ed-4908-acf3-2ce304e821a3_SecondBedroom-12680,train
d7f58cb3-294b-4406-8220-be5438da8611_SecondBedroom-20838,train
56c0b91b-90d1-4d15-9a3f-5ebd47dda561_MasterBedroom-4955,train
6be7ef9a-98d9-4d32-8b0c-c0d2b1ca3bbe_MasterBedroom-39028,train
cc37c4d0-eb48-4927-9685-5cf72c25823d_MasterBedroom-73361,train
95fa3378-06e7-47e9-ad11-e868fe7d41ca_MasterBedroom-13968,train
e5203f49-b5f8-49c0-b07c-775eaafbce33_MasterBedroom-13978,train
6bb3d777-55c4-444a-abc7-dfd0bfeb00ec_Bedroom-29482,train
11261c4b-35d8-422e-b517-ab73455935f6_SecondBedroom-7947,train
b9865b8e-99c4-4005-9f4d-9cae08209da0_MasterBedroom-4390,train
6798277b-ef30-43c9-944d-0fef266dd444_LivingDiningRoom-114634,train
7c5d4d55-ecb4-486d-aff4-67e910b66b9e_Bedroom-21463,train
689da5dd-edaf-4ec7-9a11-ca7cd548bfa8_SecondBedroom-39441,train
18e61c1d-d0e2-440b-a095-79acffaeebe4_MasterBedroom-15334,train
460f4136-0bf7-4403-87a8-8473751c4067_Bedroom-76307,train
58345886-a399-4359-a218-ad0a3b43f44c_MasterBedroom-10505,train
84c93db3-027c-44b5-92bf-1b4a150d1dee_SecondBedroom-40906,train
2f9fc349-3878-448e-8f34-c3660a3bf106_SecondBedroom-4103,train
d4d0237f-a66b-40cf-bf85-56e11cb20602_SecondBedroom-160421,train
02cdd750-72be-4bc5-a033-3c604919009f_Bedroom-3064,train
30157c7f-112e-4fdc-870a-2e48a372c3a1_MasterBedroom-31461,train
f32ae7af-2144-411e-b8f4-d83da5a4f44a_Bedroom-24375,train
01805656-e66f-44b1-8bc1-5e722fff3fff_Bedroom-8715,train
d86f03dc-7900-486d-97f2-4eba7f7f41cd_MasterBedroom-32955,train
400cce14-4ff3-4c67-9e51-c1c1fd089aac_Bedroom-67585,train
2f2433ee-e2cc-416e-8127-f5abd01550b2_MasterBedroom-267972,train
9e9c7c48-a631-4ded-a271-7dd697faf0dc_MasterBedroom-1615,train
7534aaa5-254a-48dd-a5d8-b13432bb0217_LivingRoom-43168,train
0c125bc5-9517-4db1-b088-41f794cb16f1_Bedroom-9661,train
129c9a2a-f789-4cd0-82c0-2b6d5293c45f_MasterBedroom-32473,train
a8affec8-d260-41c8-853c-cadbdf317b63_MasterBedroom-22008,train
56539026-2d77-4f19-88ee-ca390f01e145_SecondBedroom-37984,train
ea7e0a92-a291-446c-b428-75aafe1db99a_SecondBedroom-31150,train
8d50c057-6381-4db2-ac1b-4abd5c774baa_SecondBedroom-58410,train
2befd25c-4ad6-4d8d-a817-85f69d9e1197_MasterBedroom-78759,train
01951c96-631e-4880-83ab-1d69835e635c_Bedroom-5998,train
88de649c-9fea-443a-96bc-57df455997b0_MasterBedroom-9197,train
8442cc57-83b6-4c2a-b7f3-ed7cc2780098_SecondBedroom-18194,train
7d9e6e3d-5dcb-4fb6-8af0-eed60ccd1dc9_SecondBedroom-6400,train
c8819e35-7f93-40de-98b0-3e62db618e8e_MasterBedroom-7747,train
0419bc7b-5bd0-47fc-802a-69c21ee0c80b_Bedroom-24730,train
d3613b4d-75f2-4969-835b-bccbf99c0208_MasterBedroom-16811,train
d6784049-e7e4-4a1e-818f-955c1c5bd871_LivingRoom-83183,train
95dc6d32-fbf0-4183-b09a-3a352fa0cd57_MasterBedroom-8821,train
06bb7494-bd68-45f7-b38c-af949dff8449_Bedroom-797,train
973ae127-2b9a-4f37-b04a-468a2c122caf_LivingDiningRoom-74769,train
300a30a0-69d3-46c3-99ae-98cc2665ea28_MasterBedroom-35272,train
665a5c8c-111c-47da-81f5-daad02321c46_Bedroom-36351,train
5bd22e7d-960b-4e14-93bd-f955001f799e_SecondBedroom-5468,train
0fda4bb3-f0cd-490a-8fe3-71bdce9c855b_MasterBedroom-29275,train
e086c12f-2d1f-47f5-9676-74a53179f7e2_Bedroom-82273,train
590a815e-df76-4dfe-bc5f-b4ee2c0d5740_LivingDiningRoom-139436,train
d9853b19-5834-49f5-8f78-9975aa5f5575_SecondBedroom-17521,train
a630400d-2cd7-459f-8a89-85ba949c8bfd_Bedroom-1912,train
519b86db-47ec-41aa-9375-34d6aa714349_SecondBedroom-21482,train
ee2c0ae0-2f44-4e83-80ff-bffcace07edb_Bedroom-16438,train
01655258-a4b1-45ff-b16d-bae0ffb189c7_SecondBedroom-45033,train
57e1c8e3-02cb-4f09-b5bf-abfd43013610_MasterBedroom-122777,train
b51bec16-bd64-43be-ae51-2e190aafba67_MasterBedroom-37633,train
58064c7d-8e8b-4149-9b3a-672cf22d4733_MasterBedroom-9298,train
db1bb23c-a728-4e9e-97b8-e98ffa8cb31b_MasterBedroom-40255,train
41c070fc-dc7a-40b8-9ce2-c65606f4b728_SecondBedroom-9038,train
54f911eb-26a7-410f-b212-185745f55515_LivingDiningRoom-20518,train
3a19c7bb-bc35-44e3-8d48-4fb00b9789ff_SecondBedroom-24604,train
2c55e5c8-0ec5-4f98-b0cc-1c6dd0418815_SecondBedroom-14044,train
33253f91-fb29-4a9e-aec7-42e3cf96b25a_LivingDiningRoom-107,train
70daf81b-199a-4571-9e11-89959489c7a8_LivingDiningRoom-15322,train
320753f3-80d9-4237-9f59-38c4201a2782_Bedroom-2207,train
e8f14d6c-c37d-4ad2-9cf9-cdd57cdfe2b1_Bedroom-19071,train
070bb554-f9b7-4b80-a1a2-fc91f1c861fb_SecondBedroom-43866,train
2e1c9079-14c8-4459-8831-b63eef7883c8_LivingDiningRoom-14772,train
1a1e205b-3f54-49fb-8154-e2d61c3682ae_Bedroom-1276,train
f093d7c7-6f8a-4929-b88a-2d0cb8f0ddbc_MasterBedroom-39274,train
7d1a7697-3051-4e51-8d6c-fed5d3a0dd8f_LivingDiningRoom-21803,train
cf536225-9a90-4fde-9175-f453e2436c29_SecondBedroom-58732,train
d5789823-32cf-4d9e-ab09-536884de8aac_SecondBedroom-45332,train
3187cbc7-4da1-4ae6-811a-96adc72cb1d2_LivingDiningRoom-18022,train
ef2017f0-bd05-48e9-bb25-a7469c906b48_Bedroom-12411,train
1f5872d3-0ec8-49f7-a821-d660c794ea4a_SecondBedroom-11385,train
ab0d2955-a6b9-46cc-89b1-e77bf02e7e93_MasterBedroom-149783,train
05aa0174-838c-4255-a34d-1b419365f7a7_MasterBedroom-5249,train
05b8982b-6b8c-40e4-880e-07bc7de301b4_SecondBedroom-18829,train
26146707-fd21-4520-b1fb-2ff93b2560e3_LivingDiningRoom-15610,train
bfc9a79e-7433-45f9-8daa-77f41504f917_Bedroom-379,train
27871446-7da7-4557-b554-dca744d3ea87_SecondBedroom-90886,train
af8b9eed-0ab5-4c65-bc73-f9fbc2b1cdd9_MasterBedroom-1752,train
675747ce-8c84-459f-ab16-399ae3636709_SecondBedroom-14284,train
7b5be71a-0038-4387-8913-65eedb4c5c52_SecondBedroom-25646,train
bb13762a-67b3-4957-be4e-f1b0878c9f87_MasterBedroom-21140,train
c7fefad9-9449-49d4-8687-b0cbc1f203bc_MasterBedroom-4146,train
70441a13-34cb-4927-a0b9-e5fa771da509_LivingRoom-1618,train
766a326b-a379-475c-8cc1-3af87e5b5ca3_MasterBedroom-5591,train
0f148bc0-02ce-49d5-be2e-347734092f49_MasterBedroom-38385,train
54234f8f-0f41-47d8-911f-506320aa75c0_SecondBedroom-24608,train
df5f6372-1d1d-4884-a9f0-c8c33595daaf_SecondBedroom-5207,train
5bd2dd31-7aed-4024-99fd-f2e98eb4f814_LivingRoom-8148,train
3036ad25-dfe4-469b-9ab9-3fec36c348e8_MasterBedroom-10543,train
d33d3c64-330a-43c7-ab6f-059d2844d6a0_MasterBedroom-4588,train
386553cb-c7ee-47e6-926a-679a9e65fa1a_MasterBedroom-23131,train
f623fc6b-ed49-451d-9858-85a3c1091631_LivingRoom-21654,train
80d80e4a-197a-4bd5-9ed1-81c48786a321_Bedroom-593,train
0e91094c-3cad-424b-bc52-a451bcd66587_Bedroom-21295,train
8b862ecc-a1b1-4079-9cef-db2afebbe4e2_SecondBedroom-1902,train
5150b934-a2fd-4afb-b738-b6a20703d00d_MasterBedroom-6537,train
a68b6e8f-7afa-454b-9fe0-124396add326_SecondBedroom-15797,train
c073aa26-2ba1-4e60-baf3-85325cb4819a_Bedroom-1351,train
1aa91215-cba7-4c40-8b37-6b21584b5924_MasterBedroom-12352,train
799c9b05-8901-4113-ac72-b268bc542a13_Bedroom-9508,train
865efbe7-e24e-4080-9c8e-dc6c52180ea6_SecondBedroom-26143,train
388fb15c-a095-43c7-8eeb-07329df221e5_LivingRoom-30957,train
4350baf8-0e3e-471e-bccd-4a6695158579_LivingDiningRoom-15211,train
ed4b5bca-6791-4177-8dfd-7d25465ced4f_MasterBedroom-4606,train
a172d8e6-1750-4d9f-b0fe-901c08f3890b_DiningRoom-306,train
07cba4b4-3e2b-4c90-8b3c-c44ae6ab014e_LivingDiningRoom-109572,train
faf9f588-42e9-4745-bddd-7d6cbf8c4f99_Bedroom-9098,train
0e44eab5-891c-49df-8311-4395a610016d_LivingDiningRoom-57414,train
0e373951-83a9-43e4-83cd-febb0ead7c9a_SecondBedroom-45271,train
533de1da-215e-41c7-a79c-105de6a823fd_MasterBedroom-42449,train
5d3bcbca-1efd-44ab-8425-e1c59a800ced_MasterBedroom-30460,train
48005d2a-cb97-4128-b068-20a03b678bde_LivingDiningRoom-34204,train
626ec355-216b-4e9b-a010-9f4e8ac5096e_LivingRoom-3890,train
23aae785-c0bc-4645-9e64-fdea78c42e2d_MasterBedroom-89411,train
35602a52-6ddc-4137-ab5e-45296190513c_LivingDiningRoom-9921,train
4135af07-0edb-47c3-92b2-852b30c3c93c_MasterBedroom-6438,train
43907bbc-4b39-4f1a-8747-3287c8bce690_MasterBedroom-48054,train
f451b16e-3457-41e1-8f08-b56265549833_LivingRoom-14930,train
4a97a190-268c-4b0a-adb2-62e3eb5a29ec_MasterBedroom-35072,train
fb1f8f5e-ab2c-4752-b5d8-6ee6189bd6ba_MasterBedroom-1468,train
8d787c07-cc25-4399-afc1-b182662846b8_SecondBedroom-100131,train
0adb88db-02a3-43ca-9a69-76dcf25740d6_MasterBedroom-72713,train
58ff6eaa-c53f-4f88-8e83-352de9374778_MasterBedroom-244289,train
6d486929-8d49-4d3c-aa16-88330ce2e164_Bedroom-61799,train
8495ba23-5e37-4bf5-a795-dee5cf78c5f3_MasterBedroom-69027,train
f76662cd-344f-46ee-be95-3f2d0cfb7249_SecondBedroom-14804,train
2ed23edd-aebf-4fdc-bbe5-660409e5ae00_LivingDiningRoom-11161,train
aafa0b11-9656-40b3-b44f-c2f9053ec194_Bedroom-6312,train
37148fed-ae60-40b4-a86e-1bbe500862a5_MasterBedroom-7154,train
9a697b01-5800-40fe-b290-86c2779e2517_Bedroom-13271,train
becd7f2b-1039-4346-aacb-8d9962f5e0ae_Bedroom-74627,train
d0cc42a0-107e-486e-8fa1-3fd71daa8bfe_MasterBedroom-39571,train
089458cc-75b2-45c8-a58d-177cb6aced8c_SecondBedroom-23557,train
cfc0e878-ba80-43f0-9a54-45a4850e4ecd_LivingDiningRoom-4094,train
b0dc2c16-296a-491e-a82b-d2d7fd8fdada_SecondBedroom-2393,train
410f4975-e3ff-42c5-975f-cd1878d41070_Bedroom-9794,train
36c2c33b-73f2-47d5-881e-2fa359198b9a_MasterBedroom-35458,train
91e19c05-929c-416c-99c9-9d5ed3b6393c_LivingRoom-10294,train
e892807a-549e-4a8f-855b-075fa1b70c9f_LivingDiningRoom-19931,train
23608ced-9c2c-4d17-b7a8-4e3656d2acca_MasterBedroom-20130,train
b3a256df-54e0-40c1-b04e-5ace4cccaddb_MasterBedroom-283,train
7f4b525c-6962-4d55-9947-fe8b92f54900_MasterBedroom-4328,train
0aa05d5a-81d5-497b-832c-c90c3fe73a36_Bedroom-664,train
e414e3aa-24fb-4922-bbc1-058a04829bbd_MasterBedroom-3258,train
f485b373-bf78-4417-9ff7-54d25478d312_Bedroom-6694,train
1d481334-3f7f-4a41-8d8c-8c6e05a9ac10_MasterBedroom-16040,train
c3a81890-b4f1-4944-96a1-318dff7f3980_LivingDiningRoom-36077,train
56400f40-07af-405b-b3f5-577245b13ce9_MasterBedroom-93966,train
c5b12c08-1059-494e-8320-5b4b9ae6b846_SecondBedroom-76776,train
9af467c6-d6ee-4530-a48f-87d4f942ac04_DiningRoom-168152,train
73e42610-80af-4a97-85e3-952b509b04dc_Bedroom-8044,train
6adb0cc9-8e56-4829-a7f0-c72dfd69afcd_MasterBedroom-2540,train
be37ae8e-a3aa-4202-a812-9be187c941b5_MasterBedroom-27086,train
2ce51e58-c45f-424d-b333-5b56d1641f68_MasterBedroom-26907,train
dc270b69-a104-4f96-8676-e13d62b66cc0_MasterBedroom-6169,train
32d5a1b3-0c2e-4c94-8f41-b9da95f8118a_Bedroom-22265,train
65aa5c84-5d84-4785-adf8-0000c91aa79e_LivingDiningRoom-2715,train
44903efe-45ea-42a0-954e-bacb917bd7dc_LivingDiningRoom-648,train
36e41e39-505b-48f5-ac9c-ae7f3898ef3a_SecondBedroom-16777,train
bbd52bbc-166f-4256-998e-a35f3f924f70_LivingDiningRoom-14966,train
c3a81890-b4f1-4944-96a1-318dff7f3980_MasterBedroom-34469,train
90b7eea6-8bb6-48aa-9981-690ca4de4938_SecondBedroom-39559,train
814ba6f7-fdd2-4b5d-9604-9e3b682db37f_SecondBedroom-23205,train
4f51046e-37c1-4308-9e81-2408fb164852_Bedroom-71736,train
d9f72fce-30b2-42ab-83a9-8bbab2087230_LivingDiningRoom-3127,train
0f7d04b8-9de9-4e07-9a44-0cdb8b2703f4_SecondBedroom-19119,train
862269d5-f301-4857-90ea-df3b2d848997_MasterBedroom-8733,train
9af95d77-acc9-4ab0-b951-1dc42afae8a4_MasterBedroom-1095,train
015c0c73-e5fd-447d-9919-acf4786db46a_MasterBedroom-535,train
29ac53f9-61fe-4397-96ae-b33522d292ae_MasterBedroom-22041,train
49e7d085-8a30-4a62-b6ec-2a52ae5153b4_LivingDiningRoom-2476,train
4af35004-7b2b-4ef5-b148-b5e63b48b569_DiningRoom-32785,train
0f661df2-0f41-47a4-830c-7444f4a33a03_Bedroom-12498,train
46e6bd47-6594-4cad-9cc0-b94f7bd116e3_SecondBedroom-9110,train
6e7a0c41-15f3-4909-a20c-dab460b45ada_Bedroom-168,train
5d20881f-5edd-407c-8577-4ac0c12b51db_Bedroom-10665,train
0967e330-aa37-41d5-af14-04c9e8ea820c_MasterBedroom-99,train
532f51b0-9e98-4f27-9bef-8d8726fa8161_MasterBedroom-31477,train
23a588bb-3870-405a-a226-293c1c170611_Bedroom-4604,train
dcde79e6-63d3-4517-9766-0ebc45d8b678_MasterBedroom-25568,train
13a27655-e337-4846-af2e-ebabfb631742_Bedroom-362,train
36cf5620-674c-4a4b-b4de-1a1038e6e287_MasterBedroom-67870,train
14a8aabb-7f3f-4dfd-ae11-72bbfeaa296c_SecondBedroom-32294,train
834d357f-00fa-46b1-b73a-8120c46ecaef_MasterBedroom-40557,train
bd0efcba-bfdb-4e4f-8bcd-7d9c70519af9_Bedroom-497,train
41530c87-2f3d-45fc-a696-9e3b276024a8_SecondBedroom-1791,train
0caa7d81-6cac-4bd3-9409-ad388df2fc27_SecondBedroom-23875,train
3dc195aa-0a30-440e-bf84-5f1995ec1c3f_LivingDiningRoom-1419,train
08ee3c6d-a06d-451a-9241-09b050788d07_SecondBedroom-18403,train
0c1cea01-e28f-45dd-87df-6f906054c364_MasterBedroom-21392,train
1c6e161b-ac01-411c-9a60-dd5f6da0ec08_Bedroom-34319,train
d107a97a-ee01-413c-8df1-d8be5873b02c_MasterBedroom-31445,train
e51180c9-2e30-400e-86c2-957f044e13c1_MasterBedroom-9748,train
3a0265cf-f63d-4f8d-b167-751cd9bedeb2_LivingDiningRoom-3395,train
e5f5c020-50fd-4deb-83ca-ad91542fd9c2_MasterBedroom-11697,train
17a063ee-a39b-4aba-9f3b-508684dffac0_MasterBedroom-1170,train
58c205ff-e76d-4941-80a4-44d46b10bf8e_LivingDiningRoom-262051,train
5f27b15d-9586-47a1-9875-075c68a95b05_SecondBedroom-48968,train
9ddbde94-1d82-4d74-b262-a19cf0f9c5fd_SecondBedroom-15576,train
8563478a-b3c7-482c-850f-910502fd4e6a_SecondBedroom-34825,train
3016ecbb-ddfd-4a33-a2db-0245e539ac6e_LivingRoom-20182,train
da86e040-3b36-4e67-8070-397519b019b7_LivingRoom-88523,train
571bb2c3-d9fa-4a25-9fb4-7d67106dcb6c_SecondBedroom-2230,train
05ffc5c9-a753-481d-a6b8-bdca64554367_Bedroom-5443,train
0d7ded41-b1f0-4696-b8d4-4a97933d269c_MasterBedroom-1091,train
fd987ee8-eeac-4d95-a947-306db2feada5_LivingDiningRoom-18871,train
fc2dadc6-b593-44f0-b1a6-843bc0eb8018_MasterBedroom-9077,train
df5730b4-3000-496b-869c-0fb8d4853f55_Bedroom-52368,train
035ad3e2-544e-4093-9621-3624f1b86422_Bedroom-9835,train
a931e811-6950-46f6-b733-6c13e079f448_MasterBedroom-72447,train
22a9347f-33e4-4e68-94d6-fddd0786f95b_SecondBedroom-14024,train
0eee2f23-0f2f-4beb-9712-c54e8dd6bd9e_MasterBedroom-5493,train
e29c9cea-a331-4062-8d95-17f3f7ed8813_MasterBedroom-46278,train
fa3b6dec-1159-425f-b9bb-aa4e535e56d1_Bedroom-7142,train
08f0dede-b8dc-4e43-8f2a-ebc008b6f56b_MasterBedroom-30572,train
0d36da0e-6a48-478e-b1d4-d4a2adaebfb6_SecondBedroom-1314,train
104baa17-42f8-4735-9ba4-5d59a8eb2b46_SecondBedroom-11132,train
86b14d42-1ea7-4570-8cf3-81c4f7b6a840_MasterBedroom-34842,train
941ef7a8-cddf-4de3-a06f-4a110f0c586a_Bedroom-41542,train
5681f6fb-9437-4732-86fc-a493a7241035_Bedroom-32464,train
52b6a7c2-509f-4253-a562-27347f318b05_Bedroom-233,train
d07beff7-77ba-4f6a-b09d-f7b5e748da57_Bedroom-285,train
d253d879-a5f7-436f-b617-24207803b871_SecondBedroom-22936,train
cde4fdcb-4e23-42b7-bce8-af71fb4fef57_MasterBedroom-11980,train
e8d819e4-bfb3-406e-a683-0ea452650633_LivingDiningRoom-163914,train
d1200595-8df1-4758-983f-8b8ba63c25f6_DiningRoom-22339,train
626ec355-216b-4e9b-a010-9f4e8ac5096e_DiningRoom-8473,train
d4d0237f-a66b-40cf-bf85-56e11cb20602_MasterBedroom-169246,train
a3b91a1e-f51e-4714-a74b-33940b352efe_LivingDiningRoom-1900,train
a796ac9a-abc1-4003-b7a3-d1e84fb7fc28_SecondBedroom-28894,train
c360d758-8dbf-4d82-9afe-d71135c13c7f_LivingRoom-22787,train
ba3cc79f-78b8-413d-892a-11124d3add39_LivingRoom-38688,train
61a0705d-2f6b-4086-a80d-4b06a42fc876_MasterBedroom-9222,train
7816c664-089a-4a3b-b32a-a0a731301aa8_SecondBedroom-6519,train
3c29e2e4-4b96-4124-91b6-00580ba3414d_Bedroom-67985,train
38c0246d-e94c-4cee-9848-38b04f312ebb_MasterBedroom-8375,train
22eb02bc-5982-4ebe-9575-47902632e022_SecondBedroom-8475,train
62c107a4-c33f-4c8f-8d2b-dc1faa9f5f19_MasterBedroom-873,train
549659d7-3221-4642-991f-2e25264efb21_SecondBedroom-10577,train
7ba559ee-a2d9-425c-9111-cf2a9c543c57_Bedroom-101913,train
9c20cc98-5aca-45b2-be1f-880f6959e5b2_MasterBedroom-3545,train
06a60335-aa4d-4550-9e09-cae4f437988d_Bedroom-10348,train
21e417a7-6b31-4ce8-9e37-5423b081777f_SecondBedroom-15655,train
0c3c3fdb-6f91-466a-8784-17f8f2a12632_MasterBedroom-17288,train
3fc88ba8-7ea3-4653-892f-83667812c78a_LivingDiningRoom-76396,train
8ca2d45d-0a06-4a1f-9930-4b30e008ffa6_MasterBedroom-541,train
d9eb740a-ef9b-41f5-8fe9-09200a8702d4_Bedroom-9700,train
04f7a09d-08be-4e6f-965d-b655e0f654fe_SecondBedroom-30034,train
26bc9037-7ff2-477b-b80a-08befb9d261e_Bedroom-19384,train
14f4c539-f066-4453-9b79-d5fdb4cb5325_Bedroom-455,train
1da9156e-927b-42e0-a242-e13513e9fcad_SecondBedroom-59274,train
29d3b19f-69dc-4a57-a700-43cb0e3a08be_Bedroom-62638,train
2a77be2c-c48a-4fd1-b27e-c0153673f884_SecondBedroom-14518,train
bd2aa9dd-15d7-4de3-adec-4bddf66bff49_MasterBedroom-137733,train
b7f5c276-55d1-4faa-8b6e-eca7e0273648_SecondBedroom-10321,train
d6fcec54-1bec-4f8a-b945-8f6fd33d1e6b_Bedroom-11362,train
2b7bdb1f-48bf-4987-a420-b3887e7c4a2c_MasterBedroom-24725,train
da79a86b-abc6-4ce8-a5ed-7a94a7387cc8_SecondBedroom-20347,train
e59618e8-5343-4f81-9906-360b10d2f935_LivingRoom-539,train
e7617091-5ec2-4f8b-801f-848e260ef807_Bedroom-3065,train
787727b2-f70e-4881-933a-327fb86f6f8d_SecondBedroom-48054,train
b583dce1-ffe7-424f-a902-db75daeb6c66_Bedroom-2765,train
3d83fdb3-1e74-4c3f-adfb-8e722d772705_SecondBedroom-339,train
ec01eea8-8fd5-4de5-bba3-e91f525ea4c0_MasterBedroom-24596,train
a43305c0-dd5c-4775-8dfb-4473025a277b_Bedroom-15706,train
a2f77d1e-d982-4fd4-9216-38f97718082a_Bedroom-23604,train
5e3a66c2-c3dd-42a3-864a-d19fa9b65973_MasterBedroom-2411,train
462782c3-a2da-4641-b152-1d2841215d33_Bedroom-12602,train
cb0886aa-598e-4acb-a5f9-5740e098c7e3_MasterBedroom-29761,train
f8c4e5e9-8ba5-4694-8ac1-4823082e99d8_LivingRoom-13648,train
87bd388a-3f7c-4fba-9b1e-4cceafa671f6_Bedroom-9192,train
4984b901-9b48-447d-a39a-570b86d46795_MasterBedroom-95497,train
6d5a3496-fb30-4151-9147-12fbda4d7fce_LivingDiningRoom-1768,train
0363cf51-5e28-4b32-8a3b-68726d8da273_LivingRoom-5110,train
07f296b5-8bfe-4525-84b3-c4f31b85d22b_MasterBedroom-19102,train
0f039b8c-53ee-47cb-b4c9-58ba9a0141b9_Bedroom-2175,train
905ccf24-697b-4bb5-8c53-def619d16327_Bedroom-5215,train
af474567-7aec-4b7f-8e0a-9054871beb8a_SecondBedroom-33219,train
f9f56ff0-e283-492f-bdee-051c886a9d18_LivingDiningRoom-8358,train
61b7fad2-bbac-4728-a5e1-c574cfcf14e6_Bedroom-35225,train
8ec660e6-b95b-4b11-81aa-ed3b1164a165_Bedroom-51292,train
350388e2-7c93-45e9-bcc8-6a0a5165dab0_MasterBedroom-34763,train
a22895c1-7102-4701-a1a4-02faca65b6bb_SecondBedroom-45226,train
fb76c361-48d1-4450-a4a3-0b9bea32fb8e_Bedroom-35064,train
37fee753-1c40-4784-ab50-4f5d72df6f65_MasterBedroom-18464,train
09c955e0-72db-4df5-99f5-0632d9658f7b_SecondBedroom-41297,train
53028f10-0798-41c6-b3db-1412990b79da_SecondBedroom-10153,train
959d7224-db8a-4ce0-8dd6-8e17adbe719f_SecondBedroom-1245,train
14c7b2f7-cfe9-43a0-9dbd-fd65c33454ca_LivingDiningRoom-22223,train
6c6da165-485a-41a8-9870-75cb9f39c017_LivingDiningRoom-37289,train
6c482868-df60-4e35-b33d-d7e1613bf3c4_MasterBedroom-10501,train
f98c8dff-7392-45b8-abf5-81c3ca5eb064_LivingRoom-3792,train
e44ef7e0-ff39-4430-9f37-15cec7c72ea1_MasterBedroom-365,train
203e5f1e-3287-4675-9ad0-37b8810766d5_LivingRoom-16371,train
6d13bd56-8931-486a-8490-61752942a6de_LivingRoom-43669,train
184286fb-3558-40bc-b090-e79e5b8e6fec_LivingDiningRoom-9995,train
c3f2cb53-f822-4385-b426-77d016a8e168_DiningRoom-17116,train
e892807a-549e-4a8f-855b-075fa1b70c9f_Bedroom-19731,train
1055b740-22c6-429a-99db-97fee8b05751_Bedroom-3173,train
df76627b-4746-482a-abe3-b9a6f5388e7a_Bedroom-51521,train
d9853b19-5834-49f5-8f78-9975aa5f5575_MasterBedroom-11504,train
f01d52ec-ff3e-4157-b0bc-9c29e849f03c_Bedroom-23794,train
15607040-50d6-431a-bd53-b18bffd5fde7_MasterBedroom-88093,train
895f6fb5-d110-4733-9257-a46b351a4dd1_SecondBedroom-58860,train
32e2ecf8-5bf6-47d2-8b7d-6a57655d2dd8_MasterBedroom-18875,train
1139693d-2305-4976-8349-9352e0556534_MasterBedroom-52171,train
2f2433ee-e2cc-416e-8127-f5abd01550b2_SecondBedroom-268980,train
e544c131-df87-4e5e-b889-75e6b89ae007_MasterBedroom-17206,train
897f8b48-e266-4749-b1f8-f798ae0d7068_Bedroom-54434,train
69610b96-8add-4240-938b-97520fa32ed3_Bedroom-9426,train
20eacf16-7515-43f7-a452-72e4e8ecef45_LivingRoom-3973,train
65968c3a-f434-4d80-9f65-f37f8d703a6e_MasterBedroom-630,train
db16a13e-2960-4bd3-a8ba-167a00e3ac8f_Bedroom-8607,train
e15e9791-e99e-4f81-b838-692ecd556e81_Bedroom-303723,train
008f0372-b7d0-485f-8d3e-f686dcb68d4f_LivingDiningRoom-1531,train
14a8aabb-7f3f-4dfd-ae11-72bbfeaa296c_MasterBedroom-28078,train
6603615d-0b7c-4b8c-ae29-ce9b464960ab_Bedroom-3394,train
fc9c89c7-c736-42ca-bda0-21c253e76b3a_Bedroom-49471,train
eff72f0f-049a-47b3-8685-b1b6af535435_Bedroom-17592,train
74fa622c-58f2-4375-b6b5-684659581385_LivingDiningRoom-78283,train
191e6801-4ec6-4dd2-a922-17b81de51431_MasterBedroom-5490,train
e1bfc1be-b96b-43a3-9485-01a1ff78d9da_MasterBedroom-34912,train
38d90d55-8add-4c08-b054-4fe57e4768e5_SecondBedroom-15281,train
1a73d0f5-0188-4b48-b50e-1f302b44fea4_MasterBedroom-102878,train
ba35bae5-34ab-42de-941c-9f8a73b1beb7_MasterBedroom-48561,train
797dd495-26a0-4bf6-b0c8-c71690e1addf_MasterBedroom-11301,train
709dd71c-8588-4447-ba64-a4ecd64dd844_SecondBedroom-4799,train
72e59634-a906-48de-be85-93f2236c0a43_MasterBedroom-41983,train
a05b51d1-bfea-4553-a903-dd1b74e35005_SecondBedroom-94646,train
d73cf536-63eb-4e57-8bca-9da3981bed28_SecondBedroom-16350,train
db70885c-e977-4fac-ada7-7b4915235361_MasterBedroom-2464,train
5b7a930b-0088-421f-a3a1-f2c3e7c69751_Bedroom-69096,train
01861393-3d82-4926-af4c-e2d29c6d0c0b_MasterBedroom-32031,train
30157c7f-112e-4fdc-870a-2e48a372c3a1_SecondBedroom-8691,train
257c8ee4-5e27-4da9-b54c-48a476bedb5b_SecondBedroom-13353,train
af04306f-ef15-4b0a-ba75-1e499b3f3ccd_LivingDiningRoom-29341,train
256dea7e-cb60-4f23-abb9-fd0104445c00_SecondBedroom-6797,train
168c24cf-f3fd-41bd-b5f5-348edb6358c7_LivingDiningRoom-13594,train
87be1ce2-89f4-42eb-b7f5-c3f9ca284a28_MasterBedroom-2377,train
b090fa20-9b1c-4c5e-bcc4-e83c44cc84c2_Bedroom-16379,train
e22c70fa-8427-4337-bf22-23496bd5a0a4_SecondBedroom-11456,train
58bc5a5b-c6b3-4228-8a1f-718788f40ecc_LivingDiningRoom-27164,train
48831a32-7fed-41a1-a132-18ff65aeba93_SecondBedroom-7863,train
d758c7ad-e322-42d2-a230-330f9859e7d3_SecondBedroom-2309,train
1cc0fd55-1c5a-4885-a2de-f30c6d387353_SecondBedroom-33218,train
d575f48e-3268-4e38-90e0-53f47168c303_SecondBedroom-9392,train
4563a93a-fffd-4829-b768-2cbe398c5cf1_SecondBedroom-13315,train
7ca0ebf5-fab7-481f-9225-979c3fa4f949_Bedroom-6637,train
3080f4d4-c02f-4a2c-82b0-d24677fd59a9_Bedroom-28795,train
fa4d27ff-6744-4a6d-bf11-55e0cd169d65_Bedroom-27900,train
39ffe480-646b-4a22-a4e9-b1118ed2cfdf_MasterBedroom-11106,train
ce377776-581d-4b4c-807f-e63f7473e9b3_LivingDiningRoom-276836,train
0b4abd30-b157-4ecf-a077-989285598cf2_MasterBedroom-9688,train
6ae5c274-8d8c-4832-878c-ea4f74082dfa_Bedroom-4576,train
4b41ef33-c496-455c-b8f2-aa32d5152878_SecondBedroom-10891,train
2311eda9-dcda-45fb-89c3-0c068ed74b9c_MasterBedroom-23692,train
c83c564f-ceb1-4cd0-b171-7eb26a283b24_SecondBedroom-6879,train
99753f89-7195-4928-a56e-9724c13bd4bd_SecondBedroom-7924,train
1cdd5670-0523-46bb-8623-f9ad63f4c878_SecondBedroom-2103,train
41352a15-a73f-46ae-b996-5abd61ed9871_Bedroom-47196,train
b6167446-ce9d-4bc0-bc2e-e6026d939a3c_MasterBedroom-14406,train
3a9bdb50-7fe5-45a5-8071-f5ab3c8e2a44_SecondBedroom-58832,train
e802c7bd-5cee-421f-9fd7-b5fa4007122f_LivingDiningRoom-23413,train
43f250b1-17a4-4ac7-af2d-ba722f3a8bcb_Bedroom-43042,train
f6a13d34-e838-40c9-967c-282083e1c603_SecondBedroom-898,train
1d19e06d-bbe7-4d3d-a65b-60b3fe01b8a2_MasterBedroom-304,train
482cacdd-b522-4acb-980b-191a0551d9b6_MasterBedroom-7314,train
5c22a23d-e49c-4d31-adee-987c93eec20e_LivingDiningRoom-5987,train
0a25c251-7c80-4808-b609-3d6fbae9efad_MasterBedroom-2888,train
16ebc7a1-5845-4030-986a-a9469100d534_MasterBedroom-13874,train
51c7e12f-a8ee-4c53-9ec8-85311bb81075_SecondBedroom-8279,train
b5bf1be6-ce97-4e98-9f8e-0018f9e5e704_Bedroom-1262,train
6fb2b02c-b119-4304-aab5-383794defa1f_MasterBedroom-8863,train
573a0513-8b6e-4fa9-80ab-edd333fefdd9_SecondBedroom-184694,train
3c47589f-313d-4bac-abee-830161a278f0_LivingDiningRoom-109935,train
b35d10f4-0f24-4b75-b370-4db788e41222_SecondBedroom-2833,train
71077ab4-63f1-4875-a2b2-4199ea4de5d6_Bedroom-52396,train
6b774494-78d2-4def-a1df-24e4d907e796_LivingDiningRoom-136982,train
724eb4ee-bd9e-4036-8579-d5379605f941_MasterBedroom-9227,train
ff08fb34-a3a4-495d-955b-a621cac7cba8_LivingDiningRoom-527,train
b24a914a-20b4-409d-a658-29296b8e15b1_MasterBedroom-27711,train
40b522ad-fa7b-44b2-aed5-81f65a369d88_MasterBedroom-28439,train
98d50a8c-8f9c-40c7-b306-2b282a3ade70_MasterBedroom-9415,train
5b1f505c-446a-4198-ad24-50f27c9125ae_SecondBedroom-26731,train
8d976618-aaea-4725-a3f3-e63870e87163_LivingDiningRoom-880,train
930621ed-def9-4e62-998a-5c121b87055f_Bedroom-47007,train
646caacd-2202-49a5-8aee-8461238c4121_MasterBedroom-7326,train
5a8a69a6-6c69-45a2-a0c6-75693d542b4c_Bedroom-30450,train
2b9f82e4-d37a-44bc-949a-c61464bb5b12_Bedroom-33188,train
549abbb2-a523-4004-a217-d6bab54f94dc_Bedroom-12991,train
8e234f22-483c-4dfd-9ce5-cc2d052a97e8_SecondBedroom-380,train
646caacd-2202-49a5-8aee-8461238c4121_SecondBedroom-7309,train
aa8112cc-d57e-4a9f-a425-d40e7d114b08_MasterBedroom-34727,train
5993e12c-fc44-455b-a974-f3a456cd68d5_MasterBedroom-24481,train
99a9a277-df69-43f1-a934-3548f4438510_DiningRoom-92623,train
0b527162-1129-4d0f-9601-1fa2c2b5998e_LivingDiningRoom-7812,train
7a6891e2-9e55-4f16-a2ba-996a754607a4_LivingRoom-6979,train
185d02b3-ca3f-40a9-a981-71ecb7944538_Bedroom-18055,train
f48a21a7-a87d-434a-8626-4fe208c06877_Bedroom-207,train
574e5085-0f12-43c4-8254-59d8408c0c27_SecondBedroom-37702,train
5661c826-341e-4a5b-8901-c1a84b96298a_MasterBedroom-3270,train
6064cd7d-6922-4b76-bdb6-08f50aea6097_LivingRoom-50084,train
25b989a3-3bc5-45fb-93a9-7d9c52217e15_SecondBedroom-12283,train
f39d32b7-b0be-4c78-81e7-3568d573035e_Bedroom-21954,train
6379e703-a2fb-4d36-a417-30e0357a31ad_SecondBedroom-121249,train
36cf981f-f4fd-41dd-a0c3-52d8f4511855_SecondBedroom-28815,train
aa6d487c-ed0f-49be-bb94-3b8c13af391b_MasterBedroom-4198,train
0878fcd8-0934-4298-87a2-9813bd4c19c2_DiningRoom-26805,train
9f433842-0a34-4228-a2ec-8e7888cbe29e_MasterBedroom-46846,train
1b7d49e1-a3c0-4138-b865-c0a897903500_LivingDiningRoom-553,train
f5ee5167-b1c2-4fb2-86b4-5f5b609fe371_Bedroom-12315,train
1cc0fd55-1c5a-4885-a2de-f30c6d387353_MasterBedroom-29013,train
e580682e-4cfa-4f03-9d85-0c74c929f896_SecondBedroom-11465,train
2aabe005-d9d1-4b73-80a2-21fa2fad8c6f_LivingRoom-29294,train
b10f3eb6-8b25-423c-ace8-405c48e4294c_MasterBedroom-4520,train
ec35b52a-c501-4e1d-b186-b50e8f97d8e7_SecondBedroom-292,train
569234db-5f65-499a-9704-fa1135305cfd_MasterBedroom-8427,train
7a1e44d1-5828-441d-b041-238b1f0cb76b_MasterBedroom-42913,train
6d2dacee-dbfa-4c95-8465-c0184969823d_MasterBedroom-7665,train
3bdc611f-0626-4f7c-bb3d-1907ce0c7cbc_SecondBedroom-13950,train
39b05074-7903-4cac-acda-ca1f62e8dfa6_Bedroom-1433,train
896678cc-190d-4208-95f5-28911b3905c3_MasterBedroom-6635,train
590e12f4-ad43-40a2-a1f7-ba85b9118e66_Bedroom-152,train
7f4b525c-6962-4d55-9947-fe8b92f54900_SecondBedroom-3022,train
86ee5b13-72d1-4100-a8af-0e86d7e69aa4_MasterBedroom-13001,train
642f5ac8-8330-46b1-bbf3-83e67501f35d_MasterBedroom-9966,train
719cc7d0-b17b-4241-b345-82c06da7b60b_Bedroom-23635,train
797a6beb-75a2-481a-a15d-5d761cbe4bea_SecondBedroom-390,train
a45244aa-5c1a-48b7-b1a3-3f55fd35fcab_MasterBedroom-3908,train
1d7907ee-aa5a-4cdf-ab8b-1f4bcfc43901_LivingDiningRoom-3480,train
e225acaf-a4f0-4b23-9702-094ac7294de9_SecondBedroom-8603,train
cf351d12-584a-451a-bbe8-6818cbb37329_SecondBedroom-6908,train
f5ba38ae-7330-4132-b051-cf0bae2b8b44_Bedroom-28476,train
43b74fcd-363a-4cf5-9bb3-4444768c589c_SecondBedroom-42209,train
106438c4-a1de-4c81-9740-74c214025a50_Bedroom-4026,train
35a32930-bc32-4455-aaa0-d6bcc50b718a_MasterBedroom-5719,train
11261c4b-35d8-422e-b517-ab73455935f6_MasterBedroom-5297,train
493cdab0-045a-40cb-be8d-9227bdc08184_Bedroom-5165,train
a7203875-f96f-43b7-97db-af7d0b822189_LivingRoom-14138,train
1d611ea0-440f-429e-aec2-840708b60211_MasterBedroom-149227,train
34ea0f40-d9c2-4207-862f-7d3cc641728f_LivingRoom-22322,train
db90162a-bd64-4667-883e-7c58f9a5cc7b_MasterBedroom-40083,train
50359138-c356-4b6a-89ab-b69f1ceb8167_MasterBedroom-1640,train
e544c131-df87-4e5e-b889-75e6b89ae007_LivingDiningRoom-2964,train
20c9fb05-a1e3-4e28-b010-7e3dabd76507_MasterBedroom-42928,train
3c80262f-e275-43d4-a0f0-a99c234524dd_MasterBedroom-18842,train
77b9486d-fb58-4e37-99de-be7fb1632ac5_MasterBedroom-7907,train
3bf54310-1dd3-45a3-b6ce-e192f4d8ff43_MasterBedroom-10364,train
eb41d9bd-e372-479c-9dc9-ea9f738bf9c4_MasterBedroom-28978,train
98a1fc47-1484-4dd6-840b-da2d38206db2_SecondBedroom-69017,train
19b584e7-b54c-4d1b-a6d1-c6a674519311_Bedroom-25069,train
848506e2-a801-43e7-b843-122761708d88_MasterBedroom-1282,train
5e004059-c7c4-44e2-99bb-93f7ec7b5b46_MasterBedroom-33763,train
738b0195-666c-4e04-a95a-f667ab0529d7_SecondBedroom-22643,train
e44ef7e0-ff39-4430-9f37-15cec7c72ea1_SecondBedroom-1020,train
cb90b8ee-abe2-4e9f-a6ad-33413624cf82_LivingDiningRoom-13776,train
ba2afb42-ae13-483f-802f-9917ad10b939_LivingDiningRoom-5405,train
d1992aca-b517-4d27-822a-5adb08fd20fe_Bedroom-39690,train
04f0aee8-b117-434b-bcd2-a78766f49106_SecondBedroom-14908,train
5952a518-03dc-40f1-8990-89a0b312e0f9_SecondBedroom-551,train
185fd076-293f-489f-8072-2baffac5d879_LivingDiningRoom-5131,train
deeab9a9-dc28-4fff-a2b0-6e4eec1b60dc_MasterBedroom-11650,train
e2d00f14-06f1-4b29-a9a1-f17618a2d7b7_LivingRoom-60575,train
f2993a42-1e68-4247-98f1-8eb62109d7c9_LivingRoom-62595,train
2d424221-26f3-472e-9ea1-c7c11a1fb796_LivingDiningRoom-1446,train
46f087a2-fbbc-4db8-ad18-075652edb693_MasterBedroom-23485,train
95fa3378-06e7-47e9-ad11-e868fe7d41ca_SecondBedroom-13987,train
ccb37ec7-dd9b-4f64-b349-a552e43673b2_SecondBedroom-16748,train
5d8c3aab-b20b-4b70-9ca5-e8f8fe59d0bf_LivingDiningRoom-25360,train
17bd5f4b-4fd5-4952-94df-7374101c3516_Bedroom-12508,train
d6ff39e4-0823-4441-bc96-375d120edaf5_MasterBedroom-12485,train
a6d3d76a-09a7-4c08-a52d-f97a473e61b1_Bedroom-35224,train
3dbc0dcf-2035-49da-8b9e-ba7189feb9ac_SecondBedroom-2906,train
5998124a-5ffc-4422-b94d-a4855a2d4fca_MasterBedroom-14879,train
7d95196d-5b65-4180-97db-aab7af789280_SecondBedroom-12861,train
fc9c89c7-c736-42ca-bda0-21c253e76b3a_Bedroom-48979,train
ceabd33a-d3dd-4500-9f44-a65fb285bff2_Bedroom-73888,train
5a6ad201-c801-4ea3-bd67-4d7bdff0b77a_SecondBedroom-65636,train
075080a7-16fa-4a42-a267-401d5a957c0d_MasterBedroom-54235,train
26b72959-5261-49ef-ba2f-566c0982dce4_Bedroom-10941,train
5688d36e-44d9-4420-9a4a-501418b5f2b8_Bedroom-59236,train
f5696e0a-1c20-489d-8eb8-b47d856970ce_MasterBedroom-950,train
bbd2506e-e099-42c7-a950-97854ebf2931_Bedroom-22361,train
2a6c3151-0e15-42e4-878a-e890e9a9d946_LivingDiningRoom-1243,train
558ba1f7-b9eb-460b-a906-4551b446d2f0_LivingDiningRoom-7124,train
519b86db-47ec-41aa-9375-34d6aa714349_MasterBedroom-19867,train
8d50c057-6381-4db2-ac1b-4abd5c774baa_Bedroom-64106,train
88cb5556-1b87-4153-8497-18c08f26787c_MasterBedroom-59239,train
89fa67ad-b45d-4ed3-9e2b-9371df9625e4_MasterBedroom-10045,train
b7d1e3e1-0ede-460d-9b03-cf016a3b2b3c_Bedroom-10854,train
8207dd97-de33-4456-91c8-b085fb42b6a5_SecondBedroom-14227,train
648408a7-3930-40b4-bca2-eeb20e48e982_SecondBedroom-42376,train
df5e8b99-2ccc-4d27-89d8-094cf83706f9_LivingDiningRoom-838,train
22957273-2fd9-4ef8-a4bc-6146cf737218_Bedroom-28183,train
234f5661-8d9e-499b-ae27-ee5dfe702e56_LivingDiningRoom-40062,train
25f3c57b-baa1-41d3-95eb-bf0b176823f9_SecondBedroom-9100,train
a2616d89-609a-4b04-878c-e6c42698051e_LivingDiningRoom-124277,train
0960927a-a81e-4384-817a-fdefd5a6c845_DiningRoom-13998,train
b8b0933f-ecc1-4621-b7f3-ac01261917f1_LivingDiningRoom-11919,train
5cafb089-f3ce-4d70-a322-39e30c010b0c_LivingRoom-12207,train
bf18f2a4-e180-4990-9ebb-1e52f4ab4e37_SecondBedroom-54502,train
fc854887-6396-42cc-b020-13d5c6abf8c9_SecondBedroom-174,train
dc8a8a1f-ea65-445b-9c5f-000d9bb20269_MasterBedroom-50875,train
89f96fa2-03f4-412e-b893-bfc3408c7737_SecondBedroom-13613,train
c5820082-3988-41b4-a216-77e3ee05b0db_Bedroom-357,train
1d89a45b-bb91-40af-9182-6dbb87517097_MasterBedroom-1862,train
531c8742-d3b6-43eb-a56a-39b620e70500_LivingDiningRoom-1744,train
d6bb4731-c25f-4f2b-abbf-cea2982d2485_MasterBedroom-1461,train
14af1be8-ad14-4d2c-8fb5-edb2d83a238f_MasterBedroom-1328,train
0ec2bffe-f8a9-4b36-96e3-0b56200dd722_SecondBedroom-18135,train
79b8f927-e1c8-4fc6-b0c2-6b9e2ff6708c_MasterBedroom-74389,train
78aa7bd5-d98a-4e86-b342-7a00beadb426_MasterBedroom-67468,train
5b548a2b-4e7c-4d2c-9655-c54818ffe934_MasterBedroom-26687,train
c4e93e2a-3b1d-4c3c-8a94-4cebc91e4eac_MasterBedroom-14739,train
5d778814-7181-4c54-bf6c-b1ee5691cd85_MasterBedroom-8587,train
4cab8354-8d8e-4200-b1cf-da003b6d6d73_SecondBedroom-307,train
400cce14-4ff3-4c67-9e51-c1c1fd089aac_Bedroom-64012,train
2615ddc5-6763-47c0-84a9-b2fe790662c2_MasterBedroom-537,train
3657101a-8373-4753-a960-17be0bfea8fd_Bedroom-2412,train
caf8c80f-961b-4b3f-991a-e1f9036efaee_SecondBedroom-45973,train
cdf2cf2f-6cc4-40a7-b8a6-e0cd078c210b_LivingDiningRoom-7674,train
6c00f5fb-76c7-4820-95d5-5e9e343d8bc0_SecondBedroom-738,train
89e34f34-33fa-4090-8388-f912a75e9400_SecondBedroom-152228,train
c4e93e2a-3b1d-4c3c-8a94-4cebc91e4eac_SecondBedroom-9386,train
9128b366-4314-4397-998b-894ef7863614_LivingRoom-28128,train
22ab9439-07b3-40d1-81bd-efb6114ba00e_SecondBedroom-5013,train
31669d15-2f3f-4f8e-b155-569ccba2c33b_Bedroom-68021,train
3dc195aa-0a30-440e-bf84-5f1995ec1c3f_MasterBedroom-1150,train
4f2012c0-ec3b-4fff-9cd4-68c37fe42ea1_LivingDiningRoom-54384,train
728e0c2c-98f5-49dd-8947-7f1a37c8887f_Bedroom-11202,train
b006fb39-3343-4a80-a758-b5e5f681e2a9_Bedroom-16055,train
b4128f2c-0f8a-4654-8acc-05eda8644ce7_SecondBedroom-702,train
aa7fc990-0ab9-4fcb-ab9a-5dc1e29ed3b3_LivingRoom-91141,train
5f86c744-15af-4c99-80ef-b3608aadbf1b_MasterBedroom-37707,train
3a7b704b-fdf3-4d01-8437-a9519e9d76e2_MasterBedroom-41963,train
48f46060-74e1-4c5e-befd-7d3ac5a6d9b1_SecondBedroom-9498,train
a1c9fc91-973f-4369-bc65-99c7e59e4b3f_MasterBedroom-7143,train
0fb669df-bc95-4e0e-b48d-cc403690ff53_SecondBedroom-44116,train
ffc7ddf1-827b-4154-9eee-5f8b497d0a12_Bedroom-860,train
cc630582-147a-4713-8a41-16912ec0af41_MasterBedroom-10264,train
ef482642-65a4-4ef5-b8ae-f32d09c0febe_MasterBedroom-18069,train
49f40cbd-7adb-43c0-8974-0e51735545cf_MasterBedroom-13827,train
2ea863a1-3dc9-4c00-8cb4-dc4b19c40589_MasterBedroom-13158,train
0af3b388-5d81-4b78-b7f0-c19786f9f9c1_Bedroom-9787,train
198eb9ec-9059-4e26-958e-dc8fb8187713_MasterBedroom-15321,train
47bd68ea-d161-4260-bed2-6f039c2a512a_LivingDiningRoom-58936,train
f8339d99-447d-4c64-a830-8a896194edee_MasterBedroom-12131,train
3bb5bb6d-b566-4218-bead-cba9a146413f_MasterBedroom-30488,train
c1ebb7fc-5537-4ee3-a1ec-4d89b09743c6_SecondBedroom-13688,train
979e98a1-4cac-41a9-94e2-0913935f75bb_MasterBedroom-223908,train
55483029-ddcf-40cb-931e-bf9083cdf0e9_MasterBedroom-65092,train
6adb0cc9-8e56-4829-a7f0-c72dfd69afcd_SecondBedroom-3877,train
a3e1afe7-f89d-44f1-bcb9-a4086de781f8_Bedroom-4858,train
71077ab4-63f1-4875-a2b2-4199ea4de5d6_Bedroom-56809,train
15e31e17-330c-4904-98fd-210770901565_MasterBedroom-7197,train
510e1d36-b89a-4e57-91fe-87671d00977e_MasterBedroom-13590,train
7e99f7a0-c0df-4de3-840f-ed0a806760f4_MasterBedroom-16774,train
6f3094b8-689f-4f0c-adb2-748fbc81ec8a_MasterBedroom-10091,train
0987e7de-3d71-491d-a89f-ecc74212a93e_SecondBedroom-11322,train
bd786a9b-f4dc-4b95-8ec1-14f100ea8fa9_LivingDiningRoom-24540,train
3954bd6b-b726-4a2f-a2c1-a32f6806db6b_DiningRoom-12574,train
d1200595-8df1-4758-983f-8b8ba63c25f6_SecondBedroom-22408,train
6487eb58-d9fa-4a42-afd2-13cba40b71d1_LivingDiningRoom-4693,train
8278f1d9-9da7-47cd-bc34-2e476e2bda69_MasterBedroom-22824,train
8f089406-6dd2-4f6d-9e81-bcc1b5a6fe52_MasterBedroom-12207,train
a0fec80c-3a30-40d0-9005-2e0056909a48_LivingDiningRoom-18037,train
10e2d93c-2a82-49f2-a95c-7598d24901f2_MasterBedroom-8118,train
a65d35b4-f9df-4d15-9cc2-fce1155974c1_MasterBedroom-137626,train
27871446-7da7-4557-b554-dca744d3ea87_LivingDiningRoom-4585,train
31bc6da9-67c9-4b81-b046-bc5752296b30_Bedroom-110,train
40ae8003-7d89-4e10-a98d-991f8918220a_SecondBedroom-22431,train
b51e3da5-5d31-4511-882a-e841de457404_SecondBedroom-562,train
c9b9c9fe-5175-4ee6-863b-31beb0cb9a13_Bedroom-34903,train
c554575f-b749-4b58-8b6a-d1428049fb1d_MasterBedroom-251223,train
89d1ad68-eab0-4ddd-ba35-d40d8406ec94_MasterBedroom-3530,train
a0c48314-2360-479a-8ff5-a61f4e0bedb7_Bedroom-167264,train
6a2b8eab-9d8b-4efa-9823-7089483c9faa_SecondBedroom-22298,train
afa0f45b-9a71-4c7c-8bb0-4b84a6ec47ea_SecondBedroom-3719,train
47b97fea-9b61-4047-a9b5-6d03faa8b7d7_Bedroom-4530,train
67438c51-6887-4963-8004-f7c0e620e21b_SecondBedroom-15077,train
ff507d6c-aab0-476e-9f58-1f765cb8956e_Bedroom-13858,train
1f19c3ef-19eb-49a1-b57f-3ac0c078a4e9_SecondBedroom-37944,train
97089e6f-2c65-4a2a-96cf-6841c0a238f5_MasterBedroom-60200,train
afaffb7a-d00b-4d21-8d9a-ed6df3023d70_SecondBedroom-781,train
5f687d94-bb4e-4a8f-938e-e988ddb7de2f_Bedroom-17442,train
61b7fad2-bbac-4728-a5e1-c574cfcf14e6_Bedroom-32051,train
38d3ebcf-aa8a-457f-b520-f526c2b311e1_LivingDiningRoom-74331,train
c0c31d78-501d-417b-8d81-da40f3067a68_MasterBedroom-9819,train
70e042e1-ebde-4dc0-84cc-c54b99a00e6a_MasterBedroom-200023,train
935c15ae-f9e0-41ea-a91c-54bf019bb290_SecondBedroom-22620,train
741c2966-f279-4d6a-8219-c55cda0fba81_MasterBedroom-109317,train
2a954c43-f0a7-446d-8f1b-769b28adfdf8_LivingDiningRoom-7363,train
59aed3cf-93be-4630-97b2-bc707ca491c2_LivingRoom-33692,train
436db6a9-8e9e-408d-95bc-bcdb6202cf05_MasterBedroom-56375,train
f3d2a31b-305b-4630-9035-4ccf77d2b7e2_Bedroom-16036,train
1ecf4f03-a7cf-4d84-b332-4d58894afd6b_Bedroom-75674,train
e6a4a8f1-d501-40d8-ba95-ef8163fe2d23_MasterBedroom-11479,train
43f250b1-17a4-4ac7-af2d-ba722f3a8bcb_Bedroom-41242,train
2ef0b2f0-4df2-4bc3-8312-f378e49d89a7_MasterBedroom-16935,train
58d58c41-da61-4322-8b7d-478b9d4b04da_MasterBedroom-28111,train
6cd50522-54ed-4854-85b1-c0dc5f34abd8_LivingDiningRoom-12619,train
e038f7d3-4503-402a-8fb1-9165f34a69bb_Bedroom-780,train
bb69a091-8c62-4b06-ace0-f111e57b07ef_MasterBedroom-26280,train
04dcc229-3353-4d90-a058-080acbcc4d59_MasterBedroom-1166,train
1843ffd3-4865-4d1f-a4df-f30d063b08b6_Bedroom-699,train
c073aa26-2ba1-4e60-baf3-85325cb4819a_Bedroom-2210,train
797dd495-26a0-4bf6-b0c8-c71690e1addf_SecondBedroom-5810,train
35c841f6-d045-4b15-8309-bf183790880e_Bedroom-279,train
8278f1d9-9da7-47cd-bc34-2e476e2bda69_SecondBedroom-26472,train
b964337b-988f-420e-be26-20f2f2c4682a_LivingRoom-27749,train
add138ee-2fb0-4651-91ea-0a69981d81bc_SecondBedroom-9725,train
571bb2c3-d9fa-4a25-9fb4-7d67106dcb6c_MasterBedroom-1352,train
ee137a12-e725-44c0-8f12-42078b028705_Bedroom-16603,train
78f54b4e-5031-4aa4-bd58-6a287cd64dc3_MasterBedroom-17598,train
6fa4b760-4273-4eed-a627-43068ea14b62_Bedroom-237,train
c83c564f-ceb1-4cd0-b171-7eb26a283b24_LivingRoom-6982,train
799ed691-945a-40e5-a355-b1928a15e567_MasterBedroom-32892,val
eb0ff29a-8033-47b1-85cf-969415958f2e_MasterBedroom-101816,val
cce1df99-43e2-4870-9e42-6c051513e84d_LivingDiningRoom-25117,val
320dc0a4-0acf-4880-97c5-33273d37bd93_Bedroom-21192,val
a4de8a11-8912-481b-af83-427b3ddec110_DiningRoom-11103,val
6799c7da-4248-4fa1-9d6d-c8acf521a414_LivingDiningRoom-13177,val
8281cc45-1b8f-4bbb-9564-cd8adc98cda3_MasterBedroom-10939,val
59a66d75-9b75-41e1-b7be-1acab85a4ad0_MasterBedroom-534,val
5a676e0c-f469-413b-b5b3-8176f2fc63bc_MasterBedroom-21338,val
4c12b98a-472b-4a5b-9941-615a3d22b960_LivingDiningRoom-5178,val
13a2bf30-781b-4328-aa2e-47a78ffedfc8_MasterBedroom-3544,val
200710c5-dab8-441c-b61c-bc1379424dfc_SecondBedroom-11300,val
3e9c8a6e-dec6-4002-a1b9-7d1f95e14977_MasterBedroom-8571,val
1789dde5-03d6-44c7-b244-ed0d7fc234b7_MasterBedroom-18673,val
4a87a708-9bb4-41ed-806c-b8b62b090992_SecondBedroom-168,val
0156308f-fe4e-4916-90c3-9f498c0d9e9c_Bedroom-29486,val
a7ad1a14-1721-4ecf-ab23-813defaa75f1_Bedroom-10508,val
c05880a2-1426-4f4f-947a-cb0c2b43b913_Bedroom-14863,val
675507da-6f11-412d-aa21-545212322fa6_Bedroom-31435,val
bab46499-2458-45be-8b65-a0e4f3b41202_MasterBedroom-6196,val
373c2f60-29b0-471d-98ac-45f1c172f21b_SecondBedroom-52686,val
5d39c6a6-21d1-4448-8421-2a8cedec9fed_SecondBedroom-2072,val
43c9cf5d-4c59-4130-bbc5-dd9c6ec4c4d0_LivingDiningRoom-34404,val
6f8510bd-8325-434d-bd15-4b6026764b14_Bedroom-26648,val
1d4185fd-6736-4441-9bf8-f653312d7a3b_MasterBedroom-12892,val
5d522173-3fc1-4964-898d-48ab76e67f4d_LivingDiningRoom-10493,val
4b54eac7-33c2-4f5a-9fa4-44bda75d881e_LivingDiningRoom-19270,val
320753f3-80d9-4237-9f59-38c4201a2782_DiningRoom-5417,val
12cc5ada-f116-4e16-bcc1-f1ac7bc6ef50_SecondBedroom-57502,val
4f847ca8-17e6-4256-9737-9fd7befeebf3_MasterBedroom-273,val
28d29c60-ea18-4761-92d5-58a57b52f2c9_Bedroom-3313,val
21c3b027-c6b7-480c-9933-d519eefab02d_SecondBedroom-1901,val
acb86b11-fe85-4f83-b47c-c6243982298a_Bedroom-1206,val
5e7daec3-6980-46cc-855d-8465774001a4_LivingDiningRoom-569,val
47e2088c-7842-4123-b47f-2b03056b5297_Bedroom-473,val
65e91b0e-4855-4f99-9ea0-4091b011e323_MasterBedroom-26181,val
847a92f1-3150-4808-a2cd-06fa68ea03ec_SecondBedroom-6704,val
81dc4064-023a-41b3-adda-8a5ac462dc13_MasterBedroom-52848,val
37f27a08-ff20-42f3-baf2-9ff1f155eaeb_MasterBedroom-4716,val
88c063af-0d7d-4f18-ad36-a226497e25aa_MasterBedroom-25927,val
8eebb493-c733-478d-a90b-b43620d3291a_Bedroom-61812,val
5e177e22-3ebb-4fae-84a6-d8e7f0411e5d_SecondBedroom-2750,val
384a185c-6d2b-41c5-9f35-9b33c1aad421_MasterBedroom-1247,val
d4ab07cf-fc3d-4b62-bf91-01525ca31d1e_LivingDiningRoom-11167,val
0a42232a-b3a7-4b6e-a28c-cfbc1a9ad9a5_Bedroom-16446,val
2a11bfd4-f3df-4ef2-9d0b-6536b0c6510a_Bedroom-14136,val
cbfea421-fe6a-46ce-affd-3be7a8cd47f1_MasterBedroom-13238,val
f29cea89-70ae-49d7-8d1f-b7c1e7cada53_SecondBedroom-24256,val
595304a6-d670-40cd-b62c-29f3eb4b40db_SecondBedroom-23506,val
e1445ad0-35a4-45f4-8152-2dad8e921f3e_SecondBedroom-185217,val
15d07e45-2761-43ed-8dfc-f9d4ef58041d_LivingDiningRoom-68183,val
29df2f75-d808-4034-9eac-37333ee86e20_LivingDiningRoom-8288,val
c22b8f01-a606-4b65-a964-79be4c0036a0_SecondBedroom-1544,val
2b49ac86-df1a-4cf4-b9d7-44b588d1d594_LivingDiningRoom-201,val
015ed8e0-35dc-41ab-9a9e-b3dbba4ec64a_MasterBedroom-33296,val
fce52e47-a592-4988-8ebc-e7a45741b327_MasterBedroom-2328,val
88140d56-63ae-4230-947f-c6054ea72507_Bedroom-263,val
beb67301-7ec9-436b-acab-89c7580c59f2_SecondBedroom-7971,val
2a001497-73d9-4172-a89a-90ce19d94ed2_MasterBedroom-2355,val
d19b8b80-a9af-477a-bf3f-41cd20cf840b_MasterBedroom-23278,val
1421cde5-0a9d-48ee-ba2b-3882c877c838_MasterBedroom-17694,val
af17e492-9278-4023-9c48-c289e819a641_LivingDiningRoom-452,val
aad5db70-686c-4a63-9d2e-302f27ba459a_MasterBedroom-20828,val
8c57175b-106d-4aca-aed5-be16cf15d7e7_LivingDiningRoom-42284,val
0572888e-2d3f-4257-ad50-a5d4022a4864_SecondBedroom-47822,val
42a59e9c-16cb-4596-bd68-395d74ef03ae_MasterBedroom-19750,val
deaa4ac0-8d13-423f-930f-78fb25825e8d_Bedroom-5088,val
73828256-c8de-4bbd-9400-095b1243642e_Bedroom-2858,val
1d8ac394-b21f-488b-b6c6-eac45a063b2a_SecondBedroom-12024,val
245f332a-ca6e-43e4-9d9f-fb3e03598b4e_LivingRoom-61164,val
71b1339c-fd3f-4150-981d-5b93097b136e_SecondBedroom-71864,val
27127091-beea-4597-807f-83a71d05b3ac_Bedroom-6033,val
b45897de-6fe4-421c-b292-dfc31f3880ec_Bedroom-38427,val
d2832564-46fd-4bed-a477-02c848c8a60f_MasterBedroom-2723,val
61157ded-23c7-49b8-97a1-7ab2283a3258_MasterBedroom-3595,val
4efedd5d-31d9-46c2-8c26-94ebdd7c0187_SecondBedroom-39528,val
36449723-a4a8-4ee1-9f0c-0baada1ab3d8_MasterBedroom-7524,val
d71ccf98-e923-4134-8f7f-d831838b614e_Bedroom-1838,val
b9e0dff9-03dd-4c4a-a00f-0b04b45d8df4_SecondBedroom-59226,val
11eb078d-7eee-4c82-a748-34a7e2c6c7f4_MasterBedroom-12579,val
bf1f9223-5235-4860-ae2a-c59177e35fff_MasterBedroom-18854,val
e6518ae8-5905-490a-8314-7823a310f117_MasterBedroom-25765,val
a7449906-43ae-4a5c-871a-51db33ae4608_MasterBedroom-19189,val
bf563d05-8920-4b9c-876b-6e8ab72adbe0_LivingDiningRoom-29669,val
5cafb089-f3ce-4d70-a322-39e30c010b0c_MasterBedroom-12123,val
ef0613b7-4461-461b-96c6-cb140f7a2f2a_Bedroom-16717,val
1b628313-1254-4608-847f-b68d3d081799_LivingDiningRoom-63837,val
9b383eb3-9453-4853-ae45-a4a461406696_Bedroom-19303,val
e255b2a0-dedb-464d-bad1-bf78d1dc7462_SecondBedroom-17259,val
97d1fafe-5ee8-4f76-aef0-3505d4f24905_SecondBedroom-76086,val
79432d9c-5809-49d5-80c4-a20eac526210_LivingDiningRoom-1334,val
f419f189-23f4-42f6-89c1-838f09191f87_SecondBedroom-27136,val
50e738a6-b80c-4ce3-a2b1-51515535afc3_MasterBedroom-19994,val
52b847da-e47c-49b8-aa7a-0b66f16ae1af_SecondBedroom-624,val
e5d0d4f7-dff4-48dc-982d-0a4bce850a39_MasterBedroom-17838,val
b93f845e-1b90-4231-8d91-4eab81487423_Bedroom-26320,val
0e1e24f2-72dd-41db-a26d-ef81d18d3de7_SecondBedroom-675666,val
bf869394-db5e-43ef-a664-aa863b99cf55_SecondBedroom-3301,val
a169f204-56f4-4598-878b-93c6b69d00af_MasterBedroom-11331,val
bc610c89-14e3-4971-9067-51f6d8a2a924_MasterBedroom-8499,val
b16d3725-fc3e-4d01-9f3d-61f3e504c488_Bedroom-2459,val
b9301a72-5a7b-4ab3-bcf4-aa7f67112747_LivingRoom-15858,val
14af1be8-ad14-4d2c-8fb5-edb2d83a238f_SecondBedroom-1313,val
fed3d417-97a3-44e0-ba86-b76c71672dc4_SecondBedroom-14107,val
3b5a9dae-0314-490c-b0ff-5ee9edfa4741_SecondBedroom-31401,val
6e7a0c41-15f3-4909-a20c-dab460b45ada_Bedroom-258,val
7a2de022-745d-4f10-a4fa-d7ab5bb8809f_MasterBedroom-6275,val
3f5dea2c-eda3-4cd1-adff-fc2317af1fcb_Bedroom-48241,val
2da2523f-1852-4a2a-9809-37dba6c8b959_MasterBedroom-14596,val
fdc0b569-e71a-4cf9-9a16-a6f60bffc326_MasterBedroom-36309,val
3d55bab4-6fa8-4498-8c18-b62786ba7887_Bedroom-10773,val
5a6e5b9c-9962-4637-839b-8084eca3dba3_SecondBedroom-12952,val
3a0683d2-399c-47fa-99f2-cbb3bff5e156_Bedroom-12351,val
60e4b558-623a-4459-860e-5954f41d4b22_MasterBedroom-2661,val
01fbfc1f-5b13-4a72-a15e-eae0ff56de69_SecondBedroom-43096,val
300a30a0-69d3-46c3-99ae-98cc2665ea28_Bedroom-35152,val
66e39970-347d-49c7-9fe0-47e1bced4780_MasterBedroom-9804,val
99fbb361-8436-4e2c-9ba9-f9293a0062e4_MasterBedroom-40818,val
ebef8637-55d8-48d2-bc27-e880c51f36e8_MasterBedroom-3260,val
b3d120be-7c88-41b6-bb85-16d61a97e542_MasterBedroom-32121,val
4704fc8f-c4e8-4a68-92f6-5abdc54d327d_MasterBedroom-22674,val
7e335c82-9746-4c86-aa62-8dbd2725a9c3_MasterBedroom-6619,val
5d778814-7181-4c54-bf6c-b1ee5691cd85_LivingDiningRoom-12191,val
0a25c251-7c80-4808-b609-3d6fbae9efad_SecondBedroom-60495,val
0bd6628a-d04c-4fd6-9dbb-78d983b590ad_MasterBedroom-5110,val
a477867e-24da-45e5-b57b-aab7de1c1623_Bedroom-2841,val
809652f3-1c3d-4962-90d3-737fadb964ec_SecondBedroom-16272,val
5d6d0032-e3b5-4b36-87d3-908d8c85f24b_LivingDiningRoom-142,val
fde0fdcc-7a6a-4e8f-a1bd-ff10cbb09b29_Bedroom-55017,val
1658b9ab-c1db-492f-8094-b12c44939e3d_Bedroom-88317,val
64b7a725-7b94-443b-a8b1-d582ba1cd3d9_Bedroom-1475,val
60f370ab-55b2-43a0-9dd4-fefea294ab5c_LivingDiningRoom-30127,val
c26d36fa-6f61-49b9-929d-8cb6f76ff916_SecondBedroom-1028,val
c38b86ae-e6c5-4a1f-8b52-eceb83456d80_MasterBedroom-60951,val
03636cbb-ce09-43e6-bd86-a73cd92a8578_MasterBedroom-21103,val
f44dc241-42d4-43c8-a017-9d6d52a0e75d_MasterBedroom-28445,val
b6e6f6a4-9407-4911-9b72-c336a59545e0_LivingDiningRoom-5442,val
f371cee2-4111-4f1b-b60f-707e8ccc68a8_MasterBedroom-68024,val
6d13bd56-8931-486a-8490-61752942a6de_SecondBedroom-41025,val
55527c3b-b4be-4a79-bfc8-58fc522e2901_MasterBedroom-27362,val
0bfb9e03-db67-440e-a47d-0eaf6e088526_DiningRoom-20548,val
04587e23-2258-481b-af19-0d1b0b724bdb_MasterBedroom-30521,val
1a0c2b43-bb99-48e3-91ff-cac02daa791c_MasterBedroom-1448,val
becd7f2b-1039-4346-aacb-8d9962f5e0ae_LivingDiningRoom-74263,val
0182566d-2912-4bc1-bd74-70a4e04eb67d_Bedroom-20286,val
9bf7779c-3afd-474d-8343-05df08fda70c_MasterBedroom-3128,val
0af309fd-4a34-4aa2-bbe9-610edadf747e_Bedroom-11398,val
adfd50d5-efee-4d42-8457-bc1ce2707ed6_SecondBedroom-9343,val
4b24b149-9426-437c-894d-1d94b7fa3207_Bedroom-27692,val
82150431-fe02-4c4d-bbb5-edf819efc22a_LivingRoom-26823,val
c45c5b4c-5fca-43b2-9770-02cd174f24c2_MasterBedroom-72148,val
2b7bbd2f-8e66-45af-bfda-8ccec86cf64d_SecondBedroom-12420,val
f108224b-4b3f-4919-9ca1-7b4306523f17_MasterBedroom-13063,val
888f5f5c-4947-4bfe-b50b-ee6d4f80ae28_MasterBedroom-111919,val
7696025a-291f-4b22-911b-beb13c4b598d_SecondBedroom-14817,val
710da331-89a8-4480-b4d1-9621baf5a93c_LivingDiningRoom-9939,val
3e81e810-e8a3-4afa-b737-5cb99895ab82_LivingDiningRoom-9479,val
c8f05c13-5267-410a-b1aa-8701b9b4bdd5_Bedroom-81765,val
4448c201-24bc-4eb1-b534-87f656f3094f_SecondBedroom-10635,val
09389527-fe13-4cc0-841e-c5e21d1aef0a_MasterBedroom-40236,val
03ce6fa9-d13b-4fa8-885b-b3cb1020ebee_SecondBedroom-17779,val
78cf633c-0e07-4c24-9d5f-33fa7a63fec7_MasterBedroom-8206,val
f8ee1c9b-799e-4137-80ea-b9a5c240d988_MasterBedroom-4930,val
ec4daa9d-bd9a-4d2c-9e9d-20e3ecfa851c_SecondBedroom-63799,val
0be73303-6270-482d-be06-528c07da02fb_LivingDiningRoom-1701,val
57634f22-de21-482d-bbc5-2a8556cd911b_MasterBedroom-951,val
3dbb1b3e-f774-4f93-9bb7-b2c3dd5fb8cc_MasterBedroom-5561,val
2f66749c-c9a5-4cac-95e0-16672d074cde_Bedroom-4142,val
431d8692-e07a-4729-8555-62d5f028153e_Bedroom-7187,val
b4c7e5bf-1c64-4047-86f0-1534d8735a0d_MasterBedroom-37369,val
7896e9be-3ed9-4736-89c3-5eec7820e5b7_Bedroom-18928,val
1498c6cf-a99d-4558-bcc0-171ff8cc427f_SecondBedroom-59406,val
0003d406-5f27-4bbf-94cd-1cff7c310ba1_LivingRoom-54780,val
fd2905d1-64c4-4550-a118-3a5a9881c093_MasterBedroom-24714,val
051ac39e-8423-4d37-a47c-4ac0b62d28b6_MasterBedroom-11574,val
908633f6-545c-4016-a2e7-f334120ac392_Bedroom-8646,val
ef3b2db3-0291-4ec4-ab26-87cda512e2fa_SecondBedroom-1049,val
873270b6-6e93-44e8-8745-ef3076b4ba5a_LivingDiningRoom-13071,val
02fb72ea-8e75-4f7b-85bd-18798232b263_SecondBedroom-40617,val
d4d0237f-a66b-40cf-bf85-56e11cb20602_LivingDiningRoom-57947,val
573a0513-8b6e-4fa9-80ab-edd333fefdd9_MasterBedroom-191839,val
864a6e55-ad69-4803-8922-391d57d061b9_SecondBedroom-41862,val
c36bebbe-ba39-4667-9507-8899d50b9e87_MasterBedroom-12755,val
54234f8f-0f41-47d8-911f-506320aa75c0_MasterBedroom-19575,val
789015e3-c63f-4bf9-a557-3a3cd6867a83_MasterBedroom-6127,val
5b43279a-d844-4bde-b881-1e01f9097c06_Bedroom-39641,val
ef9270fb-978c-4918-a560-98c6408f12f5_SecondBedroom-23730,val
a5254d6c-a8f6-4eb6-90dc-3e0e378de293_LivingRoom-11300,val
731f15a2-adb8-40d5-ba2f-0d32707bc60b_SecondBedroom-49533,val
1d127f82-0a20-4417-b879-08d73f208a0a_MasterBedroom-25773,val
545a2079-3533-45e3-8893-4bd9b90cbf10_MasterBedroom-31680,val
45d95f40-c4c6-4fd5-8e0e-f9b26cb0e04f_SecondBedroom-2049,val
124f6e30-6e91-44e4-bcaa-5583b78767d0_MasterBedroom-74290,val
267ab0f0-2d01-4539-a5b8-d32b78bbb0f3_MasterBedroom-12753,val
3dae8246-5f5e-4a15-96fb-c001b3496fc1_Bedroom-217,val
7a1c91a1-efe6-47a3-8a22-5749fbeb67dd_SecondBedroom-9126,val
492f7d99-2d61-4c57-a95b-f83d9bb4f2eb_MasterBedroom-11013,val
17fefead-db2b-4184-8c9e-f0237b700073_MasterBedroom-24604,val
b5515a75-9d29-47a1-a8dd-c61224c8d170_Bedroom-539,val
e1a4a544-4918-42d9-b659-c332e05335fa_LivingRoom-33448,val
83159087-2f7a-44ac-a0ae-76485750bfe5_Bedroom-39186,val
7279cacf-3d83-48f7-9cb4-114caeb86df1_MasterBedroom-7562,val
5391bad9-ae5e-4930-8e81-326e082fbe5c_SecondBedroom-51336,val
ff08fb34-a3a4-495d-955b-a621cac7cba8_MasterBedroom-441,val
6d89d79f-b69d-4435-b0a0-dd77507c8c1b_MasterBedroom-17237,val
14d51b10-6120-4370-acdb-fe94baaed5a2_Bedroom-11504,val
f5ccc1c6-130b-465e-a4da-440c06d64107_SecondBedroom-25993,val
ba01d127-c603-47bb-ac22-e6546031244c_LivingDiningRoom-35067,val
862269d5-f301-4857-90ea-df3b2d848997_SecondBedroom-8680,val
dde0270b-65a3-4dc3-9c03-b32d90ae0438_MasterBedroom-2294,val
8d89aa3a-27c4-45d5-b902-203088bfa427_SecondBedroom-25694,val
4af67e06-6f16-46b8-ac12-dd8f0d481906_Bedroom-1621,val
97546b68-e113-46d0-b7d4-4b2dd28a336c_MasterBedroom-22961,val
f31a5ee6-2ba4-4af7-a286-77887385a068_Bedroom-2604,val
61e6ebe5-da92-4e8d-80ad-052996ac6e34_SecondBedroom-17265,val
52f5e304-6cf7-4900-829b-de79d530b0d3_Bedroom-169,val
47198989-4f6e-4221-a833-e858a0e44793_MasterBedroom-199,val
fa083d17-27a3-49b0-8c75-7b7b3535d2b0_Bedroom-1023424,val
b1b053a9-b268-4f62-a06d-b9b9325c5092_MasterBedroom-1797,val
162df9c3-ddf2-4e21-a8ee-af925c4833e8_MasterBedroom-5621,val
22d37dff-09dc-491d-bcc0-f0283e81f04b_SecondBedroom-5378,val
e68032b2-11be-476a-b4b3-cf9a601db316_Bedroom-117313,val
17a063ee-a39b-4aba-9f3b-508684dffac0_SecondBedroom-555,val
e8924da7-9ca0-4eaa-b936-6636786c97cb_Bedroom-338,val
272aba14-9733-4bc1-8ee1-88c4d289fd80_SecondBedroom-1427,val
19298a68-3ba3-42d7-b5a4-49a3dbb0fa50_MasterBedroom-9810,val
e503e126-bd11-4e31-9b61-aa6816d22630_SecondBedroom-21233,val
39126660-a386-4470-8e2d-ece852ffdb62_Bedroom-39542,val
d3224dc6-1fc8-4488-9d28-462eb23e1f09_Bedroom-12094,val
1c2e47d2-2ddb-4d62-bcc7-93a438f22b18_MasterBedroom-2061,val
a5a40e5f-d289-4d2a-96e5-9de97ae2220f_Bedroom-12891,val
00ecd021-64bb-4bc4-b754-1796d2a12965_Bedroom-83361,val
a9f9debb-f5bd-46ce-9364-bf33a3659b3c_MasterBedroom-4340,val
f52dc2c0-935d-4e0d-b99d-bd634498ef8f_Bedroom-119686,val
d7ce6c7f-3e4b-44d6-ae3f-7b3e27d6a493_SecondBedroom-81865,val
69cc1796-5e17-43c1-9dc8-e5193206eba2_MasterBedroom-28098,val
67a4135c-c9d3-4c90-9c01-359d9c583e74_MasterBedroom-22072,val
66d24a27-e8dd-42e5-b5bb-ef4723829b54_LivingRoom-22102,val
cfa7ff85-8109-4ff4-9b06-c2d64224b3d5_MasterBedroom-25619,val
16c0e506-c41b-4532-8293-1b15110c3919_MasterBedroom-13813,val
44194524-916d-4e20-be22-47837f922661_MasterBedroom-14299,val
65708556-0a2f-4d52-9443-f340dda48ac3_Bedroom-29727,val
4b18584d-3740-40f7-b344-5fbd98858ed8_SecondBedroom-88577,val
a065a8b5-2593-489b-949f-9334f982dddb_Bedroom-11397,val
878a346d-66ea-4807-8ee1-ce1bcc9080fa_MasterBedroom-7033,val
619ee75c-c11e-416f-90d2-15c05721932e_Bedroom-1695,val
44903efe-45ea-42a0-954e-bacb917bd7dc_MasterBedroom-573,val
7f881e49-e02f-4524-b58c-ad6ff07d569e_MasterBedroom-56165,val
d96a5189-b481-4705-b283-a202d1b19bd2_SecondBedroom-90826,val
41530c87-2f3d-45fc-a696-9e3b276024a8_MasterBedroom-22121,val
7067f026-f793-4931-9e6f-d6372015de5a_LivingDiningRoom-507,val
49e4ea38-fc5a-4356-80ad-9160b04c55fa_SecondBedroom-54811,val
35602a52-6ddc-4137-ab5e-45296190513c_MasterBedroom-9984,val
7a067d61-81c9-49d2-8e3e-af63794d9a1a_MasterBedroom-2940,val
5b90a853-b47f-4e37-9819-102fe25575fe_MasterBedroom-74514,val
43d5ff43-aa14-4d56-8092-cc6ba1ae01e7_Bedroom-2257,val
9f1fb816-ff49-446b-892f-0cd7d1cd5647_MasterBedroom-66911,val
ba52c6af-b741-470a-bca8-7bc8a31484dd_LivingDiningRoom-355,val
1cf94f82-50bc-4805-94d5-a8b52b66be31_SecondBedroom-54537,val
532db1c8-603c-4921-bf67-822b142eb500_SecondBedroom-22112,val
be677899-49c7-4ae5-89f8-7e3b54f37f0a_LivingDiningRoom-16155,val
320753f3-80d9-4237-9f59-38c4201a2782_Bedroom-6012,val
c360d758-8dbf-4d82-9afe-d71135c13c7f_DiningRoom-22753,val
bd9bf8cc-4f6c-4396-832d-b60aa95992e0_SecondBedroom-42337,val
85b8bb95-393e-435e-9b4a-a09a46910920_MasterBedroom-137524,val
c7a0a8db-3f0b-4de8-8ed5-6e3a8c028814_MasterBedroom-9614,val
0c1f82d4-6aa2-401f-ae0d-f053a024aa3b_LivingDiningRoom-248,val
d6fcec54-1bec-4f8a-b945-8f6fd33d1e6b_LivingDiningRoom-10913,val
e41ed17d-c021-4a43-b71a-d99872106260_MasterBedroom-3979,val
c2d57b49-fc5d-4fb0-8024-b7e7302dc3fa_Bedroom-17608,val
8caa5850-3914-427c-ad99-cbb4b2f517a1_LivingDiningRoom-32255,val
624ea9fb-febe-49ae-98c8-d5cd01590a09_MasterBedroom-242754,val
656408d1-43cb-4ef5-93d6-f8df441a49a3_Bedroom-41983,val
a1867cd2-0037-419d-a4d1-d10bba5d30f7_MasterBedroom-5536,val
9bf58256-675c-40d8-a685-e1496d9b84a7_MasterBedroom-68654,val
370d8ff2-386a-4570-ab49-5f3db0891cf2_MasterBedroom-7982,val
c8819e35-7f93-40de-98b0-3e62db618e8e_SecondBedroom-7807,val
af8d354c-2b22-4af8-a35c-4d3bd37cbdf6_MasterBedroom-9031,val
6330b5d1-becb-4208-8040-d3f04361e1f9_MasterBedroom-78755,val
54b8104f-05e8-49a4-a8df-004a3ed42064_MasterBedroom-33231,val
3ec24496-80f4-4ea1-b889-b3cb902d2a47_SecondBedroom-5466,val
9e5862da-3d4b-43a8-95a2-49258c575822_MasterBedroom-42336,val
877816d8-eff9-4884-8c9a-fbad50a7b5ab_SecondBedroom-16154,val
9afa32c6-96d5-4f54-8025-9ecdecc13b7a_Bedroom-9841,val
3d258450-f746-4153-ba85-90c309d71720_MasterBedroom-12805,val
ae3855cc-a0de-4e86-8148-d65b94f07f3f_SecondBedroom-30549,val
6e135215-4cb4-4d79-a750-682cd2caef96_SecondBedroom-94626,val
dabfd6fb-2bf4-40e6-9816-6be9708cf9c8_MasterBedroom-7891,val
863e7831-9dbc-442a-842c-0fdd6b3d40b0_MasterBedroom-31419,val
bdaeaa5c-d79d-4540-a08c-be2cda8c5eb3_MasterBedroom-7220,val
fb1f8f5e-ab2c-4752-b5d8-6ee6189bd6ba_Bedroom-1213,val
174948c4-2519-4d82-bb1b-7784330d2fed_Bedroom-5024,val
6d23e6ae-d566-4dbf-ad54-083abdb5e74a_MasterBedroom-18725,val
f623fc6b-ed49-451d-9858-85a3c1091631_DiningRoom-21748,val
1ca5a85e-9cac-41a6-b47f-bada85ea706f_MasterBedroom-10862,test
994206c4-c697-480a-9825-85141dd8a205_Bedroom-73409,test
a90f38f6-c1ad-4d64-9fcc-0f3d982912c4_Bedroom-45428,test
bfdb8f3c-7980-4db2-8517-64523b20b3aa_LivingDiningRoom-19390,test
87d8d2c6-cdba-4127-9780-bcf1b537cc1b_MasterBedroom-79213,test
429f8691-ba52-4558-ab75-8cfc15c17e91_Bedroom-30790,test
bbd4d848-5cf2-4680-b508-bc13325d27b4_SecondBedroom-13208,test
aa864471-da98-4da0-b383-461f994d2531_SecondBedroom-11974,test
1d127f82-0a20-4417-b879-08d73f208a0a_SecondBedroom-26015,test
d96a5189-b481-4705-b283-a202d1b19bd2_MasterBedroom-92088,test
6487eb58-d9fa-4a42-afd2-13cba40b71d1_MasterBedroom-53,test
350388e2-7c93-45e9-bcc8-6a0a5165dab0_LivingDiningRoom-34640,test
90a43e21-3a34-4158-bc4e-e12338ba0cc1_Bedroom-7284,test
33fabe16-27bd-473f-b361-5904fb1c8baa_MasterBedroom-11742,test
fde5a857-8d3e-4f26-913d-901b182198be_SecondBedroom-28196,test
faf9f588-42e9-4745-bddd-7d6cbf8c4f99_LivingDiningRoom-9123,test
73d7d368-1b45-47cf-bc56-a786c7bb0b40_Bedroom-11907,test
44fcec4c-fe76-4397-b4de-4d0717c52760_SecondBedroom-629,test
36678f29-129a-40ef-b197-a2c3fde6778c_LivingRoom-2873,test
9652d9af-4b4b-4359-a3ea-dbcd06b1658c_Bedroom-5521,test
2d728150-ecd3-4648-b584-68de8e9f9a89_MasterBedroom-120616,test
4e8ec957-32f1-4fff-840b-5cc2db6a8716_SecondBedroom-12618,test
2e6f78b9-74f5-4273-adfe-6d07f1cf115c_MasterBedroom-19652,test
8cd7e00d-7a26-46e8-9a18-d25f69359299_MasterBedroom-2618,test
7130f8fa-ec52-455e-88a6-fb2a4e440087_SecondBedroom-56631,test
1c36e327-2733-4f9d-a270-06c172052031_MasterBedroom-12767,test
b9c1aec3-a600-4084-908a-c351c423a357_Bedroom-19328,test
2be2628f-bec8-4217-9660-805b1c8a1baa_MasterBedroom-141734,test
ebd41253-638e-4273-80b7-971625b5144a_SecondBedroom-32722,test
f3b70889-71b2-4dbe-87df-02ba6788734c_MasterBedroom-1589,test
8a39ca20-ec8b-4a7a-844f-2516b6dce707_MasterBedroom-427,test
833a4e8c-d4b2-41b2-95bc-d031cf854c59_MasterBedroom-10673,test
bf869394-db5e-43ef-a664-aa863b99cf55_MasterBedroom-2805,test
8922b89d-1e81-4dcf-93e0-09cc99666061_Bedroom-7980,test
9adbd726-3ad6-48a9-92b7-a6422544193f_Bedroom-3132,test
bb13762a-67b3-4957-be4e-f1b0878c9f87_SecondBedroom-20065,test
51e5a27e-717c-4194-b4c7-ebb8ed877c12_Bedroom-6922,test
d63a99e5-6b3d-4a99-8408-437794a5ea31_SecondBedroom-151735,test
cd02c5d6-e2cd-4af5-aecb-7cbfef80fa18_MasterBedroom-46749,test
2d2070db-89e5-4ade-84e5-0f446ee02e27_Bedroom-10640,test
bea8daca-ed33-4be2-881b-2732f35a9171_SecondBedroom-10238,test
2a4d6f1a-5f28-4cba-8895-a0221e4f3dee_MasterBedroom-23537,test
8caa5850-3914-427c-ad99-cbb4b2f517a1_LivingDiningRoom-32202,test
7cb44194-7156-4c8f-94dc-3c0322833ef1_SecondBedroom-1632,test
7130f8fa-ec52-455e-88a6-fb2a4e440087_MasterBedroom-57124,test
8abd4a65-e5c5-4edb-b494-7ebd05ff84b9_Bedroom-6636,test
6c600c25-ede9-4ae7-8e1e-46bf11d80227_SecondBedroom-7635,test
3547f90d-d3b7-41d2-b368-e25153afbaca_LivingDiningRoom-137481,test
f1e45de4-64ae-4d44-9662-937c1b1e9b73_SecondBedroom-13995,test
a8b4f748-b37e-4037-afd1-c245833ef11d_LivingDiningRoom-45776,test
7d243467-0d66-45e4-8e6b-a2eb011cf366_SecondBedroom-9667,test
a2e1515b-8bf4-4950-aa12-98e35d8410ca_MasterBedroom-41349,test
7a15ca3a-54d2-4246-9ca0-cbffeaa6538f_LivingRoom-3101,test
b67bcb77-c998-40c6-941a-d9c40f57390e_MasterBedroom-15538,test
1e2d5644-9a07-4d9d-b801-e0a57c688856_SecondBedroom-52786,test
474b594c-a474-48fc-bcc3-f9df10f63bb9_MasterBedroom-15002,test
ef5257c8-753d-43a1-a653-ecd20ef21bfd_MasterBedroom-32084,test
00808820-c206-4cc8-98a5-6b7d2ff364af_MasterBedroom-19148,test
46bc8223-0661-44c7-8f95-29beadbe62d2_SecondBedroom-28725,test
c662dd5d-839e-44de-8cc8-23c74b757d9e_LivingDiningRoom-5381,test
352181fb-3bbc-471f-9b64-626e174dbc4b_Bedroom-13343,test
e044737e-5769-46b2-a8da-84b5df66d770_MasterBedroom-8906,test
987bfa8c-edf6-40a7-87c2-f49e4e8c5a16_Bedroom-300,test
2383a24b-483b-4011-87fb-8e2c89202f78_SecondBedroom-12073,test
9f4a2c14-f2f2-402b-abd6-6251aa3f95d8_LivingRoom-4169,test
bcb2a617-b2ce-4b95-9ab9-1823502130b2_SecondBedroom-8304,test
7b48d192-1ac0-406c-af41-800853de2d7f_Bedroom-41491,test
13626eb3-bcc1-455a-a889-78b6c92dfbb6_SecondBedroom-420,test
7cc4bac1-fbf8-41c0-aafa-d782916e93ad_MasterBedroom-13683,test
05330649-da43-4dfc-b5b1-f27272b15259_Bedroom-5403,test
292d569e-d219-4460-957d-4652a488aaa9_Bedroom-1853,test
5a93c134-d34e-445a-b15c-6fa37df0b992_MasterBedroom-18785,test
8895975f-06f6-436c-a43f-de3a0d46f053_MasterBedroom-6430,test
137262e3-1242-45a7-8dab-c95abcc5bcc5_MasterBedroom-52359,test
62a36664-15ed-4930-839a-0964bdc11d45_SecondBedroom-1443,test
0a77986b-5c04-41b9-8ee8-1ea301ccda3e_Bedroom-86824,test
eae6025c-f93b-49d3-85e5-fabd2958cbd1_Bedroom-60232,test
26ede85c-343c-47a4-a84d-6afa5dbae091_Bedroom-12129,test
36b29e71-bdce-40c6-948e-ed904eb94282_MasterBedroom-6203,test
12f93edf-43d1-4009-9639-92b3b604b352_MasterBedroom-1549,test
d36edde8-b764-467c-aa42-23921dd8407c_MasterBedroom-10297,test
e04fb1c1-1b11-4778-85dc-818624587b3e_LivingDiningRoom-45017,test
cb300b0a-3072-44a1-9f4d-dd75497ab9c5_MasterBedroom-3151,test
04f0aee8-b117-434b-bcd2-a78766f49106_MasterBedroom-12180,test
408949e0-59c3-4e26-90d7-b65237f491b4_SecondBedroom-22416,test
2ec90c50-4ece-40be-bb69-a2150a4678a9_MasterBedroom-78468,test
c35449c5-4c8e-41f5-ae69-f208b9512b6e_SecondBedroom-1776,test
decb93da-ff77-49c3-9cad-fbb3596d36e8_MasterBedroom-9370,test
dde0270b-65a3-4dc3-9c03-b32d90ae0438_SecondBedroom-2984,test
d73cf536-63eb-4e57-8bca-9da3981bed28_MasterBedroom-17097,test
5e3197f7-6c45-480c-874a-0481e33e6caa_MasterBedroom-488,test
78dc0550-6644-4473-87bc-8f8ff72db51c_MasterBedroom-54665,test
008f0372-b7d0-485f-8d3e-f686dcb68d4f_MasterBedroom-820,test
46d93d61-5f50-4431-b92e-9f9bd4da5b7c_Bedroom-47481,test
ca0e30eb-62c0-4b91-8df2-1cf1becf6ef2_SecondBedroom-15933,test
ad2bc1ea-0567-4048-8cdb-d298dc18d162_SecondBedroom-30536,test
17671175-6e0d-4c7e-959b-afa223d8a43f_MasterBedroom-16433,test
cf503fce-857d-4bc5-afe0-e04a1b088cb0_SecondBedroom-1763082,test
57634f22-de21-482d-bbc5-2a8556cd911b_SecondBedroom-2293,test
41c1a866-1f75-4f21-9408-a4444e8135b2_LivingDiningRoom-12401,test
c06f62d4-778a-4303-a2c8-301181ecc9ee_SecondBedroom-35395,test
1b2b1023-3a1e-4540-b246-f6b57961df6d_MasterBedroom-10833,test
75081366-64f8-4a8f-a9dc-180caac4b73d_MasterBedroom-12006,test
d0992373-c66c-46f5-ab24-90bd58921627_MasterBedroom-57359,test
42249ee6-a641-4938-99e1-9e7514b79ab7_MasterBedroom-7113,test
b0dc2c16-296a-491e-a82b-d2d7fd8fdada_MasterBedroom-1962,test
b1ed9921-425e-4c61-b4a3-4d3c8c20d788_DiningRoom-3185,test
65653285-2397-4f86-8012-17ab10f7b67a_MasterBedroom-35481,test
3aafcdbc-bdc5-45f8-9da7-4cccc696a373_LivingDiningRoom-60587,test
bc51f3c3-2ed0-45da-9b28-18b6f6dfe677_LivingDiningRoom-2508,test
8563478a-b3c7-482c-850f-910502fd4e6a_MasterBedroom-41181,test
21ed5c27-b951-407a-a450-754d4af932b8_SecondBedroom-258,test
f807cca3-8e6b-4f4f-8823-30c5a3247ed1_Bedroom-302,test
b48bc4ca-1bd4-48c3-a4da-8363d8b91a60_Bedroom-1298,test
70d6a3c2-2cc4-4b8a-98e3-2179c03e91dc_MasterBedroom-24034,test
8115c36a-f798-4ed7-82c0-7f67a7888fbf_SecondBedroom-1001,test
337ca42e-c680-4e47-b36e-16a4cc7090ff_LivingRoom-100708,test
a8ea81c6-f23d-4019-828e-dfe63aa61553_LivingDiningRoom-12109,test
fc54aa89-bd3b-482a-b69c-0a63a5644c7b_Bedroom-140603,test
4d8b6b63-f624-42c9-8442-4e7bfeb7e2f9_MasterBedroom-20760,test
bd0da5c7-2afe-4dba-bb2e-77806ca8ecce_MasterBedroom-42363,test
deaa4ac0-8d13-423f-930f-78fb25825e8d_Bedroom-5073,test
d06a7c95-99a7-438e-a271-fe602380713c_MasterBedroom-1212,test
52657fac-1e38-494f-86fe-e221b95e0043_SecondBedroom-26550,test
0e008211-22a0-4f07-939c-6d453cf5991f_Bedroom-30440,test
a9e9dd50-3f47-4b02-8a23-c968a112369d_Bedroom-4459,test
29aa7167-1c46-4ce0-8c58-3cfb7a7d15af_SecondBedroom-69556,test
ddb2ee64-0253-4541-8df3-49d8652aeaf2_LivingRoom-3168,test
c1d1893e-86a3-4a1f-a0bb-1b5104461b5a_MasterBedroom-21047,test
f9f68e7b-7679-43df-87b9-8677dedb2845_Bedroom-20650,test
88e59754-af7c-44d0-bd64-0a958a919cc5_SecondBedroom-417,test
26978a48-eab2-444c-9a0b-2fbfb1ace40c_SecondBedroom-2176,test
5d9ce2ba-db3c-4c78-8c5a-3bdb1d61de88_Bedroom-4797,test
7be5d4f4-2460-4e6f-90a6-9ffbca8d7ae4_Bedroom-52292,test
c20ab624-9677-40e6-a832-ed2c906e408f_SecondBedroom-46591,test
1268f393-0f90-4af5-92e8-cf14efb06596_MasterBedroom-1543,test
83873897-a199-40c8-94f4-34a5f25f53ca_MasterBedroom-3451,test
ebef71f6-da6e-4b58-ae51-40797ed0114b_LivingRoom-14,test
4a97a190-268c-4b0a-adb2-62e3eb5a29ec_SecondBedroom-35198,test
a2a8f036-c0d0-4d57-b55f-f6aa5e56d7fa_MasterBedroom-12873,test
9cd2228d-11b3-4ea8-b004-f916ad632e1a_MasterBedroom-7936,test
14a2d9c7-bfc0-4ea2-889a-c8e155780738_MasterBedroom-16741,test
8504e027-78af-4833-b36d-2ab919e84ee2_MasterBedroom-7802,test
4dc7b28c-95ea-44c5-b222-6f0979ffdbbd_Bedroom-41872,test
7b0f919e-5ad6-4b4b-bbca-eeae4b365ccc_Bedroom-30773,test
b5a9d6e9-11f5-45d1-a45f-a02b59823001_MasterBedroom-11918,test
d9f72fce-30b2-42ab-83a9-8bbab2087230_MasterBedroom-3149,test
9af4ec93-df6c-4c59-be7b-a883c9ebb3ce_SecondBedroom-4385,test
c685d996-7959-44bf-85d2-ffca8fbd6841_SecondBedroom-42885,test
676a6773-36ae-4d7a-afe7-5c6ad227325e_MasterBedroom-14257,test
5a5372e5-d820-434d-885d-710887b2b0ee_Bedroom-71031,test
f01d52ec-ff3e-4157-b0bc-9c29e849f03c_Bedroom-23192,test
258b12fb-08e1-43df-a3dd-d88793d32621_LivingDiningRoom-35273,test
38330463-78e6-4d25-bd89-9daf92d0cfb9_SecondBedroom-22370,test
bf4d05fc-826d-4a7b-a938-373e42688dda_SecondBedroom-2866,test
a390046b-c69f-40c5-a1be-2a19af86d001_MasterBedroom-22855,test
d3fec60e-f8d0-4cfe-abd8-041d0db2d509_MasterBedroom-27534,test
aea28264-2cb8-4875-bdd2-073fb12c83ac_MasterBedroom-32994,test
8ab6793a-646c-494a-9cb1-b149d3e09cd7_LivingDiningRoom-3999,test
e49a3f2c-c856-468b-a7fb-0584f5aa91e8_Bedroom-210267,test
756382a6-5d6b-4bdd-8f48-4bb8cddf9df8_MasterBedroom-12848,test
cc7791a6-d2bd-4386-b94f-bfffc868b67f_MasterBedroom-37858,test
37f27a08-ff20-42f3-baf2-9ff1f155eaeb_SecondBedroom-3545,test
08cfec4b-56a0-43f0-8428-e31c210d8c6c_SecondBedroom-28118,test
08f0dede-b8dc-4e43-8f2a-ebc008b6f56b_SecondBedroom-28782,test
af499dad-69c6-44e1-937c-e8d1a8fe197c_Bedroom-411,test
ad2204ba-60fd-4802-b8cd-6ac2cfea507c_MasterBedroom-18771,test
ee165625-1a56-41fa-b145-232f235a4257_MasterBedroom-2433,test
5d522173-3fc1-4964-898d-48ab76e67f4d_SecondBedroom-10509,test
de1183f7-1d62-47c9-8f58-fbedc416bf44_Bedroom-34409,test
6060e648-44c6-42d6-a9f4-f58c5bcff70d_LivingDiningRoom-25741,test
5b60eded-8082-4efe-a33f-9e3c00768f20_SecondBedroom-25309,test
c33366ef-4801-4764-8ad5-ebbf2e36337a_MasterBedroom-16486,test
fad912df-d3ad-4525-86d7-edbfa2bf20cd_MasterBedroom-1186,test
66e39970-347d-49c7-9fe0-47e1bced4780_SecondBedroom-6511,test
b917e5c2-0271-4419-a3ae-65be2c108114_SecondBedroom-7694,test
86617e2f-b62a-4a2b-93b5-48128ab9a092_SecondBedroom-8847,test
2c6d0cdd-d4f0-4937-8401-3c13680aaa61_Bedroom-933,test
f095b85e-d2c5-44e9-8ea6-ef0fd3cfb977_Bedroom-11125,test
99753f89-7195-4928-a56e-9724c13bd4bd_MasterBedroom-7952,test
613b2c63-66ba-4643-b4d3-c6a4f34d62a9_LivingRoom-30098,test
0422e423-8aba-40f0-9090-78f448423468_MasterBedroom-131,test
5d7a783f-3bb8-49af-b05c-b67c87c5ce66_SecondBedroom-100315,test
26146707-fd21-4520-b1fb-2ff93b2560e3_MasterBedroom-15661,test
7ddfd41d-9e6d-47e0-bd67-eb12580ae322_MasterBedroom-33700,test
40eb416e-d9ae-4c25-8d4c-a2a2306e8a21_Bedroom-6601,test
c06f62d4-778a-4303-a2c8-301181ecc9ee_LivingDiningRoom-35319,test
21b83dd7-a159-4471-aa41-8ca48a4ace1e_MasterBedroom-10120,test
f16b70be-bcb5-4845-8b84-82b2e5b9b3cc_MasterBedroom-2768,test
14ed2c88-fa3c-471c-9801-2685ca9ddef4_SecondBedroom-70961,test
d209b341-a36a-46b4-bd07-62e9ac82a41b_Bedroom-17437,test
2b49ac86-df1a-4cf4-b9d7-44b588d1d594_Bedroom-522,test
d6ff39e4-0823-4441-bc96-375d120edaf5_SecondBedroom-15458,test
a0b8b195-676d-47bd-afce-3e135b8fde83_MasterBedroom-22922,test
3a9bdb50-7fe5-45a5-8071-f5ab3c8e2a44_MasterBedroom-59071,test
04bba89f-12fe-47ca-9ffd-3086764d466e_SecondBedroom-92853,test
fba13a0d-62f5-4ff8-914b-064b823d5882_Bedroom-12119,test
73d7d368-1b45-47cf-bc56-a786c7bb0b40_Bedroom-11819,test
a5040c13-c69d-4651-9ee6-eeb2afb539af_Bedroom-1181,test
5e647f08-d821-4554-8598-9684ffd28f7c_SecondBedroom-1885,test
707a8e25-4a36-4048-a088-303b6a107051_MasterBedroom-63052,test
b3a256df-54e0-40c1-b04e-5ace4cccaddb_SecondBedroom-272,test
ec35b52a-c501-4e1d-b186-b50e8f97d8e7_MasterBedroom-542,test
106438c4-a1de-4c81-9740-74c214025a50_Bedroom-6105,test
55c71d40-878a-417e-bbc8-ab1a0b9004bc_Bedroom-77815,test
96a6a5e8-d185-4b3a-b78f-79298e05cac3_MasterBedroom-29432,test
61a0705d-2f6b-4086-a80d-4b06a42fc876_DiningRoom-9206,test
5d7a783f-3bb8-49af-b05c-b67c87c5ce66_MasterBedroom-100337,test
d501c34d-afdf-4caa-aa89-60bb9fc54b9a_Bedroom-17634,test
0b9766ba-35c9-4af7-8040-0fad2386a9b8_SecondBedroom-913,test
6c39a824-c7de-4ca5-87b7-553057ddacf1_MasterBedroom-45563,test
11163921-47e3-4f3b-a7a2-c436c322b64c_MasterBedroom-8388,test
838bdb43-9217-4b8b-a6ea-340a256cca0e_SecondBedroom-67739,test
ed3b3a65-f3b1-47d8-9310-593f30c66bc8_MasterBedroom-39087,test
a38c6892-4aad-4e6d-b7e5-ffd31b5bd659_Bedroom-17297,test
f18ac5cc-b441-40b9-ac1e-a799bdb8cf15_LivingDiningRoom-64631,test
1a82a427-49cb-4394-b9d7-8ff02c42e18f_MasterBedroom-5463,test
f93473b4-3fa4-401b-924d-ee78112f516b_DiningRoom-15454,test
003ac11d-2abc-44f8-9836-4354e7dfa543_Bedroom-1573,test
eb29ee2c-5f25-4dbe-965a-ec1c07904585_MasterBedroom-534980,test
fbbcd9c7-e432-4058-94df-5861a0f8e889_Bedroom-1197,test
d97a1fd8-ec70-438d-a7fd-a7badea1eda3_MasterBedroom-10895,test
5e024c0f-0bca-4074-ac77-4b72a7629d0a_MasterBedroom-1069,test
378f3bf9-7837-4b18-962e-a44d03d0db15_Bedroom-191,test
d3fec60e-f8d0-4cfe-abd8-041d0db2d509_SecondBedroom-24075,test
58e81b5b-7564-4873-9189-2cd5817f6a83_LivingDiningRoom-2663,test
89ba5dd1-f59b-484e-9f71-dd13d3db5a5a_SecondBedroom-13413,test
b40dbb05-821c-45f2-9ae6-e02e97c70c80_SecondBedroom-16492,test
9fc7b9d8-1325-4bed-88cc-bdc8a16807f0_Bedroom-13327,test
79090604-70df-47d2-98e7-62087f358e6e_LivingDiningRoom-15199,test
fe49d5e3-8a9e-4e22-ab9a-414b2553a561_Bedroom-1155,test
0c1cea01-e28f-45dd-87df-6f906054c364_SecondBedroom-21442,test
d768fc85-328c-402b-a61b-ce8c2a529303_MasterBedroom-50333,test
8879fdaf-a95e-4a05-b1ae-e1bede3cb592_Bedroom-21273,test
d1951fba-7ccf-4642-a054-839cbc9ee0c7_MasterBedroom-13694,test
43dce6e3-e13c-4ad8-87cc-a0141569311d_MasterBedroom-12942,test
625cc958-7f61-487f-a076-427034fedc1a_Bedroom-589,test
3d00a520-dfe2-460a-98d6-c0cf07c0fe02_MasterBedroom-13199,test
e02e2373-1bb0-4d67-819b-8c471edc78a3_SecondBedroom-5355,test
76b9e260-e7f4-43a2-96bc-45ddfc3e3c22_MasterBedroom-38344,test
55b2d6ae-86e5-40de-a739-95ce5b824d67_MasterBedroom-192,test
edabd944-0255-49c9-a7e6-b509cc392a67_SecondBedroom-15428,test
d5051ff6-1923-45ed-9e4f-d26d1a76bc39_Bedroom-755,test
77993e73-b0e6-4620-b0ec-83b261c297a6_SecondBedroom-313,test
822213ac-e850-4189-ae92-5a9e0946be04_Bedroom-75240,test
16dfc62a-fd35-41a2-9f8e-6b1c11dc1898_Bedroom-1205,test
8442cc57-83b6-4c2a-b7f3-ed7cc2780098_MasterBedroom-14747,test
6c20495f-ce5e-4596-9449-24d924a70160_MasterBedroom-104361,test
87517851-90e9-43ac-a6b7-c9cf83a99874_SecondBedroom-1916,test
6995dbb7-6399-4d3e-b8e1-89d5b309c5aa_SecondBedroom-25830,test
174948c4-2519-4d82-bb1b-7784330d2fed_MasterBedroom-7015,test
e43620b4-b1d6-4e7b-9e87-cf4835a91370_SecondBedroom-14765,test
12d1ca85-c2ce-40c6-97d9-54f01a0d85ce_SecondBedroom-19165,test
8115c36a-f798-4ed7-82c0-7f67a7888fbf_MasterBedroom-1303,test
82085a6f-82f5-4a49-a5b1-3f69e530edb0_MasterBedroom-5215,test
375cd4a6-4b0a-4551-be5a-fd2832a0c457_MasterBedroom-27269,test
ebead38b-ebb9-4569-a92f-f71668596b7c_SecondBedroom-9370,test
9e397213-2392-40d6-a3ff-a4fe0dc43ac3_SecondBedroom-48014,test
e4874b32-dbf7-48ae-84e1-bbcf47a528e7_Bedroom-7051,test
6c00f5fb-76c7-4820-95d5-5e9e343d8bc0_MasterBedroom-1073,test
3ec24496-80f4-4ea1-b889-b3cb902d2a47_MasterBedroom-1362,test
ef49fbf5-040b-48d1-9370-e6d496b8d1d0_MasterBedroom-7735,test
91f3b7a3-6b66-452f-b674-8b5b6f80ec1d_MasterBedroom-270353,test
f623fc6b-ed49-451d-9858-85a3c1091631_MasterBedroom-21792,test
2d424221-26f3-472e-9ea1-c7c11a1fb796_SecondBedroom-1891,test
51e5a27e-717c-4194-b4c7-ebb8ed877c12_MasterBedroom-3247,test
c807b9e8-cc51-46f9-9eb3-5573742f106a_MasterBedroom-38383,test
f9b500af-25f8-4d88-ab0d-f36dc3e765b8_SecondBedroom-99450,test
591b9224-4c2c-4f24-95f2-c4e7213ed482_SecondBedroom-3942,test
a4e92ea1-e0b9-4ccf-ac6b-c3e8c9d6e9ef_SecondBedroom-10941,test
3e71a867-177e-439a-9c80-432d0e0900d4_Bedroom-1447,test
4846c351-6019-4a91-80ee-4888147cb903_SecondBedroom-17873,test
0925adc7-8bb3-4080-a3bc-8bf19d5d2916_LivingDiningRoom-25291,test
69cc1796-5e17-43c1-9dc8-e5193206eba2_SecondBedroom-27973,test
bdaf4b80-2c85-4958-8a51-50b8a690ea6b_Bedroom-3805,test
7a2de022-745d-4f10-a4fa-d7ab5bb8809f_SecondBedroom-6646,test
b69453bf-972b-4b3c-98c9-59832bcb945b_SecondBedroom-1804,test
0e563bef-ab48-4a9a-94c1-3018575fa499_MasterBedroom-6493,test
9bf55c0e-6250-41ed-ba12-968598c9279a_MasterBedroom-9670,test
9bbf3f4c-3de9-4de4-9ad6-7460413fdc88_SecondBedroom-10357,test
ad50e9bd-4511-4b68-b348-c472c719440d_Bedroom-7968,test
25eb39fd-8bd2-4fa9-96ea-5f626dbd04a4_MasterBedroom-1683,test
cd9ea851-2f9a-415d-8190-8f0b375361cf_Bedroom-14963,test
e1445ad0-35a4-45f4-8152-2dad8e921f3e_MasterBedroom-192362,test
fed3d417-97a3-44e0-ba86-b76c71672dc4_MasterBedroom-13989,test
32923405-da99-421f-bdd4-d7ad943c9630_MasterBedroom-8726,test
d03b14a0-31a6-4136-8e7c-d364c7b09955_SecondBedroom-1613,test
e5c7cabf-6a21-4575-b2bf-e9fe187eb6f9_MasterBedroom-16132,test
17c88eb5-0b0d-4c01-8135-51bd3e7b7ce5_SecondBedroom-91744,test
a5a45951-673d-40c0-a092-e75bcb5d7d36_LivingRoom-19334,test
0220df39-8356-4ba5-8f26-4f385afa2cae_SecondBedroom-37482,test
bd4a031d-17bd-4375-8d1b-9338f4a0622c_MasterBedroom-1503,test
9818c527-02e7-47f1-b816-83fd72177a96_LivingRoom-67001,test
30365113-99d7-4c1c-b4a4-19a20b566ba3_MasterBedroom-3269,test
