00004f89-9aa5-43c2-ae3c-129586be8aaa_LivingDiningRoom-3474,train
0003d406-5f27-4bbf-94cd-1cff7c310ba1_LivingRoom-54780,train
00110bde-f580-40be-b8bb-88715b338a2a_Bedroom-43072,train
0018b6c8-c3b6-4fb8-a640-4b9b0b763254_MasterBedroom-282636,train
0023b7d1-1439-4e5c-9c7b-c34f155ee856_Bedroom-7177,train
003ac11d-2abc-44f8-9836-4354e7dfa543_Bedroom-1573,train
004f900c-468a-4f70-83cc-aa2c98875264_LivingDiningRoom-27430,train
004f900c-468a-4f70-83cc-aa2c98875264_SecondBedroom-27399,train
0071fae9-a2ce-481e-8a37-a2d307e1213d_SecondBedroom-199664,train
007e1443-462a-4dae-b47c-44cfc6a5a41d_Bedroom-7050,train
007e1443-462a-4dae-b47c-44cfc6a5a41d_LivingDiningRoom-268,train
00808820-c206-4cc8-98a5-6b7d2ff364af_MasterBedroom-19148,train
008699e0-8d00-40f3-92b4-72347fa892c1_Bedroom-518,train
008f0372-b7d0-485f-8d3e-f686dcb68d4f_LivingDiningRoom-1531,train
008f0372-b7d0-485f-8d3e-f686dcb68d4f_MasterBedroom-820,train
00ad8345-45e0-45b3-867d-4a3c88c2517a_SecondBedroom-46220,train
00add26c-7a26-4a61-b192-b97aa493b3f3_LivingRoom-76661,train
00c0c75e-1c12-46b3-9fc8-0561b1b1b510_LivingDiningRoom-1344,train
00de1e24-ab10-4aef-bb72-130ca18d017c_LivingDiningRoom-17615,train
00ecd021-64bb-4bc4-b754-1796d2a12965_Bedroom-83832,train
00fc9d81-7397-4578-a865-920c4d89b44b_MasterBedroom-19988,train
00fe8139-76e8-42b4-bb41-7f9f085ac351_DiningRoom-15534,train
00fe8139-76e8-42b4-bb41-7f9f085ac351_LivingRoom-15506,train
00fe8139-76e8-42b4-bb41-7f9f085ac351_MasterBedroom-15559,train
00fe8139-76e8-42b4-bb41-7f9f085ac351_SecondBedroom-15597,train
0106f9d2-5779-457b-9b8b-72942373d42e_MasterBedroom-10670,train
011da194-aa84-4a98-bf9a-afd18357819a_LivingDiningRoom-840,train
011da194-aa84-4a98-bf9a-afd18357819a_SecondBedroom-373,train
013d6a38-6fa2-4e16-9903-53921f86114a_LivingRoom-5033,train
0156308f-fe4e-4916-90c3-9f498c0d9e9c_Bedroom-29486,train
0156308f-fe4e-4916-90c3-9f498c0d9e9c_Bedroom-30358,train
015c0c73-e5fd-447d-9919-acf4786db46a_MasterBedroom-535,train
015c0c73-e5fd-447d-9919-acf4786db46a_SecondBedroom-3516,train
015ed8e0-35dc-41ab-9a9e-b3dbba4ec64a_MasterBedroom-33296,train
015ed8e0-35dc-41ab-9a9e-b3dbba4ec64a_SecondBedroom-33375,train
01655258-a4b1-45ff-b16d-bae0ffb189c7_DiningRoom-45089,train
016e8e9e-143b-4f12-9679-3ca930a1b6d6_LivingDiningRoom-34678,train
01805656-e66f-44b1-8bc1-5e722fff3fff_Bedroom-8715,train
0182566d-2912-4bc1-bd74-70a4e04eb67d_Bedroom-20286,train
01861393-3d82-4926-af4c-e2d29c6d0c0b_MasterBedroom-32031,train
018d9d83-0ca1-427a-8388-fcd0cab365e6_Bedroom-1361,train
0192a842-531c-419a-923e-28db4add8656_Bedroom-2358,train
0192a842-531c-419a-923e-28db4add8656_DiningRoom-31158,train
01951c96-631e-4880-83ab-1d69835e635c_Bedroom-5998,train
01ba1742-4fa5-4d1e-8ba4-2f807fe6b283_Bedroom-1440,train
01ba1742-4fa5-4d1e-8ba4-2f807fe6b283_Bedroom-2872,train
01ba1742-4fa5-4d1e-8ba4-2f807fe6b283_LivingDiningRoom-4271,train
01c978d0-4fe9-4ee4-9c1b-ac0788610445_MasterBedroom-73093,train
0220df39-8356-4ba5-8f26-4f385afa2cae_LivingRoom-37659,train
0220df39-8356-4ba5-8f26-4f385afa2cae_MasterBedroom-37718,train
0220df39-8356-4ba5-8f26-4f385afa2cae_SecondBedroom-37482,train
023fcd68-dd38-420c-a518-87e82b80ac1e_MasterBedroom-87405,train
024b64f5-92d9-45e2-ac31-b61c1bbf9484_Bedroom-11659,train
025c66d0-3114-434a-a7b4-51ea83c2eaf4_SecondBedroom-32499,train
026d9b2e-f9e3-4754-b234-32e25b1974e5_LivingDiningRoom-64,train
02861dfe-ed53-41f1-b554-b02d0c170c61_SecondBedroom-6295,train
0298054f-93f3-4365-8724-484202d53981_MasterBedroom-49696,train
0298054f-93f3-4365-8724-484202d53981_SecondBedroom-51128,train
02b90cf0-5313-425d-961e-3151b633c729_MasterBedroom-25712,train
02f16dba-572d-409d-af78-98c7ab57f9c0_Bedroom-96082,train
02f7ad87-8aaf-49a0-bd98-c010e7b84c33_MasterBedroom-6210,train
02f7ad87-8aaf-49a0-bd98-c010e7b84c33_SecondBedroom-17020,train
02fb72ea-8e75-4f7b-85bd-18798232b263_DiningRoom-40734,train
02fb72ea-8e75-4f7b-85bd-18798232b263_MasterBedroom-40642,train
02fb72ea-8e75-4f7b-85bd-18798232b263_SecondBedroom-40617,train
030345aa-f00e-4922-b50f-b56055702045_MasterBedroom-18203,train
031fba32-7c48-4c1e-8342-aab66d6e531f_LivingDiningRoom-5339,train
03279ac8-717b-4b94-96e1-3b6a7e94e782_Bedroom-19444,train
03279ac8-717b-4b94-96e1-3b6a7e94e782_LivingRoom-19481,train
0337f31c-ff58-48a8-8a03-1db9f02e6471_Bedroom-108,train
0337f31c-ff58-48a8-8a03-1db9f02e6471_Bedroom-451,train
03386199-b47b-4417-85cc-cba4e8d28ee3_Bedroom-46909,train
03386199-b47b-4417-85cc-cba4e8d28ee3_LivingDiningRoom-46824,train
035ad3e2-544e-4093-9621-3624f1b86422_Bedroom-9835,train
035b4959-8c9a-4dcb-94c1-e2b2ad7c88b5_SecondBedroom-3137,train
03636cbb-ce09-43e6-bd86-a73cd92a8578_MasterBedroom-21103,train
0363cf51-5e28-4b32-8a3b-68726d8da273_LivingRoom-5110,train
036bc96c-419d-4a43-812e-1e533d95dfd3_LivingDiningRoom-114074,train
036bc96c-419d-4a43-812e-1e533d95dfd3_MasterBedroom-114213,train
03704744-6330-41f6-9983-928466e9a39b_MasterBedroom-771,train
03787fb6-0503-4d43-9617-e29e46150d1c_LivingDiningRoom-51556,train
0380a4ca-bd26-4f49-9a5e-a00765aab879_LivingDiningRoom-35413,train
0380a4ca-bd26-4f49-9a5e-a00765aab879_MasterBedroom-35489,train
03ce6fa9-d13b-4fa8-885b-b3cb1020ebee_MasterBedroom-13291,train
03ce6fa9-d13b-4fa8-885b-b3cb1020ebee_SecondBedroom-17779,train
03d7d55b-fb87-4aa8-a651-6795f316cf7f_LivingRoom-1598,train
03f25b88-2c5f-49fd-82d9-dfe2f14de90b_Bedroom-1403,train
0405ce07-e6d8-480e-8e3e-a699b9474b15_LivingDiningRoom-56654,train
0419bc7b-5bd0-47fc-802a-69c21ee0c80b_Bedroom-24730,train
0419bc7b-5bd0-47fc-802a-69c21ee0c80b_LivingDiningRoom-33368,train
041d34b7-1b22-4164-b84e-c1fe93f5c880_MasterBedroom-89243,train
041d34b7-1b22-4164-b84e-c1fe93f5c880_SecondBedroom-88841,train
0422e423-8aba-40f0-9090-78f448423468_MasterBedroom-131,train
0422e423-8aba-40f0-9090-78f448423468_SecondBedroom-20,train
0432b048-ede1-4049-982d-8bccfacfb541_LivingRoom-8377,train
0432b048-ede1-4049-982d-8bccfacfb541_MasterBedroom-8393,train
04396802-8d89-4377-8b28-4cadc9eb07c6_LivingRoom-2023,train
04546af5-acd6-43b1-981a-3e976e01adce_MasterBedroom-108890,train
04546af5-acd6-43b1-981a-3e976e01adce_SecondBedroom-108747,train
0474dd2f-f35e-4928-b648-89050973e835_MasterBedroom-7504,train
04773d20-6f81-4e68-a72c-2e0e0f1d73b9_LivingDiningRoom-44684,train
04773d20-6f81-4e68-a72c-2e0e0f1d73b9_SecondBedroom-44725,train
04845e59-1343-4f1a-91b1-169aa5a08443_SecondBedroom-39915,train
04959bdd-7862-44e5-bfce-6dbe906981bb_DiningRoom-15369,train
04bba89f-12fe-47ca-9ffd-3086764d466e_SecondBedroom-92853,train
04dcc229-3353-4d90-a058-080acbcc4d59_MasterBedroom-1166,train
04e61b97-0a68-44c5-abae-5219c2d3f616_MasterBedroom-8787,train
04e61b97-0a68-44c5-abae-5219c2d3f616_SecondBedroom-15023,train
04f0aee8-b117-434b-bcd2-a78766f49106_SecondBedroom-14908,train
04f7a09d-08be-4e6f-965d-b655e0f654fe_SecondBedroom-30034,train
051ac39e-8423-4d37-a47c-4ac0b62d28b6_MasterBedroom-11574,train
05330649-da43-4dfc-b5b1-f27272b15259_Bedroom-5403,train
05330649-da43-4dfc-b5b1-f27272b15259_LivingDiningRoom-5290,train
0533b7c9-8660-444d-833c-14f81eea2628_MasterBedroom-18220,train
0533b7c9-8660-444d-833c-14f81eea2628_SecondBedroom-18201,train
054528e4-15e4-4b79-b629-bd3d367b21d2_Bedroom-60102,train
0552c9e7-d3cc-4546-9952-3486cd6c0ef2_MasterBedroom-333,train
05766a96-fb40-4194-a368-279ab1bff0d0_LivingDiningRoom-2456,train
057af01e-97b2-46b7-9bd3-eefbdfe4f31c_Bedroom-19090,train
057d0255-2178-4594-a21a-74bf5b0f380d_MasterBedroom-17936,train
05aa0174-838c-4255-a34d-1b419365f7a7_DiningRoom-8661,train
05aa0174-838c-4255-a34d-1b419365f7a7_LivingRoom-8674,train
05aa0174-838c-4255-a34d-1b419365f7a7_SecondBedroom-5150,train
05b8982b-6b8c-40e4-880e-07bc7de301b4_SecondBedroom-18829,train
05d05b98-e95c-4671-935d-7af6a1468d07_Bedroom-27402,train
05e407ce-9c38-4b23-ae7d-b9036fdb9d67_MasterBedroom-6424,train
05e407ce-9c38-4b23-ae7d-b9036fdb9d67_SecondBedroom-3150,train
05e407ce-9c38-4b23-ae7d-b9036fdb9d67_SecondBedroom-6462,train
05e8b512-5ee0-42e3-a26d-a40c4e5bc523_Bedroom-20944,train
05edf1fe-08c8-4589-966d-6d242fe1d3d1_Bedroom-7331,train
05fad4db-e896-46ed-8355-561abfa822a5_MasterBedroom-1514,train
062cf172-4d20-48bb-9aad-b75d4b5b6b54_MasterBedroom-29214,train
062cf172-4d20-48bb-9aad-b75d4b5b6b54_SecondBedroom-29324,train
062fec71-ea9d-4e11-a650-ed5829298c73_Bedroom-9406,train
062fec71-ea9d-4e11-a650-ed5829298c73_MasterBedroom-10013,train
0670bb2e-d926-4cad-9f45-c76cd0b6d352_MasterBedroom-26526,train
06782800-ab9b-45dc-b3ac-7069eeb7f5cf_MasterBedroom-13931,train
068b2b34-52cb-4499-b33e-b777e632e4a1_MasterBedroom-12970,train
068b2b34-52cb-4499-b33e-b777e632e4a1_SecondBedroom-13758,train
0693202e-7fe9-47bc-9ceb-bc3cf22f7f74_SecondBedroom-2470,train
069e0db3-41be-4747-be25-1a59fe4e0a48_MasterBedroom-16651,train
06a40b75-b57f-4962-ae13-a9fb08bf347d_Bedroom-57748,train
06a40b75-b57f-4962-ae13-a9fb08bf347d_LivingRoom-178450,train
06a60335-aa4d-4550-9e09-cae4f437988d_Bedroom-10310,train
06a60335-aa4d-4550-9e09-cae4f437988d_Bedroom-10348,train
06a619f2-8939-4188-9eb3-ce01717de2b0_DiningRoom-197500,train
06b029bb-7b93-45d0-8667-13411d1e59f2_MasterBedroom-29010,train
06c02177-67dd-449b-a778-50d41946b95b_LivingDiningRoom-173006,train
06d755fa-1beb-46d1-bc70-31227fdd6045_MasterBedroom-6295,train
06e6dae8-1592-4278-8f40-ffa20cea11d3_SecondBedroom-2295,train
06fd7746-9abf-4430-b674-a6b904d5f1a3_Bedroom-2364,train
06fd7746-9abf-4430-b674-a6b904d5f1a3_Bedroom-68029,train
06fd7746-9abf-4430-b674-a6b904d5f1a3_Bedroom-72527,train
06fd7746-9abf-4430-b674-a6b904d5f1a3_Bedroom-80398,train
070bb554-f9b7-4b80-a1a2-fc91f1c861fb_MasterBedroom-43954,train
070bb554-f9b7-4b80-a1a2-fc91f1c861fb_SecondBedroom-43866,train
070e6150-3592-41ca-910d-b2d07ec2feff_MasterBedroom-159368,train
071527d1-4cb5-47a9-abd0-b1d83bd3e286_MasterBedroom-4499,train
073019d0-0c5d-4c78-9aa0-6d420bec0a33_Bedroom-12257,train
073019d0-0c5d-4c78-9aa0-6d420bec0a33_LivingDiningRoom-12225,train
075080a7-16fa-4a42-a267-401d5a957c0d_MasterBedroom-54235,train
075afe52-555f-4ef7-9ed7-5ef9bed6705f_MasterBedroom-15985,train
075afe52-555f-4ef7-9ed7-5ef9bed6705f_SecondBedroom-8463,train
07867590-fb15-4cb6-947b-118385d7a9da_LivingDiningRoom-300,train
07867590-fb15-4cb6-947b-118385d7a9da_MasterBedroom-42,train
079a7b7d-cb1d-4508-8d06-e29b9153600f_MasterBedroom-7618,train
07ad11b9-796b-46b0-8ad5-6ff44ad7c945_LivingRoom-1520,train
07cba4b4-3e2b-4c90-8b3c-c44ae6ab014e_LivingDiningRoom-109572,train
07e1fc5d-2c74-4b12-8100-95f55d396e31_Bedroom-17603,train
07e1fc5d-2c74-4b12-8100-95f55d396e31_LivingDiningRoom-21042,train
07f0017d-f172-4450-a840-7c9cba27b9b2_Bedroom-353,train
07f02d16-a025-4bc4-a45d-5f487c545f49_MasterBedroom-97223,train
07f02d16-a025-4bc4-a45d-5f487c545f49_SecondBedroom-110019,train
07f296b5-8bfe-4525-84b3-c4f31b85d22b_MasterBedroom-19102,train
07f56e76-ac57-4f60-9390-8063fdc55e67_Bedroom-16315,train
081b8907-7e4d-4764-b931-7709386de7da_SecondBedroom-19241,train
08305531-aea9-43e5-a37f-6dd82ac44092_Bedroom-7143,train
0832d1de-528e-4d78-9177-1a96e38ad499_MasterBedroom-26903,train
0857b91d-e04a-497a-ac00-7d912e032e99_SecondBedroom-4383,train
0878fcd8-0934-4298-87a2-9813bd4c19c2_DiningRoom-26805,train
0878fcd8-0934-4298-87a2-9813bd4c19c2_SecondBedroom-26881,train
089458cc-75b2-45c8-a58d-177cb6aced8c_DiningRoom-27660,train
089458cc-75b2-45c8-a58d-177cb6aced8c_MasterBedroom-27795,train
08a52364-b500-4fa7-a4bc-d0500965c6b4_Bedroom-855,train
08ba7e0b-1ede-42ba-a766-885e27cb0d5b_Bedroom-75036,train
08c22a05-81e2-41f4-8e22-c707aa082bdd_DiningRoom-17995,train
08c22a05-81e2-41f4-8e22-c707aa082bdd_SecondBedroom-18046,train
08c75291-0df5-40b1-a266-36910ab06aca_MasterBedroom-31276,train
08c75291-0df5-40b1-a266-36910ab06aca_SecondBedroom-31355,train
08cfec4b-56a0-43f0-8428-e31c210d8c6c_LivingDiningRoom-28046,train
08cfec4b-56a0-43f0-8428-e31c210d8c6c_MasterBedroom-28090,train
08cfec4b-56a0-43f0-8428-e31c210d8c6c_SecondBedroom-27997,train
08f0dede-b8dc-4e43-8f2a-ebc008b6f56b_MasterBedroom-30572,train
08f0dede-b8dc-4e43-8f2a-ebc008b6f56b_SecondBedroom-28782,train
08f49426-b0e1-4524-b1e3-d004b2523a39_MasterBedroom-8333,train
09133ad3-fcbd-4cdc-9dae-331bedc50afa_SecondBedroom-6135,train
0925adc7-8bb3-4080-a3bc-8bf19d5d2916_LivingDiningRoom-25291,train
09389527-fe13-4cc0-841e-c5e21d1aef0a_MasterBedroom-40236,train
09389527-fe13-4cc0-841e-c5e21d1aef0a_SecondBedroom-39603,train
0953aa27-1f92-4068-aed9-41f0cc7401d6_DiningRoom-39646,train
0953aa27-1f92-4068-aed9-41f0cc7401d6_LivingRoom-39213,train
0953aa27-1f92-4068-aed9-41f0cc7401d6_MasterBedroom-36282,train
0960927a-a81e-4384-817a-fdefd5a6c845_DiningRoom-13998,train
0967e330-aa37-41d5-af14-04c9e8ea820c_LivingDiningRoom-629,train
0967e330-aa37-41d5-af14-04c9e8ea820c_MasterBedroom-99,train
0967e330-aa37-41d5-af14-04c9e8ea820c_SecondBedroom-394,train
09857dd6-4f54-4c4d-bcba-4152a9a545b3_MasterBedroom-11202,train
0987e7de-3d71-491d-a89f-ecc74212a93e_SecondBedroom-11322,train
09909663-6896-4cb8-993e-4417342d8d44_MasterBedroom-14958,train
09c955e0-72db-4df5-99f5-0632d9658f7b_SecondBedroom-41297,train
09d742d0-9e99-4e31-ac3d-ad1879cf691b_SecondBedroom-9342,train
09da55e8-7969-4f80-bbbf-1b4450339558_Bedroom-2422,train
09da55e8-7969-4f80-bbbf-1b4450339558_LivingDiningRoom-2973,train
09defafb-4bb8-44ed-bd94-cd9359b14bb2_Bedroom-70996,train
09e6ca5d-7f96-4ee2-9a27-ecacf0f69b65_LivingDiningRoom-2258,train
0a25c251-7c80-4808-b609-3d6fbae9efad_MasterBedroom-2888,train
0a28563b-19e4-4d67-8130-9a87a547daf6_MasterBedroom-16845,train
0a761819-05d1-4647-889b-a726747201b1_MasterBedroom-24539,train
0a77986b-5c04-41b9-8ee8-1ea301ccda3e_Bedroom-86824,train
0a77986b-5c04-41b9-8ee8-1ea301ccda3e_Bedroom-90564,train
0a77986b-5c04-41b9-8ee8-1ea301ccda3e_LivingDiningRoom-126918,train
0a9c667d-033d-448c-b17c-dc55e6d3c386_DiningRoom-11628,train
0a9f5311-49e1-414c-ba7b-b42a171459a3_SecondBedroom-18509,train
0aa05d5a-81d5-497b-832c-c90c3fe73a36_Bedroom-664,train
0aad3aa3-ec12-49a0-b7cf-548d42b0b12b_LivingDiningRoom-98003,train
0ab19ed6-debc-4c6e-857b-29290fb111d9_LivingDiningRoom-9063,train
0ab72fdf-ba1b-4df5-8df2-6efcfa7bb53a_LivingRoom-71071,train
0abe65fc-108e-4f9b-a8ff-29758234b9ec_MasterBedroom-9694,train
0ad5052c-bae4-41ed-ae58-e82c4ab63d6e_MasterBedroom-257118,train
0adb88db-02a3-43ca-9a69-76dcf25740d6_SecondBedroom-71965,train
0adfb786-3070-498b-a0a4-ed7b9b050931_MasterBedroom-12988,train
0af3b388-5d81-4b78-b7f0-c19786f9f9c1_Bedroom-9787,train
0b105b2a-e368-40ef-90a3-a4c422b915b4_LivingDiningRoom-6989,train
0b16abb1-4a59-4ce3-85b5-8ec10440d9dd_Bedroom-36373,train
0b16abb1-4a59-4ce3-85b5-8ec10440d9dd_Bedroom-36404,train
0b1953f7-3bab-4a2e-b0c8-396d0170d6b0_MasterBedroom-57384,train
0b2bc0ab-adef-4db2-b681-84b8adf592ed_LivingRoom-7106,train
0b4abd30-b157-4ecf-a077-989285598cf2_DiningRoom-9719,train
0b4abd30-b157-4ecf-a077-989285598cf2_SecondBedroom-6482,train
0b4e78c9-ea06-4101-9d7b-dc927887b198_MasterBedroom-26187,train
0b4e78c9-ea06-4101-9d7b-dc927887b198_SecondBedroom-26156,train
0b527162-1129-4d0f-9601-1fa2c2b5998e_LivingDiningRoom-7812,train
0b6a7b14-07ce-4276-b2e7-a17d9e0b7a9d_Bedroom-112,train
0b6a7b14-07ce-4276-b2e7-a17d9e0b7a9d_LivingDiningRoom-2954,train
0b851a7f-d0ec-48fb-a9f2-736b1cccf44a_SecondBedroom-51334,train
0b9766ba-35c9-4af7-8040-0fad2386a9b8_SecondBedroom-913,train
0bae68bc-b465-4f11-9d52-ebf5b44b0100_MasterBedroom-17957,train
0bd1cdea-366c-47b6-a65d-ee7ccde0aaa9_LivingDiningRoom-23474,train
0bd1cdea-366c-47b6-a65d-ee7ccde0aaa9_MasterBedroom-1063,train
0bd6628a-d04c-4fd6-9dbb-78d983b590ad_MasterBedroom-5110,train
0bd6628a-d04c-4fd6-9dbb-78d983b590ad_SecondBedroom-5509,train
0be0e89a-9965-4f38-8dbb-ea220f2f5fc1_SecondBedroom-12155,train
0be73303-6270-482d-be06-528c07da02fb_Bedroom-1411,train
0be73303-6270-482d-be06-528c07da02fb_LivingDiningRoom-1701,train
0be73303-6270-482d-be06-528c07da02fb_MasterBedroom-1688,train
0bfb9e03-db67-440e-a47d-0eaf6e088526_DiningRoom-20548,train
0c1cea01-e28f-45dd-87df-6f906054c364_MasterBedroom-21392,train
0c1cea01-e28f-45dd-87df-6f906054c364_SecondBedroom-21442,train
0c1f82d4-6aa2-401f-ae0d-f053a024aa3b_Bedroom-422,train
0c1f82d4-6aa2-401f-ae0d-f053a024aa3b_LivingDiningRoom-248,train
0c26f793-846f-417a-b27e-0fbbdc3db601_SecondBedroom-10372,train
0c2cf150-5293-43d7-acbf-8c1b0a67070a_Bedroom-4843,train
0c3c3fdb-6f91-466a-8784-17f8f2a12632_MasterBedroom-17288,train
0c3c3fdb-6f91-466a-8784-17f8f2a12632_SecondBedroom-14900,train
0c79dbe0-dd22-403a-a757-1afd9a33ffe7_MasterBedroom-1699,train
0c883c9f-0ecf-4bfd-8941-a41b59c636fe_LivingRoom-2151,train
0ca13717-8f2a-485f-b991-6211ff18a00b_SecondBedroom-116650,train
0ca61cac-dc02-4196-b4d6-752299c42d80_MasterBedroom-1056,train
0caa7d81-6cac-4bd3-9409-ad388df2fc27_SecondBedroom-23875,train
0cbce4a0-0f3d-4444-830d-002a546bbf82_LivingDiningRoom-37001,train
0cbce4a0-0f3d-4444-830d-002a546bbf82_MasterBedroom-33922,train
0cbce4a0-0f3d-4444-830d-002a546bbf82_SecondBedroom-34440,train
0d1cc664-0f78-44f4-b6dc-3871e09decab_MasterBedroom-3280,train
0d2ade9f-c238-47b4-8b02-c0f2324e76be_Bedroom-6376,train
0d4d89c6-007c-42c6-8b69-23ec5502d56d_MasterBedroom-31896,train
0d64bb56-2b49-425e-bc83-b90b1dc4a5cd_SecondBedroom-46764,train
0d699125-c20e-445b-aed1-1534519a6558_MasterBedroom-21582,train
0d6bf931-d094-4ecc-8b54-f2332c9c2464_Bedroom-57460,train
0d7be408-9e3d-4f68-8422-5aa2069ccdb2_LivingDiningRoom-27102,train
0d7be408-9e3d-4f68-8422-5aa2069ccdb2_MasterBedroom-27127,train
0d7ded41-b1f0-4696-b8d4-4a97933d269c_MasterBedroom-1091,train
0d83ef53-4122-4678-93be-69f8b6d32c77_Bedroom-727,train
0d85b6f8-d94d-4a7f-8601-53382c62fc6e_MasterBedroom-13713,train
0dbb30c0-3770-472f-a938-58412841c855_LivingRoom-66954,train
0dbb30c0-3770-472f-a938-58412841c855_MasterBedroom-67062,train
0dd9e55c-dac2-4727-b8a1-f266fd11c987_SecondBedroom-17251,train
0ddd9ee0-6ba9-4038-beaf-62a12a12a1a1_MasterBedroom-27414,train
0de011f0-b39c-44f5-a5b8-3bf0fb7bdd24_SecondBedroom-7359,train
0de89e0a-723c-4297-8d99-3f9c2781ff3b_MasterBedroom-16791,train
0e008211-22a0-4f07-939c-6d453cf5991f_Bedroom-30225,train
0e02ee68-5940-49dd-bbdc-0e3667ec9e49_LivingDiningRoom-26069,train
0e1e24f2-72dd-41db-a26d-ef81d18d3de7_DiningRoom-675761,train
0e1e24f2-72dd-41db-a26d-ef81d18d3de7_SecondBedroom-675666,train
0e373951-83a9-43e4-83cd-febb0ead7c9a_MasterBedroom-45353,train
0e373951-83a9-43e4-83cd-febb0ead7c9a_SecondBedroom-45271,train
0e44eab5-891c-49df-8311-4395a610016d_LivingDiningRoom-57414,train
0e49912b-d9f3-4f1a-93e2-0245e6fb67c1_MasterBedroom-10236,train
0e49912b-d9f3-4f1a-93e2-0245e6fb67c1_SecondBedroom-10798,train
0e563bef-ab48-4a9a-94c1-3018575fa499_MasterBedroom-6493,train
0e563bef-ab48-4a9a-94c1-3018575fa499_SecondBedroom-8341,train
0e5fe624-43b3-42b3-831d-bd1a8efebd89_MasterBedroom-1895,train
0e72f832-7030-4de0-a194-581120057dcf_SecondBedroom-2966,train
0e75222c-2d88-401b-8f36-1510d06f6675_Bedroom-22136,train
0e75222c-2d88-401b-8f36-1510d06f6675_Bedroom-24002,train
0e91094c-3cad-424b-bc52-a451bcd66587_Bedroom-21185,train
0e91094c-3cad-424b-bc52-a451bcd66587_Bedroom-21295,train
0eb102fc-89cd-4d87-a289-c4b3ee55d44e_Bedroom-20629,train
0eb7a684-6a4e-4e9f-807c-c0e0384deb3d_LivingDiningRoom-48663,train
0ec2bffe-f8a9-4b36-96e3-0b56200dd722_SecondBedroom-18135,train
0ec7ce97-e93d-4842-9c89-b947136bb393_Bedroom-29839,train
0ec7ce97-e93d-4842-9c89-b947136bb393_DiningRoom-29864,train
0ed12a92-fdda-4476-a267-e076b77646c5_MasterBedroom-3202,train
0ed2f341-9ad9-441d-a33c-ace6a9f741b4_Bedroom-7783,train
0ed3cea7-f8c0-4f91-87b8-9414ec60a713_SecondBedroom-1621,train
0eee2f23-0f2f-4beb-9712-c54e8dd6bd9e_LivingDiningRoom-5388,train
0eee2f23-0f2f-4beb-9712-c54e8dd6bd9e_MasterBedroom-5493,train
0ef2b250-b5d3-4a2a-afef-6c3a04031c6a_MasterBedroom-34361,train
0efc2789-0d3a-41eb-adc7-6db4f8713070_MasterBedroom-617,train
0f039b8c-53ee-47cb-b4c9-58ba9a0141b9_Bedroom-2175,train
0f126d75-6db7-48fb-a514-909ecbe11964_LivingDiningRoom-21832,train
0f13029f-8c56-47d0-b23d-639738301ca0_DiningRoom-135699,train
0f13029f-8c56-47d0-b23d-639738301ca0_MasterBedroom-135740,train
0f148bc0-02ce-49d5-be2e-347734092f49_MasterBedroom-38385,train
0f1dc892-04ed-4b16-8215-a82590c03fc8_MasterBedroom-5359,train
0f2b5258-2413-47c4-bbf6-106a74c1e1da_LivingDiningRoom-9790,train
0f390639-e937-43c9-a61a-be86dee77cab_MasterBedroom-18841,train
0f401f03-d3c7-413b-b9ff-bfb6fdbb416d_MasterBedroom-75552,train
0f5b9b03-c5f7-4172-9386-4805616025b5_LivingDiningRoom-20097,train
0f661df2-0f41-47a4-830c-7444f4a33a03_Bedroom-12498,train
0f661df2-0f41-47a4-830c-7444f4a33a03_Bedroom-12514,train
0f737b17-9449-4961-b978-e115bcba56de_DiningRoom-41151,train
0f737b17-9449-4961-b978-e115bcba56de_MasterBedroom-49133,train
0f737b17-9449-4961-b978-e115bcba56de_SecondBedroom-56702,train
0f7759ed-ccf3-4115-bd00-cf4d8165e6d3_DiningRoom-31759,train
0f7759ed-ccf3-4115-bd00-cf4d8165e6d3_SecondBedroom-12435,train
0f7d04b8-9de9-4e07-9a44-0cdb8b2703f4_SecondBedroom-19119,train
0f7ec058-f0d6-48bf-b313-49519b2189cf_LivingDiningRoom-7249,train
0fb669df-bc95-4e0e-b48d-cc403690ff53_LivingRoom-48562,train
0fb669df-bc95-4e0e-b48d-cc403690ff53_SecondBedroom-44116,train
0fc4b1e0-8a22-4d27-bd2f-dfd3ac22a8a7_Bedroom-2914,train
0fc4d063-6145-456f-8fe1-1180d3eeeb3f_Bedroom-2719,train
0fce6b35-d0d8-4a85-a784-e877e659ebc2_LivingDiningRoom-1991,train
0fda4bb3-f0cd-490a-8fe3-71bdce9c855b_MasterBedroom-29275,train
0fdce50f-b5e6-4d43-909a-fbae7a64f508_MasterBedroom-1801,train
0fdce50f-b5e6-4d43-909a-fbae7a64f508_SecondBedroom-3784,train
0fe63810-f03a-4cd5-a765-311cdf694b09_MasterBedroom-144596,train
0ff98ee4-0807-4300-b557-14236497bdf4_MasterBedroom-23191,train
0ffdc546-d600-4218-8270-90bb71c46a8d_LivingDiningRoom-220,train
101b6d05-6c0d-46bf-867c-16117b06138c_MasterBedroom-67961,train
101f128e-c2de-470d-8956-8d61031ea68e_Bedroom-14736,train
101f128e-c2de-470d-8956-8d61031ea68e_Bedroom-14771,train
101f9f17-45ff-4654-ae7c-c5ac221bdaba_Bedroom-15975,train
1038892d-cbe2-40e6-b2aa-b152f3dd388c_Bedroom-5666,train
103aa1f7-93f7-41d7-8f19-df5c073a4d87_MasterBedroom-110156,train
103aa1f7-93f7-41d7-8f19-df5c073a4d87_SecondBedroom-110053,train
103b8933-85cf-4b6f-bfd1-6a779076bc6a_SecondBedroom-12980,train
103cce55-24d5-4c71-9856-156962e30511_MasterBedroom-89620,train
103d8063-fb69-4029-a3e5-a3ded8ca728d_SecondBedroom-68353,train
103f980a-daf2-4dc3-b295-fabd6afe4bcf_MasterBedroom-32143,train
10551224-293c-4894-939c-8070832cf518_SecondBedroom-5571,train
1055b740-22c6-429a-99db-97fee8b05751_LivingRoom-1566,train
1055b740-22c6-429a-99db-97fee8b05751_MasterBedroom-2458,train
106438c4-a1de-4c81-9740-74c214025a50_Bedroom-6105,train
106b7f57-ede9-48bf-a45f-dacf369fd800_LivingDiningRoom-5733,train
106e7a9d-fdd4-434b-ba2b-d243c2c27454_MasterBedroom-240350,train
107179df-064b-4134-b988-82a44d664444_Bedroom-8043,train
107179df-064b-4134-b988-82a44d664444_LivingDiningRoom-7057,train
1084931f-5dd3-4ced-b541-025017fe779f_LivingDiningRoom-11801,train
109a8e42-f7d7-4893-8262-f2030072b760_MasterBedroom-34310,train
109aae3e-2fef-4732-aeee-f2897e73a694_DiningRoom-14238,train
109aae3e-2fef-4732-aeee-f2897e73a694_SecondBedroom-15564,train
10a1f583-7755-4afd-98b2-3f7df16bc930_Bedroom-430,train
10a47ebb-d756-463f-af98-e36ddf845bf2_LivingDiningRoom-223767,train
10a47ebb-d756-463f-af98-e36ddf845bf2_SecondBedroom-224930,train
10c73ad0-214c-4bf7-a4e8-1c154a77b7ed_MasterBedroom-20015,train
10c73ad0-214c-4bf7-a4e8-1c154a77b7ed_SecondBedroom-16186,train
10daa874-0936-4bd6-9be2-3bbe831d1bcd_Bedroom-27059,train
10daa874-0936-4bd6-9be2-3bbe831d1bcd_Bedroom-27118,train
10e11961-a7ca-48d0-becd-eebdd9c598e4_MasterBedroom-22066,train
10e2d93c-2a82-49f2-a95c-7598d24901f2_MasterBedroom-8118,train
110d004e-b295-4adc-ad33-fd69de90e796_Bedroom-34223,train
11163921-47e3-4f3b-a7a2-c436c322b64c_MasterBedroom-8388,train
11163921-47e3-4f3b-a7a2-c436c322b64c_SecondBedroom-10031,train
11261c4b-35d8-422e-b517-ab73455935f6_LivingDiningRoom-7994,train
11261c4b-35d8-422e-b517-ab73455935f6_MasterBedroom-5297,train
1139693d-2305-4976-8349-9352e0556534_MasterBedroom-52171,train
113df359-12ee-4a36-ac63-b342d827e117_LivingDiningRoom-15768,train
1142fda3-e01e-4e24-9f85-e167d25b08cc_LivingDiningRoom-961,train
1154c0d6-6d5c-4c64-89a3-238fa042ba6d_MasterBedroom-32615,train
1167a82b-ace6-4cec-a2af-7c6f227a371a_Bedroom-79365,train
116e331e-86a7-4b2a-adda-aa98925f9625_MasterBedroom-442,train
116f9473-b473-49a4-a4da-1cf81ba45e3a_SecondBedroom-9255,train
118b3f14-ed71-4c7a-93d2-b02a5b12ba11_LivingRoom-7470,train
11abab51-40d2-4dc7-a106-e262ee0f792f_LivingDiningRoom-5684,train
11abab51-40d2-4dc7-a106-e262ee0f792f_SecondBedroom-6182,train
11d9ffe4-5a0b-4fe6-85a0-536423cf0137_LivingDiningRoom-67883,train
11eb078d-7eee-4c82-a748-34a7e2c6c7f4_LivingDiningRoom-9028,train
11eb078d-7eee-4c82-a748-34a7e2c6c7f4_MasterBedroom-12579,train
120e3c35-05c5-40a7-b92b-1abbd5592026_LivingDiningRoom-35947,train
122783c6-2e29-430f-9e44-0ea3f73835c0_SecondBedroom-38613,train
122feb6c-450f-4d1b-a02a-25c976b14ba4_LivingDiningRoom-9254,train
12329142-9d6e-4957-8592-4d156a454bab_MasterBedroom-18415,train
124f6e30-6e91-44e4-bcaa-5583b78767d0_SecondBedroom-73426,train
12572a45-9432-4198-9ee6-061bee66dae4_SecondBedroom-73546,train
1283c8a5-b589-48a8-a6c9-486791da56ff_LivingDiningRoom-19626,train
1283c8a5-b589-48a8-a6c9-486791da56ff_SecondBedroom-19482,train
129a997d-b773-4039-ac5d-411e69c3f4a7_LivingDiningRoom-10339,train
129c9a2a-f789-4cd0-82c0-2b6d5293c45f_MasterBedroom-32473,train
12af5f26-c8b1-45e7-9ab3-e4d20e7a2c19_DiningRoom-4027,train
12af5f26-c8b1-45e7-9ab3-e4d20e7a2c19_LivingRoom-518,train
12b5252a-0921-4e41-b07e-a9a1ba9d40f6_Bedroom-600,train
12b5252a-0921-4e41-b07e-a9a1ba9d40f6_LivingDiningRoom-997,train
12c54720-32c2-4634-8eac-1e2b129c2991_Bedroom-142430,train
12c54720-32c2-4634-8eac-1e2b129c2991_Bedroom-144341,train
12cc5ada-f116-4e16-bcc1-f1ac7bc6ef50_MasterBedroom-57483,train
12cc5ada-f116-4e16-bcc1-f1ac7bc6ef50_SecondBedroom-57502,train
12d084a8-6632-472a-af65-32e7109e5783_LivingRoom-791,train
12d1ca85-c2ce-40c6-97d9-54f01a0d85ce_SecondBedroom-19165,train
12f93edf-43d1-4009-9639-92b3b604b352_LivingDiningRoom-3542,train
12f93edf-43d1-4009-9639-92b3b604b352_MasterBedroom-1549,train
12f93edf-43d1-4009-9639-92b3b604b352_SecondBedroom-1145,train
130898f4-b33e-4c5c-93fb-c701f3c498da_SecondBedroom-36964,train
1316cc69-c622-44e9-a683-8aeeae46c2da_Bedroom-21840,train
1316cc69-c622-44e9-a683-8aeeae46c2da_LivingRoom-355604,train
131fb697-ef09-458a-b28d-df6f10798fb2_LivingDiningRoom-27416,train
131fb697-ef09-458a-b28d-df6f10798fb2_SecondBedroom-86380,train
133d45e4-e0c2-4d65-a627-10a56a7c2504_MasterBedroom-13164,train
1356d896-5300-4be9-aa8c-84b71b07d407_Bedroom-27213,train
135958f5-17d5-467c-a8c2-ea5b3dfc48eb_SecondBedroom-217432,train
13626eb3-bcc1-455a-a889-78b6c92dfbb6_SecondBedroom-2787,train
13626eb3-bcc1-455a-a889-78b6c92dfbb6_SecondBedroom-420,train
137262e3-1242-45a7-8dab-c95abcc5bcc5_SecondBedroom-44145,train
13834f3e-2207-4206-9b48-daa29b2eb873_MasterBedroom-29842,train
13834f3e-2207-4206-9b48-daa29b2eb873_SecondBedroom-34058,train
13a27655-e337-4846-af2e-ebabfb631742_Bedroom-251,train
13a27655-e337-4846-af2e-ebabfb631742_LivingRoom-318,train
13a2bf30-781b-4328-aa2e-47a78ffedfc8_Bedroom-3620,train
13a2bf30-781b-4328-aa2e-47a78ffedfc8_LivingDiningRoom-8606,train
13a2bf30-781b-4328-aa2e-47a78ffedfc8_MasterBedroom-3544,train
13df4898-d23d-4665-a67e-81a555a4f213_MasterBedroom-6528,train
13e45e23-425b-47f8-8187-d1aa23dc419b_SecondBedroom-407,train
14002def-a25d-4c07-ac11-41e2f201bc07_Bedroom-62056,train
14125793-35c5-4ab8-be6e-3089eaa45bc1_Bedroom-87322,train
14125793-35c5-4ab8-be6e-3089eaa45bc1_DiningRoom-91678,train
14219a8f-9d69-4b1b-b43a-cf4d73fda1c3_MasterBedroom-398,train
14219a8f-9d69-4b1b-b43a-cf4d73fda1c3_SecondBedroom-334,train
1421cde5-0a9d-48ee-ba2b-3882c877c838_Bedroom-12973,train
142511ba-78c2-49cd-8942-843b89a696d2_MasterBedroom-6654,train
143df637-91d4-486c-ae5a-8cb482fa1cd7_MasterBedroom-11355,train
1448feb3-c86d-40d5-9259-32835abb85c6_MasterBedroom-15089,train
1452099f-bc40-46b3-a7f4-5b5354a60af5_MasterBedroom-5413,train
1452099f-bc40-46b3-a7f4-5b5354a60af5_SecondBedroom-4782,train
145a8dee-2950-4483-90e6-36e70fec5c60_LivingRoom-4460,train
145a8dee-2950-4483-90e6-36e70fec5c60_SecondBedroom-4397,train
1498c6cf-a99d-4558-bcc0-171ff8cc427f_MasterBedroom-59375,train
1498c6cf-a99d-4558-bcc0-171ff8cc427f_SecondBedroom-59406,train
14a2d9c7-bfc0-4ea2-889a-c8e155780738_SecondBedroom-16901,train
14a8aabb-7f3f-4dfd-ae11-72bbfeaa296c_MasterBedroom-28078,train
14a8aabb-7f3f-4dfd-ae11-72bbfeaa296c_SecondBedroom-32294,train
14abc843-9e80-447d-866b-7b4c16dc5097_Bedroom-91438,train
14abc843-9e80-447d-866b-7b4c16dc5097_LivingRoom-91063,train
14af1be8-ad14-4d2c-8fb5-edb2d83a238f_MasterBedroom-1328,train
14af1be8-ad14-4d2c-8fb5-edb2d83a238f_SecondBedroom-1313,train
14bfd47d-7781-4190-b0d0-a37e0c24629e_Bedroom-31405,train
14c7b2f7-cfe9-43a0-9dbd-fd65c33454ca_Bedroom-22264,train
14c7b2f7-cfe9-43a0-9dbd-fd65c33454ca_LivingDiningRoom-22223,train
14d51b10-6120-4370-acdb-fe94baaed5a2_LivingDiningRoom-11608,train
14e7aa9f-8774-40f4-b786-c042aecb27ff_MasterBedroom-6712,train
14ed2c88-fa3c-471c-9801-2685ca9ddef4_SecondBedroom-70961,train
14f4c539-f066-4453-9b79-d5fdb4cb5325_Bedroom-455,train
14f828a2-182c-4085-b40b-2e2bf97b9aa7_SecondBedroom-27606,train
151777ef-6113-426c-bd88-335a9718c75a_MasterBedroom-8750,train
151777ef-6113-426c-bd88-335a9718c75a_SecondBedroom-8873,train
15205240-8f74-4da2-a891-49267a5aacb3_LivingDiningRoom-420,train
15205240-8f74-4da2-a891-49267a5aacb3_MasterBedroom-475,train
15239adb-29d9-4e61-a6ea-8ff199b8d4aa_MasterBedroom-49878,train
15239adb-29d9-4e61-a6ea-8ff199b8d4aa_SecondBedroom-49949,train
15669288-4a23-49e3-b586-9822b27fc3c9_Bedroom-57639,train
15669288-4a23-49e3-b586-9822b27fc3c9_Bedroom-59127,train
157620f5-804d-4fb4-ac22-bfd514951c74_MasterBedroom-4123,train
159a7b33-c633-4a75-8ad6-00b62bcc81e0_SecondBedroom-21470,train
15a5a4ec-651e-4367-9f9e-c2732e5890a8_LivingRoom-214380,train
15bed03e-d66d-4da2-8b8f-7dacde3d3d8b_DiningRoom-35065,train
15bed03e-d66d-4da2-8b8f-7dacde3d3d8b_MasterBedroom-23712,train
15d07e45-2761-43ed-8dfc-f9d4ef58041d_Bedroom-68718,train
15d07e45-2761-43ed-8dfc-f9d4ef58041d_LivingDiningRoom-68183,train
15d435be-5acf-417a-a42b-f18f731b99d2_SecondBedroom-7218,train
15de4a4c-2258-4015-9cc3-f2ebbb9d61e5_SecondBedroom-35821,train
15e31e17-330c-4904-98fd-210770901565_LivingDiningRoom-10484,train
15e31e17-330c-4904-98fd-210770901565_MasterBedroom-7197,train
16190659-dff5-4ef7-a96f-eb2b71f88a2a_LivingDiningRoom-5119,train
16190659-dff5-4ef7-a96f-eb2b71f88a2a_MasterBedroom-4864,train
161cd2fc-819a-4b56-8802-b7cfb2f4e535_LivingDiningRoom-5117,train
161cd2fc-819a-4b56-8802-b7cfb2f4e535_MasterBedroom-809,train
1638a636-f721-497f-930e-d141752cd5c9_LivingDiningRoom-37405,train
1652d2f7-4a27-402e-8f22-0b0625256e8e_SecondBedroom-37176,train
1658b9ab-c1db-492f-8094-b12c44939e3d_Bedroom-88208,train
167cd3f9-810a-4d7e-b4a6-1ad0555bfd71_Bedroom-13315,train
1681706f-caa1-42c9-8898-93d182be64ea_MasterBedroom-24780,train
1681706f-caa1-42c9-8898-93d182be64ea_SecondBedroom-24808,train
168c24cf-f3fd-41bd-b5f5-348edb6358c7_Bedroom-13645,train
168c24cf-f3fd-41bd-b5f5-348edb6358c7_LivingDiningRoom-13594,train
16c0e506-c41b-4532-8293-1b15110c3919_MasterBedroom-13813,train
16dfc62a-fd35-41a2-9f8e-6b1c11dc1898_Bedroom-1205,train
16dfc62a-fd35-41a2-9f8e-6b1c11dc1898_LivingRoom-582,train
16ebc7a1-5845-4030-986a-a9469100d534_DiningRoom-17747,train
16ebc7a1-5845-4030-986a-a9469100d534_MasterBedroom-13874,train
170b48eb-5746-4cd6-b0da-cd6fb853765f_LivingDiningRoom-1354,train
170b48eb-5746-4cd6-b0da-cd6fb853765f_MasterBedroom-1339,train
171d6fc9-9991-413a-992c-6df01db113a9_MasterBedroom-12778,train
1738bb5e-a0d6-4820-ad10-f3c4bf9533e9_LivingDiningRoom-14929,train
173d8bac-a580-4cfc-9138-2a27aa020f52_LivingDiningRoom-14618,train
173d8bac-a580-4cfc-9138-2a27aa020f52_MasterBedroom-14637,train
173d8bac-a580-4cfc-9138-2a27aa020f52_SecondBedroom-11828,train
173fa696-64ac-4513-8154-48b16b633a3e_MasterBedroom-20647,train
174948c4-2519-4d82-bb1b-7784330d2fed_Bedroom-5024,train
174948c4-2519-4d82-bb1b-7784330d2fed_LivingDiningRoom-7707,train
174948c4-2519-4d82-bb1b-7784330d2fed_MasterBedroom-7015,train
17671175-6e0d-4c7e-959b-afa223d8a43f_MasterBedroom-16433,train
177baa22-21a7-4d8b-91df-a6934117160c_DiningRoom-18481,train
177baa22-21a7-4d8b-91df-a6934117160c_MasterBedroom-18383,train
177baa22-21a7-4d8b-91df-a6934117160c_SecondBedroom-18352,train
1782eaf5-0c55-4e71-8b4e-5d7ba361774a_MasterBedroom-15527,train
1789dde5-03d6-44c7-b244-ed0d7fc234b7_LivingDiningRoom-18578,train
1789dde5-03d6-44c7-b244-ed0d7fc234b7_MasterBedroom-18673,train
17a063ee-a39b-4aba-9f3b-508684dffac0_MasterBedroom-1170,train
17a063ee-a39b-4aba-9f3b-508684dffac0_SecondBedroom-555,train
17a0fd79-fcaf-463e-9b50-e0ef8bb60a3f_MasterBedroom-12178,train
17b0d207-79c5-448b-b649-5c9c708abc7f_MasterBedroom-3903,train
17b0d207-79c5-448b-b649-5c9c708abc7f_SecondBedroom-93585,train
17bd5f4b-4fd5-4952-94df-7374101c3516_Bedroom-12508,train
17bd5f4b-4fd5-4952-94df-7374101c3516_Bedroom-9783,train
17c88eb5-0b0d-4c01-8135-51bd3e7b7ce5_SecondBedroom-91744,train
17e306e9-d763-405c-b6b6-a418dfadecfd_LivingDiningRoom-232,train
17ebf486-2858-4fdd-8cf8-92779089a6ae_DiningRoom-35093,train
17fefead-db2b-4184-8c9e-f0237b700073_MasterBedroom-24604,train
181ecd38-5ccd-45e9-a7ec-2c79f5b58e07_MasterBedroom-14015,train
181fa1b2-dd7a-43c3-b09c-163924bb37de_LivingDiningRoom-758,train
1843ffd3-4865-4d1f-a4df-f30d063b08b6_Bedroom-1448,train
1843ffd3-4865-4d1f-a4df-f30d063b08b6_Bedroom-699,train
184bdd8c-cbe7-4f95-a444-65dc56d389e1_MasterBedroom-19310,train
184bdd8c-cbe7-4f95-a444-65dc56d389e1_SecondBedroom-19291,train
185365a1-a174-49cc-a82d-d17f469c7d09_SecondBedroom-55429,train
185d02b3-ca3f-40a9-a981-71ecb7944538_Bedroom-18055,train
185fd076-293f-489f-8072-2baffac5d879_LivingDiningRoom-5131,train
185fd076-293f-489f-8072-2baffac5d879_MasterBedroom-4676,train
18716b5c-cf26-4685-aa00-8896e8f5696d_Bedroom-21117,train
189b1d9b-894e-43b5-87be-c1b76cba3df4_SecondBedroom-19262,train
18abc0cb-4f4c-41fe-9faa-77bba613b781_LivingDiningRoom-698,train
18abc0cb-4f4c-41fe-9faa-77bba613b781_MasterBedroom-604,train
18e61c1d-d0e2-440b-a095-79acffaeebe4_LivingDiningRoom-15409,train
18e61c1d-d0e2-440b-a095-79acffaeebe4_MasterBedroom-15334,train
19071359-17b4-4d4d-a15e-33b90449ff30_MasterBedroom-51516,train
19298a68-3ba3-42d7-b5a4-49a3dbb0fa50_MasterBedroom-9810,train
19532cd1-e49f-4ab7-9f46-ae5f4286a3f1_LivingDiningRoom-4473,train
195f3e27-09e0-4c6a-bb7b-795544e7e350_MasterBedroom-54633,train
198eb9ec-9059-4e26-958e-dc8fb8187713_Bedroom-12864,train
198eb9ec-9059-4e26-958e-dc8fb8187713_MasterBedroom-15321,train
19937077-943b-4751-ac40-4eb60941a9e1_Bedroom-8446,train
199658c9-c2b1-4c98-aa80-807ab817c21f_SecondBedroom-66284,train
19967e98-8617-4944-be87-91eb9adb0a36_MasterBedroom-32234,train
19b584e7-b54c-4d1b-a6d1-c6a674519311_Bedroom-25069,train
19c91c8f-02fc-44d9-b275-84c32f0572ad_SecondBedroom-266050,train
19cccb78-90a9-4bcb-8fe0-76e92a94a35b_MasterBedroom-29148,train
19cccb78-90a9-4bcb-8fe0-76e92a94a35b_SecondBedroom-33314,train
19d7bc6d-e05c-4bf2-867d-eacb70390961_MasterBedroom-515,train
19e48746-a5c1-4223-842d-43e28ace0f97_MasterBedroom-10107,train
19ea6381-dbfe-4667-b1e0-5e3c71ddb12b_Bedroom-46146,train
19eb807e-29b0-4a67-a4d8-2faf8f60ea58_MasterBedroom-53904,train
19f89243-8169-4b3c-90c9-2cda483580cd_LivingDiningRoom-11244,train
19f89243-8169-4b3c-90c9-2cda483580cd_SecondBedroom-11216,train
19fe2f19-6a70-429f-ba6c-e2d02af52df1_SecondBedroom-26029,train
1a0c2b43-bb99-48e3-91ff-cac02daa791c_MasterBedroom-1448,train
1a1e205b-3f54-49fb-8154-e2d61c3682ae_Bedroom-1276,train
1a2853ed-7b80-419a-9707-7107959afeff_Bedroom-243932,train
1a336564-b639-4d0c-b57e-f1e4f0ffeee6_MasterBedroom-28365,train
1a73d0f5-0188-4b48-b50e-1f302b44fea4_MasterBedroom-102878,train
1a82a427-49cb-4394-b9d7-8ff02c42e18f_SecondBedroom-54345,train
1a8dbd8d-0025-4373-8b94-ee9dd9fa7295_SecondBedroom-34631,train
1a8dbd8d-0025-4373-8b94-ee9dd9fa7295_SecondBedroom-40509,train
1a93bbbb-3b94-41c1-bf0c-0c9f29fb6aba_Bedroom-19967,train
1a93bbbb-3b94-41c1-bf0c-0c9f29fb6aba_Bedroom-24070,train
1aa91215-cba7-4c40-8b37-6b21584b5924_MasterBedroom-12352,train
1ac5c316-3dc5-4ed2-8348-76715cfe4837_MasterBedroom-42154,train
1ad8463f-62b5-4b08-a438-904c10bfd435_SecondBedroom-15946,train
1af21af5-a873-492c-b201-c8d3eb4888b4_LivingRoom-728,train
1b09ec32-2b68-4fae-926f-eabe89582e58_Bedroom-32859,train
1b21fb55-10f7-47ac-bf69-4ea9b62b417f_Bedroom-43407,train
1b21fb55-10f7-47ac-bf69-4ea9b62b417f_Bedroom-43442,train
1b2b1023-3a1e-4540-b246-f6b57961df6d_MasterBedroom-10833,train
1b37464e-7502-4990-a740-b6eedc419c8f_SecondBedroom-53256,train
1b3ba9b2-797c-4fa5-9973-6d144bd5aa19_Bedroom-18499,train
1b5b1674-b4bb-4a39-85c2-60191dff763f_DiningRoom-18833,train
1b628313-1254-4608-847f-b68d3d081799_LivingDiningRoom-63837,train
1b628313-1254-4608-847f-b68d3d081799_MasterBedroom-63953,train
1b74b745-24a5-4119-96e8-2a852a9d1a05_Bedroom-32287,train
1b7d49e1-a3c0-4138-b865-c0a897903500_LivingDiningRoom-553,train
1b8df9c3-0d1f-429f-a278-6ee12808218c_Bedroom-936,train
1b992af9-4f3a-44e2-8544-fcfb3db76812_MasterBedroom-3857,train
1ba9ae7f-5074-4b11-9b38-43ea7e5ff693_SecondBedroom-38216,train
1bae485f-bd6f-402f-9aae-e08a729a148b_SecondBedroom-7873,train
1bb912af-497d-4200-831b-be4ac6d86d1f_Bedroom-37589,train
1bb9605f-fd81-45ef-a483-85c41038bc80_MasterBedroom-2035,train
1bba9cf8-9a17-4f76-9e40-b735f453aa32_Bedroom-60068,train
1bc22c85-3159-417c-a8cb-4e3788a0a0eb_LivingDiningRoom-61800,train
1bc22c85-3159-417c-a8cb-4e3788a0a0eb_MasterBedroom-58737,train
1bc22c85-3159-417c-a8cb-4e3788a0a0eb_SecondBedroom-59715,train
1bd03f57-711f-4152-82e4-a5968033fcac_Bedroom-29500,train
1bd5e2a8-54f7-4f90-ade4-2ea965db13c2_LivingDiningRoom-27644,train
1c36e327-2733-4f9d-a270-06c172052031_MasterBedroom-12767,train
1c5bf205-4c14-4e49-b6d0-b9b0684827ff_LivingDiningRoom-8814,train
1c6e161b-ac01-411c-9a60-dd5f6da0ec08_MasterBedroom-34278,train
1c815e3d-b8bc-42fa-944e-8278b7cd9acb_MasterBedroom-29660,train
1c815e3d-b8bc-42fa-944e-8278b7cd9acb_SecondBedroom-29739,train
1c924224-5cfa-4933-901f-596707001a91_SecondBedroom-116295,train
1c93896d-54d3-4fe2-b664-1b53c134e535_MasterBedroom-8778,train
1ca5a85e-9cac-41a6-b47f-bada85ea706f_LivingDiningRoom-13632,train
1ca5a85e-9cac-41a6-b47f-bada85ea706f_MasterBedroom-10862,train
1cc0fd55-1c5a-4885-a2de-f30c6d387353_DiningRoom-33249,train
1cc0fd55-1c5a-4885-a2de-f30c6d387353_LivingRoom-33324,train
1cc0fd55-1c5a-4885-a2de-f30c6d387353_SecondBedroom-33218,train
1cc33f5b-a9f0-4f6c-a859-25ccf28ddfab_MasterBedroom-275,train
1cca0bcf-bc1b-4f18-ad75-fbf53fbc226a_SecondBedroom-1216517,train
1ccbcde4-189b-4865-8b04-659aba5e308b_MasterBedroom-43075,train
1cd0db41-bcd9-4af7-a0be-cce5de62cc35_LivingDiningRoom-22096,train
1cd0db41-bcd9-4af7-a0be-cce5de62cc35_SecondBedroom-18593,train
1cdd5670-0523-46bb-8623-f9ad63f4c878_SecondBedroom-2103,train
1cf0b184-ec22-4fc9-bd59-e7c6f4c4a31c_Bedroom-252,train
1cf13668-24ae-4095-9983-634d71d5e065_MasterBedroom-43761,train
1cf94f82-50bc-4805-94d5-a8b52b66be31_LivingDiningRoom-54997,train
1cf94f82-50bc-4805-94d5-a8b52b66be31_MasterBedroom-53789,train
1cf94f82-50bc-4805-94d5-a8b52b66be31_SecondBedroom-54537,train
1d127f82-0a20-4417-b879-08d73f208a0a_SecondBedroom-26015,train
1d19e06d-bbe7-4d3d-a65b-60b3fe01b8a2_MasterBedroom-304,train
1d1d69da-23d2-45e6-a06f-1f5334e70bd5_Bedroom-14230,train
1d1d69da-23d2-45e6-a06f-1f5334e70bd5_DiningRoom-14211,train
1d3e057a-fdb4-4414-883f-b68776ee0763_MasterBedroom-38660,train
1d3e057a-fdb4-4414-883f-b68776ee0763_SecondBedroom-38751,train
1d43e076-fc80-4d55-a07d-1b7a8c6dc6e7_SecondBedroom-3382,train
1d481334-3f7f-4a41-8d8c-8c6e05a9ac10_MasterBedroom-16040,train
1d58e654-b0c2-4a5c-a1b1-ba34eb31b380_SecondBedroom-24855,train
1d611ea0-440f-429e-aec2-840708b60211_MasterBedroom-149227,train
1d7907ee-aa5a-4cdf-ab8b-1f4bcfc43901_LivingDiningRoom-3480,train
1d7a01b8-4621-4ac0-8d81-b1c8f0cedc98_MasterBedroom-20476,train
1d849540-8c29-45dc-a3c8-e086c1d31788_LivingRoom-30147,train
1d849540-8c29-45dc-a3c8-e086c1d31788_MasterBedroom-25285,train
1d89a45b-bb91-40af-9182-6dbb87517097_SecondBedroom-2259,train
1d8ac394-b21f-488b-b6c6-eac45a063b2a_SecondBedroom-12024,train
1da9156e-927b-42e0-a242-e13513e9fcad_SecondBedroom-59274,train
1db2e62e-6516-47da-bc4d-6469ba619d2f_LivingDiningRoom-1654,train
1db2e62e-6516-47da-bc4d-6469ba619d2f_MasterBedroom-1065,train
1db5d7ab-dbd2-442f-a8a2-10d4192db2bc_DiningRoom-26825,train
1dc74c70-21d3-40c6-8bd4-afb94dab934c_Bedroom-13239,train
1dc74c70-21d3-40c6-8bd4-afb94dab934c_SecondBedroom-16593,train
1e16532d-1ec8-42c6-a66f-ef21e31c22c1_MasterBedroom-7894,train
1e16532d-1ec8-42c6-a66f-ef21e31c22c1_SecondBedroom-8350,train
1e2d5644-9a07-4d9d-b801-e0a57c688856_SecondBedroom-52786,train
1e453f21-4757-48c0-9a50-6ffe47ef9925_SecondBedroom-100695,train
1e4c1b89-895e-4663-9469-f2e837fb39fd_SecondBedroom-118528,train
1e7966ed-1b5b-426b-aaef-395475df7dcd_MasterBedroom-151442,train
1ecf4f03-a7cf-4d84-b332-4d58894afd6b_Bedroom-75674,train
1ee30586-b6e2-4165-a2a3-7fafa7bc3284_MasterBedroom-30468,train
1ee30586-b6e2-4165-a2a3-7fafa7bc3284_SecondBedroom-30547,train
1f035474-4470-4bb1-b208-0d9339c23c2a_Bedroom-6915,train
1f077e24-2eca-43ca-bc92-1b36eab99467_MasterBedroom-181000,train
1f19c3ef-19eb-49a1-b57f-3ac0c078a4e9_SecondBedroom-37944,train
1f397944-0127-417c-aebc-397096d2614d_MasterBedroom-5562,train
1f44e5e7-2f9f-4a7e-a1f9-2424bf23e780_MasterBedroom-54208,train
1f54e60e-c8c2-437d-af36-75ca36438019_SecondBedroom-24295,train
1f564c0d-5012-4448-877e-52d8fe9d8cd2_SecondBedroom-12206,train
1f5872d3-0ec8-49f7-a821-d660c794ea4a_LivingDiningRoom-11325,train
1f5872d3-0ec8-49f7-a821-d660c794ea4a_SecondBedroom-11385,train
1f5d59ce-7227-4643-9540-21f8d90618a2_Bedroom-652,train
1f79806e-ecb3-4dbe-a569-74164ef37d2a_MasterBedroom-7150,train
1f79806e-ecb3-4dbe-a569-74164ef37d2a_SecondBedroom-11643,train
1fac355b-d197-42b9-ab5b-0184d712a0ce_SecondBedroom-22054,train
1fb04296-436f-4676-bd6c-b56fa9e31f05_LivingDiningRoom-21638,train
1fb04296-436f-4676-bd6c-b56fa9e31f05_MasterBedroom-15007,train
1fb8e3cb-c6be-4933-bcae-8e24c6c5fb61_MasterBedroom-10340,train
1fc77158-532c-4d98-b9c7-cedac33ccfda_MasterBedroom-30165,train
1fcf1995-3b40-4681-bffd-cdef049612a0_DiningRoom-6579,train
1fcf1b3d-d29b-478e-b944-9c8d58ca9aa2_Bedroom-17761,train
1fdb9840-5925-48a0-a307-4be1bc9b402b_MasterBedroom-16628,train
1fdb9840-5925-48a0-a307-4be1bc9b402b_SecondBedroom-4121,train
1fdd678a-5034-4c5d-b4aa-20e43178a86d_Bedroom-8995,train
1fea9ff4-18fe-4b4c-ba7e-2087d8124063_MasterBedroom-29281,train
200710c5-dab8-441c-b61c-bc1379424dfc_SecondBedroom-11300,train
201dac8c-a9e2-44bb-9755-5eeda7b8f26a_SecondBedroom-55438,train
20205262-153b-49b2-ae45-43f01c22e12f_MasterBedroom-26081,train
2024f6da-9111-4685-b98a-04d8b262003a_MasterBedroom-42805,train
2029fb99-c3ee-4050-981b-b8b8c7e5077b_MasterBedroom-83298,train
2029fb99-c3ee-4050-981b-b8b8c7e5077b_SecondBedroom-82001,train
2036d116-05fb-4c12-b9e9-8577f841e45d_MasterBedroom-6943,train
20386b47-8566-46dd-9c18-516dfa55bff5_MasterBedroom-3138,train
203e5f1e-3287-4675-9ad0-37b8810766d5_LivingRoom-16371,train
203e5f1e-3287-4675-9ad0-37b8810766d5_SecondBedroom-16390,train
203f67cf-e43d-4395-8bd6-75ce85fb2481_MasterBedroom-3935,train
203f67cf-e43d-4395-8bd6-75ce85fb2481_SecondBedroom-26455,train
205197ab-2552-4466-aa07-fdb2beb1f7ab_SecondBedroom-3558,train
206826dc-c962-4044-aa42-4709a4e1455c_MasterBedroom-20171,train
206d8aff-ccfc-4120-b5d8-d63c5578796e_SecondBedroom-1279,train
206ffdfc-12b9-4e0f-89f1-037aeb0e5007_SecondBedroom-11426,train
20a8c656-6fee-4f90-ac48-4aaeda4f2ce4_Bedroom-13067,train
20a90d60-1200-4a68-82dd-6fd1fd52655f_SecondBedroom-20455,train
20c675c6-5b9d-4f74-84af-adbe03e6897b_MasterBedroom-18435,train
20c9fb05-a1e3-4e28-b010-7e3dabd76507_MasterBedroom-42928,train
20eacf16-7515-43f7-a452-72e4e8ecef45_LivingRoom-3973,train
20faca61-454a-4383-85dd-950e333f4114_DiningRoom-68994,train
21220c2d-5f56-4abe-bc4c-e938ac42f75b_MasterBedroom-41970,train
21220c2d-5f56-4abe-bc4c-e938ac42f75b_SecondBedroom-36248,train
213cf747-e1bc-45cc-aa5c-3f20450abdcb_MasterBedroom-20681,train
21465c7c-7ddc-4b9c-9c12-feebdbf9cd1e_Bedroom-1784,train
21569333-a837-4228-9440-bfbaf37cd57e_DiningRoom-22384,train
21569333-a837-4228-9440-bfbaf37cd57e_MasterBedroom-69844,train
21569333-a837-4228-9440-bfbaf37cd57e_SecondBedroom-15424,train
2160a773-b01f-4521-9771-c8dcb024f203_Bedroom-4046,train
2160a773-b01f-4521-9771-c8dcb024f203_DiningRoom-11145,train
217a37c6-075b-4f4c-a0ab-196e07bb5f3d_MasterBedroom-52550,train
217a37c6-075b-4f4c-a0ab-196e07bb5f3d_SecondBedroom-52584,train
219a8aab-25f7-4ea0-a9d2-345fd362ad9b_SecondBedroom-3496,train
21a0379d-e657-4b7b-80f1-2aa4554d7d80_MasterBedroom-142318,train
21a2b6a2-7126-4727-bf72-68e5f6b57c6b_MasterBedroom-871,train
21a2b6a2-7126-4727-bf72-68e5f6b57c6b_SecondBedroom-860,train
21b83dd7-a159-4471-aa41-8ca48a4ace1e_MasterBedroom-10120,train
21b83dd7-a159-4471-aa41-8ca48a4ace1e_SecondBedroom-10142,train
21bce930-fd0c-4ef3-be2d-6cdd5bb3a8c7_SecondBedroom-8820,train
21c3b027-c6b7-480c-9933-d519eefab02d_LivingDiningRoom-2575,train
21c3b027-c6b7-480c-9933-d519eefab02d_MasterBedroom-2401,train
21e417a7-6b31-4ce8-9e37-5423b081777f_MasterBedroom-15724,train
21e417a7-6b31-4ce8-9e37-5423b081777f_SecondBedroom-15655,train
21ed5c27-b951-407a-a450-754d4af932b8_SecondBedroom-258,train
22029510-ee86-4d46-9182-b4f56a0d8f91_Bedroom-6820,train
22029510-ee86-4d46-9182-b4f56a0d8f91_DiningRoom-10559,train
222602e0-a430-45a8-9b70-928d8bf3ba71_DiningRoom-26294,train
225aa50d-aac7-4eb5-8a24-800a80d27d50_MasterBedroom-4030,train
22690830-2a2d-4265-87ae-0a3f4957d085_Bedroom-63480,train
22690830-2a2d-4265-87ae-0a3f4957d085_DiningRoom-70428,train
228237d8-0328-42e7-af23-e400fe003092_Bedroom-36219,train
228237d8-0328-42e7-af23-e400fe003092_Bedroom-40470,train
228237d8-0328-42e7-af23-e400fe003092_LivingDiningRoom-40391,train
22843330-f141-4cb6-8ce6-8b32b56388ba_SecondBedroom-9822,train
228b0998-2bb2-4c11-844d-de1382aa9182_Bedroom-17082,train
228b0998-2bb2-4c11-844d-de1382aa9182_Bedroom-17101,train
22915111-742a-4bf0-8fb3-021b97bbe614_DiningRoom-1436,train
22957273-2fd9-4ef8-a4bc-6146cf737218_Bedroom-27284,train
22957273-2fd9-4ef8-a4bc-6146cf737218_Bedroom-27600,train
22957273-2fd9-4ef8-a4bc-6146cf737218_Bedroom-28183,train
22993c56-81b4-49c2-b0d5-3d5a0565067b_DiningRoom-85692,train
22993c56-81b4-49c2-b0d5-3d5a0565067b_MasterBedroom-85470,train
22a9347f-33e4-4e68-94d6-fddd0786f95b_MasterBedroom-14005,train
22a9347f-33e4-4e68-94d6-fddd0786f95b_SecondBedroom-14024,train
22ab3b63-db92-4737-bdca-6aeaa111e541_MasterBedroom-11265,train
22ab3b63-db92-4737-bdca-6aeaa111e541_SecondBedroom-11179,train
22c65012-8fca-41cd-a317-051b9658a950_SecondBedroom-1143,train
22de98d5-60fc-4c5f-92e3-d589af0c57df_MasterBedroom-514,train
22eb02bc-5982-4ebe-9575-47902632e022_LivingDiningRoom-23611,train
22eb02bc-5982-4ebe-9575-47902632e022_LivingRoom-8582,train
22eb02bc-5982-4ebe-9575-47902632e022_SecondBedroom-8475,train
22faf1bf-263a-444d-971e-2931dd27acc9_DiningRoom-5313,train
22ff7a9f-b05a-445f-9b6d-61fa00adcf09_MasterBedroom-12040,train
22ff7a9f-b05a-445f-9b6d-61fa00adcf09_SecondBedroom-8043,train
2311eda9-dcda-45fb-89c3-0c068ed74b9c_MasterBedroom-23692,train
23172eea-a923-4c67-ad1a-0738bedef84d_LivingDiningRoom-22775,train
231936d0-34da-479b-a958-cad27e9db00f_LivingDiningRoom-3047,train
23332f94-e456-4e6e-b308-aa13e69b9c47_SecondBedroom-11204,train
234635d0-a5cd-4544-85cf-ab9acd974978_Bedroom-75221,train
234635d0-a5cd-4544-85cf-ab9acd974978_DiningRoom-77348,train
234635d0-a5cd-4544-85cf-ab9acd974978_LivingRoom-77421,train
234f5661-8d9e-499b-ae27-ee5dfe702e56_MasterBedroom-33779,train
234f5661-8d9e-499b-ae27-ee5dfe702e56_SecondBedroom-40147,train
23608ced-9c2c-4d17-b7a8-4e3656d2acca_MasterBedroom-20130,train
236523ba-f956-45c5-b527-94ac5de67aea_Bedroom-5817,train
2383a24b-483b-4011-87fb-8e2c89202f78_MasterBedroom-12108,train
2383a24b-483b-4011-87fb-8e2c89202f78_SecondBedroom-12073,train
23a588bb-3870-405a-a226-293c1c170611_Bedroom-4604,train
23a5fa77-0aa5-45f4-8399-3265005b1def_Bedroom-102143,train
23a5fa77-0aa5-45f4-8399-3265005b1def_LivingDiningRoom-106046,train
23aae785-c0bc-4645-9e64-fdea78c42e2d_MasterBedroom-89411,train
23aae785-c0bc-4645-9e64-fdea78c42e2d_SecondBedroom-88275,train
23b0def1-e853-43de-89c8-be709b6f9f1c_LivingRoom-3203,train
23b1facb-b178-4875-86c3-1a2a853a3dae_MasterBedroom-14546,train
23b1facb-b178-4875-86c3-1a2a853a3dae_SecondBedroom-14527,train
23c4cd36-eee4-4bd4-93c8-0b07d192d1ef_DiningRoom-20887,train
23c4cd36-eee4-4bd4-93c8-0b07d192d1ef_MasterBedroom-20776,train
23f42f25-fdc1-4897-8905-c60a4545e404_MasterBedroom-4089,train
2450e37d-483a-4504-8379-063a0e9035d2_MasterBedroom-16095,train
245f332a-ca6e-43e4-9d9f-fb3e03598b4e_LivingRoom-61164,train
2463f2a4-6b9d-4410-9d93-a2415fdffd86_MasterBedroom-21684,train
247908e3-d84d-4743-9e31-a783464dd4ec_Bedroom-42376,train
2479eff0-7d6e-4657-8de9-f0f9358f342a_MasterBedroom-52196,train
249bbe46-04df-4781-ad1a-dd7a60bfccb0_SecondBedroom-8497,train
24caaf37-afd3-4cc9-84b5-f27e9cf84d8a_LivingDiningRoom-35029,train
24caaf37-afd3-4cc9-84b5-f27e9cf84d8a_SecondBedroom-34979,train
24cbb52c-4daf-417f-a324-0e9a055272a9_Bedroom-13369,train
24dda742-a73b-48ec-af54-f30e11a17e55_SecondBedroom-130,train
2509242c-0b79-417b-9c1b-9ce1f735ac2f_SecondBedroom-20952,train
2513701f-f5ab-41b5-9d0b-af10956551bf_DiningRoom-12866,train
251ddd5b-6646-414d-9361-7a93ff46ed46_LivingDiningRoom-4316,train
25235b9f-c9cc-4dca-ac4c-69614e46e9a9_MasterBedroom-196,train
256d7c62-a550-4dd1-a57b-541a2260bff2_DiningRoom-9824,train
256d7c62-a550-4dd1-a57b-541a2260bff2_LivingRoom-7264,train
256dea7e-cb60-4f23-abb9-fd0104445c00_MasterBedroom-6844,train
256dea7e-cb60-4f23-abb9-fd0104445c00_SecondBedroom-6797,train
257c8ee4-5e27-4da9-b54c-48a476bedb5b_MasterBedroom-13519,train
257c8ee4-5e27-4da9-b54c-48a476bedb5b_SecondBedroom-13353,train
257d6d2c-8251-4f06-8880-7ec5cfff78fa_SecondBedroom-36965,train
25886cb8-4b26-4354-b331-d3ccbbb37b10_MasterBedroom-1288,train
25886cb8-4b26-4354-b331-d3ccbbb37b10_SecondBedroom-1018,train
258948d9-50d8-4c90-a6f4-d9d1072e45bb_DiningRoom-71866,train
258948d9-50d8-4c90-a6f4-d9d1072e45bb_LivingRoom-9117,train
258948d9-50d8-4c90-a6f4-d9d1072e45bb_SecondBedroom-9070,train
258b12fb-08e1-43df-a3dd-d88793d32621_LivingDiningRoom-35273,train
25a7b45c-961d-475a-8969-9c00b0e7d021_Bedroom-116156,train
25b989a3-3bc5-45fb-93a9-7d9c52217e15_MasterBedroom-12220,train
25b989a3-3bc5-45fb-93a9-7d9c52217e15_SecondBedroom-12283,train
25ce1678-b167-4e71-8cd6-f7d4425e6d35_MasterBedroom-22264,train
25d44eea-b095-4d54-9b55-775a600d57bb_SecondBedroom-27194,train
25eb39fd-8bd2-4fa9-96ea-5f626dbd04a4_MasterBedroom-1683,train
25f3c57b-baa1-41d3-95eb-bf0b176823f9_MasterBedroom-9119,train
25f3c57b-baa1-41d3-95eb-bf0b176823f9_SecondBedroom-9100,train
26018cad-b5fe-42cb-9032-9e5a14b45c55_Bedroom-24236,train
26146707-fd21-4520-b1fb-2ff93b2560e3_LivingDiningRoom-15610,train
2615ddc5-6763-47c0-84a9-b2fe790662c2_MasterBedroom-537,train
2615ddc5-6763-47c0-84a9-b2fe790662c2_SecondBedroom-2279,train
261774c0-9480-40b3-a85a-4804c96ea443_MasterBedroom-132469,train
261774c0-9480-40b3-a85a-4804c96ea443_SecondBedroom-131661,train
26387a08-3ebc-4638-83cd-33150de9f17a_LivingDiningRoom-29614,train
26387a08-3ebc-4638-83cd-33150de9f17a_MasterBedroom-26153,train
263d93fc-42cc-45b2-9149-aa9feda6654d_MasterBedroom-11787,train
26771dc0-2868-4ef9-833f-36d046a91df9_MasterBedroom-30872,train
26771dc0-2868-4ef9-833f-36d046a91df9_SecondBedroom-30951,train
267ab0f0-2d01-4539-a5b8-d32b78bbb0f3_MasterBedroom-12753,train
267ab0f0-2d01-4539-a5b8-d32b78bbb0f3_SecondBedroom-12671,train
26978a48-eab2-444c-9a0b-2fbfb1ace40c_MasterBedroom-1003,train
26978a48-eab2-444c-9a0b-2fbfb1ace40c_SecondBedroom-2176,train
26abcff9-1d9d-4a8f-8ae8-71d542b54548_LivingDiningRoom-4154,train
26b72959-5261-49ef-ba2f-566c0982dce4_Bedroom-10941,train
26b72959-5261-49ef-ba2f-566c0982dce4_Bedroom-13131,train
26bc9037-7ff2-477b-b80a-08befb9d261e_Bedroom-19384,train
26bc9037-7ff2-477b-b80a-08befb9d261e_LivingDiningRoom-18908,train
26c70049-0c0a-4726-a1d0-f488da44d1ef_Bedroom-35061,train
26cdfa24-043c-4bef-94d1-04d37481505f_MasterBedroom-6737,train
26ede85c-343c-47a4-a84d-6afa5dbae091_LivingDiningRoom-12169,train
26eef880-4f22-4cb1-9166-5f52a331834c_DiningRoom-3460,train
26eef880-4f22-4cb1-9166-5f52a331834c_MasterBedroom-627,train
27127091-beea-4597-807f-83a71d05b3ac_Bedroom-6033,train
272aba14-9733-4bc1-8ee1-88c4d289fd80_SecondBedroom-1427,train
274ef293-2cf8-4c9a-8125-814f91d0bc83_SecondBedroom-879,train
27530db7-0db0-437d-9ca9-12e753d201ab_MasterBedroom-11589,train
276db613-fc04-47be-b52f-f417d86ec465_MasterBedroom-3943,train
27871446-7da7-4557-b554-dca744d3ea87_LivingDiningRoom-4585,train
27871446-7da7-4557-b554-dca744d3ea87_MasterBedroom-37895,train
27c7f794-45cd-48b8-a5fa-78f8780131f7_SecondBedroom-38398,train
27d57b61-d1f5-4551-9fcd-c5a36529f170_MasterBedroom-86447,train
2815915a-e5d6-4c4b-9d38-f1e4c72ab476_Bedroom-6294,train
282c3591-6893-4980-a521-98a540d9c3d0_LivingDiningRoom-2166,train
285b3ba8-3c18-44ae-8d99-6601d44d1ab7_MasterBedroom-15131,train
285c4223-33b2-4309-a265-59e3e1430a6c_Bedroom-5993,train
2882c0c9-cf09-446e-83b3-9c0fe19601f5_SecondBedroom-52968,train
288e0e0d-63cb-4aa4-83ce-836128375eaa_MasterBedroom-20327,train
28a0cc8c-1f94-483f-9664-a49f7a804c40_LivingDiningRoom-118815,train
28b5e0bd-6017-4298-88da-7af8d5a521a1_Bedroom-32115,train
28b6a05c-0f26-4af4-8c3c-4ac7a0448c72_MasterBedroom-13651,train
28d091d1-a89f-45b5-b978-4b0c77a0dd14_SecondBedroom-1762446,train
28d8d63b-95bb-4993-bdf1-e1da13115118_MasterBedroom-104323,train
29008880-a914-4152-9397-c417745998d7_Bedroom-29259,train
291a73b2-97b3-4089-8f0c-6751ac724bb2_MasterBedroom-294,train
29281ba9-137b-491f-a9ea-1b51822c4caf_MasterBedroom-42455,train
292d569e-d219-4460-957d-4652a488aaa9_Bedroom-1853,train
296674d1-43cb-468f-a25c-9c1b82ab4318_MasterBedroom-1851,train
29ac53f9-61fe-4397-96ae-b33522d292ae_MasterBedroom-22041,train
29ac53f9-61fe-4397-96ae-b33522d292ae_SecondBedroom-22098,train
29d13cd2-df94-4a2c-b690-725301e3f32a_MasterBedroom-53935,train
29d6297d-aa35-4a6e-afef-534b89943229_MasterBedroom-20766,train
29f0cde3-b19e-4b18-92b0-1e33ed59b304_Bedroom-1093,train
29f92b53-a723-41c9-992c-1d146ce542a7_Bedroom-6993,train
29fa37ed-8b21-43fc-a3bf-c079b1833f6f_LivingDiningRoom-33482,train
29ff87b6-35d4-4333-b2ad-17f37ee8bdae_LivingDiningRoom-113137,train
2a001497-73d9-4172-a89a-90ce19d94ed2_MasterBedroom-2355,train
2a28ddb9-f126-4480-a098-de099efdc87a_MasterBedroom-4847,train
2a4d6f1a-5f28-4cba-8895-a0221e4f3dee_MasterBedroom-23537,train
2a655d00-ddf8-4b46-a3d6-bb8c60971e68_SecondBedroom-33477,train
2a6c3151-0e15-42e4-878a-e890e9a9d946_LivingDiningRoom-1243,train
2a6c3151-0e15-42e4-878a-e890e9a9d946_MasterBedroom-11867,train
2a6c3151-0e15-42e4-878a-e890e9a9d946_SecondBedroom-12408,train
2a6d5f03-79ed-4fde-83c4-1548ef7082d0_SecondBedroom-7017,train
2a77be2c-c48a-4fd1-b27e-c0153673f884_MasterBedroom-19001,train
2a77be2c-c48a-4fd1-b27e-c0153673f884_SecondBedroom-14518,train
2a954c43-f0a7-446d-8f1b-769b28adfdf8_LivingDiningRoom-7363,train
2aabe005-d9d1-4b73-80a2-21fa2fad8c6f_LivingRoom-29294,train
2aaecec7-63e5-46cc-bc6e-5a78282af3b4_LivingRoom-60895,train
2ad0682d-77c6-420a-bc7c-157447bc6481_MasterBedroom-76652,train
2b1ad3e7-91ce-4447-a950-656a6204d756_DiningRoom-154097,train
2b212f2f-0b17-42da-9977-ab31ded5c699_Bedroom-343,train
2b2d0238-534a-46bd-95f6-2e45a098de5e_MasterBedroom-935,train
2b49ac86-df1a-4cf4-b9d7-44b588d1d594_Bedroom-522,train
2b49ac86-df1a-4cf4-b9d7-44b588d1d594_LivingDiningRoom-201,train
2b4ad8be-6aad-48a7-b7cb-5f48463a5aea_Bedroom-86755,train
2b7bbd2f-8e66-45af-bfda-8ccec86cf64d_MasterBedroom-12325,train
2b7bdb1f-48bf-4987-a420-b3887e7c4a2c_LivingDiningRoom-46222,train
2b9f82e4-d37a-44bc-949a-c61464bb5b12_Bedroom-33188,train
2be2628f-bec8-4217-9660-805b1c8a1baa_SecondBedroom-140986,train
2befd25c-4ad6-4d8d-a817-85f69d9e1197_MasterBedroom-78759,train
2c1b1eb9-e5ce-4cdb-815e-32d3b6e8ca4f_SecondBedroom-50464,train
2c213709-c572-4f58-92c8-d2a42199314a_SecondBedroom-2311,train
2c324317-0e3e-488a-a456-37fcd2cd90df_Bedroom-88515,train
2c324317-0e3e-488a-a456-37fcd2cd90df_LivingRoom-88888,train
2c36d890-0d02-438e-9dfc-b817f31c3f44_Bedroom-17400,train
2c36d890-0d02-438e-9dfc-b817f31c3f44_MasterBedroom-17448,train
2c55e5c8-0ec5-4f98-b0cc-1c6dd0418815_MasterBedroom-13916,train
2c55e5c8-0ec5-4f98-b0cc-1c6dd0418815_SecondBedroom-14044,train
2c6130fe-0d6d-4b7c-a496-e211c5c8a75a_MasterBedroom-20798,train
2c64981c-1d61-49a9-9e5b-2c49888a9099_Bedroom-83360,train
2c693484-0e24-48ef-9b64-b41633a35bf6_MasterBedroom-470,train
2c987637-94e6-47e2-829b-4816f919a3dc_MasterBedroom-9477,train
2c987637-94e6-47e2-829b-4816f919a3dc_SecondBedroom-8018,train
2ce51e58-c45f-424d-b333-5b56d1641f68_MasterBedroom-26907,train
2ce51e58-c45f-424d-b333-5b56d1641f68_SecondBedroom-26863,train
2cfba055-1bf9-49ee-a012-e7729b2e3c7f_LivingDiningRoom-126850,train
2d2070db-89e5-4ade-84e5-0f446ee02e27_Bedroom-10640,train
2d38c33c-6311-4497-b68e-018b544912a2_Bedroom-10786,train
2d424221-26f3-472e-9ea1-c7c11a1fb796_LivingDiningRoom-1446,train
2d424221-26f3-472e-9ea1-c7c11a1fb796_SecondBedroom-1891,train
2d485e95-fb65-44eb-ba85-0de22a0b80f6_LivingDiningRoom-152170,train
2d4dceda-1875-4f72-9bbf-d12cb8d9c7a6_Bedroom-124,train
2d4dceda-1875-4f72-9bbf-d12cb8d9c7a6_Bedroom-517,train
2d50e51d-fb9f-4464-836c-f9f2b269cbea_SecondBedroom-10368,train
2d5c6029-ecfd-454a-969a-af5bafd30e3f_LivingDiningRoom-23254,train
2d5c6029-ecfd-454a-969a-af5bafd30e3f_MasterBedroom-24185,train
2d728150-ecd3-4648-b584-68de8e9f9a89_SecondBedroom-119762,train
2d734555-b563-4d64-8d48-a5bf8cef7d75_MasterBedroom-36745,train
2d734555-b563-4d64-8d48-a5bf8cef7d75_SecondBedroom-30670,train
2d821cac-8858-4661-bdce-4ef65f59af0e_SecondBedroom-5349,train
2da2523f-1852-4a2a-9809-37dba6c8b959_MasterBedroom-14596,train
2db22595-4053-4976-93c3-244fc17a0cbf_MasterBedroom-46100,train
2dcff54f-32ee-4427-9187-5dc5ac80f26c_SecondBedroom-8016,train
2de27e8e-9388-4c17-8760-a8bdbe23931b_MasterBedroom-30887,train
2e03c81c-fc03-472c-91c8-025217a1ef58_Bedroom-207892,train
2e03c81c-fc03-472c-91c8-025217a1ef58_Bedroom-208237,train
2e173d63-1462-4df1-938a-11415d0662f9_MasterBedroom-5264,train
2e173d63-1462-4df1-938a-11415d0662f9_SecondBedroom-5283,train
2e1c9079-14c8-4459-8831-b63eef7883c8_Bedroom-14501,train
2e1c9079-14c8-4459-8831-b63eef7883c8_LivingDiningRoom-14772,train
2e3dc383-7463-471b-a083-5c74edc8cc8b_Bedroom-70215,train
2e4fd266-4688-4343-896d-61b28ad746f0_Bedroom-13247,train
2e6f78b9-74f5-4273-adfe-6d07f1cf115c_DiningRoom-19847,train
2e6f78b9-74f5-4273-adfe-6d07f1cf115c_MasterBedroom-19652,train
2e6fc977-82f9-4a00-9501-9d6a0c30911b_SecondBedroom-2743,train
2ea5c247-dd92-4e06-a1c1-3cb9ee376c13_Bedroom-766,train
2ea863a1-3dc9-4c00-8cb4-dc4b19c40589_MasterBedroom-13158,train
2ec90c50-4ece-40be-bb69-a2150a4678a9_SecondBedroom-78515,train
2ed23edd-aebf-4fdc-bbe5-660409e5ae00_LivingDiningRoom-11161,train
2ed33be0-a360-4da2-99cd-fe2437967071_MasterBedroom-16950,train
2ed67650-9178-4ba8-b112-94a8893cb278_Bedroom-25908,train
2eda727a-ae93-4af9-bf12-4104825a19d6_LivingRoom-6833,train
2eda727a-ae93-4af9-bf12-4104825a19d6_MasterBedroom-6887,train
2eeb434c-855e-4298-a8d5-29b1ca838608_SecondBedroom-5811,train
2ef0b2f0-4df2-4bc3-8312-f378e49d89a7_MasterBedroom-16935,train
2ef0b2f0-4df2-4bc3-8312-f378e49d89a7_SecondBedroom-16870,train
2f02d9e6-8490-47a6-bcdb-2f2f99ac8294_MasterBedroom-5710,train
2f0b781b-d111-40ad-8881-68e7f9a68e67_LivingDiningRoom-61958,train
2f0f2f3a-5c75-47fe-8a44-494e9a5598a6_Bedroom-28090,train
2f2433ee-e2cc-416e-8127-f5abd01550b2_MasterBedroom-267972,train
2f2433ee-e2cc-416e-8127-f5abd01550b2_SecondBedroom-268980,train
2f2aea48-6acc-4236-bf29-b2b9e450557c_LivingDiningRoom-132916,train
2f2aea48-6acc-4236-bf29-b2b9e450557c_MasterBedroom-132843,train
2f47a9b4-2f26-4c54-9e85-fb78df28c1b1_SecondBedroom-17691,train
2f51aa40-46cb-43e4-b929-b18926ef86af_SecondBedroom-8325,train
2f5fc1b6-c9d2-4388-a8ed-b2144f30781f_Bedroom-56759,train
2f66749c-c9a5-4cac-95e0-16672d074cde_Bedroom-4142,train
2f9fc349-3878-448e-8f34-c3660a3bf106_MasterBedroom-4381,train
2f9fc349-3878-448e-8f34-c3660a3bf106_SecondBedroom-4103,train
2fca4177-ee2b-4165-aad6-3ad38d344655_SecondBedroom-10225,train
2fee88c4-7d23-4a57-ac24-ad3c1eefb992_LivingDiningRoom-6295,train
2fee88c4-7d23-4a57-ac24-ad3c1eefb992_MasterBedroom-9934,train
2fee88c4-7d23-4a57-ac24-ad3c1eefb992_SecondBedroom-4082,train
30054695-4a17-4698-a482-06047262a526_LivingDiningRoom-6746,train
300a30a0-69d3-46c3-99ae-98cc2665ea28_Bedroom-35152,train
300a30a0-69d3-46c3-99ae-98cc2665ea28_MasterBedroom-35272,train
30157c7f-112e-4fdc-870a-2e48a372c3a1_MasterBedroom-31461,train
30157c7f-112e-4fdc-870a-2e48a372c3a1_SecondBedroom-8691,train
3016ecbb-ddfd-4a33-a2db-0245e539ac6e_SecondBedroom-25516,train
30249602-dae4-41e3-9abf-2b505492787b_MasterBedroom-5452,train
30365113-99d7-4c1c-b4a4-19a20b566ba3_MasterBedroom-3269,train
3036ad25-dfe4-469b-9ab9-3fec36c348e8_MasterBedroom-10543,train
3036ad25-dfe4-469b-9ab9-3fec36c348e8_SecondBedroom-10500,train
305d3251-8f1e-4cca-9227-011187146d89_LivingRoom-69073,train
305d3251-8f1e-4cca-9227-011187146d89_SecondBedroom-69136,train
30676bda-6d34-4efc-a32d-3f13f19ba2d7_Bedroom-12002,train
3080f4d4-c02f-4a2c-82b0-d24677fd59a9_Bedroom-28795,train
30b4457b-420a-4c1b-b951-b589e741229c_MasterBedroom-27377,train
30b4457b-420a-4c1b-b951-b589e741229c_SecondBedroom-83138,train
30c0c5d6-30c7-43fc-95b1-e7424df97d77_Bedroom-46399,train
30c0c5d6-30c7-43fc-95b1-e7424df97d77_Bedroom-46540,train
30c0c5d6-30c7-43fc-95b1-e7424df97d77_Bedroom-47437,train
30f12fbf-3033-4c68-878c-497d0251b75a_SecondBedroom-58235,train
30f2574f-dd2d-4e97-a937-dce8be2af98e_LivingDiningRoom-118911,train
30f2574f-dd2d-4e97-a937-dce8be2af98e_MasterBedroom-118964,train
31067a38-bcda-4496-9cbf-f0d8e538ed7e_LivingRoom-12203,train
31067a38-bcda-4496-9cbf-f0d8e538ed7e_MasterBedroom-15309,train
31134f8d-e819-4619-bb54-a19e5f54073f_Bedroom-3651,train
311508e8-72de-4e63-bb1c-439f85f11bbd_MasterBedroom-2605,train
312b2349-10f9-4ff3-bbee-ae179761c21d_DiningRoom-7217,train
312b2349-10f9-4ff3-bbee-ae179761c21d_MasterBedroom-7098,train
312c3afe-ae86-4823-b67e-292660fc85f8_SecondBedroom-739,train
3148a6a4-60e2-441e-a1d8-5d1ba681f11e_Bedroom-171,train
315408d8-5cf4-4e47-a59d-f054282e8119_LivingRoom-104297,train
315c503f-8ff6-4359-9c0a-321b144e89b9_MasterBedroom-144863,train
31669d15-2f3f-4f8e-b155-569ccba2c33b_Bedroom-67513,train
31669d15-2f3f-4f8e-b155-569ccba2c33b_Bedroom-68021,train
3186dc14-6778-4412-8792-68bbc2dae22a_MasterBedroom-2363,train
3187cbc7-4da1-4ae6-811a-96adc72cb1d2_LivingDiningRoom-18022,train
3187cbc7-4da1-4ae6-811a-96adc72cb1d2_MasterBedroom-18110,train
3187cbc7-4da1-4ae6-811a-96adc72cb1d2_SecondBedroom-18044,train
31bc6da9-67c9-4b81-b046-bc5752296b30_Bedroom-110,train
31c76e1b-92f5-402a-8685-63a845bc6c6c_MasterBedroom-2224,train
31c76e1b-92f5-402a-8685-63a845bc6c6c_SecondBedroom-714,train
31d93b50-3d5d-4962-ab4e-d92c0249ec74_MasterBedroom-10211,train
31d93b50-3d5d-4962-ab4e-d92c0249ec74_SecondBedroom-27170,train
320753f3-80d9-4237-9f59-38c4201a2782_Bedroom-2207,train
320753f3-80d9-4237-9f59-38c4201a2782_Bedroom-6012,train
320753f3-80d9-4237-9f59-38c4201a2782_DiningRoom-5417,train
320753f3-80d9-4237-9f59-38c4201a2782_SecondBedroom-591,train
320dc0a4-0acf-4880-97c5-33273d37bd93_Bedroom-21192,train
32216876-8786-4e76-a06c-bce05e2192e2_SecondBedroom-1309,train
32320a79-b44d-45cf-8742-a654a5348bba_LivingDiningRoom-53384,train
32320a79-b44d-45cf-8742-a654a5348bba_MasterBedroom-53441,train
324e4fe5-cbcb-46f7-9dd3-64549d0eb3a1_SecondBedroom-116,train
324e817c-96c3-43c0-a96d-70b8c8a35f6f_MasterBedroom-91485,train
326567e9-39d0-4dd4-ad64-acd6e6b1d97d_MasterBedroom-17579,train
326567e9-39d0-4dd4-ad64-acd6e6b1d97d_SecondBedroom-17713,train
328ada87-9de8-4283-879d-58bffe5eb37a_LivingDiningRoom-5343,train
329d1cda-829b-48bb-8636-e5336b0a1a89_LivingDiningRoom-88963,train
329d1cda-829b-48bb-8636-e5336b0a1a89_MasterBedroom-87130,train
329e33f3-ed03-4147-9389-c3573e7e54b7_MasterBedroom-2118,train
329e33f3-ed03-4147-9389-c3573e7e54b7_SecondBedroom-1059,train
32b648a3-a703-4639-ab84-deb1da43793e_MasterBedroom-1709,train
32b648a3-a703-4639-ab84-deb1da43793e_SecondBedroom-3549,train
32d5a1b3-0c2e-4c94-8f41-b9da95f8118a_Bedroom-22265,train
32df6926-37aa-4cb3-81fc-09861a386136_MasterBedroom-28468,train
32e2ecf8-5bf6-47d2-8b7d-6a57655d2dd8_MasterBedroom-18875,train
3302e0fc-33e4-47b4-8303-88616dca641b_Bedroom-5673,train
3302e0fc-33e4-47b4-8303-88616dca641b_Bedroom-6144,train
33107872-d240-44a2-93dd-66cd02757db6_LivingRoom-5732,train
33253f91-fb29-4a9e-aec7-42e3cf96b25a_LivingDiningRoom-107,train
3332e155-0105-4d97-937a-b7a64daedb40_MasterBedroom-71406,train
33353657-e2ec-4ebd-8eac-362c0d3ecfcc_MasterBedroom-6536,train
333c205b-df97-4ff8-a657-2314392bb5be_Bedroom-4321,train
333c205b-df97-4ff8-a657-2314392bb5be_MasterBedroom-5794,train
334e4726-e94f-4689-8a73-85e93072f13a_Bedroom-53458,train
334e4726-e94f-4689-8a73-85e93072f13a_LivingRoom-52940,train
33635b59-7c01-4e50-8c68-a401b3563182_LivingDiningRoom-10681,train
337ca42e-c680-4e47-b36e-16a4cc7090ff_Bedroom-98387,train
337dfa6c-11ad-4710-853a-24db35898c81_LivingDiningRoom-6485,train
339e454d-b3a8-4de8-97e8-cfc8aa37cca4_SecondBedroom-2080,train
339e4d0f-096a-4453-be12-5a730e71e6aa_MasterBedroom-15718,train
33c06ec4-aaa3-40cf-8498-e8549285ab8d_SecondBedroom-14072,train
33e62338-9681-4fa0-9ffd-edb64d988f63_LivingRoom-2104,train
33ed8cde-22ec-495f-bbe9-fe35fe87c76b_Bedroom-3895,train
33ed8cde-22ec-495f-bbe9-fe35fe87c76b_Bedroom-3920,train
33fabe16-27bd-473f-b361-5904fb1c8baa_LivingDiningRoom-11695,train
3436d038-1d66-4ee8-bbbe-89ed6a9f8ed9_MasterBedroom-13508,train
347d6023-0450-4d6f-afa4-05345777cff2_MasterBedroom-1409,train
347dcefd-c4ad-4d24-b9fa-88bd5573ed5e_MasterBedroom-1071,train
34881046-5866-4a55-bc9e-93445a22c8bf_MasterBedroom-8184,train
34b6d12a-ce09-450f-be92-9c59ecf1c10a_Bedroom-931,train
34dd0565-e998-4953-b094-2adb6b90e240_SecondBedroom-3449,train
34e89b75-9f56-41ba-8e65-d0a8002e5fe1_Bedroom-37409,train
34ea0f40-d9c2-4207-862f-7d3cc641728f_LivingRoom-22322,train
34fa0d95-9e58-49dc-9f98-2c4554be7700_MasterBedroom-6803,train
34ffd30a-32a4-4db0-aeaf-0fc61afec7e0_MasterBedroom-37219,train
3500ee27-9a9d-451f-b191-46e5540d8374_SecondBedroom-1494,train
35033c21-ccdb-4e41-b701-f5df9e0d90d7_Bedroom-12109,train
35033c21-ccdb-4e41-b701-f5df9e0d90d7_LivingDiningRoom-12058,train
350388e2-7c93-45e9-bcc8-6a0a5165dab0_LivingDiningRoom-34640,train
350388e2-7c93-45e9-bcc8-6a0a5165dab0_MasterBedroom-34763,train
350388e2-7c93-45e9-bcc8-6a0a5165dab0_SecondBedroom-34703,train
35069402-d79f-47f6-99a4-3e77fbf443e0_MasterBedroom-5754,train
350aa72e-963e-4ce5-914b-5dfb81427b0e_MasterBedroom-7997,train
352181fb-3bbc-471f-9b64-626e174dbc4b_Bedroom-13343,train
354509b3-76e3-4e5b-b554-9237d47aec90_Bedroom-222,train
3547f90d-d3b7-41d2-b368-e25153afbaca_Bedroom-137551,train
3547f90d-d3b7-41d2-b368-e25153afbaca_LivingDiningRoom-137481,train
35602a52-6ddc-4137-ab5e-45296190513c_SecondBedroom-9959,train
35667e9d-d406-4e6d-9569-b626b176cd36_LivingRoom-3695,train
356e8e40-f891-48e8-a393-aee1a9412275_SecondBedroom-6070,train
35716a6a-7c4e-4bf6-8c3b-3f0cd8203549_SecondBedroom-6754,train
35970ff6-4588-4bcf-8461-16448f1d0650_LivingDiningRoom-233,train
35970ff6-4588-4bcf-8461-16448f1d0650_SecondBedroom-332,train
35a32930-bc32-4455-aaa0-d6bcc50b718a_MasterBedroom-5719,train
35a3b63f-83c0-4bdd-aef5-4f7c5df8c5d7_SecondBedroom-4278,train
35ba774d-2155-4e86-9bff-a0b7f81919dd_Bedroom-6778,train
35bf7966-2494-446b-9f96-c0c11efc701f_LivingRoom-9544,train
35c715da-b871-4059-8115-7d06e7395a54_LivingDiningRoom-9340,train
35ebe516-1aa0-4694-aa9f-e7dec5aab07d_MasterBedroom-19255,train
35f27849-c5f6-4a81-8fa7-d527f9963b96_MasterBedroom-28264,train
35f27849-c5f6-4a81-8fa7-d527f9963b96_SecondBedroom-25444,train
360e8f1f-c0cf-40b7-892a-2d4d6c76561b_SecondBedroom-7228,train
360ff522-f387-4714-b1f1-c4092d5167b4_SecondBedroom-17616,train
362f04f5-4219-44ef-bcf0-c557a180b70c_Bedroom-11435,train
36449723-a4a8-4ee1-9f0c-0baada1ab3d8_MasterBedroom-7524,train
364d3557-c189-4bb6-a5cd-4b1c2cab4706_MasterBedroom-5328,train
364f3f00-fcd3-4c11-b807-69757ddffe26_Bedroom-5020,train
3657101a-8373-4753-a960-17be0bfea8fd_Bedroom-2412,train
3657101a-8373-4753-a960-17be0bfea8fd_LivingDiningRoom-2077,train
36672c0e-419c-476e-83c0-5b04654d3690_MasterBedroom-146184,train
36678f29-129a-40ef-b197-a2c3fde6778c_DiningRoom-3929,train
36678f29-129a-40ef-b197-a2c3fde6778c_LivingRoom-2873,train
36678f29-129a-40ef-b197-a2c3fde6778c_MasterBedroom-2856,train
36678f29-129a-40ef-b197-a2c3fde6778c_SecondBedroom-1670,train
369cda7c-e402-4382-8d9d-8c79133487d1_LivingDiningRoom-70537,train
369cda7c-e402-4382-8d9d-8c79133487d1_MasterBedroom-72370,train
36a434a5-ed7a-4f92-ba94-57685e289b37_LivingRoom-14482,train
36a434a5-ed7a-4f92-ba94-57685e289b37_MasterBedroom-7728,train
36a85283-c600-43fe-8d24-1a3987cc6f98_SecondBedroom-62784,train
36a9e2d2-2165-4ea7-ba91-f20ec6f76553_Bedroom-35912,train
36a9e2d2-2165-4ea7-ba91-f20ec6f76553_Bedroom-35975,train
36aba4dc-b636-4f9e-9fdd-d76717918c3b_Bedroom-22219,train
36aba4dc-b636-4f9e-9fdd-d76717918c3b_Bedroom-28379,train
36b29e71-bdce-40c6-948e-ed904eb94282_MasterBedroom-6203,train
36c17dc7-820d-47d6-8526-77b8ec0ea7a4_MasterBedroom-1903,train
36c2c33b-73f2-47d5-881e-2fa359198b9a_LivingDiningRoom-35401,train
36c2c33b-73f2-47d5-881e-2fa359198b9a_SecondBedroom-35477,train
36cf981f-f4fd-41dd-a0c3-52d8f4511855_SecondBedroom-28815,train
36ff476f-9fa4-4bc8-a545-75954191b1a3_Bedroom-2241,train
370938e1-1b18-46cb-874d-a23ceeb0cd1e_DiningRoom-15022,train
370938e1-1b18-46cb-874d-a23ceeb0cd1e_MasterBedroom-13327,train
3712c1c1-69f8-4217-814a-60dc38c11e65_LivingRoom-89400,train
371c2846-ec26-43ca-a9dd-05e49db6ba62_LivingDiningRoom-60564,train
3729c734-fa3d-41bb-9f0d-d44a0db14889_MasterBedroom-32352,train
37301a61-1ddf-4bd9-b965-ecbebc50ba71_MasterBedroom-28791,train
37301a61-1ddf-4bd9-b965-ecbebc50ba71_SecondBedroom-28690,train
373c2f60-29b0-471d-98ac-45f1c172f21b_MasterBedroom-52711,train
373c2f60-29b0-471d-98ac-45f1c172f21b_SecondBedroom-52686,train
3740868d-5ec9-4831-bd4b-4d033ac9576f_LivingDiningRoom-44165,train
374305fa-c4ea-4d78-8321-4e1414d2535d_Bedroom-13743,train
374ff983-9a4f-4f8a-a756-b28108d72bc0_SecondBedroom-4803,train
375cd4a6-4b0a-4551-be5a-fd2832a0c457_MasterBedroom-27269,train
3782eee0-b0fe-452e-aefe-55bd5e96237e_Bedroom-6656,train
3785b6c6-307c-45ea-b672-367f2451aa56_SecondBedroom-58428,train
378b868d-2e1b-4922-9cac-ffd0e9362e90_MasterBedroom-101780,train
378f3bf9-7837-4b18-962e-a44d03d0db15_Bedroom-191,train
37c295c0-9bbc-4b31-89a6-d4339588dbef_SecondBedroom-8653,train
37c69656-88ac-4e59-80a3-263c841262a1_LivingDiningRoom-41202,train
37d9c4da-b8b9-45ca-bd51-26df71083b10_SecondBedroom-140603,train
37f27a08-ff20-42f3-baf2-9ff1f155eaeb_MasterBedroom-4716,train
37f27a08-ff20-42f3-baf2-9ff1f155eaeb_SecondBedroom-3545,train
37fee753-1c40-4784-ab50-4f5d72df6f65_DiningRoom-19325,train
37fee753-1c40-4784-ab50-4f5d72df6f65_MasterBedroom-18464,train
38330463-78e6-4d25-bd89-9daf92d0cfb9_SecondBedroom-22370,train
38363d0e-7fc5-415e-aad1-248515d01ac5_Bedroom-71694,train
38415404-fab1-4911-ae90-96cc538d398b_MasterBedroom-682,train
384a185c-6d2b-41c5-9f35-9b33c1aad421_Bedroom-1983,train
384a185c-6d2b-41c5-9f35-9b33c1aad421_LivingRoom-2328,train
384a185c-6d2b-41c5-9f35-9b33c1aad421_MasterBedroom-1247,train
386553cb-c7ee-47e6-926a-679a9e65fa1a_DiningRoom-23106,train
386553cb-c7ee-47e6-926a-679a9e65fa1a_LivingRoom-22971,train
386553cb-c7ee-47e6-926a-679a9e65fa1a_MasterBedroom-23131,train
387a6322-efff-41e8-a11a-f4d04321ce10_LivingRoom-6512,train
388fb15c-a095-43c7-8eeb-07329df221e5_LivingRoom-30957,train
38989644-ba58-47b8-abad-1bd9d4271fe9_SecondBedroom-57811,train
38adcc1b-67d2-458a-bab4-b099b1ee7230_Bedroom-38944,train
38adcc1b-67d2-458a-bab4-b099b1ee7230_LivingRoom-41411,train
38c0246d-e94c-4cee-9848-38b04f312ebb_MasterBedroom-8375,train
38d3ebcf-aa8a-457f-b520-f526c2b311e1_LivingDiningRoom-74331,train
38d90d55-8add-4c08-b054-4fe57e4768e5_LivingDiningRoom-15208,train
38d90d55-8add-4c08-b054-4fe57e4768e5_SecondBedroom-15281,train
38e3cf4a-a67b-42d8-b467-2d1a3e5407a8_SecondBedroom-15551,train
39126660-a386-4470-8e2d-ece852ffdb62_Bedroom-39542,train
391a4b30-fa2e-42bf-9271-497b8c105736_MasterBedroom-74238,train
3922ab15-7973-4443-ab72-b7ebd0a89b6e_MasterBedroom-19801,train
3922ab15-7973-4443-ab72-b7ebd0a89b6e_SecondBedroom-19972,train
393e9998-9fdf-40a3-8943-aa818e3d3216_SecondBedroom-12975,train
39549a42-25c9-4b10-bbdd-9c3ea5c47186_MasterBedroom-246,train
3954bd6b-b726-4a2f-a2c1-a32f6806db6b_DiningRoom-12574,train
3954bd6b-b726-4a2f-a2c1-a32f6806db6b_LivingRoom-53762,train
39629e24-b405-420b-8fb0-72cef0238f70_MasterBedroom-4105,train
39629e24-b405-420b-8fb0-72cef0238f70_SecondBedroom-1255,train
3969c802-3f40-4ec5-b69c-ac570a8a5797_MasterBedroom-29105,train
397425d0-cb5b-4d48-87eb-4b0929c3e3b6_MasterBedroom-62315,train
39b05074-7903-4cac-acda-ca1f62e8dfa6_Bedroom-1433,train
39b05074-7903-4cac-acda-ca1f62e8dfa6_Bedroom-2730,train
39cc2839-b317-41cc-90fe-c829d91c800b_MasterBedroom-26273,train
39df2bf1-e376-4782-8485-6bf38b6ef694_SecondBedroom-19247,train
39ea30b1-4302-4a07-885b-bd498facd30d_MasterBedroom-13100,train
39ea30b1-4302-4a07-885b-bd498facd30d_SecondBedroom-14861,train
39ebc63e-060d-457c-aa76-5293bfb804ac_Bedroom-14550,train
39f0bc7a-73d8-48a7-b724-948643cdd7ae_DiningRoom-6877,train
39ffe480-646b-4a22-a4e9-b1118ed2cfdf_MasterBedroom-11106,train
3a0265cf-f63d-4f8d-b167-751cd9bedeb2_LivingDiningRoom-3395,train
3a0683d2-399c-47fa-99f2-cbb3bff5e156_Bedroom-12351,train
3a3f479b-3fc5-4bf5-a60b-637492422f45_MasterBedroom-8645,train
3a55f775-fc7c-4c6f-ab9f-59e31c04e093_LivingRoom-35085,train
3a5d9f83-9aeb-4e53-a25c-fa164589c3a9_LivingDiningRoom-19536,train
3a757643-3a34-41ce-ac90-f54ad79b0117_MasterBedroom-21362,train
3a757643-3a34-41ce-ac90-f54ad79b0117_SecondBedroom-21312,train
3a7b704b-fdf3-4d01-8437-a9519e9d76e2_MasterBedroom-41963,train
3a8ee0ff-5ff4-47df-81ab-c3a522237eef_DiningRoom-10922,train
3a9bdb50-7fe5-45a5-8071-f5ab3c8e2a44_MasterBedroom-59071,train
3aa40ca2-8d84-4fc1-b2b8-ce2234c45f60_Bedroom-20168,train
3aa40ca2-8d84-4fc1-b2b8-ce2234c45f60_MasterBedroom-20604,train
3aad7ee0-e494-4a55-b296-d55005b8ebc8_MasterBedroom-13614,train
3aafcdbc-bdc5-45f8-9da7-4cccc696a373_LivingDiningRoom-60587,train
3abf3ff3-5ba9-439d-b4c8-49a9e3c11556_Bedroom-28121,train
3abf3ff3-5ba9-439d-b4c8-49a9e3c11556_LivingRoom-25582,train
3ac0cfbc-2f34-4859-bb3e-3d0be859c778_SecondBedroom-2501,train
3ace00f7-61e2-4f23-8295-eed2410787ef_MasterBedroom-9875,train
3b26ced4-665b-45c8-b5a2-dcfb76143567_DiningRoom-5361,train
3b349315-8f84-4027-b654-f8ecd6d3cf67_SecondBedroom-13841,train
3b5a9dae-0314-490c-b0ff-5ee9edfa4741_MasterBedroom-31582,train
3bb5bb6d-b566-4218-bead-cba9a146413f_MasterBedroom-30488,train
3bb5bb6d-b566-4218-bead-cba9a146413f_SecondBedroom-20466,train
3bb97ab1-bbc0-45f1-9b38-47496e555b1d_SecondBedroom-14409,train
3bc5a441-247a-42fb-8da0-dcfbfe89a631_SecondBedroom-16823,train
3bc6c458-c350-4da0-a441-c882bbb05731_SecondBedroom-16096,train
3bc9ad8f-554f-4dec-93ec-53459445e20e_Bedroom-21497,train
3bcd937b-c084-40c8-9d5b-adf7ef20f842_Bedroom-32536,train
3bcd937b-c084-40c8-9d5b-adf7ef20f842_LivingRoom-32091,train
3be4d516-8479-4e89-b5b5-f19ede2006a8_SecondBedroom-1083,train
3bea1f8a-0b4b-4a99-9750-17334bde24df_MasterBedroom-6532,train
3bf3db41-ef01-4ef1-82be-5b97ffddd4a3_LivingDiningRoom-16427,train
3bf54310-1dd3-45a3-b6ce-e192f4d8ff43_MasterBedroom-10364,train
3c29e2e4-4b96-4124-91b6-00580ba3414d_Bedroom-67985,train
3c3866c8-a167-4e66-8b73-ee663bd79f07_Bedroom-5988,train
3c44be55-28a1-4e89-93a9-5de2828aeabf_LivingDiningRoom-13678,train
3c47589f-313d-4bac-abee-830161a278f0_Bedroom-109970,train
3c47589f-313d-4bac-abee-830161a278f0_LivingDiningRoom-109935,train
3c7b86d5-3af6-4748-b9a1-cf45b85b1d1b_Bedroom-25641,train
3c7b86d5-3af6-4748-b9a1-cf45b85b1d1b_DiningRoom-27933,train
3cb1b735-8b88-42ee-ab06-4592c359b291_MasterBedroom-480,train
3cb1b735-8b88-42ee-ab06-4592c359b291_SecondBedroom-127,train
3cb92d64-e832-4c05-be86-a286b92a1ac6_MasterBedroom-8229,train
3d00a520-dfe2-460a-98d6-c0cf07c0fe02_MasterBedroom-13199,train
3d00a520-dfe2-460a-98d6-c0cf07c0fe02_SecondBedroom-7785,train
3d14c3d3-63af-4354-b828-da3be8367a90_LivingDiningRoom-13700,train
3d14c3d3-63af-4354-b828-da3be8367a90_MasterBedroom-12524,train
3d21db7b-a4e8-45d1-9389-abce40c98016_SecondBedroom-22595,train
3d258450-f746-4153-ba85-90c309d71720_MasterBedroom-12805,train
3d47d5ba-5b4c-4f9d-a5cb-bc16dc65ca44_DiningRoom-100009,train
3d55bab4-6fa8-4498-8c18-b62786ba7887_Bedroom-10773,train
3d6e9a53-0cf3-473d-ac27-8e7a5007e637_MasterBedroom-5579,train
3d746247-8cd0-4b3c-8186-2ee990b66efa_DiningRoom-31843,train
3d746247-8cd0-4b3c-8186-2ee990b66efa_SecondBedroom-31776,train
3d746247-8cd0-4b3c-8186-2ee990b66efa_SecondBedroom-31811,train
3d81afec-001f-460c-a85f-54c5fcfec008_MasterBedroom-5851,train
3d81afec-001f-460c-a85f-54c5fcfec008_SecondBedroom-5959,train
3d83fdb3-1e74-4c3f-adfb-8e722d772705_SecondBedroom-339,train
3d848cc4-94db-4a9e-b592-b78bc13ed199_LivingDiningRoom-56499,train
3d848cc4-94db-4a9e-b592-b78bc13ed199_MasterBedroom-14654,train
3d9f406a-4032-44ed-9f55-064f14fe2250_MasterBedroom-67795,train
3d9f406a-4032-44ed-9f55-064f14fe2250_SecondBedroom-67719,train
3da510a3-8db8-425e-bd0c-99e5a12af2ca_MasterBedroom-45724,train
3da510a3-8db8-425e-bd0c-99e5a12af2ca_SecondBedroom-38516,train
3dae8246-5f5e-4a15-96fb-c001b3496fc1_Bedroom-217,train
3dae8246-5f5e-4a15-96fb-c001b3496fc1_Bedroom-373,train
3dbc0dcf-2035-49da-8b9e-ba7189feb9ac_SecondBedroom-2906,train
3dc195aa-0a30-440e-bf84-5f1995ec1c3f_MasterBedroom-1150,train
3dc195aa-0a30-440e-bf84-5f1995ec1c3f_SecondBedroom-22,train
3dc5baed-a3ec-448e-b564-9afe4915b667_SecondBedroom-24856,train
3e038beb-1cf4-4a16-8775-cf225873aca9_LivingDiningRoom-8049,train
3e038beb-1cf4-4a16-8775-cf225873aca9_MasterBedroom-8131,train
3e038beb-1cf4-4a16-8775-cf225873aca9_SecondBedroom-7904,train
3e2a08c1-5a26-453c-bc8f-a6058ddd6952_Bedroom-55636,train
3e71a867-177e-439a-9c80-432d0e0900d4_Bedroom-1447,train
3e73871a-0b33-44cb-99ab-6a76a7d6e12d_LivingDiningRoom-17558,train
3e73871a-0b33-44cb-99ab-6a76a7d6e12d_MasterBedroom-8283,train
3e81e810-e8a3-4afa-b737-5cb99895ab82_LivingDiningRoom-9479,train
3e9c8a6e-dec6-4002-a1b9-7d1f95e14977_MasterBedroom-8571,train
3e9f2a5c-2530-42c4-981e-c134bd7b8591_Bedroom-14516,train
3ec1f433-e612-4509-9e52-8fa062b2aaa2_LivingDiningRoom-1050,train
3ec1f433-e612-4509-9e52-8fa062b2aaa2_MasterBedroom-2442,train
3ec24496-80f4-4ea1-b889-b3cb902d2a47_MasterBedroom-1362,train
3ed02f51-4e42-4b78-9829-44ac6f2f52da_LivingDiningRoom-108722,train
3ed02f51-4e42-4b78-9829-44ac6f2f52da_SecondBedroom-107545,train
3ed8823a-0603-49ed-9a51-302cf15adf53_Bedroom-1889,train
3edff452-4f84-497e-8af5-0e36a1d22ca5_Bedroom-22290,train
3ee9fe04-c35f-4b40-bcd5-de3e4d0f8243_Bedroom-6002,train
3f00a056-ba0a-467a-9565-0326eca9cc5d_MasterBedroom-87312,train
3f00a056-ba0a-467a-9565-0326eca9cc5d_MasterBedroom-87369,train
3f2629fe-a957-4e83-893a-28d476318740_Bedroom-28486,train
3f399a35-6dec-4245-8356-dd37726f2d5a_LivingRoom-4260,train
3f4239b6-b737-436b-a0e5-136eb9692c1e_SecondBedroom-18175,train
3f48e194-1e88-4dc1-b1d2-03114248c15f_LivingDiningRoom-22011,train
3f4bdfd2-1c63-435d-9482-6dce589f6a5f_MasterBedroom-22801,train
3f5dea2c-eda3-4cd1-adff-fc2317af1fcb_Bedroom-20594,train
3f5dea2c-eda3-4cd1-adff-fc2317af1fcb_Bedroom-48241,train
3f5df315-6fc7-46c2-84eb-862e27012530_Bedroom-366,train
3f5df315-6fc7-46c2-84eb-862e27012530_LivingDiningRoom-174,train
3f60d6b9-49ba-45d9-bf03-966069127e75_MasterBedroom-21751,train
3fc1b9bb-5392-41ee-b8dc-3ab622be9c13_LivingDiningRoom-26031,train
3fc88ba8-7ea3-4653-892f-83667812c78a_LivingDiningRoom-76396,train
3fcbe74d-fbfa-469a-908f-668b33f99dcc_Bedroom-99976,train
3fde61aa-d606-4c6a-8c79-0762d11cd33b_LivingDiningRoom-61638,train
40023299-f0a9-4017-a1fa-1972bddaaeea_MasterBedroom-10891,train
400cce14-4ff3-4c67-9e51-c1c1fd089aac_Bedroom-64012,train
400cce14-4ff3-4c67-9e51-c1c1fd089aac_Bedroom-67585,train
401a9c00-571c-491d-a2c6-2201b964ca79_LivingDiningRoom-18728,train
401a9c00-571c-491d-a2c6-2201b964ca79_MasterBedroom-18800,train
40415a21-d863-4c54-a088-c078346ba939_Bedroom-4098,train
408949e0-59c3-4e26-90d7-b65237f491b4_SecondBedroom-22416,train
408ac41a-18b0-4c87-82ec-881b39e06b37_MasterBedroom-11336,train
40ae8003-7d89-4e10-a98d-991f8918220a_MasterBedroom-21566,train
40ae8003-7d89-4e10-a98d-991f8918220a_SecondBedroom-22431,train
40b522ad-fa7b-44b2-aed5-81f65a369d88_SecondBedroom-28376,train
40c54a07-55c4-4c83-9624-957261e07ab8_LivingRoom-65671,train
40c54a07-55c4-4c83-9624-957261e07ab8_MasterBedroom-65728,train
40c54a07-55c4-4c83-9624-957261e07ab8_SecondBedroom-65696,train
40dcaad6-b0b5-4030-bd90-13ceadc84ce1_Bedroom-5265,train
40de1b9b-b29b-4e8d-a403-b6dfeb1c77d4_MasterBedroom-6663,train
40e1119e-c7fa-4319-9887-236dee57ffea_Bedroom-297,train
40eb416e-d9ae-4c25-8d4c-a2a2306e8a21_Bedroom-6601,train
41102cdc-f833-4edf-8d5b-4dcd24607969_LivingDiningRoom-18581,train
41102cdc-f833-4edf-8d5b-4dcd24607969_SecondBedroom-15642,train
4126063a-3bca-45a7-b20c-d668b139eefd_SecondBedroom-14726,train
41352a15-a73f-46ae-b996-5abd61ed9871_Bedroom-47196,train
4135af07-0edb-47c3-92b2-852b30c3c93c_DiningRoom-5692,train
4135af07-0edb-47c3-92b2-852b30c3c93c_MasterBedroom-6438,train
41530c87-2f3d-45fc-a696-9e3b276024a8_MasterBedroom-22121,train
41530c87-2f3d-45fc-a696-9e3b276024a8_SecondBedroom-1791,train
416f3a24-3c1b-4c05-baa9-dd26451e6401_LivingDiningRoom-37172,train
4184f131-20fd-40ab-ad3e-d4ac14c0aae6_SecondBedroom-15677,train
41a6ff52-5596-4560-97c4-14f827d12914_LivingDiningRoom-11510,train
41a6ff52-5596-4560-97c4-14f827d12914_LivingDiningRoom-11830,train
41bc5800-56a9-4a47-80ff-d1bd57ec3cd7_MasterBedroom-22333,train
41c070fc-dc7a-40b8-9ce2-c65606f4b728_MasterBedroom-9070,train
41c070fc-dc7a-40b8-9ce2-c65606f4b728_SecondBedroom-9038,train
41c1a866-1f75-4f21-9408-a4444e8135b2_LivingDiningRoom-12401,train
41c4da34-e8fa-4082-ac62-199a94f0aad5_MasterBedroom-245977,train
41cc9bf6-a51f-4c28-92f8-98e7a2fc6136_Bedroom-1971,train
422161aa-6b12-4d29-b4cc-729da721f2a7_MasterBedroom-52585,train
42249ee6-a641-4938-99e1-9e7514b79ab7_MasterBedroom-7113,train
423a87ad-9f80-426b-8faf-9015764a0978_SecondBedroom-30625,train
4252f77a-ff14-44a0-b4b5-f18c7db19bc2_MasterBedroom-1502,train
4279081f-e8fe-49a3-9060-5f098e3b17e8_MasterBedroom-3786,train
42814d0f-6903-4fc3-a79f-db2db6bc9a62_MasterBedroom-17415,train
42986cef-25a2-462f-a127-44a0c99eb0f3_MasterBedroom-33464,train
429f8691-ba52-4558-ab75-8cfc15c17e91_Bedroom-30790,train
42c087e2-924a-406b-aee9-8aa9c57d9d8b_MasterBedroom-61,train
42da194b-3b73-4d6b-b7bf-2e1e53e64355_SecondBedroom-3873,train
42dac4e2-8940-4ea3-9039-030961b73776_SecondBedroom-8208,train
430331c7-7d91-42c1-83d7-47774a4e1b41_MasterBedroom-3673,train
43064174-6fa4-480a-8e69-3c4e903b6e56_SecondBedroom-147166,train
43069995-70b6-4ad2-a934-5f8ea67be7bc_MasterBedroom-14970,train
432b6cf3-0c02-4e07-81b8-69cbd98ae00d_MasterBedroom-4249,train
4350baf8-0e3e-471e-bccd-4a6695158579_LivingDiningRoom-15211,train
436db6a9-8e9e-408d-95bc-bcdb6202cf05_MasterBedroom-56375,train
43907bbc-4b39-4f1a-8747-3287c8bce690_LivingDiningRoom-46747,train
43907bbc-4b39-4f1a-8747-3287c8bce690_MasterBedroom-48054,train
43907bbc-4b39-4f1a-8747-3287c8bce690_SecondBedroom-47691,train
43921e8e-fbe4-4eca-b1be-99969dda2224_LivingDiningRoom-31684,train
43921e8e-fbe4-4eca-b1be-99969dda2224_MasterBedroom-26672,train
43b74fcd-363a-4cf5-9bb3-4444768c589c_SecondBedroom-42209,train
43b85f54-1a49-413f-8b9d-2858c270c442_Bedroom-2457,train
43b85f54-1a49-413f-8b9d-2858c270c442_LivingDiningRoom-1524,train
43b85f54-1a49-413f-8b9d-2858c270c442_MasterBedroom-3073,train
43c9cf5d-4c59-4130-bbc5-dd9c6ec4c4d0_LivingDiningRoom-34404,train
43d5ff43-aa14-4d56-8092-cc6ba1ae01e7_Bedroom-1681,train
43d5ff43-aa14-4d56-8092-cc6ba1ae01e7_Bedroom-2257,train
43f250b1-17a4-4ac7-af2d-ba722f3a8bcb_Bedroom-41242,train
43f250b1-17a4-4ac7-af2d-ba722f3a8bcb_Bedroom-43042,train
43f7c2b8-5eed-4aa6-ae66-8cb06a47148e_MasterBedroom-2827,train
43f8cf3d-030c-45d1-82b2-2c28746f58c5_DiningRoom-20627,train
44077407-784d-4f64-9af1-790a19a5aef0_SecondBedroom-19446,train
4409ab36-f1e1-442c-8fbc-ff49638af1e8_SecondBedroom-21695,train
440fd8de-71b4-48ae-b886-174e70742f5e_MasterBedroom-78206,train
44194524-916d-4e20-be22-47837f922661_MasterBedroom-14299,train
4431da97-8901-416b-8011-ed50913cef8e_Bedroom-8518,train
4437505e-b0f4-4dc9-ae75-1186ca6d6d2e_Bedroom-14,train
4448c201-24bc-4eb1-b534-87f656f3094f_DiningRoom-11196,train
4448c201-24bc-4eb1-b534-87f656f3094f_SecondBedroom-10635,train
4448c201-24bc-4eb1-b534-87f656f3094f_SecondBedroom-10954,train
447ddf50-7fdb-43f4-ba37-b6735a1871f1_SecondBedroom-2399,train
44903efe-45ea-42a0-954e-bacb917bd7dc_LivingDiningRoom-648,train
44903efe-45ea-42a0-954e-bacb917bd7dc_MasterBedroom-573,train
44903efe-45ea-42a0-954e-bacb917bd7dc_SecondBedroom-712,train
44b61eec-c68a-4691-aa5d-2557b46a3f79_Bedroom-2976,train
44b61eec-c68a-4691-aa5d-2557b46a3f79_Bedroom-583,train
44b61eec-c68a-4691-aa5d-2557b46a3f79_MasterBedroom-1672,train
44d15f42-a914-4d48-8add-393c57addfb4_Bedroom-16110,train
44d15f42-a914-4d48-8add-393c57addfb4_LivingDiningRoom-16072,train
44d15f42-a914-4d48-8add-393c57addfb4_MasterBedroom-16160,train
44e6ed20-9ddf-4f53-a6c9-5bdbedb31aa3_MasterBedroom-27760,train
44e6ed20-9ddf-4f53-a6c9-5bdbedb31aa3_SecondBedroom-22780,train
44fcec4c-fe76-4397-b4de-4d0717c52760_SecondBedroom-629,train
44fe868a-6c2c-4a95-8928-dfe4c7ea534a_SecondBedroom-1228,train
453652dc-fd47-48b7-8a51-a762b22b5c2a_SecondBedroom-35011,train
4557a700-5a64-4734-839c-bacf8f2bd27e_SecondBedroom-152,train
4563570e-14ba-4e61-8f4e-39086aef3ef9_SecondBedroom-47313,train
4563a93a-fffd-4829-b768-2cbe398c5cf1_SecondBedroom-13315,train
45bea9b9-7cc5-400f-a5f8-57eb3779ee15_MasterBedroom-364,train
45c3dc01-a2eb-41ce-a395-69ebf0325ac6_Bedroom-16767,train
45d900c6-5d73-47b9-a119-4b219110ebba_SecondBedroom-19046,train
45d95f40-c4c6-4fd5-8e0e-f9b26cb0e04f_MasterBedroom-2824,train
45d95f40-c4c6-4fd5-8e0e-f9b26cb0e04f_SecondBedroom-2049,train
45dddc0b-2505-4dcd-b07e-f0ff4e5c90d4_DiningRoom-4528,train
45e7004e-bcb4-4f00-b475-4771e68d28da_MasterBedroom-102831,train
45f0c9b3-a06b-4e38-838f-1829297ee000_MasterBedroom-107799,train
45f0c9b3-a06b-4e38-838f-1829297ee000_SecondBedroom-108917,train
45f82c57-4293-48eb-b0dd-378f97cda662_MasterBedroom-32217,train
45f82c57-4293-48eb-b0dd-378f97cda662_SecondBedroom-32099,train
45fb7506-342f-4dc6-b2c3-2e041fe69faa_Bedroom-10566,train
45fb7506-342f-4dc6-b2c3-2e041fe69faa_DiningRoom-10547,train
45fbfece-d854-42cc-a8f3-96175fd6644b_MasterBedroom-6613,train
460f4136-0bf7-4403-87a8-8473751c4067_Bedroom-76307,train
462782c3-a2da-4641-b152-1d2841215d33_Bedroom-12602,train
464570ce-bc6e-4914-a2af-846492c41560_Bedroom-18123,train
4657306e-53a2-45b6-ac45-628f9c37099d_SecondBedroom-1977,train
4693ef91-67c6-4e65-87c5-46b53aa23445_LivingDiningRoom-3328,train
4693ef91-67c6-4e65-87c5-46b53aa23445_MasterBedroom-1762,train
46987366-9a63-4f9f-97fd-1bafb4769ef7_Bedroom-47558,train
46987366-9a63-4f9f-97fd-1bafb4769ef7_Bedroom-47615,train
46a7ff72-6a76-43a0-b7b6-8499d6878532_Bedroom-42930,train
46a7ff72-6a76-43a0-b7b6-8499d6878532_Bedroom-43109,train
46bc8223-0661-44c7-8f95-29beadbe62d2_DiningRoom-33429,train
46bc8223-0661-44c7-8f95-29beadbe62d2_SecondBedroom-28725,train
46bd67dc-caae-4fcb-b660-525c940af26f_LivingRoom-46192,train
46cb6551-b67b-4bdf-a830-747dc3e235d8_SecondBedroom-1070,train
46d37cd0-5b76-4fdd-ad97-efc7ea3ef346_MasterBedroom-8686,train
46d93d61-5f50-4431-b92e-9f9bd4da5b7c_Bedroom-47481,train
46d93d61-5f50-4431-b92e-9f9bd4da5b7c_LivingDiningRoom-48528,train
46db808a-d7e7-452c-95bb-d0677d21b13c_MasterBedroom-5540,train
46e18f9a-ebed-492e-b2de-e21865579a35_SecondBedroom-22968,train
46e6bd47-6594-4cad-9cc0-b94f7bd116e3_SecondBedroom-9110,train
46f087a2-fbbc-4db8-ad18-075652edb693_MasterBedroom-23485,train
4704fc8f-c4e8-4a68-92f6-5abdc54d327d_LivingDiningRoom-22101,train
4704fc8f-c4e8-4a68-92f6-5abdc54d327d_MasterBedroom-22674,train
47198989-4f6e-4221-a833-e858a0e44793_LivingRoom-2351,train
47198989-4f6e-4221-a833-e858a0e44793_MasterBedroom-199,train
47230ba1-5a12-450a-80da-80527cc31c35_Bedroom-6059,train
47230ba1-5a12-450a-80da-80527cc31c35_LivingDiningRoom-6087,train
472b168a-54af-48ae-8a25-07f280742ac5_SecondBedroom-750,train
47356158-6664-49f4-bb64-fa36d102e310_DiningRoom-69458,train
473633df-9854-4d60-8fb7-290a68f31bb0_LivingDiningRoom-14571,train
473633df-9854-4d60-8fb7-290a68f31bb0_MasterBedroom-12445,train
473f4a9e-505e-4864-9ffd-59a793b26d5a_Bedroom-1705,train
473f4a9e-505e-4864-9ffd-59a793b26d5a_Bedroom-6801,train
473f4a9e-505e-4864-9ffd-59a793b26d5a_Bedroom-6984,train
473fb8fd-a6d4-4fc1-bd5d-1afd61a9617e_MasterBedroom-6488,train
474b594c-a474-48fc-bcc3-f9df10f63bb9_MasterBedroom-15002,train
474b594c-a474-48fc-bcc3-f9df10f63bb9_SecondBedroom-12046,train
47664f37-b639-45fd-a436-20fa2ab72ec7_SecondBedroom-1044,train
4786f6aa-41fe-44fc-a3d7-37843334fd4d_Bedroom-34622,train
479c05de-800f-4eec-a64e-961eae9f568e_DiningRoom-19388,train
479d2d66-4d1a-47ca-a023-4286fc547301_Bedroom-89166,train
479d2d66-4d1a-47ca-a023-4286fc547301_LivingDiningRoom-91005,train
47aaee3b-ff6e-443f-b5fc-fce9c92a8947_DiningRoom-15868,train
47ad7aa0-ebce-404b-88c9-34505ce20068_MasterBedroom-24397,train
47b97fea-9b61-4047-a9b5-6d03faa8b7d7_Bedroom-4530,train
47bd68ea-d161-4260-bed2-6f039c2a512a_LivingDiningRoom-58936,train
47bdd0ae-6956-469e-954b-680655c6252b_LivingDiningRoom-59355,train
47bdd0ae-6956-469e-954b-680655c6252b_MasterBedroom-1376,train
47bdd0ae-6956-469e-954b-680655c6252b_SecondBedroom-6146,train
47e2088c-7842-4123-b47f-2b03056b5297_Bedroom-473,train
47ed8915-d698-4d0b-9537-41f6d16e5065_DiningRoom-28390,train
47ed8915-d698-4d0b-9537-41f6d16e5065_SecondBedroom-28256,train
47f0a907-5b60-4511-82c4-9f56aa4e1010_MasterBedroom-28784,train
47f1e226-bb51-4a8e-aaad-64156c826c8a_Bedroom-146,train
47f1e226-bb51-4a8e-aaad-64156c826c8a_Bedroom-2160,train
47f45b86-8dd6-4cee-bd43-9c32a777dd20_MasterBedroom-8822,train
48005d2a-cb97-4128-b068-20a03b678bde_LivingDiningRoom-34204,train
48005d2a-cb97-4128-b068-20a03b678bde_MasterBedroom-21019,train
4801e1fe-d026-4e42-9c7b-68961ab25943_SecondBedroom-259226,train
48171257-b69e-42e8-8e03-8b5d0d49241f_MasterBedroom-18177,train
48171257-b69e-42e8-8e03-8b5d0d49241f_SecondBedroom-18111,train
48199d67-e001-405f-847f-2c5c6c7b3b36_LivingDiningRoom-112491,train
482cacdd-b522-4acb-980b-191a0551d9b6_MasterBedroom-7314,train
483eb8ef-60ad-4f4b-85ee-9ee629e7fd85_MasterBedroom-73294,train
483eb8ef-60ad-4f4b-85ee-9ee629e7fd85_SecondBedroom-73206,train
4846c351-6019-4a91-80ee-4888147cb903_MasterBedroom-13945,train
4846c351-6019-4a91-80ee-4888147cb903_SecondBedroom-17873,train
486ba848-916f-48ae-8f44-858c2fb95c85_SecondBedroom-10210,train
4879b8e7-75aa-46b7-a835-bc5fcd5f9b23_SecondBedroom-9825,train
48812187-9207-4686-9f6e-e8e1e97eeabd_DiningRoom-9630,train
48812187-9207-4686-9f6e-e8e1e97eeabd_MasterBedroom-9786,train
48831a32-7fed-41a1-a132-18ff65aeba93_LivingDiningRoom-1898,train
48831a32-7fed-41a1-a132-18ff65aeba93_SecondBedroom-7863,train
488518b2-894d-47a8-bb81-ac58a802d015_LivingDiningRoom-39432,train
48ba8b9e-31c8-49ec-b757-f5853fd562ff_LivingDiningRoom-22,train
48bbf3cf-fc51-4b2c-a4fb-377c9f0918ae_Bedroom-13201,train
48f4336c-cf23-4023-bb5d-f339e7e1770c_Bedroom-30978,train
48f4336c-cf23-4023-bb5d-f339e7e1770c_LivingRoom-30927,train
48f46060-74e1-4c5e-befd-7d3ac5a6d9b1_SecondBedroom-9498,train
491af85e-3c8f-40f2-a204-392483bb4308_LivingRoom-2602,train
492f7d99-2d61-4c57-a95b-f83d9bb4f2eb_SecondBedroom-11311,train
493cdab0-045a-40cb-be8d-9227bdc08184_Bedroom-5165,train
49779fa2-226f-4e40-8f8c-1205e9a36475_MasterBedroom-8111,train
4984b901-9b48-447d-a39a-570b86d46795_MasterBedroom-95497,train
49b97a8d-f594-4e76-b347-6455da1eb950_LivingDiningRoom-15929,train
49cd3dea-ee43-46d9-b699-3a2f57607ae0_Bedroom-47580,train
49e4ea38-fc5a-4356-80ad-9160b04c55fa_SecondBedroom-54811,train
49e7d085-8a30-4a62-b6ec-2a52ae5153b4_LivingDiningRoom-2476,train
49e7d085-8a30-4a62-b6ec-2a52ae5153b4_SecondBedroom-6500,train
49f40cbd-7adb-43c0-8974-0e51735545cf_MasterBedroom-13827,train
4a2af13b-ca75-4c80-b52e-e47a55b7b636_LivingDiningRoom-13703,train
4a577e5e-fbdc-4da3-906d-23e3456d166d_LivingRoom-42021,train
4a7ba61f-f066-48f2-bf13-44c132c5dd89_Bedroom-13336,train
4a7da40a-e901-4bb0-938d-d50bd0a474d7_Bedroom-22145,train
4a87a708-9bb4-41ed-806c-b8b62b090992_SecondBedroom-168,train
4a97a190-268c-4b0a-adb2-62e3eb5a29ec_MasterBedroom-35072,train
4a97a190-268c-4b0a-adb2-62e3eb5a29ec_SecondBedroom-35198,train
4a9d830e-7de9-470f-a2f5-90b7cd1c233e_MasterBedroom-12936,train
4a9d830e-7de9-470f-a2f5-90b7cd1c233e_SecondBedroom-6087,train
4abcb667-c57f-4d8f-940a-d964152329d5_LivingDiningRoom-11771,train
4ac2c1b3-798f-488d-b93f-4fae52366cba_MasterBedroom-21002,train
4acbe2b1-077a-4f34-a51d-2763f3a815a2_SecondBedroom-5730,train
4ad6d9bd-5131-4926-a8e5-801140c7127d_SecondBedroom-11003,train
4ae3d49f-5e7a-4de8-b5d6-5bfd00bf6303_MasterBedroom-64477,train
4ae64ebd-5968-4246-bc51-d1bcefab622b_SecondBedroom-22522,train
4af35004-7b2b-4ef5-b148-b5e63b48b569_Bedroom-32729,train
4af35004-7b2b-4ef5-b148-b5e63b48b569_DiningRoom-32785,train
4afc655d-557d-4e0b-9bcd-47e65fe0ad02_Bedroom-19320,train
4afc655d-557d-4e0b-9bcd-47e65fe0ad02_Bedroom-6853,train
4b048449-ce93-4461-9113-2969ee735a95_Bedroom-6314,train
4b1513de-23df-43b3-866f-ef10c1c09d58_LivingDiningRoom-14482,train
4b1513de-23df-43b3-866f-ef10c1c09d58_SecondBedroom-13267,train
4b18584d-3740-40f7-b344-5fbd98858ed8_LivingRoom-88425,train
4b18584d-3740-40f7-b344-5fbd98858ed8_MasterBedroom-88517,train
4b18584d-3740-40f7-b344-5fbd98858ed8_SecondBedroom-88577,train
4b1f7e33-328b-4555-83cf-c8b872430dd9_MasterBedroom-4992,train
4b2324a4-5910-4719-b6dd-b47d20b6b06d_Bedroom-161064,train
4b24b149-9426-437c-894d-1d94b7fa3207_Bedroom-27692,train
4b3afc35-94ce-4154-ba53-dc10e83bde73_Bedroom-8008,train
4b3afc35-94ce-4154-ba53-dc10e83bde73_Bedroom-8024,train
4b41ef33-c496-455c-b8f2-aa32d5152878_SecondBedroom-10891,train
4b5269e4-7e4a-45a3-88fc-3a13f1cae1c5_MasterBedroom-952,train
4b54eac7-33c2-4f5a-9fa4-44bda75d881e_LivingDiningRoom-19270,train
4b601463-1cc6-4a9a-9fde-37844b0a2556_MasterBedroom-147840,train
4b9140b1-ff90-4f44-aab1-35d08d1b1511_Bedroom-15482,train
4b9140b1-ff90-4f44-aab1-35d08d1b1511_LivingRoom-16096,train
4b95d149-431c-4f94-aa7c-2e1a8bb20599_LivingDiningRoom-4247,train
4b9ec5a5-811d-446d-bda5-3acb0ecbe2c1_Bedroom-18203,train
4ba8a28c-b40f-45f8-8329-b13bcb70ff02_Bedroom-23724,train
4bb9db06-ef22-45ff-ab61-398469d8dbea_LivingRoom-26266,train
4c12b98a-472b-4a5b-9941-615a3d22b960_LivingDiningRoom-5178,train
4c12b98a-472b-4a5b-9941-615a3d22b960_SecondBedroom-5067,train
4c1802b8-1d72-487b-be98-d7cfb29b3d0d_MasterBedroom-168,train
4c1ba4df-e772-4f76-bd59-5d293258e17c_LivingDiningRoom-2610,train
4c2c82a1-1589-4326-be92-03187ba0b459_Bedroom-2235,train
4c2eb1df-64de-4320-aad6-f26c0ac97646_Bedroom-17188,train
4c364533-a3af-4a9c-9ed9-2f40f528fa04_Bedroom-1989,train
4c7d3c24-b50c-4a53-84b8-d7620fc6b252_DiningRoom-31660,train
4c7d3c24-b50c-4a53-84b8-d7620fc6b252_MasterBedroom-30313,train
4c8e35c2-1f5a-4012-bae6-ae42d5f42756_SecondBedroom-1419,train
4c95f715-4ed9-43a1-9577-03980090b077_MasterBedroom-2364,train
4c95f715-4ed9-43a1-9577-03980090b077_SecondBedroom-1849,train
4cab8354-8d8e-4200-b1cf-da003b6d6d73_LivingDiningRoom-1965,train
4cb91329-7845-4b04-99ee-aa8912184fc7_SecondBedroom-31059,train
4d10e9a9-1df6-499e-80dd-987053e36daf_MasterBedroom-52661,train
4d2efc7c-8898-4ab3-a473-a421dc72eb58_LivingDiningRoom-11292,train
4d8b6b63-f624-42c9-8442-4e7bfeb7e2f9_LivingDiningRoom-20298,train
4d8b6b63-f624-42c9-8442-4e7bfeb7e2f9_MasterBedroom-20760,train
4d8b6b63-f624-42c9-8442-4e7bfeb7e2f9_SecondBedroom-20743,train
4d926be3-62aa-4e42-84ad-649a8fe1e345_MasterBedroom-7968,train
4d94c89f-b5fa-4649-aff1-5ae51ce0e63a_LivingRoom-12351,train
4db96e52-b5ff-4722-a0eb-9d4384480744_Bedroom-40071,train
4dc7b28c-95ea-44c5-b222-6f0979ffdbbd_Bedroom-41872,train
4de376c9-ddb7-4f68-9980-e6bba9a093a6_Bedroom-47682,train
4df0b21c-821f-4e15-b7d3-226a9d80ade8_MasterBedroom-20614,train
4e09a8e0-2843-4826-9113-b3d18489331d_Bedroom-12479,train
4e09a8e0-2843-4826-9113-b3d18489331d_Bedroom-12495,train
4e112013-af55-4fc9-8603-b9690b1e3a64_MasterBedroom-50869,train
4e2798bd-14ff-43f4-9521-a9928cb981dc_MasterBedroom-44897,train
4e307a7e-f510-4aca-ba9e-8328b05abe3f_LivingRoom-5633,train
4e307a7e-f510-4aca-ba9e-8328b05abe3f_SecondBedroom-9823,train
4e8acec6-a626-47bf-8a90-053e425e6522_MasterBedroom-3452,train
4e8ec957-32f1-4fff-840b-5cc2db6a8716_SecondBedroom-12618,train
4e90cfdc-f6e6-4097-bf15-0bb61288ca1c_DiningRoom-18090,train
4e90cfdc-f6e6-4097-bf15-0bb61288ca1c_LivingRoom-18071,train
4ed421c9-f5d9-4b17-9769-371ea078f6f5_Bedroom-402,train
4ee3b02e-5d9d-43bb-a0a5-2384f7f5e483_Bedroom-19853,train
4efedd5d-31d9-46c2-8c26-94ebdd7c0187_SecondBedroom-39528,train
4f1cc012-96d5-4669-b631-1ccb3003e77e_SecondBedroom-102751,train
4f2012c0-ec3b-4fff-9cd4-68c37fe42ea1_MasterBedroom-52705,train
4f2012c0-ec3b-4fff-9cd4-68c37fe42ea1_SecondBedroom-49725,train
4f51046e-37c1-4308-9e81-2408fb164852_Bedroom-71736,train
4f51046e-37c1-4308-9e81-2408fb164852_LivingRoom-72876,train
4f847ca8-17e6-4256-9737-9fd7befeebf3_LivingDiningRoom-460,train
4f847ca8-17e6-4256-9737-9fd7befeebf3_MasterBedroom-273,train
4f96ac65-dfa8-4186-bf66-48b3b01f9e6d_Bedroom-9169,train
4f96ac65-dfa8-4186-bf66-48b3b01f9e6d_LivingDiningRoom-10362,train
4fa56715-fad5-4f60-a57e-e628df21a914_LivingDiningRoom-17107,train
4fa56715-fad5-4f60-a57e-e628df21a914_MasterBedroom-17233,train
4fad04b4-6651-41ff-bacc-b96090d4d66e_LivingDiningRoom-5677,train
4fcbcf8c-3e21-45a7-aa3c-c2a879f916b2_Bedroom-559,train
4fcf48c3-1191-4ddf-9a93-d8771a6928de_SecondBedroom-14607,train
4fd6bf82-bb9e-45c1-8d10-91f3e3fb0557_SecondBedroom-100095,train
4fdb87d5-1a09-45f2-bbc7-da8a5c4c5642_MasterBedroom-8404,train
5034f033-eb73-461c-b75c-dfc1d1e2fa5d_MasterBedroom-62487,train
50359138-c356-4b6a-89ab-b69f1ceb8167_MasterBedroom-1640,train
503ebcb6-9815-4412-90ea-f0bbd59ddbe9_LivingRoom-472,train
503ebcb6-9815-4412-90ea-f0bbd59ddbe9_MasterBedroom-221,train
503ebcb6-9815-4412-90ea-f0bbd59ddbe9_SecondBedroom-143,train
5050ddf5-f2db-463d-9b3b-148b57482892_LivingRoom-35924,train
50519e1e-1355-41f3-b092-6256d2ce205f_MasterBedroom-5636,train
50526848-e51d-48e0-bb9b-3c5c90d76c4d_MasterBedroom-12940,train
50526848-e51d-48e0-bb9b-3c5c90d76c4d_SecondBedroom-13044,train
50526848-e51d-48e0-bb9b-3c5c90d76c4d_SecondBedroom-13085,train
50a6a1f8-b0ae-43ae-aa8c-ae41fcd0fe87_SecondBedroom-14981,train
50e738a6-b80c-4ce3-a2b1-51515535afc3_MasterBedroom-19994,train
50ed6947-ae41-4a06-9bae-d4eb36e17a0e_LivingRoom-140697,train
50ed6947-ae41-4a06-9bae-d4eb36e17a0e_SecondBedroom-140641,train
50efaf87-0d30-4ace-9cba-19c04f464b62_MasterBedroom-12928,train
5106576d-57df-4753-ade6-c87be45f462e_Bedroom-15868,train
510e1d36-b89a-4e57-91fe-87671d00977e_LivingDiningRoom-13574,train
5113fd61-0a51-4309-9ca3-9461623f92d1_MasterBedroom-184809,train
5130545c-cb6d-4547-b120-5815531c8589_MasterBedroom-116419,train
5130545c-cb6d-4547-b120-5815531c8589_SecondBedroom-116485,train
51375fc5-dd6a-4e5b-bd10-be734156418f_SecondBedroom-44058,train
5140bbfa-680e-4a3d-904b-e6b4a4dd9d79_Bedroom-2662,train
5150b934-a2fd-4afb-b738-b6a20703d00d_MasterBedroom-6537,train
517d8fd1-543e-4772-9889-391c6da7e674_MasterBedroom-7940,train
519b86db-47ec-41aa-9375-34d6aa714349_MasterBedroom-19867,train
519b86db-47ec-41aa-9375-34d6aa714349_SecondBedroom-21482,train
51a789b5-f6cc-4437-ba6b-bfdc41e2e46d_SecondBedroom-7317,train
51e57a7d-86ec-4f96-a1dd-1e312fa6ebd7_MasterBedroom-7232,train
51e5a27e-717c-4194-b4c7-ebb8ed877c12_Bedroom-6922,train
51e5a27e-717c-4194-b4c7-ebb8ed877c12_LivingDiningRoom-6843,train
51e5a27e-717c-4194-b4c7-ebb8ed877c12_MasterBedroom-3247,train
51e5a27e-717c-4194-b4c7-ebb8ed877c12_SecondBedroom-6900,train
5241d1cf-ef42-4093-8c13-ef34d601b738_MasterBedroom-5522,train
5245da59-db94-49fc-99a3-76e3a2efcbff_LivingDiningRoom-84890,train
525c4166-1792-4f4a-a9c2-1ea260cf6e39_Bedroom-8490,train
52657fac-1e38-494f-86fe-e221b95e0043_LivingDiningRoom-27589,train
52657fac-1e38-494f-86fe-e221b95e0043_MasterBedroom-27974,train
52657fac-1e38-494f-86fe-e221b95e0043_SecondBedroom-26550,train
5284e23d-d23e-446e-a814-4d52515078fb_MasterBedroom-19029,train
52871dba-aa08-4845-8cd2-c514060c698d_Bedroom-13686,train
52898c59-72fd-413a-b6e9-d388cb9624ba_MasterBedroom-76318,train
52982a7b-ed79-44e6-bb37-f878754c07d3_Bedroom-186,train
52982a7b-ed79-44e6-bb37-f878754c07d3_MasterBedroom-424,train
52982a7b-ed79-44e6-bb37-f878754c07d3_SecondBedroom-46,train
529be18a-a998-40c9-89ea-074be3172e1b_Bedroom-85414,train
52b488f2-ce9d-4d54-94c8-97c639b347f7_Bedroom-790,train
52b6a7c2-509f-4253-a562-27347f318b05_Bedroom-233,train
52b6a7c2-509f-4253-a562-27347f318b05_LivingRoom-288,train
52b847da-e47c-49b8-aa7a-0b66f16ae1af_SecondBedroom-624,train
52cedb89-ed69-45ca-b04e-e60d822e8230_Bedroom-16403,train
52e1f54c-3d9b-4d69-bebc-decfdc950f7c_Bedroom-803,train
52f5e304-6cf7-4900-829b-de79d530b0d3_Bedroom-169,train
5300b059-7b34-450e-8eec-f9de1b5e030e_MasterBedroom-3510,train
53028f10-0798-41c6-b3db-1412990b79da_SecondBedroom-10153,train
530c8183-fd58-4d2f-a5dd-fc61906cc108_MasterBedroom-21731,train
5314ce59-d69e-4471-8ca4-bd418e06fcda_SecondBedroom-31129,train
531c8742-d3b6-43eb-a56a-39b620e70500_LivingDiningRoom-1744,train
531c8742-d3b6-43eb-a56a-39b620e70500_SecondBedroom-4296,train
532db1c8-603c-4921-bf67-822b142eb500_MasterBedroom-22134,train
532f51b0-9e98-4f27-9bef-8d8726fa8161_MasterBedroom-31477,train
533de1da-215e-41c7-a79c-105de6a823fd_MasterBedroom-42449,train
5346b2c0-e86e-480a-93d8-ad31e5b07856_MasterBedroom-16138,train
5358e585-649f-471f-81a6-2bcb67a815b9_DiningRoom-14960,train
53608c94-9c21-4beb-a7c4-fb19b05a1a34_MasterBedroom-9682,train
53608c94-9c21-4beb-a7c4-fb19b05a1a34_SecondBedroom-9632,train
5385105a-4574-4afe-a14c-4f520b27494c_LivingDiningRoom-60607,train
5385105a-4574-4afe-a14c-4f520b27494c_MasterBedroom-56793,train
5391bad9-ae5e-4930-8e81-326e082fbe5c_SecondBedroom-51336,train
53992538-a81a-4f27-ae40-f743549c0325_DiningRoom-10103,train
53992538-a81a-4f27-ae40-f743549c0325_MasterBedroom-6344,train
53992538-a81a-4f27-ae40-f743549c0325_SecondBedroom-7736,train
5399de83-ec0c-4ef3-a97e-9bef301222d5_LivingDiningRoom-5218,train
53ac3d02-ed9a-4d4e-8982-e1b44dc8d5ec_LivingDiningRoom-19339,train
53cf7da8-7c02-419d-bc4a-acf5d4337cac_Bedroom-7405,train
53cf7da8-7c02-419d-bc4a-acf5d4337cac_LivingDiningRoom-6226,train
53d89581-b092-4bee-a49f-8aa637b2b586_Bedroom-22896,train
53d89581-b092-4bee-a49f-8aa637b2b586_SecondBedroom-22972,train
53db8493-091d-439b-b73c-18156bafe3bd_Bedroom-20037,train
53dd8916-335c-4370-b51f-dfe318b63aee_MasterBedroom-5467,train
53e64f48-d7e7-46ef-a3cd-da63ff4a6dcb_Bedroom-7835,train
53e64f48-d7e7-46ef-a3cd-da63ff4a6dcb_MasterBedroom-1408,train
53edc8f5-4846-4993-b8fe-5999b6b95d7c_LivingDiningRoom-98328,train
540c8131-452b-4702-a8db-5ab76f658c55_MasterBedroom-10386,train
54234f8f-0f41-47d8-911f-506320aa75c0_DiningRoom-22156,train
54234f8f-0f41-47d8-911f-506320aa75c0_MasterBedroom-19575,train
54234f8f-0f41-47d8-911f-506320aa75c0_SecondBedroom-24608,train
542c1605-f5d0-4e21-bc49-9169ed52802a_MasterBedroom-40855,train
5442e552-4595-4772-bf9e-eb10f8476e5c_Bedroom-18329,train
544a06d5-aa97-4740-8ef3-ed8520b5226e_LivingDiningRoom-2349,train
545a2079-3533-45e3-8893-4bd9b90cbf10_MasterBedroom-31680,train
545a2079-3533-45e3-8893-4bd9b90cbf10_SecondBedroom-31759,train
545bd0a0-fac4-40f6-84fc-6ee05ac27255_MasterBedroom-1505,train
545bd0a0-fac4-40f6-84fc-6ee05ac27255_SecondBedroom-1056,train
54602e77-2ebd-4198-af5b-be0e1f75b806_LivingDiningRoom-15430,train
54647521-1e76-42a3-bfea-f7aac8f9221b_MasterBedroom-4026,train
54647521-1e76-42a3-bfea-f7aac8f9221b_SecondBedroom-6105,train
546dcbbf-7a5c-436b-9153-95541bfe31ca_Bedroom-1683,train
54843f72-a34a-41b9-9483-56ac743082cc_MasterBedroom-41297,train
54881cd5-4441-4fc0-887c-d4579dd06803_MasterBedroom-271962,train
549659d7-3221-4642-991f-2e25264efb21_SecondBedroom-10577,train
549abbb2-a523-4004-a217-d6bab54f94dc_Bedroom-12972,train
54a23d09-17fe-4e6a-9960-e45dafca32d5_MasterBedroom-50482,train
54ac6cd3-5c5a-40dd-823e-c4d159673810_MasterBedroom-70575,train
54ac6cd3-5c5a-40dd-823e-c4d159673810_SecondBedroom-81245,train
54b6b469-8aa3-4d5d-a285-977f75fc4212_MasterBedroom-14876,train
54b8104f-05e8-49a4-a8df-004a3ed42064_Bedroom-34195,train
54b8104f-05e8-49a4-a8df-004a3ed42064_LivingDiningRoom-34577,train
54b8104f-05e8-49a4-a8df-004a3ed42064_MasterBedroom-33231,train
54c575b5-da65-4938-8b93-1e91c5e36d09_Bedroom-42001,train
54f2ad1d-ba3f-4c61-a8b3-68bc90ae15b9_MasterBedroom-25762,train
54f911eb-26a7-410f-b212-185745f55515_LivingDiningRoom-20518,train
5530455f-bf14-464b-88c0-7eaee2d2d85b_LivingDiningRoom-3064,train
5549a237-e795-4893-870c-33c27eb02bc3_Bedroom-12659,train
5549a237-e795-4893-870c-33c27eb02bc3_LivingDiningRoom-15128,train
555d38a7-689e-4340-ae91-a9a1dd650216_Bedroom-29707,train
558583ba-0ee1-486b-b040-f844997ea3a8_Bedroom-157258,train
558ba1f7-b9eb-460b-a906-4551b446d2f0_LivingDiningRoom-7124,train
558ba1f7-b9eb-460b-a906-4551b446d2f0_MasterBedroom-7162,train
55963844-bffe-4151-b0c0-9eb62e8aa454_SecondBedroom-258160,train
55b2d6ae-86e5-40de-a739-95ce5b824d67_SecondBedroom-1360,train
55bb9324-8a55-4e77-8672-ba135f7f9ae3_LivingDiningRoom-45270,train
55bb9324-8a55-4e77-8672-ba135f7f9ae3_MasterBedroom-45301,train
55d056ca-b357-4db4-b3d6-ebe64ce90821_Bedroom-42175,train
55edb089-573a-4701-9290-1ed05a2590e4_MasterBedroom-32242,train
55f96837-a873-45b3-8feb-6c25ae7991d1_MasterBedroom-142285,train
55f96837-a873-45b3-8feb-6c25ae7991d1_SecondBedroom-145304,train
560b2876-65ae-498c-99a6-8ca691cd42dd_MasterBedroom-7727,train
560b2876-65ae-498c-99a6-8ca691cd42dd_SecondBedroom-13764,train
561797bf-0be3-4b73-bade-ed9c50df36f1_MasterBedroom-19983,train
562d5f5b-3a15-4570-b1b1-0bf1f4df12f7_MasterBedroom-35310,train
56400f40-07af-405b-b3f5-577245b13ce9_DiningRoom-78525,train
56400f40-07af-405b-b3f5-577245b13ce9_LivingRoom-98034,train
56400f40-07af-405b-b3f5-577245b13ce9_MasterBedroom-93966,train
56539026-2d77-4f19-88ee-ca390f01e145_SecondBedroom-37984,train
5661c826-341e-4a5b-8901-c1a84b96298a_MasterBedroom-3270,train
5669e7d6-ad0f-47ad-be4a-c511786ad433_MasterBedroom-21810,train
5669e7d6-ad0f-47ad-be4a-c511786ad433_SecondBedroom-21866,train
5673b8fc-be93-4fda-af1e-bd63bb02b8a6_SecondBedroom-2827,train
56827f79-da49-49a3-8683-b64b8646b3fe_LivingDiningRoom-7023,train
568879d9-c6df-424b-9776-71321681b4ea_MasterBedroom-9069,train
5688d36e-44d9-4420-9a4a-501418b5f2b8_Bedroom-59236,train
5688d36e-44d9-4420-9a4a-501418b5f2b8_LivingDiningRoom-62089,train
569234db-5f65-499a-9704-fa1135305cfd_MasterBedroom-8427,train
56b05fc4-f06e-43ee-ac96-1a531da87e84_Bedroom-2042,train
56b05fc4-f06e-43ee-ac96-1a531da87e84_LivingRoom-704,train
56c0b91b-90d1-4d15-9a3f-5ebd47dda561_MasterBedroom-4955,train
56c0b91b-90d1-4d15-9a3f-5ebd47dda561_SecondBedroom-5683,train
56ef3577-9ca2-43b9-8971-47d6c88e1008_LivingDiningRoom-35769,train
56ef3577-9ca2-43b9-8971-47d6c88e1008_MasterBedroom-35892,train
56fedd11-b226-4c51-8d89-552caf24487b_MasterBedroom-19251,train
571bb2c3-d9fa-4a25-9fb4-7d67106dcb6c_MasterBedroom-1352,train
571bb2c3-d9fa-4a25-9fb4-7d67106dcb6c_SecondBedroom-2230,train
572ac6d8-8391-4ff1-9997-958b465ec352_MasterBedroom-16178,train
57363672-24cd-4509-988f-80aa45214d5b_DiningRoom-2180,train
574e5085-0f12-43c4-8254-59d8408c0c27_MasterBedroom-48394,train
574e5085-0f12-43c4-8254-59d8408c0c27_SecondBedroom-37702,train
57634f22-de21-482d-bbc5-2a8556cd911b_MasterBedroom-951,train
57638f14-c201-43bd-86f8-56fffa63e917_SecondBedroom-28138,train
57713c25-228a-422e-9399-3a2c9ffcbd1a_MasterBedroom-23296,train
57713c25-228a-422e-9399-3a2c9ffcbd1a_SecondBedroom-23318,train
577c772f-369a-46ae-85ed-bf392426180f_LivingRoom-1097,train
578810bc-9d89-4852-921f-fb51ca7fbc53_SecondBedroom-6685,train
5796d41e-a117-42ac-a92a-331cd02f72c5_SecondBedroom-1652,train
5799a8da-0d93-4c2d-bc54-f1c2b7bca9af_MasterBedroom-2303,train
57a02a22-1219-421b-a6e6-d2f46224f6c5_MasterBedroom-7635,train
57aca5c1-cbe5-4df7-922e-6c6cf9ba2a0e_DiningRoom-22308,train
57b41cf3-b6ec-46ec-987c-b0434321b674_DiningRoom-27196,train
57b41cf3-b6ec-46ec-987c-b0434321b674_LivingRoom-27249,train
57b535e1-49e2-46f0-a54d-a3e50fe9c413_LivingDiningRoom-2729,train
57b535e1-49e2-46f0-a54d-a3e50fe9c413_MasterBedroom-2435,train
57cb9c1c-82b6-4708-9514-472c1a05b919_LivingRoom-36683,train
57e1c8e3-02cb-4f09-b5bf-abfd43013610_MasterBedroom-122777,train
57e1c8e3-02cb-4f09-b5bf-abfd43013610_SecondBedroom-113391,train
58064c7d-8e8b-4149-9b3a-672cf22d4733_DiningRoom-11336,train
58064c7d-8e8b-4149-9b3a-672cf22d4733_MasterBedroom-9298,train
580a48e3-61e3-4d09-958a-2b8ac4deb65b_MasterBedroom-10043,train
580a48e3-61e3-4d09-958a-2b8ac4deb65b_SecondBedroom-10895,train
580bb871-f446-438a-9cde-3d970affe421_LivingDiningRoom-9462,train
5820a6a9-14a6-4066-b431-14a8da7ef88b_SecondBedroom-34587,train
582e09c9-b6ab-41da-bd7e-f8275890dfc1_MasterBedroom-68509,train
58345886-a399-4359-a218-ad0a3b43f44c_MasterBedroom-10505,train
5839632c-bad1-4129-865c-342a3b72ec92_MasterBedroom-52003,train
583eba18-07cb-439d-a095-3118a9281de8_SecondBedroom-176067,train
58698c8a-6340-4dd2-a71c-d9cbdc244f4c_Bedroom-9500,train
587c2748-01e8-4586-9428-ca9ce053d413_LivingDiningRoom-451,train
5894e989-ba18-4007-a1ca-6dc2c517c212_MasterBedroom-198576,train
58994de5-69bb-4378-a995-3ca66f4fdad9_SecondBedroom-12582,train
58a87ed9-d8a5-46ce-b02d-a8d3e9875cb3_SecondBedroom-19500,train
58bc5a5b-c6b3-4228-8a1f-718788f40ecc_LivingDiningRoom-27164,train
58c205ff-e76d-4941-80a4-44d46b10bf8e_LivingDiningRoom-262051,train
58e81b5b-7564-4873-9189-2cd5817f6a83_LivingDiningRoom-2663,train
58ff6eaa-c53f-4f88-8e83-352de9374778_MasterBedroom-244289,train
58ff6eaa-c53f-4f88-8e83-352de9374778_SecondBedroom-244311,train
5909d95e-ee06-4fa3-bb01-5b0f43185a6a_Bedroom-11072,train
590e12f4-ad43-40a2-a1f7-ba85b9118e66_Bedroom-152,train
591b9224-4c2c-4f24-95f2-c4e7213ed482_MasterBedroom-4067,train
591b9224-4c2c-4f24-95f2-c4e7213ed482_SecondBedroom-3942,train
591bd837-693c-4f91-bef7-fabf1c0ea146_SecondBedroom-24334,train
5921e046-ab2d-4451-85bd-6a31b71c2f4e_MasterBedroom-2924,train
594abe36-d4a7-4cfc-a3cb-5de355ca999d_Bedroom-23540,train
594abe36-d4a7-4cfc-a3cb-5de355ca999d_MasterBedroom-18427,train
5952a518-03dc-40f1-8990-89a0b312e0f9_LivingDiningRoom-837,train
5952a518-03dc-40f1-8990-89a0b312e0f9_MasterBedroom-462,train
5952a518-03dc-40f1-8990-89a0b312e0f9_SecondBedroom-551,train
595304a6-d670-40cd-b62c-29f3eb4b40db_SecondBedroom-23506,train
59787c5e-881c-4ba3-b469-7fcc910268e7_Bedroom-649,train
597ab527-f011-4680-87a1-342a8f0223da_LivingDiningRoom-11815,train
5993e12c-fc44-455b-a974-f3a456cd68d5_MasterBedroom-24481,train
5998124a-5ffc-4422-b94d-a4855a2d4fca_MasterBedroom-14879,train
59a66d75-9b75-41e1-b7be-1acab85a4ad0_MasterBedroom-534,train
59aed3cf-93be-4630-97b2-bc707ca491c2_Bedroom-33711,train
59ef9f91-1628-4697-8a89-b4bec5320820_MasterBedroom-13112,train
5a2857c7-b831-4e4a-b56c-24bea08a9aaa_SecondBedroom-1238,train
5a46fbf6-0235-478a-b155-3994daab55e2_MasterBedroom-289120,train
5a5372e5-d820-434d-885d-710887b2b0ee_Bedroom-71031,train
5a6650a5-b713-4d8f-9c82-5fc49a5f6ea3_Bedroom-12297,train
5a676e0c-f469-413b-b5b3-8176f2fc63bc_MasterBedroom-21338,train
5a6ad201-c801-4ea3-bd67-4d7bdff0b77a_SecondBedroom-65636,train
5a6cc890-9073-420c-ad20-d8a99f9d4968_Bedroom-38939,train
5a6cc890-9073-420c-ad20-d8a99f9d4968_DiningRoom-38885,train
5a6e4200-430f-4d0a-8f7a-deb7d98567be_Bedroom-10342,train
5a6e5b9c-9962-4637-839b-8084eca3dba3_SecondBedroom-12952,train
5a6ed75c-d1a9-489c-8fd0-e11e2287e7a5_SecondBedroom-21947,train
5a70accd-61ca-45d0-86cb-ded3e35c85f3_LivingDiningRoom-19784,train
5a74379c-00fc-4e6b-8641-e577a8f0bcc2_Bedroom-27855,train
5a74379c-00fc-4e6b-8641-e577a8f0bcc2_Bedroom-27871,train
5a81f6c1-4742-45b0-9a1c-61fefae41430_Bedroom-35352,train
5a8a69a6-6c69-45a2-a0c6-75693d542b4c_Bedroom-30450,train
5a92fb82-10da-4b31-962a-2f8db50ff99b_MasterBedroom-369,train
5ac451ba-b3f0-4734-ac59-e7ac821e3c83_MasterBedroom-110518,train
5ac451ba-b3f0-4734-ac59-e7ac821e3c83_SecondBedroom-110415,train
5ad33e93-7c6b-4c7d-b0a1-93edeed0d5ad_MasterBedroom-707,train
5b00b25e-578c-4eea-b736-2c98d456ea44_MasterBedroom-1261,train
5b1f505c-446a-4198-ad24-50f27c9125ae_SecondBedroom-26731,train
5b274239-637c-451f-ade5-f71c97d6d86c_MasterBedroom-13692,train
5b43279a-d844-4bde-b881-1e01f9097c06_Bedroom-39641,train
5b548a2b-4e7c-4d2c-9655-c54818ffe934_MasterBedroom-26687,train
5b548a2b-4e7c-4d2c-9655-c54818ffe934_SecondBedroom-27519,train
5b69a767-6a05-4cd5-b4d1-77ae696dadc5_MasterBedroom-18730,train
5b6fc618-8dec-4fcf-b326-08436f643d93_Bedroom-9232,train
5b7a930b-0088-421f-a3a1-f2c3e7c69751_Bedroom-69096,train
5b7e4dbe-32c5-46f4-afc5-85b4884068a0_SecondBedroom-16269,train
5b80db18-446e-401e-909b-747de26f6c54_SecondBedroom-46845,train
5b8a2b9a-e7bc-492a-8deb-412f60e05148_Bedroom-7011,train
5b903de7-1d5e-4b42-adf5-b474942abf5d_MasterBedroom-44572,train
5b90a853-b47f-4e37-9819-102fe25575fe_LivingDiningRoom-74225,train
5b90a853-b47f-4e37-9819-102fe25575fe_MasterBedroom-74514,train
5b991136-5594-403a-8c89-af34b8e21cb0_Bedroom-241,train
5ba554c9-9edf-4d8c-9816-0e28fa909982_SecondBedroom-13869,train
5bb3120d-3ad7-4456-b332-5bc1d60dd53c_SecondBedroom-1213,train
5bd22e7d-960b-4e14-93bd-f955001f799e_DiningRoom-6151,train
5bd22e7d-960b-4e14-93bd-f955001f799e_SecondBedroom-5468,train
5bd2dd31-7aed-4024-99fd-f2e98eb4f814_LivingRoom-8148,train
5bdb0b90-f92c-4893-b1bf-b0d2957818ac_SecondBedroom-3031,train
5bf68c41-3c78-42f5-a77c-bc6c95e051fe_MasterBedroom-38249,train
5bfa4d56-ec91-4fc5-81a9-32cf765b297a_MasterBedroom-3213,train
5c22a23d-e49c-4d31-adee-987c93eec20e_LivingDiningRoom-5987,train
5c304c9d-debb-4dc3-b3d2-a7666d60b2d8_LivingRoom-10060,train
5c337554-ee3f-4c1b-80c0-f8ee49d87e8d_SecondBedroom-14246,train
5c650b8f-1b58-4e32-9469-9a3787bf88cc_LivingDiningRoom-70142,train
5c6bb298-db40-4838-b417-ad0979f8e990_MasterBedroom-40355,train
5c70ea0d-cb3a-43ca-ab0b-a2498fae8bd5_Bedroom-1692,train
5c70ea0d-cb3a-43ca-ab0b-a2498fae8bd5_LivingDiningRoom-1711,train
5c8e6bc5-c29e-4ac3-813e-df2145b20c69_MasterBedroom-28057,train
5c8e6bc5-c29e-4ac3-813e-df2145b20c69_SecondBedroom-30593,train
5ca4c392-dcc6-4dc1-a607-44b66785ac6d_MasterBedroom-48826,train
5cafb089-f3ce-4d70-a322-39e30c010b0c_LivingRoom-12207,train
5cafb089-f3ce-4d70-a322-39e30c010b0c_MasterBedroom-12123,train
5cafb089-f3ce-4d70-a322-39e30c010b0c_SecondBedroom-12164,train
5d20881f-5edd-407c-8577-4ac0c12b51db_Bedroom-10665,train
5d31ce38-c87f-484b-85d4-952ba06bd13c_MasterBedroom-2504,train
5d31ce38-c87f-484b-85d4-952ba06bd13c_SecondBedroom-1435,train
5d325c8c-5490-48c0-87c4-6d436134421b_Bedroom-1196,train
5d39c6a6-21d1-4448-8421-2a8cedec9fed_SecondBedroom-2072,train
5d3bcbca-1efd-44ab-8425-e1c59a800ced_MasterBedroom-30460,train
5d3bcbca-1efd-44ab-8425-e1c59a800ced_SecondBedroom-30632,train
5d4526b7-8bfd-45b3-bd31-80ddf5a8b5e9_MasterBedroom-270794,train
5d4526b7-8bfd-45b3-bd31-80ddf5a8b5e9_SecondBedroom-270847,train
5d522173-3fc1-4964-898d-48ab76e67f4d_LivingDiningRoom-10493,train
5d522173-3fc1-4964-898d-48ab76e67f4d_SecondBedroom-10509,train
5d64d4b4-14f6-4334-a81e-c0e4891c95c2_MasterBedroom-15154,train
5d6d0032-e3b5-4b36-87d3-908d8c85f24b_LivingDiningRoom-142,train
5d778814-7181-4c54-bf6c-b1ee5691cd85_LivingDiningRoom-12191,train
5d778814-7181-4c54-bf6c-b1ee5691cd85_MasterBedroom-8587,train
5d7a783f-3bb8-49af-b05c-b67c87c5ce66_MasterBedroom-100337,train
5d7a783f-3bb8-49af-b05c-b67c87c5ce66_SecondBedroom-100315,train
5d8c3aab-b20b-4b70-9ca5-e8f8fe59d0bf_LivingDiningRoom-25360,train
5d8c3aab-b20b-4b70-9ca5-e8f8fe59d0bf_MasterBedroom-25534,train
5d8f96db-9043-4356-93c8-4f3198ceba34_DiningRoom-41675,train
5d8f96db-9043-4356-93c8-4f3198ceba34_LivingRoom-5161,train
5d916ba3-e843-4e95-b76c-389f80893169_Bedroom-23983,train
5d966bf7-2d76-4b3f-af13-173cb44e218e_MasterBedroom-8546,train
5d9ce2ba-db3c-4c78-8c5a-3bdb1d61de88_Bedroom-4797,train
5dc561df-3712-44ec-9344-5e629f2098eb_LivingDiningRoom-3484,train
5dc561df-3712-44ec-9344-5e629f2098eb_SecondBedroom-2472,train
5dd0cc02-00d5-42b1-8ae0-948137fcb432_MasterBedroom-29109,train
5de03a6d-2e9a-41f1-9e72-94bdae87d005_MasterBedroom-18017,train
5df48768-5e1b-4db0-9ca1-97ad05d9a896_LivingDiningRoom-9454,train
5df48768-5e1b-4db0-9ca1-97ad05d9a896_SecondBedroom-9414,train
5e004059-c7c4-44e2-99bb-93f7ec7b5b46_LivingRoom-34140,train
5e004059-c7c4-44e2-99bb-93f7ec7b5b46_MasterBedroom-33763,train
5e01911c-03ad-4654-b028-ca20c0182293_LivingDiningRoom-334,train
5e01911c-03ad-4654-b028-ca20c0182293_MasterBedroom-138,train
5e024c0f-0bca-4074-ac77-4b72a7629d0a_LivingDiningRoom-1080,train
5e024c0f-0bca-4074-ac77-4b72a7629d0a_MasterBedroom-1069,train
5e177e22-3ebb-4fae-84a6-d8e7f0411e5d_SecondBedroom-2750,train
5e1e0861-354c-407d-b267-083216bda705_SecondBedroom-18401,train
5e2a38d6-75b9-4f91-a688-a2f3141230bd_Bedroom-7445,train
5e2a38d6-75b9-4f91-a688-a2f3141230bd_Bedroom-7470,train
5e2a38d6-75b9-4f91-a688-a2f3141230bd_Bedroom-7489,train
5e3197f7-6c45-480c-874a-0481e33e6caa_MasterBedroom-488,train
5e31d382-5193-48e6-aab1-99104dff867c_MasterBedroom-17139,train
5e435d6c-8d14-4cc8-b9e3-cd8e194b20b6_MasterBedroom-16200,train
5e44b2a9-66ec-4d5b-adf0-c87ab69cc93c_LivingRoom-3797,train
5e44b2a9-66ec-4d5b-adf0-c87ab69cc93c_MasterBedroom-3854,train
5e4f139b-2870-476f-a2c8-5e9867e179f2_LivingDiningRoom-13860,train
5e4f139b-2870-476f-a2c8-5e9867e179f2_MasterBedroom-13832,train
5e60dc5c-7541-46ee-ba0f-6524fe05a00a_Bedroom-23278,train
5e647f08-d821-4554-8598-9684ffd28f7c_LivingDiningRoom-3367,train
5e647f08-d821-4554-8598-9684ffd28f7c_SecondBedroom-1885,train
5e7daec3-6980-46cc-855d-8465774001a4_LivingDiningRoom-569,train
5e831acd-1fa0-4b08-a08d-99d1748310a1_Bedroom-18397,train
5e870702-4768-446f-9c7e-a50e4ace9796_MasterBedroom-1289,train
5ed691b6-9633-47ca-a0f0-5069079b2852_MasterBedroom-2801,train
5f27b15d-9586-47a1-9875-075c68a95b05_MasterBedroom-48903,train
5f27b15d-9586-47a1-9875-075c68a95b05_SecondBedroom-48968,train
5f501905-6bb6-497e-bd13-59d2478416ad_SecondBedroom-2149,train
5f664372-7176-4ca8-aad7-e98fc86a0b53_SecondBedroom-9950,train
5f687d94-bb4e-4a8f-938e-e988ddb7de2f_Bedroom-17442,train
5f730139-4d72-453f-b4e0-e8861590dbfd_Bedroom-3082,train
5f86c744-15af-4c99-80ef-b3608aadbf1b_LivingDiningRoom-37641,train
5f86c744-15af-4c99-80ef-b3608aadbf1b_MasterBedroom-37707,train
5f91098f-9e45-4113-a86c-25df2aa8a403_Bedroom-197,train
5faf622e-532d-4c9e-ba55-e2dd01fa1f3f_SecondBedroom-60421,train
5fc584ea-ebdf-4bbd-8c85-4a2be9b35abd_MasterBedroom-2045,train
5fdf68a2-1ad6-441f-a59e-230413b55a01_Bedroom-211817,train
5fe0be69-8fb3-46ad-8e77-78f426e7a832_Bedroom-24692,train
5fe21893-ef9b-479f-9b9e-dd9456c0e41e_LivingDiningRoom-2620,train
5fe24490-bf9f-4719-b563-97ba74ac5ca5_MasterBedroom-311,train
5fef6bd0-837a-4ad9-a6fd-4b9ce517701b_LivingDiningRoom-68606,train
6005503e-27de-412a-9f10-2711d5d3bf1e_MasterBedroom-14433,train
6010c58f-92ad-4bd6-b515-5aa0f42e48f8_Bedroom-13741,train
6019bf5a-b088-45f4-aa3c-f8ccaed77069_MasterBedroom-31015,train
6019bf5a-b088-45f4-aa3c-f8ccaed77069_SecondBedroom-31187,train
6048ff60-5420-4ad5-ab02-856f989ed67d_SecondBedroom-1955,train
6060e648-44c6-42d6-a9f4-f58c5bcff70d_LivingDiningRoom-25741,train
6060e648-44c6-42d6-a9f4-f58c5bcff70d_SecondBedroom-25760,train
6064cd7d-6922-4b76-bdb6-08f50aea6097_LivingRoom-50084,train
60df224e-f073-4875-bf66-c501bd4dd30b_MasterBedroom-15809,train
60df224e-f073-4875-bf66-c501bd4dd30b_SecondBedroom-10248,train
60e4b558-623a-4459-860e-5954f41d4b22_LivingRoom-1772,train
60e6bf2e-0c25-455c-9f53-ccff3034be5f_LivingRoom-1698,train
60f370ab-55b2-43a0-9dd4-fefea294ab5c_LivingDiningRoom-30127,train
61157ded-23c7-49b8-97a1-7ab2283a3258_MasterBedroom-3595,train
6123cc37-6e39-4065-b00c-f6004076d287_Bedroom-1680,train
6123cc37-6e39-4065-b00c-f6004076d287_Bedroom-752,train
6130928e-d71f-451b-862c-b6e809a85096_MasterBedroom-19072,train
613b2c63-66ba-4643-b4d3-c6a4f34d62a9_SecondBedroom-27243,train
614a39e1-5f7f-42ea-ba0d-dbd2c82d08ee_MasterBedroom-12682,train
615ee7d3-9ffc-457a-8ada-43ba03d79983_MasterBedroom-6762,train
6180d725-3d29-4a32-93b0-45dda664dde4_LivingDiningRoom-1921,train
61939f19-9114-46ad-86c6-ab10c1668ed7_LivingDiningRoom-17356,train
6197d128-fb8b-4f65-93be-c318bf2eaf7f_MasterBedroom-90580,train
619ee75c-c11e-416f-90d2-15c05721932e_Bedroom-1695,train
61a0705d-2f6b-4086-a80d-4b06a42fc876_DiningRoom-9206,train
61a0705d-2f6b-4086-a80d-4b06a42fc876_MasterBedroom-9222,train
61ae862a-a53a-4313-af9b-f8c851316c4e_Bedroom-4727,train
61bcb629-5399-4b21-bf61-1f4340155c10_SecondBedroom-5185,train
61bf6de7-047e-4530-8e11-c647abb78ac5_MasterBedroom-49925,train
61e6ebe5-da92-4e8d-80ad-052996ac6e34_SecondBedroom-17265,train
61fd44a0-70d9-42d2-9ed3-b2a45b2c4351_MasterBedroom-83604,train
61fd44a0-70d9-42d2-9ed3-b2a45b2c4351_SecondBedroom-67182,train
620c63cf-4adf-47f7-bb9b-ead8ab6a30dc_SecondBedroom-1082,train
6218a3c5-d774-4cb1-b203-90619927f79b_SecondBedroom-208237,train
624ea9fb-febe-49ae-98c8-d5cd01590a09_MasterBedroom-242754,train
624ea9fb-febe-49ae-98c8-d5cd01590a09_SecondBedroom-242776,train
62576f34-98df-4aab-a9b8-7c0cb743a4ec_MasterBedroom-12477,train
625cc958-7f61-487f-a076-427034fedc1a_Bedroom-589,train
625cc958-7f61-487f-a076-427034fedc1a_MasterBedroom-232,train
626ec355-216b-4e9b-a010-9f4e8ac5096e_DiningRoom-8473,train
626ec355-216b-4e9b-a010-9f4e8ac5096e_LivingRoom-3890,train
626ec355-216b-4e9b-a010-9f4e8ac5096e_LivingRoom-4561,train
62773068-a0a2-4ed0-b85c-84a9a353d18a_LivingDiningRoom-2583,train
629cf963-2c15-47a5-9af4-8742592a70e7_Bedroom-4123,train
62a36664-15ed-4930-839a-0964bdc11d45_SecondBedroom-1443,train
62ac423c-ae2f-4fc4-be9e-01275e8067ca_Bedroom-79925,train
62ac423c-ae2f-4fc4-be9e-01275e8067ca_Bedroom-84734,train
62c107a4-c33f-4c8f-8d2b-dc1faa9f5f19_MasterBedroom-873,train
62e9d3ab-899d-40b0-86e2-a6468e9de575_DiningRoom-442,train
62ee0d5a-10f1-44c4-bccc-a731dc6ad93a_MasterBedroom-8545,train
62fd38a2-1ef7-4791-9f77-86a35ca36c10_LivingRoom-68491,train
62fd4a86-b6d1-47e6-a5de-205ed002026c_DiningRoom-71388,train
62fd4a86-b6d1-47e6-a5de-205ed002026c_LivingRoom-71357,train
6359883f-326f-4c7f-99f0-30626f427d5f_MasterBedroom-28235,train
6359883f-326f-4c7f-99f0-30626f427d5f_SecondBedroom-23255,train
63624bb6-0323-476c-b295-2e31b729fbb8_MasterBedroom-7175,train
6379e703-a2fb-4d36-a417-30e0357a31ad_LivingDiningRoom-121211,train
6379e703-a2fb-4d36-a417-30e0357a31ad_MasterBedroom-116901,train
6379e703-a2fb-4d36-a417-30e0357a31ad_SecondBedroom-121249,train
63bc11cd-473f-49f6-b239-7ecf3d9e4ae3_LivingRoom-28161,train
63bc11cd-473f-49f6-b239-7ecf3d9e4ae3_MasterBedroom-28214,train
63bc11cd-473f-49f6-b239-7ecf3d9e4ae3_SecondBedroom-22593,train
63c32cb2-840d-4e30-9482-6219da6d8713_SecondBedroom-13577,train
63c32cb2-840d-4e30-9482-6219da6d8713_SecondBedroom-18803,train
6400fde7-9e67-42dc-9966-670e0a3ade78_MasterBedroom-21463,train
6400fde7-9e67-42dc-9966-670e0a3ade78_SecondBedroom-20673,train
640cbd2f-7f51-4208-80a4-8f91308cbd1e_SecondBedroom-11035,train
6417999f-abfd-4c11-8ca1-0100d8738214_Bedroom-6881,train
641eaf99-ec77-40a6-bef8-2ff72ef2b1d1_MasterBedroom-9445,train
642f5ac8-8330-46b1-bbf3-83e67501f35d_MasterBedroom-9966,train
64321004-c08d-4334-984b-4bdbed4895d1_LivingDiningRoom-70212,train
64321004-c08d-4334-984b-4bdbed4895d1_MasterBedroom-65519,train
64321004-c08d-4334-984b-4bdbed4895d1_SecondBedroom-64295,train
643838f2-8b84-496c-9bee-4c6b82a2fc9d_LivingDiningRoom-76810,train
644dba87-0d65-4897-912c-38185791b3c2_SecondBedroom-116544,train
644f3b6e-ad35-4254-92ea-626e3e8a65b1_MasterBedroom-33618,train
64567682-0316-4217-b190-975dc4ff0266_MasterBedroom-11146,train
646caacd-2202-49a5-8aee-8461238c4121_MasterBedroom-7326,train
646caacd-2202-49a5-8aee-8461238c4121_SecondBedroom-7309,train
648408a7-3930-40b4-bca2-eeb20e48e982_MasterBedroom-44810,train
6487eb58-d9fa-4a42-afd2-13cba40b71d1_LivingDiningRoom-4693,train
6487eb58-d9fa-4a42-afd2-13cba40b71d1_MasterBedroom-53,train
648b8740-c145-4233-84f1-27f596c387e7_Bedroom-25945,train
648b8740-c145-4233-84f1-27f596c387e7_Bedroom-26089,train
6490d051-3de1-42b5-970f-c940ae01730e_Bedroom-35900,train
6490d051-3de1-42b5-970f-c940ae01730e_SecondBedroom-35859,train
64a127ea-1375-4c1c-a36e-b11441ce8266_Bedroom-17414,train
64a127ea-1375-4c1c-a36e-b11441ce8266_Bedroom-18163,train
64ac0b68-fc6c-490d-ab08-6f45e947b4a7_SecondBedroom-23254,train
64b7a725-7b94-443b-a8b1-d582ba1cd3d9_Bedroom-1475,train
64b7a725-7b94-443b-a8b1-d582ba1cd3d9_LivingDiningRoom-1764,train
64ba6c94-c84a-4ecf-b321-e3f38c4bf20b_MasterBedroom-5792,train
64cce374-230b-4fe2-8240-69f81c8cfb33_LivingDiningRoom-19646,train
64ddec2e-2c16-45c2-a88f-8ea95b9ac80a_SecondBedroom-4816,train
6508123c-1d2a-446a-a300-7ecfd8bee038_LivingDiningRoom-4830,train
65124426-994e-4215-afed-5070c65ba5b0_Bedroom-734,train
651c37ce-c0cd-47c6-843f-3aa192235e39_LivingDiningRoom-86944,train
651c37ce-c0cd-47c6-843f-3aa192235e39_SecondBedroom-86888,train
6545c2f0-4a9c-445d-af62-879cb4bb769c_Bedroom-7459,train
656408d1-43cb-4ef5-93d6-f8df441a49a3_Bedroom-41983,train
65653285-2397-4f86-8012-17ab10f7b67a_MasterBedroom-35481,train
65653285-2397-4f86-8012-17ab10f7b67a_SecondBedroom-34345,train
65663bda-5a45-40e6-a07d-c7fbd9874657_MasterBedroom-10707,train
656bf897-705c-4397-871e-13268143369a_MasterBedroom-2432,train
657c9da5-231f-4357-a8a4-21229537cad7_LivingDiningRoom-16798,train
65892a72-e69e-417c-9cfe-a9918126ed90_Bedroom-2277,train
65968c3a-f434-4d80-9f65-f37f8d703a6e_MasterBedroom-630,train
65a7ec51-0813-4bdf-9f92-cb4a84b0d4c0_MasterBedroom-184355,train
65a7ec51-0813-4bdf-9f92-cb4a84b0d4c0_SecondBedroom-182759,train
65aa5c84-5d84-4785-adf8-0000c91aa79e_LivingDiningRoom-2715,train
65dee4d7-0d0d-434c-a281-0caaa8e9e979_LivingRoom-3204,train
65dee4d7-0d0d-434c-a281-0caaa8e9e979_SecondBedroom-6693,train
65e85462-aa42-4e21-b997-c674caa1a1b3_SecondBedroom-13493,train
65e91b0e-4855-4f99-9ea0-4091b011e323_MasterBedroom-26181,train
6603615d-0b7c-4b8c-ae29-ce9b464960ab_Bedroom-3375,train
6603615d-0b7c-4b8c-ae29-ce9b464960ab_Bedroom-3394,train
66082784-28d9-41e7-94bd-09a72fa335cf_LivingDiningRoom-2891,train
66082784-28d9-41e7-94bd-09a72fa335cf_MasterBedroom-1979,train
6629237b-2eb1-4fd5-a008-e175fbe9a975_MasterBedroom-49863,train
66352dcb-04af-421d-b2d9-ec7958de8f7e_Bedroom-108873,train
66504491-bdc0-445e-a727-9fbb68e749ce_SecondBedroom-25652,train
665a5c8c-111c-47da-81f5-daad02321c46_Bedroom-36351,train
667e9ce4-3087-40d8-97a8-2b45a6800093_MasterBedroom-109742,train
66abf732-abfb-4aec-b06d-841e713017c8_Bedroom-1611,train
66b69643-63fc-4eb2-9f38-293e23ff999b_LivingRoom-111675,train
66bc95cb-672b-4acd-92f1-ba4ed3a6aa83_DiningRoom-2432,train
66d24a27-e8dd-42e5-b5bb-ef4723829b54_Bedroom-20829,train
66d24a27-e8dd-42e5-b5bb-ef4723829b54_LivingRoom-22102,train
66d9cc5c-b6d2-4f5c-a757-c0e8584f3c3c_MasterBedroom-557,train
66e064fb-9bf7-4c1a-ae44-939c6ebbef43_MasterBedroom-2426,train
66e39970-347d-49c7-9fe0-47e1bced4780_MasterBedroom-9804,train
66e39970-347d-49c7-9fe0-47e1bced4780_SecondBedroom-6511,train
66ec97ae-5863-4444-9492-6856cf9ea710_MasterBedroom-59979,train
66ec97ae-5863-4444-9492-6856cf9ea710_SecondBedroom-60357,train
66f67e6f-2c22-473c-9997-0690a62661ec_Bedroom-7423,train
66f67e6f-2c22-473c-9997-0690a62661ec_LivingRoom-7404,train
66f99d38-f9b7-4bb0-a646-314f6228059d_MasterBedroom-9583,train
672b75fe-1120-4627-80a9-5616d99c3423_DiningRoom-24272,train
67438c51-6887-4963-8004-f7c0e620e21b_SecondBedroom-15077,train
6752bfe1-3a27-4200-9f0f-8e78a878993d_MasterBedroom-14158,train
675507da-6f11-412d-aa21-545212322fa6_Bedroom-31435,train
675507da-6f11-412d-aa21-545212322fa6_LivingDiningRoom-32204,train
675747ce-8c84-459f-ab16-399ae3636709_SecondBedroom-14284,train
67574e8b-f5a4-463f-bc05-f3e8a2cc0cb9_MasterBedroom-2367,train
676675bd-df42-4951-afca-7d39a70af0da_Bedroom-71366,train
676a6773-36ae-4d7a-afe7-5c6ad227325e_MasterBedroom-14257,train
676a6773-36ae-4d7a-afe7-5c6ad227325e_SecondBedroom-14200,train
677be953-f176-4ce7-9641-32745d188f04_Bedroom-44609,train
677d7c8d-5f1b-421e-bbf4-d729ee00dadd_LivingRoom-1253,train
6781a219-c0f0-42b0-8c40-4ef700a5dacb_Bedroom-2636,train
6781a219-c0f0-42b0-8c40-4ef700a5dacb_Bedroom-3107,train
6788eee2-b676-41d3-9811-3a2a32248c06_Bedroom-8226,train
67963b4a-1283-40ef-82a6-41c6dd279e0e_MasterBedroom-44641,train
6798277b-ef30-43c9-944d-0fef266dd444_LivingDiningRoom-114634,train
6799c7da-4248-4fa1-9d6d-c8acf521a414_LivingDiningRoom-13177,train
6799c7da-4248-4fa1-9d6d-c8acf521a414_SecondBedroom-13218,train
67b26a1f-a7d2-4c9b-ad51-3caa25c5ce4e_SecondBedroom-20724,train
67dd6924-f510-4d42-bee3-071e3652e8cf_MasterBedroom-31685,train
67eca9c0-703e-44ca-b59c-3490e439bca0_MasterBedroom-11391,train
67f1d8aa-6ef0-404a-b540-fdb4f1f3dbb1_MasterBedroom-157649,train
67f526c0-865c-42d8-8390-94251681daca_LivingDiningRoom-50487,train
68181c4d-2a0d-4b29-b5be-c525b417c1fa_MasterBedroom-13579,train
6843f446-eb87-4f4c-b6f7-9b1b4d03f3eb_MasterBedroom-13746,train
6845a1ea-b5b7-496c-bbf4-0ba36d9a115b_LivingRoom-2136,train
685804c9-0747-4f2e-af3c-fe3742626c1c_Bedroom-10034,train
68983107-a915-404b-be96-20a030c59591_MasterBedroom-20685,train
68983107-a915-404b-be96-20a030c59591_SecondBedroom-19492,train
689da5dd-edaf-4ec7-9a11-ca7cd548bfa8_SecondBedroom-39441,train
68aef3df-2608-4b26-bbf3-8533bbeb9445_SecondBedroom-37647,train
68bb331a-32f5-463d-932e-e8360fad1908_LivingDiningRoom-83039,train
68d7ebb8-62e6-453e-9f5a-41101c5d97dd_MasterBedroom-15631,train
68e20f2b-e004-4767-9eac-6d3e4d63ee80_Bedroom-100768,train
68e20f2b-e004-4767-9eac-6d3e4d63ee80_LivingDiningRoom-101134,train
68f61309-f9e6-4dfb-a1a6-82c1bef6b6f9_Bedroom-21752,train
68f61309-f9e6-4dfb-a1a6-82c1bef6b6f9_LivingRoom-23471,train
69610b96-8add-4240-938b-97520fa32ed3_Bedroom-9426,train
69770ac0-a8e5-41d4-bcaf-dbc67b79ad15_MasterBedroom-4145,train
6995dbb7-6399-4d3e-b8e1-89d5b309c5aa_LivingDiningRoom-29227,train
6995dbb7-6399-4d3e-b8e1-89d5b309c5aa_MasterBedroom-29249,train
6995dbb7-6399-4d3e-b8e1-89d5b309c5aa_SecondBedroom-25830,train
69b82978-76fe-43cc-b88d-92b7244ee573_LivingDiningRoom-15465,train
69bdd28e-52a7-4be1-be76-21c660e66a43_MasterBedroom-9914,train
69bdd28e-52a7-4be1-be76-21c660e66a43_SecondBedroom-6621,train
69cc1796-5e17-43c1-9dc8-e5193206eba2_MasterBedroom-28098,train
69cc1796-5e17-43c1-9dc8-e5193206eba2_SecondBedroom-27973,train
69d53a2f-5684-4d46-84ff-7afa302d1570_Bedroom-11842,train
69db2776-b0aa-47c1-8877-9ca6e04f6f6b_SecondBedroom-15362,train
69f51600-f8b7-4445-815f-55b87172c756_Bedroom-24655,train
69f5f12d-6174-4f47-aeaf-e6ad01393ac6_SecondBedroom-315405,train
6a03badb-61ab-4e22-9564-de2fd2ed1938_DiningRoom-25528,train
6a03badb-61ab-4e22-9564-de2fd2ed1938_MasterBedroom-17535,train
6a09436f-ffa2-428b-9117-37afc75e8ca0_LivingDiningRoom-61628,train
6a14c9df-bb67-4cc2-a6c5-9e5093024506_Bedroom-10136,train
6a2b8eab-9d8b-4efa-9823-7089483c9faa_SecondBedroom-22298,train
6a50a50b-b1a9-4755-8785-3cca0c80a2ad_SecondBedroom-1440,train
6a58fca6-3af8-4807-b3cd-80b97aa81c7b_DiningRoom-31702,train
6a58fca6-3af8-4807-b3cd-80b97aa81c7b_SecondBedroom-31363,train
6a59baa9-90bc-4848-b749-c9e4d9e4d7b6_MasterBedroom-6133,train
6a63fbd9-1cdd-404d-97d3-366d7ea978b1_MasterBedroom-47111,train
6a697e31-513f-4bc5-adc6-1d2a8b8f7d61_SecondBedroom-112,train
6a74b670-98f7-4c5c-956a-5883a94ca5d7_MasterBedroom-44714,train
6a8ad1d5-8c81-49bf-a752-fbe9448ff3b1_MasterBedroom-36389,train
6a8ad1d5-8c81-49bf-a752-fbe9448ff3b1_SecondBedroom-36408,train
6ab91867-b6fa-4630-93f8-f3223e71c154_Bedroom-614,train
6ab91867-b6fa-4630-93f8-f3223e71c154_LivingDiningRoom-426,train
6adb0cc9-8e56-4829-a7f0-c72dfd69afcd_MasterBedroom-2540,train
6adb0cc9-8e56-4829-a7f0-c72dfd69afcd_SecondBedroom-3877,train
6ae193c4-4fe1-42e8-b2dd-38ded31b7f12_SecondBedroom-48433,train
6ae4511d-5a72-45f3-af6e-2ddbf8fbe0b9_SecondBedroom-1807,train
6ae5c274-8d8c-4832-878c-ea4f74082dfa_Bedroom-4576,train
6b282d95-3b71-414d-80d2-23d42bc0b526_DiningRoom-43780,train
6b2a7e3f-4f6a-487e-9da4-9f30a0f064c9_DiningRoom-15882,train
6b2a7e3f-4f6a-487e-9da4-9f30a0f064c9_MasterBedroom-15945,train
6b2a7e3f-4f6a-487e-9da4-9f30a0f064c9_SecondBedroom-15967,train
6b399f2d-3097-4272-822a-e50dea179ce0_DiningRoom-2713,train
6b399f2d-3097-4272-822a-e50dea179ce0_SecondBedroom-5766,train
6b464a37-2915-428f-8ee3-4557e5f7b903_MasterBedroom-49597,train
6b56575f-a746-4062-8296-b566d5de7b60_LivingDiningRoom-41360,train
6b587a27-40d3-41fd-bcc1-e2d4b0e8afd3_Bedroom-126874,train
6b5bb08d-7e14-4206-8014-685580c674b1_LivingDiningRoom-2106,train
6b774494-78d2-4def-a1df-24e4d907e796_MasterBedroom-137035,train
6bb3d777-55c4-444a-abc7-dfd0bfeb00ec_LivingDiningRoom-29413,train
6bb9d1bf-8fd5-4278-b4a0-38ea346dafcd_LivingRoom-26049,train
6bc28ca2-2555-49b4-816a-042ae648f4c6_MasterBedroom-50612,train
6bc28ca2-2555-49b4-816a-042ae648f4c6_SecondBedroom-48703,train
6be30d81-2935-4fe7-9280-6efa0fd48a82_Bedroom-28019,train
6be7ef9a-98d9-4d32-8b0c-c0d2b1ca3bbe_Bedroom-39015,train
6be7ef9a-98d9-4d32-8b0c-c0d2b1ca3bbe_LivingRoom-38721,train
6be7ef9a-98d9-4d32-8b0c-c0d2b1ca3bbe_MasterBedroom-39028,train
6bf1f96b-80f4-4b28-9e1c-2ce2e48e7ad0_SecondBedroom-168927,train
6c00f5fb-76c7-4820-95d5-5e9e343d8bc0_MasterBedroom-1073,train
6c00f5fb-76c7-4820-95d5-5e9e343d8bc0_SecondBedroom-738,train
6c20495f-ce5e-4596-9449-24d924a70160_MasterBedroom-104361,train
6c294141-0ec8-47cd-b1cb-102d60dc252c_DiningRoom-55362,train
6c2d1fd6-0cb5-4382-9788-c0d95431a6ec_LivingDiningRoom-8714,train
6c39a824-c7de-4ca5-87b7-553057ddacf1_MasterBedroom-45563,train
6c45080c-c6df-43f6-a79c-476681818111_LivingRoom-5469,train
6c482868-df60-4e35-b33d-d7e1613bf3c4_MasterBedroom-10501,train
6c53a2a8-25a8-495b-a2e1-b8133fccaa61_MasterBedroom-9380,train
6c600c25-ede9-4ae7-8e1e-46bf11d80227_SecondBedroom-7635,train
6c6da165-485a-41a8-9870-75cb9f39c017_LivingDiningRoom-37289,train
6c6da165-485a-41a8-9870-75cb9f39c017_MasterBedroom-37355,train
6cc1d22f-47b3-4a3a-81b4-19575f2ec3cd_SecondBedroom-17365,train
6cd50522-54ed-4854-85b1-c0dc5f34abd8_LivingDiningRoom-12619,train
6cd50522-54ed-4854-85b1-c0dc5f34abd8_MasterBedroom-12560,train
6cf680e2-ed2a-4ca0-a66c-ae25c016e7d3_Bedroom-14220,train
6cf680e2-ed2a-4ca0-a66c-ae25c016e7d3_LivingDiningRoom-14085,train
6d0a88ea-05ea-4249-b21f-b221cdf826c0_SecondBedroom-3628,train
6d0f311f-5d41-4f24-9484-eb44915ede82_LivingRoom-9418,train
6d13bd56-8931-486a-8490-61752942a6de_DiningRoom-43067,train
6d13bd56-8931-486a-8490-61752942a6de_LivingRoom-43669,train
6d2dacee-dbfa-4c95-8465-c0184969823d_MasterBedroom-7665,train
6d2dacee-dbfa-4c95-8465-c0184969823d_SecondBedroom-7743,train
6d3ebe90-a07a-4c02-93c6-a997c9890cc3_SecondBedroom-72827,train
6d486929-8d49-4d3c-aa16-88330ce2e164_Bedroom-61799,train
6d5a3496-fb30-4151-9147-12fbda4d7fce_LivingDiningRoom-1768,train
6d5ce3ed-049e-4ca7-965a-c1cb66dd25d8_Bedroom-272,train
6d89d79f-b69d-4435-b0a0-dd77507c8c1b_LivingDiningRoom-24764,train
6d89d79f-b69d-4435-b0a0-dd77507c8c1b_MasterBedroom-17237,train
6d90a3f0-ab42-45c9-80e6-c4b3c068e32e_MasterBedroom-8791,train
6dd54ac4-ea84-406e-8abe-b4a602a15851_Bedroom-16914,train
6de860f5-8cca-498d-830c-7e9b301a43bd_MasterBedroom-27045,train
6de860f5-8cca-498d-830c-7e9b301a43bd_SecondBedroom-28201,train
6df8f830-ba50-46b4-9f9a-b35535f22535_MasterBedroom-97178,train
6e284cd9-0d12-41f5-98e4-4d03c6eec135_SecondBedroom-9158,train
6e2e3a16-bf5f-4bb9-b416-4c6dd042ba72_SecondBedroom-1301,train
6e356720-39a8-4843-874d-a71efc4fb1ff_LivingRoom-2159,train
6e3dbf3d-cf2f-41ea-adad-c6a40129c200_Bedroom-3916,train
6e3dbf3d-cf2f-41ea-adad-c6a40129c200_LivingDiningRoom-6884,train
6e3dbf3d-cf2f-41ea-adad-c6a40129c200_SecondBedroom-6938,train
6e7a0c41-15f3-4909-a20c-dab460b45ada_Bedroom-258,train
6ec3fc4a-25c0-4e29-819e-d7c4ef341d14_MasterBedroom-1823,train
6ee84dec-417f-4fba-ad4f-1f91d7589cf0_LivingDiningRoom-4056,train
6ef436f8-3ed9-410d-815a-2652e115f716_LivingDiningRoom-53598,train
6f1f5670-b6d8-4590-bd30-97818c3754f8_MasterBedroom-149010,train
6f25efe5-1c2d-443a-a297-4f4f0a3688c8_SecondBedroom-29462,train
6f3094b8-689f-4f0c-adb2-748fbc81ec8a_MasterBedroom-10091,train
6f37e768-7bb5-423a-a64a-86b747e8cc50_DiningRoom-70702,train
6f56a549-5f9c-42ee-a484-a5b3a5cff4f8_MasterBedroom-19138,train
6f56a549-5f9c-42ee-a484-a5b3a5cff4f8_SecondBedroom-19185,train
6f6fab3b-e42d-4458-8f93-ed9d006cb087_DiningRoom-8121,train
6f8510bd-8325-434d-bd15-4b6026764b14_Bedroom-26648,train
6f969906-b789-4a47-a930-008d35ca0458_Bedroom-1541,train
6f969906-b789-4a47-a930-008d35ca0458_LivingRoom-513,train
6f969906-b789-4a47-a930-008d35ca0458_MasterBedroom-2689,train
6f9eb9a4-2434-4412-a3a6-b5f91ba824b0_SecondBedroom-11271,train
6fa4b760-4273-4eed-a627-43068ea14b62_Bedroom-237,train
6fe3cf2d-8353-4541-8de2-33158182ba33_Bedroom-8139,train
702a3f08-a072-4459-a2ba-2b0b132be3a3_LivingDiningRoom-13989,train
70441a13-34cb-4927-a0b9-e5fa771da509_LivingRoom-1618,train
70441a13-34cb-4927-a0b9-e5fa771da509_SecondBedroom-1167,train
7067f026-f793-4931-9e6f-d6372015de5a_MasterBedroom-261,train
706922ae-ac4e-4495-af82-91ffa695bff2_LivingDiningRoom-8120,train
706922ae-ac4e-4495-af82-91ffa695bff2_MasterBedroom-8601,train
706c2d0b-66ca-43f4-9c40-09398a8b4bda_LivingDiningRoom-19680,train
707a8e25-4a36-4048-a088-303b6a107051_LivingDiningRoom-66938,train
707a8e25-4a36-4048-a088-303b6a107051_MasterBedroom-63052,train
708218c2-ff5f-450f-9a8a-c82e6ad896a9_MasterBedroom-32484,train
708e5eed-9b7d-428b-9e1b-022541261d21_LivingDiningRoom-176519,train
70d6a3c2-2cc4-4b8a-98e3-2179c03e91dc_MasterBedroom-24034,train
70ed875b-62c8-42d4-87d2-bf7596b658a9_MasterBedroom-2218,train
71077ab4-63f1-4875-a2b2-4199ea4de5d6_Bedroom-52396,train
71077ab4-63f1-4875-a2b2-4199ea4de5d6_Bedroom-56702,train
71077ab4-63f1-4875-a2b2-4199ea4de5d6_Bedroom-56809,train
711697e6-191e-4895-80f0-6382e330ed9a_LivingRoom-2586,train
711bd99b-2719-45a9-9836-c4baae874ad7_Bedroom-4191,train
711bd99b-2719-45a9-9836-c4baae874ad7_Bedroom-4584,train
71242564-2de7-455b-b2fb-e191011a248d_LivingRoom-11670,train
7130f8fa-ec52-455e-88a6-fb2a4e440087_LivingRoom-59825,train
7130f8fa-ec52-455e-88a6-fb2a4e440087_MasterBedroom-57124,train
714a1f8b-192c-48f5-965f-2bd0764a7546_MasterBedroom-21507,train
715cd0a2-3c66-4f33-b9e9-e8c13aea5eba_MasterBedroom-72062,train
715cd0a2-3c66-4f33-b9e9-e8c13aea5eba_SecondBedroom-71986,train
7161d025-3ace-4163-b00c-f8409b75ce74_Bedroom-14458,train
7170830d-8ce7-455a-a0f5-f7a4edb745d1_MasterBedroom-13668,train
717acc1d-2b59-4dfb-9d9f-6863b548a1ec_SecondBedroom-11545,train
71928d95-b535-44be-b678-a67b270dd33a_MasterBedroom-1585,train
719cc7d0-b17b-4241-b345-82c06da7b60b_Bedroom-23635,train
71af0582-e827-4368-ad45-6a56821b8840_MasterBedroom-33999,train
71afc86e-1261-4c9e-a2b0-59e0811180e3_LivingDiningRoom-6936,train
71afc86e-1261-4c9e-a2b0-59e0811180e3_MasterBedroom-2732,train
71b1339c-fd3f-4150-981d-5b93097b136e_SecondBedroom-71864,train
71b6e531-ed61-4ff3-8816-5f1b0ebbb464_Bedroom-20007,train
71cc3390-7abf-4be5-a2e9-8673e556538a_Bedroom-5021,train
71cc3390-7abf-4be5-a2e9-8673e556538a_LivingDiningRoom-5087,train
71d6b0a5-ba83-4df7-9a6d-703eedb14e20_MasterBedroom-1763128,train
721aac20-b1b8-411f-93cd-285290b9fa45_LivingRoom-890,train
724bbf50-6e6f-4d74-b0f4-853f75ea1015_MasterBedroom-2213,train
724eb4ee-bd9e-4036-8579-d5379605f941_Bedroom-10740,train
724eb4ee-bd9e-4036-8579-d5379605f941_MasterBedroom-9227,train
7279cacf-3d83-48f7-9cb4-114caeb86df1_MasterBedroom-7562,train
7289023b-aa7a-483f-b2bc-e0c33c6cc386_Bedroom-268,train
728e0c2c-98f5-49dd-8947-7f1a37c8887f_Bedroom-11202,train
728e0c2c-98f5-49dd-8947-7f1a37c8887f_MasterBedroom-11259,train
7292d96f-1294-4a92-88c1-69c91c47e883_Bedroom-8507,train
72cfe763-f119-4fb0-a697-5a56cf3b8289_Bedroom-28692,train
72cfe763-f119-4fb0-a697-5a56cf3b8289_MasterBedroom-39683,train
72e59634-a906-48de-be85-93f2236c0a43_MasterBedroom-41983,train
72f68129-a891-4552-a1bc-641366806b3f_DiningRoom-1758,train
72f75ed4-ab5e-466e-ab6a-7672b31ceb93_MasterBedroom-121748,train
72fbdea6-2af2-4c2a-bf00-0d4d90bfa334_LivingDiningRoom-6461,train
72fbdea6-2af2-4c2a-bf00-0d4d90bfa334_SecondBedroom-7914,train
7314ce1d-276f-4aed-acaa-872172155163_MasterBedroom-73650,train
731f15a2-adb8-40d5-ba2f-0d32707bc60b_SecondBedroom-49533,train
733aa566-0120-43c8-afe3-ab36ae21d3b7_LivingDiningRoom-27185,train
733aa566-0120-43c8-afe3-ab36ae21d3b7_MasterBedroom-24269,train
73726d4e-12e5-4828-8faa-b4baa3a4a52f_Bedroom-573,train
737515de-dcae-4400-aa9c-c4bfb0d999fc_MasterBedroom-144074,train
73818192-7ca3-4161-8cf1-ca3e5e51b1ab_LivingDiningRoom-62037,train
73818192-7ca3-4161-8cf1-ca3e5e51b1ab_SecondBedroom-10098,train
73898afb-17e6-4b5a-b84f-9ebc023ecfdc_MasterBedroom-25891,train
738b0195-666c-4e04-a95a-f667ab0529d7_SecondBedroom-15823,train
738b0195-666c-4e04-a95a-f667ab0529d7_SecondBedroom-22643,train
73bf13f8-35da-425b-8dbf-2e552f466d21_Bedroom-68902,train
73c6b742-1dbf-406a-bda5-e7880efead98_MasterBedroom-20856,train
73d7d368-1b45-47cf-bc56-a786c7bb0b40_Bedroom-11819,train
73d7d368-1b45-47cf-bc56-a786c7bb0b40_Bedroom-11907,train
73d7d368-1b45-47cf-bc56-a786c7bb0b40_LivingDiningRoom-11797,train
73e90662-b100-4ed3-86b0-81751896d6a9_MasterBedroom-24161,train
73ed0b77-ba5b-4c11-9bf4-a776d8290144_LivingDiningRoom-113,train
73ed0b77-ba5b-4c11-9bf4-a776d8290144_SecondBedroom-278,train
73f1f19b-18ff-4704-a03c-cb3c6f82e001_MasterBedroom-3618,train
7407dade-c1a0-4fb7-af1b-9af240f44cfc_MasterBedroom-15500,train
741bccc3-8ec2-4f66-915b-633fe7cfae94_LivingRoom-45612,train
741c2966-f279-4d6a-8219-c55cda0fba81_MasterBedroom-109317,train
741c2966-f279-4d6a-8219-c55cda0fba81_SecondBedroom-57298,train
7452348f-f1c9-48e1-ac3c-aa40334c87e3_SecondBedroom-3935,train
74609b90-d884-41ff-a661-9d25f0818b0a_MasterBedroom-15217,train
74609b90-d884-41ff-a661-9d25f0818b0a_SecondBedroom-15145,train
74b36472-5e84-4950-93fa-faf2292e35a8_LivingDiningRoom-37024,train
74dfc90f-42d5-4389-8cbb-5cbe036d99ef_MasterBedroom-37550,train
74e9a688-df21-44c4-a4e1-a57081a62bc0_MasterBedroom-78127,train
74e9a688-df21-44c4-a4e1-a57081a62bc0_SecondBedroom-78413,train
74eafabd-fe9b-4f87-81f4-5af7f0b566ff_Bedroom-26487,train
74fa622c-58f2-4375-b6b5-684659581385_LivingDiningRoom-78283,train
750705bf-a44a-4391-8c7a-dd199a96bdae_Bedroom-14447,train
750705bf-a44a-4391-8c7a-dd199a96bdae_LivingDiningRoom-14848,train
75081366-64f8-4a8f-a9dc-180caac4b73d_MasterBedroom-12006,train
75081366-64f8-4a8f-a9dc-180caac4b73d_SecondBedroom-7808,train
7511f0b9-0076-44e5-9d86-1100ce3ddf14_LivingDiningRoom-134680,train
7511f0b9-0076-44e5-9d86-1100ce3ddf14_MasterBedroom-127266,train
75234ddd-4285-463f-8455-0cf1f3efa174_MasterBedroom-7208,train
7534aaa5-254a-48dd-a5d8-b13432bb0217_LivingRoom-43168,train
756382a6-5d6b-4bdd-8f48-4bb8cddf9df8_MasterBedroom-12848,train
75652f7b-3a8d-44d5-8474-47dbbfb62681_SecondBedroom-8426,train
757250d9-884c-45f5-8d4f-73a955f6227a_MasterBedroom-29631,train
7581635e-6702-4e03-ad0b-60b859d19bcb_SecondBedroom-9106,train
75b28f63-bb61-4818-a1d3-0d23ac89be5c_MasterBedroom-13715,train
75be4842-6167-4b77-a131-859b40255ed9_DiningRoom-6919,train
761a08d2-d407-4398-a3cf-34601f0d5c95_MasterBedroom-172369,train
762446b3-fdac-48d0-8044-7e965421f6fd_Bedroom-361,train
762446b3-fdac-48d0-8044-7e965421f6fd_Bedroom-507,train
7625e6ce-dafa-4c31-8c1a-f3a6582b01b1_DiningRoom-12246,train
76347b63-6e7e-419e-89b3-0fa82279515f_MasterBedroom-44806,train
76815557-7eb8-4328-bcbb-bc4fb45d2253_MasterBedroom-29378,train
7686a060-ab0d-4014-9e5c-75d75e0752e3_MasterBedroom-49524,train
7686a060-ab0d-4014-9e5c-75d75e0752e3_SecondBedroom-50270,train
76915a22-544f-44e9-9a5a-525b1d282fd0_LivingDiningRoom-8122,train
7696025a-291f-4b22-911b-beb13c4b598d_SecondBedroom-14817,train
76b1f40f-6a8d-45f9-96c0-80f3247d69bf_MasterBedroom-4882,train
76b1f40f-6a8d-45f9-96c0-80f3247d69bf_SecondBedroom-2478,train
76b9e260-e7f4-43a2-96bc-45ddfc3e3c22_MasterBedroom-38344,train
76d4dd1b-ae9d-4edc-b636-a02b1082383f_MasterBedroom-26002,train
76d4dd1b-ae9d-4edc-b636-a02b1082383f_SecondBedroom-25927,train
76e3732e-9326-491d-a741-dbb8899d03dd_LivingDiningRoom-34192,train
76e408e8-8b96-4bbe-943c-e5c43fb963d9_DiningRoom-9293,train
76e6bb3d-b50b-453e-9a5e-8dd192714572_MasterBedroom-34464,train
76e6bb3d-b50b-453e-9a5e-8dd192714572_SecondBedroom-33650,train
7719f139-6a07-47c3-9435-eb894ce81069_LivingDiningRoom-8095,train
77315352-be0a-44b9-ab5a-7a2f3e0e33c9_SecondBedroom-18208,train
778d9846-52b8-4d8a-b357-811b3d7ceb39_MasterBedroom-5465,train
77993e73-b0e6-4620-b0ec-83b261c297a6_DiningRoom-690,train
77993e73-b0e6-4620-b0ec-83b261c297a6_SecondBedroom-313,train
77b9486d-fb58-4e37-99de-be7fb1632ac5_MasterBedroom-7907,train
77b9486d-fb58-4e37-99de-be7fb1632ac5_SecondBedroom-7140,train
77bde924-9493-422b-b436-97dd4f1afd28_Bedroom-9265,train
77e1f059-5450-45c2-ad28-d464e0180094_Bedroom-8158,train
77e7c22e-cef8-4598-8b5b-8c9dd070dbf0_DiningRoom-21124,train
77f6da2b-12c1-4dcd-bd87-70a4a28c1cf4_MasterBedroom-7393,train
7816c664-089a-4a3b-b32a-a0a731301aa8_SecondBedroom-6519,train
78270e88-4f1b-4169-abf1-c093f200bd5d_Bedroom-3435,train
78270e88-4f1b-4169-abf1-c093f200bd5d_Bedroom-3652,train
7852a3a7-220d-4393-b620-c99c4b2085a3_Bedroom-4582,train
7852a3a7-220d-4393-b620-c99c4b2085a3_LivingDiningRoom-4544,train
7858c38a-cad2-4fa0-afb5-b75866aad698_LivingRoom-4892,train
785aec91-b165-4561-a384-1a191e6690ba_DiningRoom-107223,train
785aec91-b165-4561-a384-1a191e6690ba_SecondBedroom-107035,train
786669de-f41a-409f-b487-ec62413e2ee0_Bedroom-65973,train
786669de-f41a-409f-b487-ec62413e2ee0_Bedroom-66453,train
7876c1d8-d9b9-44b4-b480-50889c3af043_MasterBedroom-121485,train
7876c1d8-d9b9-44b4-b480-50889c3af043_SecondBedroom-116989,train
787727b2-f70e-4881-933a-327fb86f6f8d_Bedroom-51343,train
787e7cd0-14ab-420d-8862-b1d45ea47725_SecondBedroom-30126,train
787e7cd0-14ab-420d-8862-b1d45ea47725_SecondBedroom-30248,train
789015e3-c63f-4bf9-a557-3a3cd6867a83_DiningRoom-3538,train
7896e9be-3ed9-4736-89c3-5eec7820e5b7_Bedroom-18928,train
78aa7bd5-d98a-4e86-b342-7a00beadb426_MasterBedroom-67468,train
78aa7bd5-d98a-4e86-b342-7a00beadb426_SecondBedroom-66096,train
78b48ded-6abb-476c-825a-19751792fab1_MasterBedroom-468,train
78b48ded-6abb-476c-825a-19751792fab1_SecondBedroom-226,train
78cf633c-0e07-4c24-9d5f-33fa7a63fec7_MasterBedroom-8206,train
78dc0550-6644-4473-87bc-8f8ff72db51c_MasterBedroom-54665,train
78dc0550-6644-4473-87bc-8f8ff72db51c_SecondBedroom-46451,train
78e9ca5b-4781-45dc-8417-1c82e7435761_SecondBedroom-39146,train
78f54b4e-5031-4aa4-bd58-6a287cd64dc3_MasterBedroom-17598,train
78fdbb1d-cf57-4127-bfbe-fd02368353fc_Bedroom-127,train
79090604-70df-47d2-98e7-62087f358e6e_LivingDiningRoom-15199,train
79090604-70df-47d2-98e7-62087f358e6e_SecondBedroom-8681,train
793eccb1-f86a-4998-a4e9-0ab8b96bcce7_DiningRoom-4028,train
79432d9c-5809-49d5-80c4-a20eac526210_MasterBedroom-1803,train
794c22b8-0dca-4ce5-b1aa-f4235950fe43_MasterBedroom-16392,train
794c22b8-0dca-4ce5-b1aa-f4235950fe43_SecondBedroom-16436,train
7953c350-d2e9-4cdd-8f7e-b73b938331e0_MasterBedroom-49820,train
79597940-47fb-4944-92ed-fd7dc9da0762_MasterBedroom-9858,train
7961640d-b638-40df-badb-59572bcdbacb_LivingRoom-8496,train
7961640d-b638-40df-badb-59572bcdbacb_MasterBedroom-8547,train
796565cd-a760-451a-a5e3-8dea15f607ea_MasterBedroom-30526,train
796d838f-5a6c-4c84-a355-2e2aa27d2cc9_MasterBedroom-19957,train
797a6beb-75a2-481a-a15d-5d761cbe4bea_LivingDiningRoom-4241,train
797a6beb-75a2-481a-a15d-5d761cbe4bea_MasterBedroom-1102,train
797a6beb-75a2-481a-a15d-5d761cbe4bea_SecondBedroom-390,train
797dd495-26a0-4bf6-b0c8-c71690e1addf_MasterBedroom-11301,train
797dd495-26a0-4bf6-b0c8-c71690e1addf_SecondBedroom-5810,train
798fa7f1-1645-4751-96ca-26d2b834b2d0_LivingRoom-50363,train
798fa7f1-1645-4751-96ca-26d2b834b2d0_MasterBedroom-50407,train
799c9b05-8901-4113-ac72-b268bc542a13_Bedroom-9508,train
799c9b05-8901-4113-ac72-b268bc542a13_LivingDiningRoom-11910,train
799ed691-945a-40e5-a355-b1928a15e567_MasterBedroom-32892,train
799ed691-945a-40e5-a355-b1928a15e567_SecondBedroom-32971,train
79b8f927-e1c8-4fc6-b0c2-6b9e2ff6708c_LivingDiningRoom-74474,train
79b8f927-e1c8-4fc6-b0c2-6b9e2ff6708c_MasterBedroom-74389,train
79b8f927-e1c8-4fc6-b0c2-6b9e2ff6708c_SecondBedroom-67466,train
79c5c8d7-bdbc-42ea-b582-bb5c3a925c11_SecondBedroom-12402,train
79c940db-6486-4930-896f-dd205349df5f_MasterBedroom-52699,train
7a017832-f2a1-4e25-917f-7ad8dc2a62d1_MasterBedroom-1087,train
7a067d61-81c9-49d2-8e3e-af63794d9a1a_MasterBedroom-2940,train
7a15ca3a-54d2-4246-9ca0-cbffeaa6538f_LivingRoom-3101,train
7a1c91a1-efe6-47a3-8a22-5749fbeb67dd_SecondBedroom-9126,train
7a1e44d1-5828-441d-b041-238b1f0cb76b_LivingRoom-42866,train
7a1e44d1-5828-441d-b041-238b1f0cb76b_SecondBedroom-42938,train
7a2de022-745d-4f10-a4fa-d7ab5bb8809f_DiningRoom-8044,train
7a2de022-745d-4f10-a4fa-d7ab5bb8809f_LivingRoom-8087,train
7a2de022-745d-4f10-a4fa-d7ab5bb8809f_MasterBedroom-6275,train
7a2de022-745d-4f10-a4fa-d7ab5bb8809f_SecondBedroom-6646,train
7a3dcd72-1be7-4281-8583-2b1b21c277c3_LivingRoom-3401,train
7a3dcd72-1be7-4281-8583-2b1b21c277c3_SecondBedroom-895,train
7a3e83be-60fb-4de6-a9c1-dac393723c5d_MasterBedroom-32718,train
7a6891e2-9e55-4f16-a2ba-996a754607a4_LivingRoom-6979,train
7a91eaec-bc97-4893-aa78-e02a31f6cda2_SecondBedroom-3246,train
7ab9613a-1489-4fd4-8bb5-cdef94c6ca1b_LivingRoom-11224,train
7abef546-bd7b-4ed7-8eca-63db3b704cb6_MasterBedroom-22634,train
7ac7b8b0-6ea1-4930-9f50-7328e00e579a_LivingDiningRoom-33892,train
7ac7b8b0-6ea1-4930-9f50-7328e00e579a_MasterBedroom-34134,train
7ae5066e-5b71-4e01-83a1-b37dafed9eff_LivingRoom-29809,train
7ae5066e-5b71-4e01-83a1-b37dafed9eff_SecondBedroom-25837,train
7b0f919e-5ad6-4b4b-bbca-eeae4b365ccc_Bedroom-30773,train
7b0f919e-5ad6-4b4b-bbca-eeae4b365ccc_LivingRoom-30722,train
7b3f28a6-bac8-48b3-bfa7-61a84e648236_LivingRoom-10108,train
7b48d192-1ac0-406c-af41-800853de2d7f_Bedroom-41491,train
7b48d192-1ac0-406c-af41-800853de2d7f_LivingRoom-41466,train
7b5be71a-0038-4387-8913-65eedb4c5c52_SecondBedroom-25646,train
7b5e6567-23ac-4717-ad16-92f97f45e71e_LivingDiningRoom-5614,train
7b5eeb04-1392-4e97-b773-45e964e0698f_LivingDiningRoom-9744,train
7b5eeb04-1392-4e97-b773-45e964e0698f_MasterBedroom-8245,train
7b6e2c62-4717-405e-a343-327bf2b938a9_LivingDiningRoom-12211,train
7b6e2c62-4717-405e-a343-327bf2b938a9_SecondBedroom-11050,train
7b8b173c-2354-4bdc-9321-93ad43796020_LivingDiningRoom-49915,train
7b8b173c-2354-4bdc-9321-93ad43796020_MasterBedroom-49865,train
7ba559ee-a2d9-425c-9111-cf2a9c543c57_Bedroom-101913,train
7ba559ee-a2d9-425c-9111-cf2a9c543c57_LivingDiningRoom-103650,train
7bb77c39-3c41-4992-a825-52b998a14a28_Bedroom-634,train
7bb7b619-1e6c-40f2-b95c-caef17c17fb7_LivingDiningRoom-26193,train
7bb7b619-1e6c-40f2-b95c-caef17c17fb7_MasterBedroom-26071,train
7be5d4f4-2460-4e6f-90a6-9ffbca8d7ae4_Bedroom-52292,train
7bf67f2c-6462-452f-86d7-512e591ea2a7_Bedroom-30371,train
7c21dd91-e3ba-46d9-b158-27c9a589e1fd_Bedroom-15031,train
7c2e62e7-ab51-4900-bfdc-1932415fb295_MasterBedroom-16450,train
7c5d4d55-ecb4-486d-aff4-67e910b66b9e_Bedroom-20673,train
7c5d4d55-ecb4-486d-aff4-67e910b66b9e_Bedroom-21463,train
7c997405-cdec-49a5-b0f5-b7cb3843428e_LivingDiningRoom-186,train
7ca0ebf5-fab7-481f-9225-979c3fa4f949_Bedroom-6637,train
7ca411ef-2290-4db5-aeac-34f1a96f664e_Bedroom-3587,train
7cb03574-4360-478a-9ad8-1e0e20c48bd9_MasterBedroom-11832,train
7cb03574-4360-478a-9ad8-1e0e20c48bd9_SecondBedroom-11757,train
7cb44194-7156-4c8f-94dc-3c0322833ef1_LivingDiningRoom-768,train
7cbabe0c-5239-4e90-95cb-5c79adb0ede6_Bedroom-76188,train
7cbabe0c-5239-4e90-95cb-5c79adb0ede6_MasterBedroom-71942,train
7cda1ed0-e923-4ace-bbfa-b9b5238d190e_SecondBedroom-14328,train
7d0ab4db-488a-441b-8977-86aafadbbba3_MasterBedroom-14707,train
7d1a7697-3051-4e51-8d6c-fed5d3a0dd8f_LivingDiningRoom-21803,train
7d243467-0d66-45e4-8e6b-a2eb011cf366_MasterBedroom-9702,train
7d243467-0d66-45e4-8e6b-a2eb011cf366_SecondBedroom-9667,train
7d35e4ba-137f-4f29-a62c-7b80ea8f4a14_DiningRoom-62423,train
7d35e4ba-137f-4f29-a62c-7b80ea8f4a14_LivingRoom-61247,train
7d47a9ea-c7be-4ca0-8282-0cd176391b3f_SecondBedroom-15676,train
7d88dbb1-ccf1-4d57-b01f-e5a889839045_LivingRoom-12361,train
7d8f9ace-5704-4689-b135-4ece5fb32467_SecondBedroom-39108,train
7d95196d-5b65-4180-97db-aab7af789280_SecondBedroom-12861,train
7d9e6e3d-5dcb-4fb6-8af0-eed60ccd1dc9_SecondBedroom-6400,train
7dbb372a-75d0-4e3d-9954-06240f8bb8ad_DiningRoom-2101,train
7dbb372a-75d0-4e3d-9954-06240f8bb8ad_MasterBedroom-2548,train
7dbb372a-75d0-4e3d-9954-06240f8bb8ad_SecondBedroom-1862,train
7ddfd41d-9e6d-47e0-bd67-eb12580ae322_SecondBedroom-33779,train
7e1344a6-49f6-49cc-8f5d-2e5772c68c6e_LivingDiningRoom-12009,train
7e14d2ad-fc0e-41e3-b48f-d66972cbe526_MasterBedroom-2311,train
7e223a35-096e-44ea-b06f-1a34778ddead_MasterBedroom-25068,train
7e223a35-096e-44ea-b06f-1a34778ddead_SecondBedroom-27455,train
7e335c82-9746-4c86-aa62-8dbd2725a9c3_LivingRoom-10453,train
7e335c82-9746-4c86-aa62-8dbd2725a9c3_MasterBedroom-6619,train
7e38438b-b4ff-45b2-91fc-cd66c249357e_LivingDiningRoom-10576,train
7e69c681-1cbe-4fad-811d-7585a2ba7f43_MasterBedroom-10724,train
7e7ab0cc-e71d-4091-b68b-ac2b66f3188b_Bedroom-6248,train
7e99f7a0-c0df-4de3-840f-ed0a806760f4_MasterBedroom-16774,train
7ec2d100-1e0b-49b0-b703-9d518d412657_SecondBedroom-85409,train
7f351356-0d67-47b8-9a4b-11be446a4a1c_Bedroom-1345,train
7f3ba261-a531-4e30-b760-515f57ca1b5c_Bedroom-6864,train
7f4b525c-6962-4d55-9947-fe8b92f54900_MasterBedroom-4328,train
7f4b525c-6962-4d55-9947-fe8b92f54900_SecondBedroom-2540,train
7f4b525c-6962-4d55-9947-fe8b92f54900_SecondBedroom-3022,train
7f73cd78-2b0e-457f-a2e6-1bc7405e77b4_MasterBedroom-39197,train
7f8636c8-33d3-4221-bfcf-ccdd43f519af_LivingDiningRoom-12325,train
7f881e49-e02f-4524-b58c-ad6ff07d569e_MasterBedroom-56165,train
7fd048fd-4980-45b6-8a28-57a0585dffe3_MasterBedroom-35445,train
7fe08405-d4de-48f9-9435-ba3c18de84b6_MasterBedroom-8852,train
7fe08405-d4de-48f9-9435-ba3c18de84b6_SecondBedroom-8785,train
7febc537-1b46-457c-a4e3-ed8df3afbb90_MasterBedroom-8909,train
7fef554c-fdee-4a82-a180-16dfc68f415d_Bedroom-28863,train
801829a3-7355-4383-a3ce-41876ef1d358_LivingRoom-327,train
80261497-c204-4078-8155-a0a435138c70_Bedroom-9552,train
80261497-c204-4078-8155-a0a435138c70_Bedroom-9593,train
80261497-c204-4078-8155-a0a435138c70_LivingDiningRoom-9530,train
802ba6ac-c040-4f27-b843-8c47791d0383_MasterBedroom-19531,train
80308db6-8d2d-441c-ad4d-980255eacb6f_Bedroom-8481,train
80362a97-c88e-46b6-a6b6-b8322b826d59_Bedroom-2878,train
80362a97-c88e-46b6-a6b6-b8322b826d59_DiningRoom-1814,train
8055ba97-ba26-48bb-ac1b-8ed9b3330d62_MasterBedroom-92245,train
8055ba97-ba26-48bb-ac1b-8ed9b3330d62_SecondBedroom-92373,train
8061b714-949a-4a46-a6d2-69085c163cb3_Bedroom-21704,train
8061b714-949a-4a46-a6d2-69085c163cb3_LivingDiningRoom-21727,train
806855a9-aa7b-4ea5-8e5f-efc2b0260489_SecondBedroom-7076,train
8072be53-ff54-4db6-9fba-7f9a9b1430e1_Bedroom-3753,train
807602ef-635e-4315-a24c-191c4b825dbf_LivingDiningRoom-144857,train
8077b5fc-e48d-4105-a59f-de2369e4bb39_LivingDiningRoom-9549,train
8077b5fc-e48d-4105-a59f-de2369e4bb39_MasterBedroom-8179,train
809652f3-1c3d-4962-90d3-737fadb964ec_DiningRoom-16187,train
809652f3-1c3d-4962-90d3-737fadb964ec_SecondBedroom-16272,train
80bfa178-96af-4ea9-adf6-c32d5bc23085_SecondBedroom-63538,train
80c2e2ae-7c24-42a2-8f0f-933d38d3ff9e_Bedroom-62451,train
80c650a0-8b67-44a3-ab43-bf5c96522bea_Bedroom-15603,train
80c650a0-8b67-44a3-ab43-bf5c96522bea_DiningRoom-15480,train
80c650a0-8b67-44a3-ab43-bf5c96522bea_LivingRoom-15502,train
80c650a0-8b67-44a3-ab43-bf5c96522bea_MasterBedroom-10044,train
80d80e4a-197a-4bd5-9ed1-81c48786a321_Bedroom-593,train
80d80e4a-197a-4bd5-9ed1-81c48786a321_Bedroom-74,train
80d80e4a-197a-4bd5-9ed1-81c48786a321_LivingDiningRoom-398,train
80def5d0-c5bf-4a24-8ca9-5185d8002817_SecondBedroom-243138,train
810c7c5f-af5f-42f7-b64c-ecd80a5d253d_Bedroom-15856,train
811213d3-3ae0-4456-9f16-48ee33b2d560_DiningRoom-17147,train
8115c36a-f798-4ed7-82c0-7f67a7888fbf_MasterBedroom-1303,train
8115c36a-f798-4ed7-82c0-7f67a7888fbf_SecondBedroom-1001,train
8130be63-1fe1-4c4e-b2aa-d0ee9e7f0710_MasterBedroom-35187,train
81461ff0-4f44-44df-9a8e-bb81a1c032ca_MasterBedroom-49492,train
814ba6f7-fdd2-4b5d-9604-9e3b682db37f_DiningRoom-27308,train
814ba6f7-fdd2-4b5d-9604-9e3b682db37f_MasterBedroom-27443,train
814ba6f7-fdd2-4b5d-9604-9e3b682db37f_SecondBedroom-23205,train
81558907-9dff-4a6d-a766-6e0748997ae6_Bedroom-2694,train
81558907-9dff-4a6d-a766-6e0748997ae6_Bedroom-5697,train
8174e94b-cb97-4d24-bd3a-81a095192bbe_Bedroom-33603,train
81ab6211-4344-4d80-9001-34342f26568d_MasterBedroom-8961,train
81c47424-f98c-418d-b810-ad23e586b3b2_SecondBedroom-304,train
81c47424-f98c-418d-b810-ad23e586b3b2_SecondBedroom-791,train
81cd1f33-a6e7-4ff5-b0ae-f132fd8ded6e_MasterBedroom-14388,train
81dc4064-023a-41b3-adda-8a5ac462dc13_LivingDiningRoom-54190,train
81dc4064-023a-41b3-adda-8a5ac462dc13_MasterBedroom-52848,train
81e13b7b-a684-4086-a394-0ecc5956a1d1_MasterBedroom-26925,train
8207dd97-de33-4456-91c8-b085fb42b6a5_MasterBedroom-14249,train
8207dd97-de33-4456-91c8-b085fb42b6a5_SecondBedroom-14227,train
82085a6f-82f5-4a49-a5b1-3f69e530edb0_MasterBedroom-5215,train
82139c38-28e9-4c1c-8c59-eaffa520c98f_MasterBedroom-120163,train
82139c38-28e9-4c1c-8c59-eaffa520c98f_SecondBedroom-120097,train
82150431-fe02-4c4d-bbb5-edf819efc22a_LivingRoom-26823,train
825acf77-b557-44bc-82f8-ccb2b9e1ca58_Bedroom-4788,train
825acf77-b557-44bc-82f8-ccb2b9e1ca58_Bedroom-8789,train
826004c1-e596-467f-99b1-b10c1b1f31e5_LivingRoom-7407,train
8278f1d9-9da7-47cd-bc34-2e476e2bda69_LivingDiningRoom-39667,train
8278f1d9-9da7-47cd-bc34-2e476e2bda69_SecondBedroom-26472,train
8281cc45-1b8f-4bbb-9564-cd8adc98cda3_MasterBedroom-10939,train
82a7d3a7-7fe0-4bfd-82b7-05c56353983c_MasterBedroom-3845,train
82c74c70-ad7b-47de-a718-66e8386256a5_Bedroom-30701,train
82c74c70-ad7b-47de-a718-66e8386256a5_LivingDiningRoom-31700,train
82c7d0d3-775f-40f8-b3d6-9382b070a1e9_Bedroom-1299,train
82c830e5-5bf1-4f4a-be30-9c6d47c6af2b_SecondBedroom-28302,train
82d40986-a40f-4638-918b-fc023ce6f380_MasterBedroom-59476,train
82d87086-84b8-4741-9ec2-e8f14efb5d7c_Bedroom-9803,train
82ecde66-203f-44a3-bd79-aa80f15f22c9_Bedroom-14262,train
83159087-2f7a-44ac-a0ae-76485750bfe5_Bedroom-39186,train
83261694-9e42-4893-aab9-9d2c669490a8_Bedroom-15373,train
83261694-9e42-4893-aab9-9d2c669490a8_MasterBedroom-15307,train
833a4e8c-d4b2-41b2-95bc-d031cf854c59_MasterBedroom-10673,train
8342c7fe-6d97-43ea-a89b-4106943a533e_MasterBedroom-963,train
834d357f-00fa-46b1-b73a-8120c46ecaef_MasterBedroom-40557,train
835f8679-e773-4ce3-9a38-4281f4ae78ef_MasterBedroom-22898,train
8360c9a4-f5ea-461f-8a0d-278ca17eb5dc_MasterBedroom-129464,train
8360c9a4-f5ea-461f-8a0d-278ca17eb5dc_SecondBedroom-129545,train
836a1139-c96e-44b0-b627-91d60c2aacb0_Bedroom-18751,train
836eac3f-e90a-4cc0-8b70-eb56947c9bde_LivingRoom-33359,train
836eac3f-e90a-4cc0-8b70-eb56947c9bde_SecondBedroom-33263,train
8373d0f1-b5de-4f24-b5c9-9a087e2ae1d7_LivingDiningRoom-69519,train
83793e28-7213-400b-b3ef-978fc7962cfa_MasterBedroom-8266,train
83873897-a199-40c8-94f4-34a5f25f53ca_MasterBedroom-3451,train
838bdb43-9217-4b8b-a6ea-340a256cca0e_LivingDiningRoom-71691,train
838bdb43-9217-4b8b-a6ea-340a256cca0e_MasterBedroom-71742,train
838bdb43-9217-4b8b-a6ea-340a256cca0e_SecondBedroom-67739,train
83b4b802-7830-451f-8242-2981799aab61_DiningRoom-11161,train
83c802b6-a1c0-4753-b38a-490bafe0ddd3_MasterBedroom-20944,train
83ec537a-528d-4a4d-9bc2-6d6e7b805945_DiningRoom-47598,train
83ecfed1-fa86-410e-bba8-37fe041bce65_MasterBedroom-125741,train
8422cae1-c835-4703-aa9d-b15c8824bbc3_LivingDiningRoom-1287,train
8422cae1-c835-4703-aa9d-b15c8824bbc3_SecondBedroom-1636,train
8442cc57-83b6-4c2a-b7f3-ed7cc2780098_DiningRoom-17200,train
8442cc57-83b6-4c2a-b7f3-ed7cc2780098_LivingRoom-17283,train
8442cc57-83b6-4c2a-b7f3-ed7cc2780098_MasterBedroom-14747,train
8442cc57-83b6-4c2a-b7f3-ed7cc2780098_SecondBedroom-18194,train
8444f7d5-2c4b-4abf-8da2-52e430225b67_Bedroom-219,train
8458bf29-9feb-4dc2-a804-bb2f7b9be0b6_LivingDiningRoom-57979,train
8458bf29-9feb-4dc2-a804-bb2f7b9be0b6_SecondBedroom-58083,train
8463261b-999e-4506-a090-7fffcc106adb_SecondBedroom-30652,train
847a92f1-3150-4808-a2cd-06fa68ea03ec_SecondBedroom-6704,train
848506e2-a801-43e7-b843-122761708d88_MasterBedroom-1282,train
8495ba23-5e37-4bf5-a795-dee5cf78c5f3_LivingDiningRoom-516,train
8495ba23-5e37-4bf5-a795-dee5cf78c5f3_MasterBedroom-69027,train
84bf591e-7035-41e7-8e3c-23b6ec81cc6e_Bedroom-10062,train
84dc6b73-ea3a-424b-91ae-175027928d17_SecondBedroom-3776,train
8504e027-78af-4833-b36d-2ab919e84ee2_SecondBedroom-16638,train
85332070-5fa0-412e-bc3a-028540bf5912_MasterBedroom-6075,train
8555557f-34b5-485a-a0f1-db9ee2580959_MasterBedroom-109910,train
8563478a-b3c7-482c-850f-910502fd4e6a_MasterBedroom-41181,train
8563478a-b3c7-482c-850f-910502fd4e6a_SecondBedroom-34825,train
8565e208-9e7e-4529-804a-23052c33631e_LivingDiningRoom-74612,train
856c1df0-c383-4960-819e-e9caddd88631_MasterBedroom-193,train
857cd64e-778c-483a-91e4-16f2a2cc774e_Bedroom-2671,train
857cd64e-778c-483a-91e4-16f2a2cc774e_Bedroom-3027,train
85a4cbf5-71f3-4b22-a877-662d179cdce6_LivingDiningRoom-57707,train
85b8bb95-393e-435e-9b4a-a09a46910920_MasterBedroom-137524,train
85e97691-e825-435f-b4bd-6e47c8620a5e_LivingDiningRoom-381,train
862269d5-f301-4857-90ea-df3b2d848997_MasterBedroom-8733,train
862269d5-f301-4857-90ea-df3b2d848997_SecondBedroom-8680,train
863e7831-9dbc-442a-842c-0fdd6b3d40b0_MasterBedroom-31419,train
864615ad-ed48-4703-9d5d-cf92e03124dd_MasterBedroom-13595,train
865efbe7-e24e-4080-9c8e-dc6c52180ea6_MasterBedroom-26247,train
865efbe7-e24e-4080-9c8e-dc6c52180ea6_SecondBedroom-26143,train
8660193c-1cdf-45f0-b8be-f9022ba57802_SecondBedroom-15743,train
86617e2f-b62a-4a2b-93b5-48128ab9a092_MasterBedroom-8911,train
86617e2f-b62a-4a2b-93b5-48128ab9a092_SecondBedroom-8847,train
86669bea-46aa-4a87-96f5-cbbe054e6d08_Bedroom-19737,train
86669bea-46aa-4a87-96f5-cbbe054e6d08_Bedroom-23167,train
86963bbe-7969-4632-a379-1cd39e2a69ab_DiningRoom-14660,train
86963bbe-7969-4632-a379-1cd39e2a69ab_MasterBedroom-14075,train
86b14d42-1ea7-4570-8cf3-81c4f7b6a840_MasterBedroom-34842,train
86b16b1f-1846-46bf-959b-1c7ae05b4ed6_LivingRoom-40975,train
86b16b1f-1846-46bf-959b-1c7ae05b4ed6_MasterBedroom-46932,train
86b16b1f-1846-46bf-959b-1c7ae05b4ed6_SecondBedroom-56104,train
86b8d631-2312-4e2f-82f7-de19d29a5f39_Bedroom-22495,train
86bd6c59-e949-41d5-a944-832b67e3d763_SecondBedroom-8913,train
86ee5b13-72d1-4100-a8af-0e86d7e69aa4_Bedroom-7809,train
86ee5b13-72d1-4100-a8af-0e86d7e69aa4_MasterBedroom-13001,train
87033dd1-ac83-4bc2-84a0-c1b99d877cfd_DiningRoom-11640,train
871235f6-ecd6-4a95-86e2-312c2f9ffe55_LivingDiningRoom-29062,train
871235f6-ecd6-4a95-86e2-312c2f9ffe55_MasterBedroom-28975,train
871a8a69-b714-41c1-9950-0b8235baa52a_Bedroom-14731,train
871a8a69-b714-41c1-9950-0b8235baa52a_Bedroom-8660,train
873270b6-6e93-44e8-8745-ef3076b4ba5a_LivingDiningRoom-13071,train
873270b6-6e93-44e8-8745-ef3076b4ba5a_MasterBedroom-13141,train
87517851-90e9-43ac-a6b7-c9cf83a99874_SecondBedroom-1916,train
876631f3-8f59-4a3b-bae1-8da99beff4c5_DiningRoom-5413,train
876631f3-8f59-4a3b-bae1-8da99beff4c5_LivingRoom-6045,train
876631f3-8f59-4a3b-bae1-8da99beff4c5_MasterBedroom-10019,train
876631f3-8f59-4a3b-bae1-8da99beff4c5_SecondBedroom-4901,train
876b4ae9-721e-494c-9fe6-e7ae55467300_SecondBedroom-149130,train
877816d8-eff9-4884-8c9a-fbad50a7b5ab_SecondBedroom-16154,train
878a346d-66ea-4807-8ee1-ce1bcc9080fa_LivingDiningRoom-7050,train
878a346d-66ea-4807-8ee1-ce1bcc9080fa_MasterBedroom-7033,train
878a346d-66ea-4807-8ee1-ce1bcc9080fa_SecondBedroom-5641,train
87bd388a-3f7c-4fba-9b1e-4cceafa671f6_Bedroom-9192,train
87be1ce2-89f4-42eb-b7f5-c3f9ca284a28_MasterBedroom-2377,train
87d8d2c6-cdba-4127-9780-bcf1b537cc1b_MasterBedroom-79213,train
88140d56-63ae-4230-947f-c6054ea72507_Bedroom-263,train
881ca3a4-592f-4e86-8dd8-f95513165c94_LivingDiningRoom-10479,train
882b0669-0498-4ec9-8baf-2932c5c7112a_LivingRoom-2050,train
884069da-a0e2-4f44-bb7d-63da58b183fc_MasterBedroom-36867,train
885b27c2-0224-47a3-bd0d-5d1bfe2c164b_MasterBedroom-58885,train
885bca04-679c-4098-a2d9-27885640ad28_MasterBedroom-22581,train
886fb316-5f1a-4050-9c7c-b001409a5b5b_LivingDiningRoom-491,train
88746b30-d6c3-4bf2-b977-d4979f90b050_MasterBedroom-1081,train
8879fdaf-a95e-4a05-b1ae-e1bede3cb592_Bedroom-21210,train
8879fdaf-a95e-4a05-b1ae-e1bede3cb592_Bedroom-21273,train
8879fdaf-a95e-4a05-b1ae-e1bede3cb592_LivingDiningRoom-20720,train
887b2bb6-d552-4778-b841-70a6ac0fe88f_DiningRoom-13592,train
888f5f5c-4947-4bfe-b50b-ee6d4f80ae28_MasterBedroom-111919,train
88c063af-0d7d-4f18-ad36-a226497e25aa_MasterBedroom-25927,train
88c063af-0d7d-4f18-ad36-a226497e25aa_SecondBedroom-13179,train
88cb5556-1b87-4153-8497-18c08f26787c_MasterBedroom-59239,train
88cb9d3f-0703-455c-a951-8d04b2bb66a2_MasterBedroom-2737,train
88cb9d3f-0703-455c-a951-8d04b2bb66a2_SecondBedroom-762,train
88cfc038-7420-4e41-ad79-b940d31d51bb_MasterBedroom-26625,train
88cfc038-7420-4e41-ad79-b940d31d51bb_SecondBedroom-22729,train
88de649c-9fea-443a-96bc-57df455997b0_LivingDiningRoom-9159,train
88de649c-9fea-443a-96bc-57df455997b0_MasterBedroom-9197,train
88e59754-af7c-44d0-bd64-0a958a919cc5_LivingDiningRoom-1651,train
88e59754-af7c-44d0-bd64-0a958a919cc5_SecondBedroom-417,train
8920f107-0501-4193-8265-26184aae7b28_SecondBedroom-69015,train
8922b89d-1e81-4dcf-93e0-09cc99666061_Bedroom-7980,train
893a9ee0-ac02-422b-923d-54f7a5b12ede_MasterBedroom-48205,train
895f6fb5-d110-4733-9257-a46b351a4dd1_SecondBedroom-58860,train
896678cc-190d-4208-95f5-28911b3905c3_MasterBedroom-6635,train
896678cc-190d-4208-95f5-28911b3905c3_SecondBedroom-426,train
897f8b48-e266-4749-b1f8-f798ae0d7068_Bedroom-54381,train
899a7baf-5c1a-404a-a693-03ba05741c93_MasterBedroom-54525,train
89b6e11d-a814-4339-9140-4a2a4206a84b_MasterBedroom-89427,train
89b6e11d-a814-4339-9140-4a2a4206a84b_SecondBedroom-89491,train
89ba5dd1-f59b-484e-9f71-dd13d3db5a5a_SecondBedroom-13413,train
89c3fa07-8356-43dc-9928-07e6323f6c2e_Bedroom-4213,train
89da35d7-a1dd-4a7d-98ac-4e6a5da27a64_Bedroom-63726,train
89e19da8-8eb7-448b-aa89-9ce0aa6ac3b1_LivingDiningRoom-1004,train
89e34f34-33fa-4090-8388-f912a75e9400_SecondBedroom-152228,train
89e34f34-33fa-4090-8388-f912a75e9400_SecondBedroom-153586,train
89f96fa2-03f4-412e-b893-bfc3408c7737_SecondBedroom-13613,train
89fa67ad-b45d-4ed3-9e2b-9371df9625e4_LivingDiningRoom-10026,train
89fa67ad-b45d-4ed3-9e2b-9371df9625e4_MasterBedroom-10045,train
8a39ca20-ec8b-4a7a-844f-2516b6dce707_MasterBedroom-427,train
8a3bf65f-af38-4d9a-9cdf-b278faeb499a_SecondBedroom-117377,train
8a3bf65f-af38-4d9a-9cdf-b278faeb499a_SecondBedroom-27642,train
8a41712e-1a55-407f-92f7-3c7cbd4366e2_SecondBedroom-34098,train
8a4ba162-f708-4639-a340-59db284a0eb6_DiningRoom-26811,train
8a557542-429f-4a17-b22e-059d8bfc3f5a_MasterBedroom-6937,train
8a557542-429f-4a17-b22e-059d8bfc3f5a_SecondBedroom-18355,train
8a645186-9a7d-404e-a927-2113ff8d1a17_MasterBedroom-163174,train
8aa48f09-0a0f-441c-b19c-6795de7e346b_MasterBedroom-9881,train
8ab6793a-646c-494a-9cb1-b149d3e09cd7_LivingDiningRoom-3999,train
8abd4a65-e5c5-4edb-b494-7ebd05ff84b9_Bedroom-6636,train
8abd4a65-e5c5-4edb-b494-7ebd05ff84b9_MasterBedroom-10682,train
8ac826bb-0229-443a-a9fc-fdc6ce7af073_LivingDiningRoom-13451,train
8acf1f20-d5c7-4984-b86a-f5947938b634_MasterBedroom-29595,train
8acf1f20-d5c7-4984-b86a-f5947938b634_SecondBedroom-29711,train
8ad05b8a-76f2-42c0-bfc1-4024351e966d_MasterBedroom-13040,train
8ad05b8a-76f2-42c0-bfc1-4024351e966d_SecondBedroom-13211,train
8ad8bd52-f739-4021-8ad9-9e02f2cb7456_LivingDiningRoom-1625,train
8b020c26-3761-47f7-bd34-4961c0393e4a_LivingRoom-3559,train
8b6fe022-f180-46df-8230-f86de5c4fc14_DiningRoom-12423,train
8b708387-4b58-4cfc-8e23-2339ad15d34a_SecondBedroom-17752,train
8b8e91b1-3337-4ba6-ae2a-45390121ddbd_Bedroom-25720,train
8bbc7e4d-1963-491c-80c7-95c6c4caa6a3_LivingRoom-4543,train
8bc14971-a14f-42c9-83b1-6b74010c6c98_LivingDiningRoom-10610,train
8c069e29-9332-4e92-b13d-a6f190df120f_Bedroom-5352,train
8c069e29-9332-4e92-b13d-a6f190df120f_DiningRoom-6259,train
8c069e29-9332-4e92-b13d-a6f190df120f_LivingRoom-12827,train
8c3184be-d255-443f-bb65-5a17a15a2f58_SecondBedroom-27358,train
8c31d21f-f082-49a4-886c-912c321d6244_Bedroom-66596,train
8c3314da-a761-4ee4-8a2f-28e61590fee8_MasterBedroom-2371,train
8c3494c7-e7a3-4702-94ba-6a21e7e2ed73_LivingRoom-419,train
8c3494c7-e7a3-4702-94ba-6a21e7e2ed73_MasterBedroom-946,train
8c57175b-106d-4aca-aed5-be16cf15d7e7_LivingDiningRoom-42284,train
8c6a8080-463d-4edc-b775-8b612c2bc27d_Bedroom-1397,train
8c6a8080-463d-4edc-b775-8b612c2bc27d_Bedroom-1658,train
8c70a332-7115-4197-a7a4-c7d48f68d9d3_Bedroom-1127,train
8c70a332-7115-4197-a7a4-c7d48f68d9d3_DiningRoom-2338,train
8c76b801-c0e7-4267-ab00-eb950d32687d_LivingDiningRoom-3181,train
8c7a71d5-01c0-4537-8669-5c58b8054102_MasterBedroom-5149,train
8c9e0171-56fe-4ae6-b003-bb9d35bac067_MasterBedroom-1504,train
8c9e0171-56fe-4ae6-b003-bb9d35bac067_SecondBedroom-992,train
8ca2d45d-0a06-4a1f-9930-4b30e008ffa6_MasterBedroom-541,train
8caa5850-3914-427c-ad99-cbb4b2f517a1_LivingDiningRoom-32202,train
8cb25305-b65d-46b7-bf85-34604674d5ab_LivingDiningRoom-8968,train
8cbec3a7-cd0a-4af7-92f7-281c31769248_Bedroom-922,train
8cd7e00d-7a26-46e8-9a18-d25f69359299_MasterBedroom-2618,train
8d1316ff-e5f0-4065-8676-2e6c79194434_SecondBedroom-13359,train
8d24325f-7d48-41eb-a0bd-ed9c3e587bbe_MasterBedroom-11347,train
8d24325f-7d48-41eb-a0bd-ed9c3e587bbe_SecondBedroom-11406,train
8d29c73c-1246-4852-b7e1-d076ca22d7cc_MasterBedroom-85660,train
8d29c73c-1246-4852-b7e1-d076ca22d7cc_SecondBedroom-85594,train
8d3fce57-cba3-4aa1-be97-5f8a03f7c723_LivingDiningRoom-6155,train
8d50c057-6381-4db2-ac1b-4abd5c774baa_SecondBedroom-58410,train
8d787c07-cc25-4399-afc1-b182662846b8_LivingDiningRoom-100199,train
8d787c07-cc25-4399-afc1-b182662846b8_SecondBedroom-100131,train
8d89aa3a-27c4-45d5-b902-203088bfa427_MasterBedroom-25650,train
8d89aa3a-27c4-45d5-b902-203088bfa427_SecondBedroom-25694,train
8d92ff74-8338-43f7-bd6f-9a18c52365ef_SecondBedroom-11912,train
8d976618-aaea-4725-a3f3-e63870e87163_LivingDiningRoom-880,train
8da0ebcf-40c7-46e2-a138-1174a9d16534_Bedroom-11063,train
8dc8fc67-db43-418b-b333-702af39ce83a_DiningRoom-69515,train
8dd17fcc-6752-40a1-8b4b-6533eadcdb9e_SecondBedroom-7811,train
8de223d3-24f3-4219-b7ba-1da244e0279b_MasterBedroom-49236,train
8df6c006-6c38-4c65-90d9-017a26b63d4b_LivingDiningRoom-563,train
8df6c006-6c38-4c65-90d9-017a26b63d4b_MasterBedroom-1403,train
8df6c006-6c38-4c65-90d9-017a26b63d4b_SecondBedroom-964,train
8dfa4d3f-19a9-45cd-a5ce-7da970ea36e3_SecondBedroom-47089,train
8e021c8e-c921-4f62-b09f-ad3cfe576d3d_SecondBedroom-27411,train
8e234f22-483c-4dfd-9ce5-cc2d052a97e8_LivingDiningRoom-5956,train
8e234f22-483c-4dfd-9ce5-cc2d052a97e8_SecondBedroom-380,train
8e4c11a9-3c52-4708-a6ff-8172905b21f2_MasterBedroom-37107,train
8e4c11a9-3c52-4708-a6ff-8172905b21f2_SecondBedroom-51399,train
8e6f8c6f-a9ac-43a2-946f-18bdc645432c_Bedroom-14389,train
8e8d0bfc-0af5-4c74-97dd-7d08af6998f8_LivingDiningRoom-7862,train
8e8db6d3-3f5e-4d95-9a23-ec6d57ff5cdd_LivingDiningRoom-4696,train
8e8db6d3-3f5e-4d95-9a23-ec6d57ff5cdd_MasterBedroom-654,train
8ea4096f-5ce1-4e23-8847-313b1312c64a_LivingDiningRoom-1994,train
8ebe2792-a8af-4d4a-be92-edd3c88ef278_MasterBedroom-22686,train
8ebe2792-a8af-4d4a-be92-edd3c88ef278_SecondBedroom-22752,train
8ec660e6-b95b-4b11-81aa-ed3b1164a165_SecondBedroom-51226,train
8ed6f6d3-ba4d-4eee-b897-d2e37ccd324e_Bedroom-156,train
8eebb493-c733-478d-a90b-b43620d3291a_Bedroom-61812,train
8eebb493-c733-478d-a90b-b43620d3291a_Bedroom-61862,train
8eebb493-c733-478d-a90b-b43620d3291a_DiningRoom-61715,train
8ef1ac63-da17-4f85-94ad-d784649329c6_Bedroom-206,train
8efb867d-c198-4e93-b29f-58b4056d423a_SecondBedroom-585,train
8f089406-6dd2-4f6d-9e81-bcc1b5a6fe52_MasterBedroom-12207,train
8f089406-6dd2-4f6d-9e81-bcc1b5a6fe52_SecondBedroom-12248,train
8f254596-568c-4620-9717-aca507beaffd_LivingRoom-2668,train
8f254596-568c-4620-9717-aca507beaffd_MasterBedroom-2630,train
8f2a2975-c763-4707-8a4c-efeaf526d3a3_LivingDiningRoom-86,train
8f372918-d31a-4d8d-93b3-c82eec26215f_MasterBedroom-59200,train
8f43d942-cf5b-4e85-b31b-32e537f24cb3_LivingDiningRoom-44356,train
8f6ecf1e-d00d-40be-8653-d86b9df6c719_SecondBedroom-46517,train
8f886527-2338-4148-9027-122a1d48476e_LivingRoom-178433,train
8f90151a-098e-4156-b438-771584a19182_MasterBedroom-13855,train
8fcb1678-644a-4fd9-b956-231be0805cfd_DiningRoom-43342,train
8ffad8ff-f37e-4939-b62b-9814a1e72b69_Bedroom-3338,train
902c1435-1c52-4ba5-bb15-03a3dd11d5ae_MasterBedroom-37799,train
902c1435-1c52-4ba5-bb15-03a3dd11d5ae_SecondBedroom-35695,train
905ccf24-697b-4bb5-8c53-def619d16327_Bedroom-5215,train
905ccf24-697b-4bb5-8c53-def619d16327_Bedroom-6506,train
905ccf24-697b-4bb5-8c53-def619d16327_LivingDiningRoom-6844,train
906838fb-55ed-4908-acf3-2ce304e821a3_Bedroom-12734,train
906c7fc1-5bea-4ba0-a40a-adc132247a6b_Bedroom-5740,train
908633f6-545c-4016-a2e7-f334120ac392_Bedroom-8646,train
908633f6-545c-4016-a2e7-f334120ac392_LivingDiningRoom-9101,train
90a43e21-3a34-4158-bc4e-e12338ba0cc1_Bedroom-7284,train
90a43e21-3a34-4158-bc4e-e12338ba0cc1_Bedroom-9299,train
90a74103-cb2f-44fa-89e4-4381a2b63644_Bedroom-14888,train
90a74103-cb2f-44fa-89e4-4381a2b63644_MasterBedroom-14778,train
90b7eea6-8bb6-48aa-9981-690ca4de4938_SecondBedroom-39559,train
90ef3333-91b7-42d9-8da4-757e8893110f_MasterBedroom-68624,train
90efe970-79b9-432c-a676-290e1a00a31f_LivingDiningRoom-8452,train
9105f71c-bbd1-4bc5-8b06-88057dfefa08_MasterBedroom-211121,train
9105f71c-bbd1-4bc5-8b06-88057dfefa08_SecondBedroom-218199,train
911575f5-aea1-486d-bf41-c7f9b0bbd258_MasterBedroom-36096,train
911575f5-aea1-486d-bf41-c7f9b0bbd258_SecondBedroom-35873,train
912682a8-3a2a-46ea-9430-a32af806ce3c_Bedroom-22339,train
912682a8-3a2a-46ea-9430-a32af806ce3c_LivingRoom-26168,train
9128b366-4314-4397-998b-894ef7863614_Bedroom-28081,train
9128b366-4314-4397-998b-894ef7863614_LivingRoom-28128,train
917830d3-78a6-4f70-b029-ba6da27a2692_LivingRoom-3587,train
9178e733-092a-49e5-a900-b375d6a68dd1_DiningRoom-18332,train
9178e733-092a-49e5-a900-b375d6a68dd1_MasterBedroom-17329,train
917d2b6f-a607-4a67-bc6d-dc8952bc2c1a_LivingDiningRoom-6079,train
917d2b6f-a607-4a67-bc6d-dc8952bc2c1a_MasterBedroom-2976,train
91d0fcc8-8934-47c9-8ebd-3555da0412b0_Bedroom-39512,train
91dde31a-632c-4353-85cf-b36a2c6c0be6_LivingDiningRoom-3471,train
91e19c05-929c-416c-99c9-9d5ed3b6393c_LivingRoom-10294,train
91e19c05-929c-416c-99c9-9d5ed3b6393c_SecondBedroom-25354,train
91f3b7a3-6b66-452f-b674-8b5b6f80ec1d_MasterBedroom-270353,train
91f9a318-06ef-4eaa-9892-e9d91c1161fd_LivingDiningRoom-14573,train
9231f5c6-02ab-4704-bc98-8c652710e64c_MasterBedroom-7439,train
9243a675-6bbe-4b57-98d4-14f5c2c23686_Bedroom-1033,train
9243a675-6bbe-4b57-98d4-14f5c2c23686_LivingDiningRoom-1320,train
927e2bbc-7d06-4c62-b51c-00ee61f1272f_MasterBedroom-33631,train
929a3154-f313-4960-8f49-23b154678d48_MasterBedroom-13597,train
929a3154-f313-4960-8f49-23b154678d48_SecondBedroom-12689,train
92ae01f5-6f87-4e2b-85a4-f2890b62b3c4_Bedroom-4593,train
92ae01f5-6f87-4e2b-85a4-f2890b62b3c4_Bedroom-4631,train
92b94d94-a523-4ae6-bbde-55f5e01590da_LivingDiningRoom-93491,train
92b94d94-a523-4ae6-bbde-55f5e01590da_SecondBedroom-93457,train
92c1c4c2-73f3-4688-b0e8-493c94f7fbe4_LivingRoom-57772,train
930621ed-def9-4e62-998a-5c121b87055f_Bedroom-47007,train
930621ed-def9-4e62-998a-5c121b87055f_LivingRoom-18816,train
93328727-1859-40e3-aaa3-f6ce629675dd_MasterBedroom-81930,train
9334958c-caf6-4b8c-8334-b924a9483401_Bedroom-12905,train
9334958c-caf6-4b8c-8334-b924a9483401_Bedroom-12965,train
934f412c-9006-4579-b77c-c1c62f3629f9_Bedroom-412,train
935075cb-fbaf-40e8-837d-b5288251ccbb_MasterBedroom-29514,train
935c15ae-f9e0-41ea-a91c-54bf019bb290_SecondBedroom-22620,train
93654288-7735-444b-b127-fbde096e7ad2_SecondBedroom-8391,train
93a20906-9d65-4541-ba47-61c7d13a06bb_SecondBedroom-10764,train
93e4d5d6-5508-4ac2-bbe4-6e31c66163c2_MasterBedroom-32589,train
93e914f5-081c-43d8-89ee-986ce6ef1707_Bedroom-24461,train
93e914f5-081c-43d8-89ee-986ce6ef1707_DiningRoom-16799,train
93ee15ef-3962-4595-82d1-a3c5402dda01_MasterBedroom-6040,train
941ef7a8-cddf-4de3-a06f-4a110f0c586a_Bedroom-41542,train
9432d96b-5e6d-4a93-a395-48894ad49bfc_LivingDiningRoom-10892,train
94432a43-c802-44b9-a2cf-31f4e317e89d_MasterBedroom-271170,train
9457cca2-5776-40f6-bca2-c95907a872b7_DiningRoom-2644,train
948056f8-df36-499a-b159-d02346e75255_MasterBedroom-1158,train
9491430c-34ad-4891-8574-f7109101d666_Bedroom-637,train
94b0b508-e122-4300-a4b4-e3c5fb52a06d_Bedroom-3241,train
94c64091-a056-49b0-9c6d-a928ab68992b_Bedroom-12490,train
94df2d89-c43d-4a42-8b69-a097785aae0b_Bedroom-236,train
950fe299-2595-4a3d-8f32-2dabd5d19b1f_SecondBedroom-31597,train
9530cba8-728f-4b6e-8653-d3a023d146b0_Bedroom-16786,train
95352018-794b-4260-b90d-6c78d85b0253_SecondBedroom-17793,train
95519d76-eb3f-4da4-87ea-6fb4f065371e_MasterBedroom-949,train
95519d76-eb3f-4da4-87ea-6fb4f065371e_SecondBedroom-1065,train
956e67d6-e368-401d-a3aa-b45e401f5121_LivingDiningRoom-1679,train
959b2816-7b6a-4096-a02f-0ea7e9a9303d_Bedroom-2152,train
959d7224-db8a-4ce0-8dd6-8e17adbe719f_SecondBedroom-1245,train
95ce44ad-d993-47c9-a312-dcd325040fbf_MasterBedroom-120497,train
95dc6d32-fbf0-4183-b09a-3a352fa0cd57_SecondBedroom-5791,train
95ef8c0b-8cdf-4580-a25c-c489de2c079b_Bedroom-260,train
95f3ed13-768e-4d9e-9c55-47c0bbc213fd_LivingDiningRoom-2943,train
95fa3378-06e7-47e9-ad11-e868fe7d41ca_MasterBedroom-13968,train
95fa3378-06e7-47e9-ad11-e868fe7d41ca_SecondBedroom-13987,train
9629ce14-0f3f-4610-913b-d815eed1b7eb_LivingDiningRoom-26811,train
9629ce14-0f3f-4610-913b-d815eed1b7eb_MasterBedroom-25843,train
9647c855-837e-43b6-8be3-ead5320d3274_MasterBedroom-235420,train
9652d9af-4b4b-4359-a3ea-dbcd06b1658c_Bedroom-5521,train
966e4e61-c119-4588-9c25-88270a9ccc62_MasterBedroom-101566,train
967b39f8-073d-4ace-83fc-c1e67ea1a78c_MasterBedroom-149026,train
967e40cb-ac87-4ff0-90f0-f775d80ca4ae_LivingDiningRoom-1110,train
967e40cb-ac87-4ff0-90f0-f775d80ca4ae_SecondBedroom-932,train
9681ee28-7d6c-42ad-b7b1-fef48a780a6d_MasterBedroom-29891,train
9681ee28-7d6c-42ad-b7b1-fef48a780a6d_SecondBedroom-30001,train
96a6a5e8-d185-4b3a-b78f-79298e05cac3_MasterBedroom-29432,train
96bc1382-7f9a-42ff-8937-f0175468d63f_LivingRoom-34874,train
96bc1382-7f9a-42ff-8937-f0175468d63f_MasterBedroom-35172,train
96bc1382-7f9a-42ff-8937-f0175468d63f_SecondBedroom-34863,train
96d0fed8-575a-4244-94bf-9e76cbb953d4_SecondBedroom-22467,train
96ef296c-dfa6-4905-8d84-4f8d706a7ad7_MasterBedroom-5883,train
96ef296c-dfa6-4905-8d84-4f8d706a7ad7_SecondBedroom-6026,train
97089e6f-2c65-4a2a-96cf-6841c0a238f5_LivingDiningRoom-65030,train
97089e6f-2c65-4a2a-96cf-6841c0a238f5_MasterBedroom-60200,train
97089e6f-2c65-4a2a-96cf-6841c0a238f5_SecondBedroom-65077,train
973ae127-2b9a-4f37-b04a-468a2c122caf_LivingDiningRoom-74769,train
973ae127-2b9a-4f37-b04a-468a2c122caf_MasterBedroom-73119,train
97546b68-e113-46d0-b7d4-4b2dd28a336c_MasterBedroom-22961,train
9754f0de-1a33-4328-9a11-91fb3c134a97_Bedroom-1509,train
9761d289-a3fb-4a71-93ea-0a9bd8b728b8_Bedroom-56238,train
97791006-5ca8-43fe-bb21-1d8f6e252ab5_SecondBedroom-697,train
97980fab-7bf0-4887-9fa9-68cc9138c717_SecondBedroom-37794,train
979e98a1-4cac-41a9-94e2-0913935f75bb_LivingDiningRoom-226690,train
979e98a1-4cac-41a9-94e2-0913935f75bb_MasterBedroom-223908,train
97bdbfe9-052e-4864-b98d-9080b266cc5e_Bedroom-5426,train
97c9ee1b-c5ad-43c9-8cc4-19c45ed40dc0_Bedroom-86672,train
97d1fafe-5ee8-4f76-aef0-3505d4f24905_MasterBedroom-74547,train
97ef997e-d71e-4afe-bd8d-9b18a6641a5e_MasterBedroom-25212,train
98048467-1c7a-461d-8fd5-29f1e5c12c97_MasterBedroom-3425,train
9818c527-02e7-47f1-b816-83fd72177a96_LivingRoom-67001,train
98257d91-7cf7-4ae9-b23e-f6912b0e0cfb_LivingRoom-12311,train
9867e853-a25a-42ec-bb4d-06bb1bce0023_MasterBedroom-77600,train
987bfa8c-edf6-40a7-87c2-f49e4e8c5a16_Bedroom-300,train
987d0a4b-07d5-4958-aac4-cefaa277d511_DiningRoom-8951,train
9886aa9f-f331-48e4-88a0-4e56ccaabe7f_MasterBedroom-9526,train
9894d4c3-43cb-4af9-9107-263bdb85bd18_SecondBedroom-19505,train
98a1fc47-1484-4dd6-840b-da2d38206db2_SecondBedroom-69017,train
98b7c028-7943-4861-94a7-e1fbcc362d17_Bedroom-11599,train
98cf66bc-adf1-4140-b893-e8df0e483a20_Bedroom-21407,train
98d10fb0-300f-4ded-a42f-06855b4d865a_MasterBedroom-10267,train
98d10fb0-300f-4ded-a42f-06855b4d865a_SecondBedroom-10251,train
98d50a8c-8f9c-40c7-b306-2b282a3ade70_MasterBedroom-9415,train
98d50a8c-8f9c-40c7-b306-2b282a3ade70_SecondBedroom-8739,train
98efac0b-a256-4bc2-a55f-a3df5ef39096_MasterBedroom-8978,train
98efac0b-a256-4bc2-a55f-a3df5ef39096_SecondBedroom-9739,train
99287cb1-52aa-444c-aa0b-3cfee99f426b_LivingRoom-63045,train
994206c4-c697-480a-9825-85141dd8a205_Bedroom-68754,train
994206c4-c697-480a-9825-85141dd8a205_Bedroom-73409,train
9961048a-54ca-4b21-b082-d511e9ce6be7_MasterBedroom-50625,train
9961bd71-5f50-4c9d-8f4b-8e7db9f93451_MasterBedroom-4683,train
9961bd71-5f50-4c9d-8f4b-8e7db9f93451_SecondBedroom-3610,train
9963cca3-dedd-4f39-b6b9-3674e43ae959_MasterBedroom-6180,train
99753f89-7195-4928-a56e-9724c13bd4bd_MasterBedroom-7952,train
99753f89-7195-4928-a56e-9724c13bd4bd_SecondBedroom-7924,train
997b4bce-e106-4c9a-9df6-3ac82127a7c5_MasterBedroom-147134,train
997b4bce-e106-4c9a-9df6-3ac82127a7c5_SecondBedroom-147068,train
997c437d-2a84-48e8-bf8e-6280cdc1dac8_SecondBedroom-19781,train
9984c540-8ac6-498f-94f1-e11deebd507b_SecondBedroom-1074,train
998ca0a0-ee00-4323-b2ad-79b858ffb0a3_LivingDiningRoom-17088,train
998ca0a0-ee00-4323-b2ad-79b858ffb0a3_MasterBedroom-17160,train
998ca0a0-ee00-4323-b2ad-79b858ffb0a3_SecondBedroom-17030,train
99a9a277-df69-43f1-a934-3548f4438510_DiningRoom-92623,train
99a9a277-df69-43f1-a934-3548f4438510_SecondBedroom-92664,train
99ac1d0e-f0f1-4cb9-9b0c-d39a67083168_MasterBedroom-62947,train
99b2b537-cc43-46e8-9cd8-eadd000f5a8d_SecondBedroom-16477,train
99d95fd4-d3ee-4a45-b84e-7df7c69b7687_LivingDiningRoom-66502,train
99d95fd4-d3ee-4a45-b84e-7df7c69b7687_MasterBedroom-69896,train
99e610b9-c34a-404b-afda-18abf1d22cbf_DiningRoom-2469,train
99f3729a-84c5-49b4-b31d-5e6c248040c1_Bedroom-5546,train
99f3729a-84c5-49b4-b31d-5e6c248040c1_MasterBedroom-4863,train
99fbb361-8436-4e2c-9ba9-f9293a0062e4_MasterBedroom-40818,train
99fd1d4c-1da6-4e4b-a469-30eaa6f5befb_LivingDiningRoom-3910,train
99fd1d4c-1da6-4e4b-a469-30eaa6f5befb_MasterBedroom-4008,train
99fd1d4c-1da6-4e4b-a469-30eaa6f5befb_SecondBedroom-3970,train
9a0486c5-58e8-4a77-99de-9c4ea78d39d3_MasterBedroom-1624,train
9a0486c5-58e8-4a77-99de-9c4ea78d39d3_SecondBedroom-6212,train
9a21209b-f836-4d36-b106-04495545481a_Bedroom-5981,train
9a21209b-f836-4d36-b106-04495545481a_DiningRoom-2307,train
9a26b2a5-3a4f-40b8-93b7-dec4feef5f38_DiningRoom-4628,train
9a26b2a5-3a4f-40b8-93b7-dec4feef5f38_MasterBedroom-2604,train
9a2df5c3-d305-46c7-a7f1-68f9ba45c56e_MasterBedroom-13404,train
9a2df5c3-d305-46c7-a7f1-68f9ba45c56e_SecondBedroom-11580,train
9a3ae5f2-9579-4a74-805e-77e758ab8027_LivingDiningRoom-11033,train
9a697b01-5800-40fe-b290-86c2779e2517_Bedroom-10080,train
9a697b01-5800-40fe-b290-86c2779e2517_Bedroom-13271,train
9a715acb-d999-4861-9cb9-37847a537f9b_SecondBedroom-8146,train
9ac25401-5aa3-426d-aa37-a04d0b7d5448_SecondBedroom-8177,train
9adbd726-3ad6-48a9-92b7-a6422544193f_Bedroom-3132,train
9aea034c-ec2d-4da0-8d18-0632a5d7177e_SecondBedroom-2131,train
9af04c57-d004-41ca-8e33-bc8a4c56648a_LivingRoom-1276,train
9af467c6-d6ee-4530-a48f-87d4f942ac04_DiningRoom-168152,train
9af4ec93-df6c-4c59-be7b-a883c9ebb3ce_SecondBedroom-4385,train
9af95d77-acc9-4ab0-b951-1dc42afae8a4_DiningRoom-5492,train
9af95d77-acc9-4ab0-b951-1dc42afae8a4_MasterBedroom-1095,train
9af95d77-acc9-4ab0-b951-1dc42afae8a4_SecondBedroom-2941,train
9afa32c6-96d5-4f54-8025-9ecdecc13b7a_Bedroom-9841,train
9b098112-9633-4328-b7f8-94054dd2d87e_MasterBedroom-34915,train
9b3608bf-9705-482d-9c23-2d03aebd61ad_SecondBedroom-17374,train
9b383eb3-9453-4853-ae45-a4a461406696_Bedroom-24486,train
9b3dc3de-8ce6-473e-b1ed-e4eb43c369b1_SecondBedroom-15319,train
9b4a16d5-f0b3-42a0-82a7-f5fdc2114c40_MasterBedroom-49298,train
9b5aa5c9-9abb-492e-acb1-d7795bd7c42b_MasterBedroom-38990,train
9b65961c-da2e-4758-97a3-21702e5e8931_Bedroom-24525,train
9b65961c-da2e-4758-97a3-21702e5e8931_LivingDiningRoom-23971,train
9b70aba5-4a95-4ffe-a585-41e3a46f716d_LivingDiningRoom-2999,train
9b8b8318-45e8-4518-ba42-6512352c5ca1_MasterBedroom-24067,train
9b901fc2-2f66-4f0f-86bf-e7571cbb5226_Bedroom-23858,train
9b901fc2-2f66-4f0f-86bf-e7571cbb5226_Bedroom-23931,train
9bbf3f4c-3de9-4de4-9ad6-7460413fdc88_SecondBedroom-10357,train
9bdcdcf0-ea32-4aa4-a14e-29b6f6844c85_Bedroom-14989,train
9bf55c0e-6250-41ed-ba12-968598c9279a_MasterBedroom-9670,train
9bf55c0e-6250-41ed-ba12-968598c9279a_SecondBedroom-8097,train
9bf58256-675c-40d8-a685-e1496d9b84a7_MasterBedroom-68654,train
9bf58256-675c-40d8-a685-e1496d9b84a7_SecondBedroom-68695,train
9bf7779c-3afd-474d-8343-05df08fda70c_MasterBedroom-3128,train
9c20cc98-5aca-45b2-be1f-880f6959e5b2_LivingDiningRoom-4131,train
9c20cc98-5aca-45b2-be1f-880f6959e5b2_MasterBedroom-3545,train
9c20de9d-4867-4ef9-8f3b-b8741a51f4c6_MasterBedroom-1599,train
9c8ed2d2-bfee-40c8-8b9c-12bb456242aa_Bedroom-13907,train
9c8f3906-2496-4648-bf73-68538caed694_LivingDiningRoom-42072,train
9c8f3906-2496-4648-bf73-68538caed694_SecondBedroom-42173,train
9cbbb4f0-52d8-4600-ac63-bc4480ab1d83_Bedroom-46578,train
9cd2228d-11b3-4ea8-b004-f916ad632e1a_MasterBedroom-7936,train
9ced874b-7641-4dd6-b839-86e327f92344_MasterBedroom-20459,train
9d21c2a0-3cc4-4ce4-a926-506ed2c32a14_Bedroom-232,train
9d21c2a0-3cc4-4ce4-a926-506ed2c32a14_Bedroom-267,train
9d21c2a0-3cc4-4ce4-a926-506ed2c32a14_DiningRoom-375,train
9d3329f3-b506-49ce-9edd-ac5155143bf4_DiningRoom-3017,train
9d5ea5ec-326e-46f3-b6eb-634e5e2a3837_MasterBedroom-49008,train
9dbe7711-718f-49d4-819c-caca531b3cd7_MasterBedroom-9638,train
9dc08332-0442-4e9b-975c-7c1b336d8d31_LivingDiningRoom-5774,train
9dc08332-0442-4e9b-975c-7c1b336d8d31_SecondBedroom-8229,train
9ddbde94-1d82-4d74-b262-a19cf0f9c5fd_MasterBedroom-15595,train
9ddbde94-1d82-4d74-b262-a19cf0f9c5fd_SecondBedroom-15576,train
9e0f6402-f0f1-48f6-8e8a-00f17e55de50_MasterBedroom-27787,train
9e397213-2392-40d6-a3ff-a4fe0dc43ac3_SecondBedroom-48014,train
9e50138a-d669-41f1-9dcf-3c77fdb17397_LivingDiningRoom-1048,train
9e50138a-d669-41f1-9dcf-3c77fdb17397_MasterBedroom-1462,train
9e5862da-3d4b-43a8-95a2-49258c575822_MasterBedroom-42336,train
9e7fc1a1-6a12-4766-81c8-5e2cf29ac49f_DiningRoom-22610,train
9e84166d-ff70-496e-92b2-489f58936fbf_Bedroom-2588,train
9e8b8e5d-85fe-42ab-b582-7a8484399699_Bedroom-15276,train
9e9bbde3-8463-4828-bc2f-2c04bdb50f98_SecondBedroom-20702,train
9eb53417-9bbf-4482-805f-48e2fc7a7118_MasterBedroom-38021,train
9ebf1a86-1279-43c5-b5a5-00ca1424aeaa_MasterBedroom-50979,train
9ec57030-6db6-4eb0-a0e1-5d1478906827_LivingDiningRoom-13962,train
9ec57030-6db6-4eb0-a0e1-5d1478906827_MasterBedroom-15573,train
9ed1d34e-0432-4430-a6a5-dd81cd233873_LivingRoom-3225,train
9ef7f10d-9bda-4518-8c1c-548e190aac76_Bedroom-4308,train
9f09b360-ed12-4e72-96db-d956c00253fc_MasterBedroom-402,train
9f09b360-ed12-4e72-96db-d956c00253fc_SecondBedroom-2731,train
9f1fb816-ff49-446b-892f-0cd7d1cd5647_DiningRoom-67006,train
9f25ebc8-56e8-4632-b669-db96d83b9915_MasterBedroom-10399,train
9f433842-0a34-4228-a2ec-8e7888cbe29e_MasterBedroom-46846,train
9f433842-0a34-4228-a2ec-8e7888cbe29e_SecondBedroom-42647,train
9f465ca9-cb35-4b6e-beb4-fb73a86d4656_MasterBedroom-1966,train
9f524658-1955-42a7-a344-eeb240b23267_MasterBedroom-103288,train
9f524658-1955-42a7-a344-eeb240b23267_SecondBedroom-89516,train
9f60fd75-9050-4aa6-a78c-c6f873822632_DiningRoom-69111,train
9f690000-5197-4ba8-b2d1-e1f1e4dbe9bc_LivingDiningRoom-1431,train
9f690000-5197-4ba8-b2d1-e1f1e4dbe9bc_MasterBedroom-6212,train
9f787e94-23c0-44ec-a98b-ca7d2503d030_MasterBedroom-45472,train
9f7ebccd-db81-4599-aafa-936c371f9012_LivingDiningRoom-22877,train
9f8197bc-9d2d-4e29-94a0-358b41ae3948_MasterBedroom-55531,train
9f8f93c4-796c-41ff-863d-c7713981e450_LivingDiningRoom-4027,train
9f8f93c4-796c-41ff-863d-c7713981e450_MasterBedroom-1956,train
9f91d0bb-909f-4e7d-9829-ed234ec6394f_MasterBedroom-3985,train
9f95c9f8-3e85-4409-a803-807656b46bb2_SecondBedroom-24733,train
9f95c9f8-3e85-4409-a803-807656b46bb2_SecondBedroom-28623,train
9f967330-67a5-4fc0-8e40-67f3313906db_MasterBedroom-56412,train
9fa47876-dc0b-4cb1-b5dc-93ca194b1d87_Bedroom-40204,train
9fc7b9d8-1325-4bed-88cc-bdc8a16807f0_Bedroom-13327,train
9fc7b9d8-1325-4bed-88cc-bdc8a16807f0_Bedroom-14021,train
9fc84985-1955-4003-83ef-43970b1418a2_MasterBedroom-8979,train
9fc84985-1955-4003-83ef-43970b1418a2_SecondBedroom-9892,train
9fdf3141-0670-4eb5-b37e-aed37d45b260_MasterBedroom-7336,train
a002b6aa-5fcb-4491-88b8-a8bf0f70f598_LivingDiningRoom-9373,train
a00748fb-fdc2-4c08-875b-1e1f35f87a2b_SecondBedroom-6065,train
a05b51d1-bfea-4553-a903-dd1b74e35005_SecondBedroom-94646,train
a065a8b5-2593-489b-949f-9334f982dddb_Bedroom-11397,train
a0b8b195-676d-47bd-afce-3e135b8fde83_MasterBedroom-22922,train
a0b8b195-676d-47bd-afce-3e135b8fde83_SecondBedroom-22944,train
a0c48314-2360-479a-8ff5-a61f4e0bedb7_Bedroom-167264,train
a0d30f6c-c229-45a2-bf7f-ae9f08b97596_LivingRoom-1906,train
a0d30f6c-c229-45a2-bf7f-ae9f08b97596_MasterBedroom-505,train
a0ddfc6b-c089-48b7-ab01-96701bd379ea_MasterBedroom-9433,train
a0e57ce4-f5b5-4ca6-b46d-513cca1e290e_MasterBedroom-11778,train
a0e73d7a-169e-4df4-9c48-43ccc65cff48_Bedroom-9836,train
a0e73d7a-169e-4df4-9c48-43ccc65cff48_LivingDiningRoom-9014,train
a0fc42de-e479-416f-b9f0-e39d823af4b2_SecondBedroom-72989,train
a0fec80c-3a30-40d0-9005-2e0056909a48_LivingDiningRoom-18037,train
a111cbfa-1ae0-4705-9974-210f1f10731f_SecondBedroom-8920,train
a134945c-fa98-40f6-8549-9d2a0fe0c200_SecondBedroom-37378,train
a137a098-9a96-4b7c-9553-13e5178d29b0_Bedroom-13209,train
a137a098-9a96-4b7c-9553-13e5178d29b0_LivingDiningRoom-13439,train
a13cbe28-97b9-48de-b617-70d6f4f50943_DiningRoom-4026,train
a13cbe28-97b9-48de-b617-70d6f4f50943_MasterBedroom-6631,train
a14845b0-e64c-49fe-8de7-e10df6fcab69_LivingDiningRoom-45836,train
a169f204-56f4-4598-878b-93c6b69d00af_MasterBedroom-11331,train
a172d8e6-1750-4d9f-b0fe-901c08f3890b_DiningRoom-306,train
a17427a8-d555-45f8-a71e-e614a7a7d23b_Bedroom-3410,train
a176fca1-5a93-4f6c-9e0b-4b3a4caa2adb_Bedroom-113166,train
a1867cd2-0037-419d-a4d1-d10bba5d30f7_LivingDiningRoom-9942,train
a1867cd2-0037-419d-a4d1-d10bba5d30f7_MasterBedroom-5536,train
a1867cd2-0037-419d-a4d1-d10bba5d30f7_SecondBedroom-3229,train
a19f2445-1678-4c98-a26d-fce8c3ee5320_MasterBedroom-58086,train
a1a61778-5124-4062-937e-3d6eef4ad426_MasterBedroom-17138,train
a1af2150-95a7-4047-82e3-6b4c22875390_MasterBedroom-643,train
a1af2150-95a7-4047-82e3-6b4c22875390_SecondBedroom-142,train
a1c9fc91-973f-4369-bc65-99c7e59e4b3f_MasterBedroom-7143,train
a1efe26e-57c1-4624-ba4e-27c75f2b684d_Bedroom-16963,train
a1efe26e-57c1-4624-ba4e-27c75f2b684d_Bedroom-22329,train
a1efe26e-57c1-4624-ba4e-27c75f2b684d_Bedroom-22351,train
a1efe26e-57c1-4624-ba4e-27c75f2b684d_DiningRoom-22307,train
a1f31522-bfe3-4f53-beb3-8613e7b2ceb0_Bedroom-48166,train
a252fd2f-afbf-4b76-b63c-5af2b0a3cebc_Bedroom-288,train
a25838be-d066-4334-8a9d-bb090ba166df_LivingDiningRoom-3025,train
a2616d89-609a-4b04-878c-e6c42698051e_LivingDiningRoom-124277,train
a2a8f036-c0d0-4d57-b55f-f6aa5e56d7fa_LivingRoom-12895,train
a2a8f036-c0d0-4d57-b55f-f6aa5e56d7fa_SecondBedroom-12933,train
a2acfbc4-7112-42de-b249-027deac584d5_MasterBedroom-14994,train
a2b307d5-8d70-4332-9317-010891dd68f0_MasterBedroom-12272,train
a2b307d5-8d70-4332-9317-010891dd68f0_SecondBedroom-9417,train
a2e1515b-8bf4-4950-aa12-98e35d8410ca_MasterBedroom-41349,train
a2e1515b-8bf4-4950-aa12-98e35d8410ca_SecondBedroom-44580,train
a2f77d1e-d982-4fd4-9216-38f97718082a_LivingDiningRoom-23314,train
a30a4186-a7f8-41c8-9aa1-0878820348ac_SecondBedroom-5597,train
a33765d2-6c9f-441e-a839-5de9d487648c_SecondBedroom-22622,train
a34c7f5c-ce25-48c7-b6fc-7b347b98b30b_MasterBedroom-9326,train
a34c7f5c-ce25-48c7-b6fc-7b347b98b30b_SecondBedroom-9577,train
a35d3d15-332d-4e0c-833e-3c1c476edddc_MasterBedroom-34041,train
a3793c44-f933-4356-84df-578a26e4cd33_MasterBedroom-7269,train
a3793c44-f933-4356-84df-578a26e4cd33_SecondBedroom-8094,train
a38c6892-4aad-4e6d-b7e5-ffd31b5bd659_Bedroom-17297,train
a390f6ea-2c8b-4e0f-8a0e-74eeed8b32fd_Bedroom-10811,train
a3df624b-0917-46e9-ac15-fab766276c72_Bedroom-25795,train
a3e1afe7-f89d-44f1-bcb9-a4086de781f8_Bedroom-4858,train
a3e1afe7-f89d-44f1-bcb9-a4086de781f8_LivingDiningRoom-8026,train
a3f5476a-694f-4539-a902-c7df89988484_SecondBedroom-592,train
a3fd852d-8626-4d0e-91c0-79270e3a99f9_MasterBedroom-17166,train
a4045e66-6f5f-493b-b9f8-ea369b8e309d_SecondBedroom-1607,train
a408330c-e39a-4fdc-a4c5-642ba7438298_Bedroom-62619,train
a40d170f-a598-42ca-85ba-0141e6cadb9a_LivingDiningRoom-1984,train
a40d170f-a598-42ca-85ba-0141e6cadb9a_SecondBedroom-425,train
a42adc3a-01df-45a6-855e-e034c6b2fc31_Bedroom-8818,train
a43305c0-dd5c-4775-8dfb-4473025a277b_Bedroom-15706,train
a44fb825-f9fd-4e1a-beb5-da0322f81ed0_SecondBedroom-63777,train
a45244aa-5c1a-48b7-b1a3-3f55fd35fcab_MasterBedroom-3908,train
a45244aa-5c1a-48b7-b1a3-3f55fd35fcab_SecondBedroom-1097,train
a477867e-24da-45e5-b57b-aab7de1c1623_Bedroom-2165,train
a4824c35-ccb2-4e70-89c7-eda575054197_LivingDiningRoom-1538,train
a4824c35-ccb2-4e70-89c7-eda575054197_MasterBedroom-3822,train
a48c2fa2-734e-4a66-a1ba-c63bcb76b08b_SecondBedroom-11598,train
a4a6dbf2-4558-4f48-b567-392202358792_LivingDiningRoom-35492,train
a4b4d452-05f0-4c77-b367-cc0799a1f996_MasterBedroom-41884,train
a4b4d452-05f0-4c77-b367-cc0799a1f996_SecondBedroom-41859,train
a4de8a11-8912-481b-af83-427b3ddec110_DiningRoom-11103,train
a4e28b69-2a4e-47fe-910e-c0df5879dcd5_SecondBedroom-23974,train
a4e92ea1-e0b9-4ccf-ac6b-c3e8c9d6e9ef_SecondBedroom-10941,train
a4eef4ff-9d6b-4a68-a80a-29efa03e61ae_MasterBedroom-256747,train
a4f2ad71-da05-49c5-aa2b-a50abdd814f9_MasterBedroom-8798,train
a4f2ad71-da05-49c5-aa2b-a50abdd814f9_SecondBedroom-7287,train
a4f3cf0f-0722-4cab-b6fe-02ac4aadc6af_SecondBedroom-3003,train
a5040c13-c69d-4651-9ee6-eeb2afb539af_Bedroom-1181,train
a5040c13-c69d-4651-9ee6-eeb2afb539af_LivingDiningRoom-6966,train
a5040c13-c69d-4651-9ee6-eeb2afb539af_MasterBedroom-3182,train
a50b6ec6-e668-472f-a741-514c9bfef011_MasterBedroom-36178,train
a50b6ec6-e668-472f-a741-514c9bfef011_SecondBedroom-36289,train
a51a334d-6705-4820-8f10-4d024ba28d37_LivingDiningRoom-6081,train
a5254d6c-a8f6-4eb6-90dc-3e0e378de293_Bedroom-10537,train
a5254d6c-a8f6-4eb6-90dc-3e0e378de293_LivingRoom-11300,train
a526e37a-fa7a-4fa1-95df-326ebdf3350e_Bedroom-1395,train
a5406a0e-6bc5-478a-bd06-938a60d64b0a_MasterBedroom-14320,train
a5504123-3231-4d8f-b9c9-c71dd1c5714f_Bedroom-51228,train
a591afd1-fc8b-4224-a2bf-b36ecb44aa18_MasterBedroom-32488,train
a591afd1-fc8b-4224-a2bf-b36ecb44aa18_SecondBedroom-32567,train
a59bc5ad-6521-4ce9-bf94-e40caa36eff9_MasterBedroom-33444,train
a59c6716-3e62-4141-827b-993734038990_Bedroom-62184,train
a59c6716-3e62-4141-827b-993734038990_Bedroom-62235,train
a59c6716-3e62-4141-827b-993734038990_Bedroom-62269,train
a5a40e5f-d289-4d2a-96e5-9de97ae2220f_Bedroom-12891,train
a5a40e5f-d289-4d2a-96e5-9de97ae2220f_MasterBedroom-12835,train
a5a45951-673d-40c0-a092-e75bcb5d7d36_LivingRoom-19334,train
a5a45951-673d-40c0-a092-e75bcb5d7d36_MasterBedroom-12887,train
a5a45951-673d-40c0-a092-e75bcb5d7d36_SecondBedroom-14102,train
a5af701c-1825-40ce-a9d7-0b7ed08fb43b_MasterBedroom-13131,train
a5c582e3-749c-4e53-a996-260055e71c97_MasterBedroom-19437,train
a5cd819a-55b7-4df0-9960-8a83013bb0b9_LivingDiningRoom-4137,train
a5d1492c-2e00-4992-8375-23efd0389ab3_Bedroom-1529,train
a5efdf8a-2480-4453-a958-3218e5929d6c_LivingDiningRoom-7999,train
a5f283d9-3412-46cb-9c9a-d9e9cecc2579_SecondBedroom-15040,train
a603c8bd-8ff0-42b5-b836-b0e693d1b0aa_Bedroom-323257,train
a6121dc7-7fc9-4ca0-af1d-bacd537be48a_LivingDiningRoom-1196,train
a6295210-e8d7-401e-a5db-6efeef45e5d5_SecondBedroom-2260,train
a62c4a8d-d297-402a-b688-5d551d889530_DiningRoom-164,train
a630400d-2cd7-459f-8a89-85ba949c8bfd_Bedroom-1912,train
a630400d-2cd7-459f-8a89-85ba949c8bfd_Bedroom-2276,train
a63260de-8b32-4b9e-a593-0be2a647ed63_LivingDiningRoom-5444,train
a642f3da-97a3-48fc-b36b-582797d5faa1_SecondBedroom-32005,train
a655711b-402f-4e32-8db5-456bbbff373b_MasterBedroom-13810,train
a65aa3c5-680c-4bbd-bd81-fa2e610c1b5f_MasterBedroom-91021,train
a65aa3c5-680c-4bbd-bd81-fa2e610c1b5f_SecondBedroom-9075,train
a65d35b4-f9df-4d15-9cc2-fce1155974c1_MasterBedroom-137626,train
a65d35b4-f9df-4d15-9cc2-fce1155974c1_SecondBedroom-137783,train
a66bbfeb-dc00-42c6-b9c2-62bd75651c32_MasterBedroom-42650,train
a66bbfeb-dc00-42c6-b9c2-62bd75651c32_SecondBedroom-42606,train
a68b6e8f-7afa-454b-9fe0-124396add326_SecondBedroom-15797,train
a68c6257-db07-4f5f-ae13-ec2878d3cbe6_MasterBedroom-31598,train
a68c6257-db07-4f5f-ae13-ec2878d3cbe6_SecondBedroom-31876,train
a696bf11-ddd3-4313-9c69-a71e6b6dfdfd_Bedroom-13661,train
a6a754e6-cdb0-40ca-a068-8a5a576fefa4_SecondBedroom-439,train
a6aa92c3-577b-4425-bad9-e9e01da85658_LivingRoom-41893,train
a6ab60f4-e824-4980-86da-082b05bd9480_DiningRoom-242139,train
a6ab60f4-e824-4980-86da-082b05bd9480_SecondBedroom-242180,train
a6d3d76a-09a7-4c08-a52d-f97a473e61b1_Bedroom-35224,train
a6d3d76a-09a7-4c08-a52d-f97a473e61b1_MasterBedroom-35384,train
a6dfce68-511d-4762-8f43-fb568fe8b6d9_Bedroom-741,train
a6f978f5-9504-49fa-bf46-4243c99e5c95_MasterBedroom-17855,train
a714271c-22a0-41f0-a5fc-531042f51bf7_MasterBedroom-10020,train
a7203875-f96f-43b7-97db-af7d0b822189_LivingRoom-14138,train
a7203875-f96f-43b7-97db-af7d0b822189_MasterBedroom-4384,train
a736f07b-cca3-4042-b2da-63fe5264ef7c_DiningRoom-2519,train
a736f07b-cca3-4042-b2da-63fe5264ef7c_LivingRoom-1848,train
a7449906-43ae-4a5c-871a-51db33ae4608_MasterBedroom-19189,train
a7449906-43ae-4a5c-871a-51db33ae4608_SecondBedroom-22460,train
a74cbd87-e6cf-4df8-9007-1134ec1f5459_DiningRoom-42346,train
a74cbd87-e6cf-4df8-9007-1134ec1f5459_LivingRoom-42161,train
a74cbd87-e6cf-4df8-9007-1134ec1f5459_SecondBedroom-42233,train
a7640bcc-e2ca-4b7e-806e-e6deeaf02fc7_MasterBedroom-28862,train
a76b20fd-d688-4bcd-9daf-5535e66959ad_MasterBedroom-7176,train
a76b20fd-d688-4bcd-9daf-5535e66959ad_SecondBedroom-6067,train
a77ba88e-3c46-4246-a5f8-92715d0a7068_MasterBedroom-854,train
a77ba88e-3c46-4246-a5f8-92715d0a7068_SecondBedroom-1417,train
a791d489-d419-435f-9235-827390615fdf_MasterBedroom-4225,train
a796ac9a-abc1-4003-b7a3-d1e84fb7fc28_LivingRoom-40968,train
a796ac9a-abc1-4003-b7a3-d1e84fb7fc28_MasterBedroom-26202,train
a796ac9a-abc1-4003-b7a3-d1e84fb7fc28_SecondBedroom-28894,train
a7ad1a14-1721-4ecf-ab23-813defaa75f1_Bedroom-10390,train
a7e3448a-11fa-470d-a59c-3e50bb8bc36d_SecondBedroom-19612,train
a7e374d2-d8ed-4999-97e0-7e5ba98908d1_MasterBedroom-4969,train
a7e374d2-d8ed-4999-97e0-7e5ba98908d1_SecondBedroom-4501,train
a7f64d89-c953-4ba9-bbd4-6f74eb69710b_LivingRoom-18042,train
a81e5155-6784-4ab2-93b8-7193842d7801_MasterBedroom-299,train
a8489fa3-46a7-452e-ae5b-dd9bc5c71a05_Bedroom-9535,train
a8489fa3-46a7-452e-ae5b-dd9bc5c71a05_MasterBedroom-9557,train
a88f5922-2f3b-4ad8-b834-82fa1c0d00c8_DiningRoom-16498,train
a88f5922-2f3b-4ad8-b834-82fa1c0d00c8_MasterBedroom-16561,train
a88f5922-2f3b-4ad8-b834-82fa1c0d00c8_SecondBedroom-16583,train
a8936f9f-f335-4e65-82ce-0eaa93df009c_Bedroom-62536,train
a89cf6cc-eb96-49ed-8995-c7add3e765f0_Bedroom-3316,train
a89d08fb-36df-416f-a855-f0d9f3cafcdc_Bedroom-8532,train
a8affec8-d260-41c8-853c-cadbdf317b63_MasterBedroom-22008,train
a8b4f748-b37e-4037-afd1-c245833ef11d_LivingDiningRoom-45776,train
a8b833c1-8d0d-4b95-9032-b5fdd2476ecb_LivingDiningRoom-1128,train
a8cee5db-8701-4927-819e-92a610240975_MasterBedroom-9857,train
a8ea81c6-f23d-4019-828e-dfe63aa61553_LivingDiningRoom-12109,train
a90f38f6-c1ad-4d64-9fcc-0f3d982912c4_Bedroom-45428,train
a90f38f6-c1ad-4d64-9fcc-0f3d982912c4_MasterBedroom-45307,train
a92d096e-20d4-4426-95a7-ada1d9f309ab_Bedroom-1005,train
a92d096e-20d4-4426-95a7-ada1d9f309ab_Bedroom-1892,train
a931e811-6950-46f6-b733-6c13e079f448_MasterBedroom-72447,train
a94a1d56-0246-4dd5-904b-8f721214b91f_MasterBedroom-48626,train
a97dc075-2b8b-4964-878d-976792ce71de_MasterBedroom-8841,train
a99c1e8e-0f26-4c2e-a471-9b9a308aaebc_MasterBedroom-3049,train
a99c1e8e-0f26-4c2e-a471-9b9a308aaebc_SecondBedroom-274,train
a9c6a334-ba10-467a-a5cc-81dadb65a615_LivingDiningRoom-7730,train
a9c6a334-ba10-467a-a5cc-81dadb65a615_MasterBedroom-7711,train
a9c6a334-ba10-467a-a5cc-81dadb65a615_SecondBedroom-7233,train
a9efa7e9-ca08-4e7b-84cb-a1cbe3a71211_LivingDiningRoom-43160,train
a9efa7e9-ca08-4e7b-84cb-a1cbe3a71211_SecondBedroom-43263,train
a9f95562-fcfa-4da6-bd23-d537e751d8b5_LivingDiningRoom-1201,train
a9f95562-fcfa-4da6-bd23-d537e751d8b5_MasterBedroom-2295,train
a9f95562-fcfa-4da6-bd23-d537e751d8b5_SecondBedroom-1830,train
a9f9debb-f5bd-46ce-9364-bf33a3659b3c_MasterBedroom-4340,train
a9f9debb-f5bd-46ce-9364-bf33a3659b3c_SecondBedroom-4514,train
aa0d2d82-f8db-4d38-966a-b86b2956678a_LivingDiningRoom-33940,train
aa1a03cc-eb9f-4388-8501-23917fc85c58_Bedroom-9668,train
aa1a03cc-eb9f-4388-8501-23917fc85c58_DiningRoom-9649,train
aa2174af-a1ed-403f-b46d-bb44f315c181_LivingRoom-2057,train
aa2de198-d7e6-4a86-bb9d-2419d02ebacd_MasterBedroom-6372,train
aa4f6995-3c16-4b8b-9925-91df49b5711f_MasterBedroom-57920,train
aa6d487c-ed0f-49be-bb94-3b8c13af391b_LivingDiningRoom-11917,train
aa6d487c-ed0f-49be-bb94-3b8c13af391b_MasterBedroom-4198,train
aa7599ea-5d9c-44bd-a3e5-1e4216dcbf34_DiningRoom-11642,train
aa772832-5eb8-4470-9a7e-39f965b45060_Bedroom-1833,train
aa772832-5eb8-4470-9a7e-39f965b45060_Bedroom-2916,train
aa772832-5eb8-4470-9a7e-39f965b45060_LivingRoom-4053,train
aa7fc990-0ab9-4fcb-ab9a-5dc1e29ed3b3_Bedroom-91204,train
aa7fc990-0ab9-4fcb-ab9a-5dc1e29ed3b3_LivingRoom-91141,train
aa8112cc-d57e-4a9f-a425-d40e7d114b08_DiningRoom-34036,train
aa8112cc-d57e-4a9f-a425-d40e7d114b08_MasterBedroom-34727,train
aa8112cc-d57e-4a9f-a425-d40e7d114b08_SecondBedroom-32118,train
aa864471-da98-4da0-b383-461f994d2531_SecondBedroom-11974,train
aa99f279-fc77-45d8-97f8-6d5b9a1452d0_Bedroom-64841,train
aa9b470c-42d0-4f2e-8239-22142ab5fddc_Bedroom-1103,train
aa9d393b-30df-456f-96dc-dad7bb8554c9_Bedroom-38342,train
aabbb864-d09f-4c95-8b84-a01b8f8cc3a2_SecondBedroom-16034,train
aad5db70-686c-4a63-9d2e-302f27ba459a_MasterBedroom-20828,train
aaf31a7e-4344-4a75-aeba-2c3268c0f484_MasterBedroom-4461,train
aafa0b11-9656-40b3-b44f-c2f9053ec194_Bedroom-3894,train
aafa0b11-9656-40b3-b44f-c2f9053ec194_Bedroom-6312,train
ab15037d-47ac-45d2-94c9-df046642102e_SecondBedroom-75552,train
ab2e0470-67b9-4902-b800-d75a1a6b7101_MasterBedroom-59528,train
ab7d2771-19a9-4473-bfd9-8abead7d8a2a_LivingDiningRoom-582,train
ab97be19-0a1f-429f-9b79-60f506722470_Bedroom-8397,train
aba20980-69fd-436b-917a-5f1324e22852_LivingDiningRoom-26816,train
abbd2623-75f1-4c73-9a8b-8378ae87416b_MasterBedroom-20990,train
abc63a60-6190-47f5-a331-12f2d90bf8b7_Bedroom-41817,train
abc63a60-6190-47f5-a331-12f2d90bf8b7_LivingRoom-41316,train
ac5f5386-c629-4b58-aed5-9a4b8f6911ce_MasterBedroom-9818,train
ac7b509e-5782-481a-a4f7-48e037c5fa29_MasterBedroom-8696,train
ac92919a-90ac-4fa7-a972-12c947305f41_LivingDiningRoom-6787,train
ac92919a-90ac-4fa7-a972-12c947305f41_MasterBedroom-3191,train
ac92919a-90ac-4fa7-a972-12c947305f41_SecondBedroom-6844,train
acb86b11-fe85-4f83-b47c-c6243982298a_Bedroom-1206,train
acb86b11-fe85-4f83-b47c-c6243982298a_LivingRoom-824,train
acb8fcb4-8679-4fda-90e8-4d8c2ac42ae7_MasterBedroom-6656,train
acb8fcb4-8679-4fda-90e8-4d8c2ac42ae7_SecondBedroom-6285,train
acc099b5-dabc-4fb0-ba27-4f8c961432fb_SecondBedroom-1912,train
ace13641-659e-4668-8d02-3cc4a05803a8_Bedroom-10696,train
ad0426db-a9e3-4428-989f-c2c38e1157c9_Bedroom-53,train
ad0426db-a9e3-4428-989f-c2c38e1157c9_LivingDiningRoom-326,train
ad2204ba-60fd-4802-b8cd-6ac2cfea507c_DiningRoom-18657,train
ad2204ba-60fd-4802-b8cd-6ac2cfea507c_MasterBedroom-18771,train
ad2462d1-ed66-45c6-8739-3ccface000c9_SecondBedroom-3814,train
ad2bc1ea-0567-4048-8cdb-d298dc18d162_MasterBedroom-31095,train
ad2bc1ea-0567-4048-8cdb-d298dc18d162_SecondBedroom-30536,train
ad3b17d0-ddc0-47c3-9a90-440add40ad9e_MasterBedroom-8520,train
ad50e9bd-4511-4b68-b348-c472c719440d_Bedroom-11538,train
ad50e9bd-4511-4b68-b348-c472c719440d_Bedroom-7968,train
ada38237-cee3-477f-9bbb-45cb29f29d4c_SecondBedroom-5145,train
ada41ea4-604e-4c03-a3ef-3e8b4dd57c7a_Bedroom-1740,train
adb44d12-29d6-47f7-87bc-f54fdd017b50_Bedroom-18950,train
add0c77d-3e5c-44b6-9298-6c09a38f5b6e_MasterBedroom-15409,train
add138ee-2fb0-4651-91ea-0a69981d81bc_SecondBedroom-9725,train
adfd50d5-efee-4d42-8457-bc1ce2707ed6_MasterBedroom-9390,train
adfd50d5-efee-4d42-8457-bc1ce2707ed6_SecondBedroom-9343,train
adfe8dd6-46ee-46bc-a3bc-dbc712147d82_MasterBedroom-27797,train
ae07aa05-8333-48c3-8637-0845be0fadb4_LivingRoom-1537,train
ae3855cc-a0de-4e86-8148-d65b94f07f3f_SecondBedroom-30549,train
ae6dcfc8-994e-4448-8980-08e5292a8801_LivingDiningRoom-21808,train
ae6e05dc-ce87-415f-b98e-3349488d984b_SecondBedroom-12902,train
ae8d145b-5c7c-4970-a4b6-7855e64ea4eb_LivingDiningRoom-4682,train
aea28264-2cb8-4875-bdd2-073fb12c83ac_MasterBedroom-32994,train
aea28264-2cb8-4875-bdd2-073fb12c83ac_SecondBedroom-33345,train
aeb21673-898c-41a2-a813-ab4b61ae542e_MasterBedroom-33506,train
aed687f8-271d-4310-870a-f97ebafd1bec_DiningRoom-166476,train
aedb13db-b413-472d-a50e-81017caba93b_Bedroom-17813,train
aee82a11-1d1f-47ff-80d5-902e800b839a_Bedroom-1017,train
aee82a11-1d1f-47ff-80d5-902e800b839a_MasterBedroom-5121,train
aeecee5f-611c-45ea-b797-ccf2e38c362c_Bedroom-3653,train
aeecee5f-611c-45ea-b797-ccf2e38c362c_LivingRoom-7918,train
aeeeea78-c030-4ea8-bedb-6688383c7b37_LivingRoom-27368,train
aeeeea78-c030-4ea8-bedb-6688383c7b37_MasterBedroom-27387,train
aef6f22c-02ce-45f4-ba66-2433f847c324_MasterBedroom-39088,train
aef6f22c-02ce-45f4-ba66-2433f847c324_SecondBedroom-39039,train
af04306f-ef15-4b0a-ba75-1e499b3f3ccd_LivingDiningRoom-29341,train
af04306f-ef15-4b0a-ba75-1e499b3f3ccd_MasterBedroom-29436,train
af17e492-9278-4023-9c48-c289e819a641_Bedroom-388,train
af17e492-9278-4023-9c48-c289e819a641_LivingDiningRoom-452,train
af1a51c8-8113-4756-b60a-af2057deeffb_Bedroom-44824,train
af2e8a6f-d173-482a-a922-23e242acef49_MasterBedroom-54203,train
af30f054-a88b-4acf-b497-5f67cbd25af6_Bedroom-110163,train
af30f054-a88b-4acf-b497-5f67cbd25af6_DiningRoom-114621,train
af3a0928-2e39-4864-9f53-d17205cba116_SecondBedroom-5710,train
af43eb53-423d-4ef3-8498-d208d22b15de_LivingDiningRoom-128962,train
af474567-7aec-4b7f-8e0a-9054871beb8a_LivingRoom-33315,train
af474567-7aec-4b7f-8e0a-9054871beb8a_SecondBedroom-33219,train
af499dad-69c6-44e1-937c-e8d1a8fe197c_Bedroom-411,train
af50bca9-1d0d-4eaf-9e81-9f8fc643949f_LivingRoom-21437,train
af50bca9-1d0d-4eaf-9e81-9f8fc643949f_MasterBedroom-20881,train
af50bca9-1d0d-4eaf-9e81-9f8fc643949f_SecondBedroom-22166,train
af615a27-5139-40d2-833a-e62fead6777b_MasterBedroom-9735,train
af7bc99c-1565-4ceb-8cdf-05088a7a6718_MasterBedroom-25034,train
af8b9eed-0ab5-4c65-bc73-f9fbc2b1cdd9_MasterBedroom-1752,train
af8d354c-2b22-4af8-a35c-4d3bd37cbdf6_MasterBedroom-9031,train
afa0f45b-9a71-4c7c-8bb0-4b84a6ec47ea_SecondBedroom-3719,train
afaffb7a-d00b-4d21-8d9a-ed6df3023d70_LivingDiningRoom-1123,train
afaffb7a-d00b-4d21-8d9a-ed6df3023d70_MasterBedroom-1180,train
afaffb7a-d00b-4d21-8d9a-ed6df3023d70_SecondBedroom-1282,train
afcaa4ce-37db-4314-9786-1addf4ea57e0_SecondBedroom-21667,train
afd1ec15-5319-47dc-b558-b6a86d448982_LivingDiningRoom-31395,train
afd1ec15-5319-47dc-b558-b6a86d448982_MasterBedroom-30923,train
afd1ec15-5319-47dc-b558-b6a86d448982_MasterBedroom-31474,train
b003f93a-5664-4fe2-b40a-caf19583fd57_MasterBedroom-940,train
b003f93a-5664-4fe2-b40a-caf19583fd57_SecondBedroom-1286,train
b01ce063-9f82-43ff-ba61-bc70986128a4_MasterBedroom-25057,train
b05fbcc4-57c0-46bf-a268-1c530085b983_LivingDiningRoom-18273,train
b063aa6e-7b2f-4f85-a9b3-3987c6def44a_LivingDiningRoom-279,train
b078021c-8535-4ed3-8c63-0b6109c603d6_Bedroom-17564,train
b090fa20-9b1c-4c5e-bcc4-e83c44cc84c2_Bedroom-15797,train
b090fa20-9b1c-4c5e-bcc4-e83c44cc84c2_Bedroom-16379,train
b093a455-63da-4dc2-af72-11f094999d50_MasterBedroom-1692,train
b099df62-e9b6-407b-b69c-7746f98223df_Bedroom-87733,train
b099df62-e9b6-407b-b69c-7746f98223df_Bedroom-88662,train
b0a8d497-5e4d-4aa4-837b-276a34e9987c_Bedroom-2876,train
b0a8d6bf-9a2a-4a9f-bdeb-a08fcc6bea11_LivingDiningRoom-57219,train
b0a8d6bf-9a2a-4a9f-bdeb-a08fcc6bea11_MasterBedroom-54784,train
b0c55578-68c8-41d3-8682-f2b2b0187961_MasterBedroom-20425,train
b0dc2c16-296a-491e-a82b-d2d7fd8fdada_LivingDiningRoom-968,train
b0dc2c16-296a-491e-a82b-d2d7fd8fdada_MasterBedroom-1962,train
b0dc2c16-296a-491e-a82b-d2d7fd8fdada_SecondBedroom-2393,train
b0f5ee50-f513-40be-ae17-20fd9acd60b4_MasterBedroom-26054,train
b0fe48b1-d6b1-4854-ba04-111d22289522_LivingDiningRoom-13623,train
b0fe48b1-d6b1-4854-ba04-111d22289522_MasterBedroom-13658,train
b13a4874-00a4-49a5-aa2d-e22d7d864b56_Bedroom-53437,train
b13a4874-00a4-49a5-aa2d-e22d7d864b56_LivingDiningRoom-53709,train
b146d9b8-b24e-49b2-9b56-bc63b7bd8f50_SecondBedroom-10318,train
b1666056-97cd-41f8-947f-06147f148f10_SecondBedroom-8548,train
b16d3725-fc3e-4d01-9f3d-61f3e504c488_Bedroom-2459,train
b1b053a9-b268-4f62-a06d-b9b9325c5092_MasterBedroom-1797,train
b1b34315-3981-48b3-bfc0-e82878ea6e34_MasterBedroom-49467,train
b1ed9921-425e-4c61-b4a3-4d3c8c20d788_DiningRoom-3185,train
b1fb2628-f260-4bee-8db1-6f4f10520a09_MasterBedroom-1096,train
b214afdb-2761-443e-82a2-a6720d7a0578_MasterBedroom-12350,train
b2312fb9-ca25-4e89-ab5a-0bc96888cebf_DiningRoom-23035,train
b2381c40-aa83-4b69-9059-10cf42b456fb_Bedroom-23945,train
b28a98d3-1348-478e-825d-572ee7454666_LivingDiningRoom-13555,train
b28a98d3-1348-478e-825d-572ee7454666_SecondBedroom-13653,train
b28bad76-991d-4a95-9a37-2934374109e8_Bedroom-20397,train
b28bad76-991d-4a95-9a37-2934374109e8_LivingRoom-20386,train
b2943b0f-8b10-4619-9263-d6dc198214ba_SecondBedroom-8204,train
b2a1d795-9ed6-4282-9934-c176f2f4f8a2_MasterBedroom-17068,train
b2c03fce-6b4e-4297-8937-c618d62df42e_MasterBedroom-5760,train
b2cdbdb3-1b72-49ad-81eb-f130c9acd170_MasterBedroom-11888,train
b2e0b670-b308-4817-b3b6-2a8b7312c18f_LivingDiningRoom-7096,train
b2e0b670-b308-4817-b3b6-2a8b7312c18f_SecondBedroom-6261,train
b31b4898-6395-4283-9be9-872c7559cac8_MasterBedroom-11471,train
b34db318-8b66-4bf3-aa2b-23448e51fcc1_SecondBedroom-1986,train
b3532f29-171d-4239-b6c5-4a1da32ed8eb_SecondBedroom-78680,train
b35d10f4-0f24-4b75-b370-4db788e41222_SecondBedroom-2833,train
b3756af5-3246-428d-be76-57b1decad705_Bedroom-2284,train
b3a256df-54e0-40c1-b04e-5ace4cccaddb_LivingDiningRoom-2917,train
b3a256df-54e0-40c1-b04e-5ace4cccaddb_SecondBedroom-272,train
b3a4cdd9-5144-43b7-bdad-067fdd7530c4_LivingRoom-71719,train
b3a7d1dd-a679-44ad-a9f7-971d09c2447f_LivingRoom-1676,train
b3d120be-7c88-41b6-bb85-16d61a97e542_SecondBedroom-32096,train
b3d57bb3-3859-4986-8da8-568bb1095d43_DiningRoom-18888,train
b3d57bb3-3859-4986-8da8-568bb1095d43_SecondBedroom-18838,train
b3e144d5-4a91-4d8c-84f2-1eda6a4947e8_MasterBedroom-10518,train
b40dbb05-821c-45f2-9ae6-e02e97c70c80_MasterBedroom-16305,train
b40dbb05-821c-45f2-9ae6-e02e97c70c80_SecondBedroom-16492,train
b4128f2c-0f8a-4654-8acc-05eda8644ce7_MasterBedroom-1859,train
b4128f2c-0f8a-4654-8acc-05eda8644ce7_SecondBedroom-702,train
b41434c7-ea34-404b-a426-34221b17c942_DiningRoom-3024,train
b41434c7-ea34-404b-a426-34221b17c942_SecondBedroom-3467,train
b4551582-1fbb-4320-bac8-74655b3babd1_MasterBedroom-31997,train
b45897de-6fe4-421c-b292-dfc31f3880ec_Bedroom-38427,train
b4605349-5ca9-44ec-bb78-1edf5fac49b5_SecondBedroom-44692,train
b48bc4ca-1bd4-48c3-a4da-8363d8b91a60_Bedroom-1298,train
b49f4f6e-cd07-43d7-aee0-3ded49597acb_LivingDiningRoom-43067,train
b4c7e5bf-1c64-4047-86f0-1534d8735a0d_MasterBedroom-37369,train
b4d8801b-aac0-4051-b973-e84b0114a621_MasterBedroom-35145,train
b4d8801b-aac0-4051-b973-e84b0114a621_SecondBedroom-35781,train
b514db66-e26d-44b7-92d8-338b17a5da28_MasterBedroom-58491,train
b51bec16-bd64-43be-ae51-2e190aafba67_MasterBedroom-37633,train
b51e3da5-5d31-4511-882a-e841de457404_LivingDiningRoom-3428,train
b51e3da5-5d31-4511-882a-e841de457404_SecondBedroom-562,train
b54940c4-ed58-48c3-8017-9a644c75ff2b_Bedroom-90068,train
b5515a75-9d29-47a1-a8dd-c61224c8d170_Bedroom-539,train
b5515a75-9d29-47a1-a8dd-c61224c8d170_Bedroom-582,train
b580bfcb-0110-439d-b83b-bfd9caa431a2_LivingDiningRoom-535,train
b587f55e-a677-4107-9ad1-5c067cbd7c0a_LivingDiningRoom-15114,train
b58a5ff0-ae4c-4af0-ba06-13153ecb9f4d_MasterBedroom-75042,train
b5922b83-8f9a-42e8-b999-680441fd30b5_LivingDiningRoom-9992,train
b5922b83-8f9a-42e8-b999-680441fd30b5_MasterBedroom-9141,train
b59e2e3f-d611-4e62-a72a-b3d7ff4bbd08_Bedroom-15630,train
b5bf1be6-ce97-4e98-9f8e-0018f9e5e704_Bedroom-1262,train
b5d22f47-c4af-4f72-9a9b-9fea32a01a26_MasterBedroom-179552,train
b5d5ec24-9934-4ea8-a805-c85659ebb74f_MasterBedroom-52062,train
b5fea2a3-9686-4764-9a8d-b35c02f2d71e_Bedroom-332,train
b5fea2a3-9686-4764-9a8d-b35c02f2d71e_Bedroom-398,train
b5ff7957-6e19-4997-a8c5-fa9a5b8043fd_SecondBedroom-6818,train
b60a4f18-3082-465b-b0e9-c0217666e201_LivingDiningRoom-75271,train
b6167446-ce9d-4bc0-bc2e-e6026d939a3c_LivingDiningRoom-14337,train
b6167446-ce9d-4bc0-bc2e-e6026d939a3c_MasterBedroom-14406,train
b6167446-ce9d-4bc0-bc2e-e6026d939a3c_SecondBedroom-14359,train
b643679b-4313-459c-b537-cd096ea1bdff_MasterBedroom-6710,train
b643679b-4313-459c-b537-cd096ea1bdff_SecondBedroom-1152,train
b64e1a46-dbb0-4d5c-b504-971cd38dba07_MasterBedroom-3147,train
b660850f-9a16-4040-867a-871406da5590_SecondBedroom-25535,train
b6840c65-cf40-4bd6-8492-f4b7aae57ed5_SecondBedroom-52351,train
b68b868f-5ed9-4917-b922-4d58ca68ed7d_LivingDiningRoom-45001,train
b68b868f-5ed9-4917-b922-4d58ca68ed7d_MasterBedroom-45020,train
b69453bf-972b-4b3c-98c9-59832bcb945b_SecondBedroom-1804,train
b6a24513-baa6-4f67-8a78-4a19c5536dce_LivingDiningRoom-2831,train
b6a24513-baa6-4f67-8a78-4a19c5536dce_MasterBedroom-2820,train
b6a24513-baa6-4f67-8a78-4a19c5536dce_SecondBedroom-1656,train
b6c31412-9def-40e5-b812-95a22c0a1c9f_MasterBedroom-34597,train
b6c9ce9f-dd5f-44b8-acae-3ec22110856b_MasterBedroom-3445,train
b6e6f6a4-9407-4911-9b72-c336a59545e0_LivingDiningRoom-5442,train
b6fbd17c-7013-4fed-802f-e7075cce8329_LivingDiningRoom-56789,train
b71b1950-5509-4f62-8aa2-2f49825d9f8f_Bedroom-17496,train
b741b776-33dc-43b0-b33a-2a488c920045_LivingDiningRoom-50574,train
b741b776-33dc-43b0-b33a-2a488c920045_MasterBedroom-48846,train
b744dce4-8f32-4016-bb25-6d00e9843e79_MasterBedroom-60471,train
b765f7c7-09af-4952-898b-f04f17fba1f1_SecondBedroom-31012,train
b76b3b9e-1709-49eb-a5cc-8e5b76da6939_LivingDiningRoom-108064,train
b76b3b9e-1709-49eb-a5cc-8e5b76da6939_MasterBedroom-107429,train
b77fac8b-d1a7-4444-ae6b-5fd394a82535_Bedroom-12012,train
b77fac8b-d1a7-4444-ae6b-5fd394a82535_Bedroom-12028,train
b7c74b29-1bc9-4112-9587-03a1b330a284_Bedroom-274,train
b7c96fc7-b8f8-45c0-83c6-539da3c005a5_SecondBedroom-10643,train
b7df67ab-a4be-43ba-9069-eec82b12673d_MasterBedroom-17451,train
b7e22103-19b8-47d1-a287-4349e4786cdc_Bedroom-1277,train
b7f5c276-55d1-4faa-8b6e-eca7e0273648_SecondBedroom-10321,train
b80d85e9-bdf0-456d-b7f5-e4ea871e488b_Bedroom-2007,train
b80d85e9-bdf0-456d-b7f5-e4ea871e488b_Bedroom-2582,train
b80d946d-c819-46d3-b02a-36336724ccc4_MasterBedroom-22965,train
b84c594f-2408-4197-ada7-d058f6620cf3_MasterBedroom-50107,train
b858c92c-9aa4-4767-99a8-661ef1afbd9e_MasterBedroom-4993,train
b88dadff-2e79-465f-916b-14404ffbf4a1_MasterBedroom-141250,train
b8b0933f-ecc1-4621-b7f3-ac01261917f1_LivingDiningRoom-11919,train
b8b0933f-ecc1-4621-b7f3-ac01261917f1_MasterBedroom-12046,train
b8c79259-df95-4696-9a1f-b929d9fedcd9_Bedroom-25940,train
b8c79259-df95-4696-9a1f-b929d9fedcd9_MasterBedroom-26003,train
b8c9c3ae-2aa0-4140-b7cd-8578cee5b571_MasterBedroom-1244,train
b8c9c3ae-2aa0-4140-b7cd-8578cee5b571_SecondBedroom-2330,train
b8d5c14b-b931-4b1e-969f-b96f5c1f3bb5_SecondBedroom-14942,train
b8eca45e-8419-496a-b781-1eb69c320d39_MasterBedroom-892,train
b8eca45e-8419-496a-b781-1eb69c320d39_SecondBedroom-1546,train
b917e5c2-0271-4419-a3ae-65be2c108114_MasterBedroom-8000,train
b917e5c2-0271-4419-a3ae-65be2c108114_SecondBedroom-7694,train
b9301a72-5a7b-4ab3-bcf4-aa7f67112747_Bedroom-15959,train
b9301a72-5a7b-4ab3-bcf4-aa7f67112747_DiningRoom-15836,train
b9301a72-5a7b-4ab3-bcf4-aa7f67112747_LivingRoom-15858,train
b9301a72-5a7b-4ab3-bcf4-aa7f67112747_MasterBedroom-10400,train
b93f845e-1b90-4231-8d91-4eab81487423_Bedroom-26320,train
b9443b5d-de9c-4392-b5f6-1239d7a4e8c2_Bedroom-11392,train
b964337b-988f-420e-be26-20f2f2c4682a_LivingRoom-27749,train
b983c974-ad79-4389-a02a-d8175f933411_LivingRoom-67314,train
b983c974-ad79-4389-a02a-d8175f933411_MasterBedroom-11254,train
b9865b8e-99c4-4005-9f4d-9cae08209da0_LivingDiningRoom-6403,train
b9865b8e-99c4-4005-9f4d-9cae08209da0_MasterBedroom-4390,train
b98e19f5-239f-45a7-a892-da88b2719561_MasterBedroom-145762,train
b9c1aec3-a600-4084-908a-c351c423a357_LivingDiningRoom-19374,train
b9d17d23-66f0-445d-acb7-f11887cc4f7f_LivingDiningRoom-192367,train
b9e0dff9-03dd-4c4a-a00f-0b04b45d8df4_LivingDiningRoom-62241,train
b9e0dff9-03dd-4c4a-a00f-0b04b45d8df4_MasterBedroom-62195,train
ba01d127-c603-47bb-ac22-e6546031244c_LivingDiningRoom-35067,train
ba01d127-c603-47bb-ac22-e6546031244c_MasterBedroom-35124,train
ba01d127-c603-47bb-ac22-e6546031244c_SecondBedroom-35143,train
ba13101c-01ff-41e2-be9b-aaabbeed1c6f_Bedroom-2246,train
ba174a36-20d1-4d22-9b25-470480e409de_SecondBedroom-55519,train
ba2afb42-ae13-483f-802f-9917ad10b939_LivingDiningRoom-5405,train
ba3303e0-761d-4cfc-9411-18f1ff7a4340_MasterBedroom-11688,train
ba3303e0-761d-4cfc-9411-18f1ff7a4340_SecondBedroom-7433,train
ba35bae5-34ab-42de-941c-9f8a73b1beb7_MasterBedroom-48561,train
ba3cc79f-78b8-413d-892a-11124d3add39_LivingRoom-38688,train
ba52c6af-b741-470a-bca8-7bc8a31484dd_LivingDiningRoom-355,train
ba833fcc-9594-4662-a631-1cd9f01a1ead_Bedroom-46678,train
ba833fcc-9594-4662-a631-1cd9f01a1ead_LivingRoom-46694,train
baae19e7-6509-49a8-9f9c-9c43592d4740_SecondBedroom-16071,train
bacde876-958d-4a48-88d2-6e8bcde7d5b3_MasterBedroom-7022,train
bad53a4f-e11c-4055-b059-9c955d66556f_MasterBedroom-25791,train
bb12eac8-8dc8-46e9-b614-f5af84404423_DiningRoom-69393,train
bb12eac8-8dc8-46e9-b614-f5af84404423_LivingRoom-69328,train
bb13762a-67b3-4957-be4e-f1b0878c9f87_MasterBedroom-21140,train
bb13762a-67b3-4957-be4e-f1b0878c9f87_SecondBedroom-20065,train
bb1737bf-dae6-4215-bccf-fab6f584046b_Bedroom-4744,train
bb378de7-a4e8-4631-a67d-372ee3510dc5_MasterBedroom-77395,train
bb393cde-eecb-4efc-8711-e9576791aee2_Bedroom-119,train
bb3b0c72-5fdf-4536-9a0d-4fa358748dd1_Bedroom-37666,train
bb4a55db-d988-4d61-bc52-175a9a8cec51_DiningRoom-87276,train
bb4a55db-d988-4d61-bc52-175a9a8cec51_MasterBedroom-87179,train
bb50ccab-396b-4264-92e6-33c790542e6a_Bedroom-24019,train
bb50ccab-396b-4264-92e6-33c790542e6a_Bedroom-24337,train
bb50ccab-396b-4264-92e6-33c790542e6a_LivingRoom-25131,train
bb5491f0-2af5-4bf5-b7fd-562d24539f96_MasterBedroom-5934,train
bb69a091-8c62-4b06-ace0-f111e57b07ef_MasterBedroom-26280,train
bb755eb0-434b-4805-9d28-214380ae6a29_LivingRoom-15768,train
bb8583bf-ee94-4667-9981-63faf7a91234_LivingRoom-10974,train
bb8583bf-ee94-4667-9981-63faf7a91234_MasterBedroom-10958,train
bb873f66-3268-4911-ab41-72071e81dc9a_MasterBedroom-11734,train
bb88ce25-613d-40b6-b2e6-5b7f505d9f94_DiningRoom-699,train
bba7604d-83c8-4331-8222-c6654ffdb072_MasterBedroom-16961,train
bba8c5f2-10f0-4917-b26b-82fb076a97b4_SecondBedroom-7682,train
bbb6f659-f2da-4785-95f3-5fdcf0f66dd4_LivingDiningRoom-4850,train
bbc028db-4450-4987-954b-5000869fa634_SecondBedroom-1499,train
bbc1b345-a8db-4c3f-a70e-12f59d11410b_MasterBedroom-1480,train
bbc1b345-a8db-4c3f-a70e-12f59d11410b_SecondBedroom-1603,train
bbc93034-4e17-48e2-a52b-c09e966490e5_LivingDiningRoom-3354,train
bbd2506e-e099-42c7-a950-97854ebf2931_Bedroom-22361,train
bbd4d848-5cf2-4680-b508-bc13325d27b4_MasterBedroom-13224,train
bbd4d848-5cf2-4680-b508-bc13325d27b4_SecondBedroom-13208,train
bbd52bbc-166f-4256-998e-a35f3f924f70_LivingDiningRoom-14966,train
bbec4026-0cd6-4222-9d10-0cb90ae815fd_Bedroom-42079,train
bbed00a6-d2e0-4f55-a5cc-09db9e3dd6cd_MasterBedroom-47889,train
bbf5f0c3-25b9-4288-afa1-f2545fab15ba_DiningRoom-16460,train
bbfbce07-fd71-4e7c-a40d-4eb3a9bb70d2_DiningRoom-2412,train
bbfbce07-fd71-4e7c-a40d-4eb3a9bb70d2_LivingRoom-3217,train
bbfbce07-fd71-4e7c-a40d-4eb3a9bb70d2_MasterBedroom-4374,train
bbfbce07-fd71-4e7c-a40d-4eb3a9bb70d2_SecondBedroom-9071,train
bc2c8755-47a1-4d2e-ab18-2c5fda2aba1f_Bedroom-214,train
bc2c8755-47a1-4d2e-ab18-2c5fda2aba1f_Bedroom-489,train
bc2e79c6-a4f7-4c99-a6cd-6aafb5843cb8_MasterBedroom-25936,train
bc2fec07-323e-4ab5-bda7-64febe8f69f8_LivingDiningRoom-4827,train
bc3508cf-b422-480f-baa2-80fd11a6a11d_Bedroom-17436,train
bc3add99-a8b3-490b-85cb-cbe6e7e53f57_LivingDiningRoom-29182,train
bc409ec3-1ce9-43a9-a47c-7cfa5822cea3_MasterBedroom-350851,train
bc447aea-80f6-4fd4-9ebd-342b98cc63ef_MasterBedroom-6958,train
bc610c89-14e3-4971-9067-51f6d8a2a924_MasterBedroom-8499,train
bc62f166-d9c1-4b04-a971-f6e8c9b05811_MasterBedroom-53974,train
bc62f166-d9c1-4b04-a971-f6e8c9b05811_SecondBedroom-56936,train
bc73f551-6c2a-458b-a202-29f700d9316b_Bedroom-15592,train
bca32cf2-ae82-4d97-969e-d6fb5493e382_MasterBedroom-13262,train
bcb2a617-b2ce-4b95-9ab9-1823502130b2_SecondBedroom-8304,train
bcd72137-7c98-48f1-ab1d-8b79e5f59864_MasterBedroom-107126,train
bd0da5c7-2afe-4dba-bb2e-77806ca8ecce_SecondBedroom-41206,train
bd0efcba-bfdb-4e4f-8bcd-7d9c70519af9_Bedroom-248,train
bd0efcba-bfdb-4e4f-8bcd-7d9c70519af9_Bedroom-497,train
bd2aa9dd-15d7-4de3-adec-4bddf66bff49_MasterBedroom-137733,train
bd2ced26-6c83-44cc-baa2-780a68b7a0ce_MasterBedroom-16901,train
bd4a031d-17bd-4375-8d1b-9338f4a0622c_MasterBedroom-1503,train
bd590377-7a74-4991-8d13-260fae63ceae_MasterBedroom-28904,train
bd786a9b-f4dc-4b95-8ec1-14f100ea8fa9_LivingDiningRoom-24540,train
bd7a0fef-6083-4bd7-af4e-eb82d293967b_MasterBedroom-118537,train
bd9bf8cc-4f6c-4396-832d-b60aa95992e0_SecondBedroom-42337,train
bda7b747-840d-4de1-88ec-03aaab4aef7a_Bedroom-22071,train
bda7b747-840d-4de1-88ec-03aaab4aef7a_MasterBedroom-22033,train
bdaf4b80-2c85-4958-8a51-50b8a690ea6b_Bedroom-3805,train
bdafa047-5022-4b4e-a2f0-98a5a841130c_MasterBedroom-5908,train
bdf64124-075e-4aea-a6e4-aa961e3af480_Bedroom-7707,train
be05ec39-347e-4e1c-a75c-494d679eb8aa_MasterBedroom-61839,train
be05ec39-347e-4e1c-a75c-494d679eb8aa_SecondBedroom-61776,train
be1f3c71-ec18-4ebd-be16-1e0c43738d39_DiningRoom-27423,train
be1f3c71-ec18-4ebd-be16-1e0c43738d39_MasterBedroom-27279,train
be1f3c71-ec18-4ebd-be16-1e0c43738d39_SecondBedroom-27301,train
be36d71d-3ed8-4afe-b2e9-45026b1a9341_MasterBedroom-15926,train
be37ae8e-a3aa-4202-a812-9be187c941b5_LivingRoom-31397,train
be37ae8e-a3aa-4202-a812-9be187c941b5_MasterBedroom-27086,train
be37ae8e-a3aa-4202-a812-9be187c941b5_SecondBedroom-31291,train
be3bf4b3-c548-43cf-86f5-1c52f4ace8d3_MasterBedroom-43924,train
be3bf4b3-c548-43cf-86f5-1c52f4ace8d3_SecondBedroom-46575,train
be5538a6-455b-486f-a46a-fd03d864587e_DiningRoom-26814,train
be5a1752-7745-46b4-bdf8-b57d81fbde9e_MasterBedroom-15235,train
be5b08cc-5357-42d8-963d-9910b2e602d7_LivingRoom-18059,train
be5e905c-cad3-4b8a-8f0b-1c3e93996efc_LivingDiningRoom-71271,train
be5e905c-cad3-4b8a-8f0b-1c3e93996efc_MasterBedroom-71322,train
be5e905c-cad3-4b8a-8f0b-1c3e93996efc_SecondBedroom-67319,train
be62616c-b950-41d5-975f-b64950227c08_LivingRoom-44797,train
be642e05-b8e2-4acf-b43a-4765248f1996_LivingDiningRoom-13912,train
be642e05-b8e2-4acf-b43a-4765248f1996_MasterBedroom-13947,train
be677899-49c7-4ae5-89f8-7e3b54f37f0a_LivingDiningRoom-16155,train
be677899-49c7-4ae5-89f8-7e3b54f37f0a_MasterBedroom-16174,train
be762422-6294-499e-96fa-038dced9f5a8_Bedroom-74674,train
be762422-6294-499e-96fa-038dced9f5a8_LivingDiningRoom-77047,train
be9ef449-fc77-4210-83b9-ac818af242d9_SecondBedroom-58336,train
bea8daca-ed33-4be2-881b-2732f35a9171_MasterBedroom-13825,train
bea8daca-ed33-4be2-881b-2732f35a9171_SecondBedroom-10238,train
beb67301-7ec9-436b-acab-89c7580c59f2_SecondBedroom-7971,train
becd7f2b-1039-4346-aacb-8d9962f5e0ae_Bedroom-74627,train
becd7f2b-1039-4346-aacb-8d9962f5e0ae_LivingDiningRoom-74263,train
becea2fd-a2fa-452e-ab7b-6c9e127a3161_Bedroom-23898,train
bee6daae-fb60-4c9f-a30f-f2c4dd8bfce6_MasterBedroom-14051,train
bee6daae-fb60-4c9f-a30f-f2c4dd8bfce6_SecondBedroom-1808,train
befab963-73d6-4063-a7a3-386024905c4c_MasterBedroom-14272,train
bf0c006b-a15a-4357-ac71-9d0249d85d72_DiningRoom-20718,train
bf0c006b-a15a-4357-ac71-9d0249d85d72_MasterBedroom-5128,train
bf0d1803-a01d-4e17-9986-0607fbab1cd0_LivingDiningRoom-10921,train
bf13d794-3b0d-45a6-a699-fe0af6304ff3_DiningRoom-13915,train
bf16c7d0-b6da-482a-9795-a0c255a5cf2d_SecondBedroom-1752,train
bf18f2a4-e180-4990-9ebb-1e52f4ab4e37_MasterBedroom-56404,train
bf18f2a4-e180-4990-9ebb-1e52f4ab4e37_SecondBedroom-54502,train
bf1cb531-4e4c-4520-89cd-b0020a572903_MasterBedroom-91396,train
bf1f9223-5235-4860-ae2a-c59177e35fff_MasterBedroom-18854,train
bf4d05fc-826d-4a7b-a938-373e42688dda_MasterBedroom-2080,train
bf4d05fc-826d-4a7b-a938-373e42688dda_SecondBedroom-2866,train
bf563315-8442-429d-8435-7be477600130_LivingDiningRoom-19103,train
bf563d05-8920-4b9c-876b-6e8ab72adbe0_Bedroom-29697,train
bf563d05-8920-4b9c-876b-6e8ab72adbe0_Bedroom-29738,train
bf563d05-8920-4b9c-876b-6e8ab72adbe0_LivingDiningRoom-29669,train
bfc9a79e-7433-45f9-8daa-77f41504f917_Bedroom-379,train
bfc9a79e-7433-45f9-8daa-77f41504f917_DiningRoom-273,train
bfc9a79e-7433-45f9-8daa-77f41504f917_LivingRoom-409,train
bfcffd0f-0a30-45d7-852d-f1fe1f77fed4_MasterBedroom-2171,train
bfd97a03-3dc6-4027-916b-a81279cd411e_MasterBedroom-20971,train
bfdb8f3c-7980-4db2-8517-64523b20b3aa_Bedroom-19359,train
bfdb8f3c-7980-4db2-8517-64523b20b3aa_Bedroom-19428,train
bfdb8f3c-7980-4db2-8517-64523b20b3aa_LivingDiningRoom-19390,train
bfdec636-7f20-41f6-94c2-b110479f7123_LivingDiningRoom-65070,train
c002075b-7091-4599-b829-ca4c2cb874e1_Bedroom-680,train
c0043cd0-d1e2-430e-b273-b97e9c76e5ed_MasterBedroom-8176,train
c05880a2-1426-4f4f-947a-cb0c2b43b913_Bedroom-13487,train
c05880a2-1426-4f4f-947a-cb0c2b43b913_Bedroom-14863,train
c05880a2-1426-4f4f-947a-cb0c2b43b913_LivingDiningRoom-14432,train
c06f62d4-778a-4303-a2c8-301181ecc9ee_LivingDiningRoom-35319,train
c06f62d4-778a-4303-a2c8-301181ecc9ee_SecondBedroom-35395,train
c073aa26-2ba1-4e60-baf3-85325cb4819a_Bedroom-1351,train
c073aa26-2ba1-4e60-baf3-85325cb4819a_Bedroom-2210,train
c07f558e-acf1-4bc1-9ad8-2cf78ca8295e_LivingDiningRoom-2872,train
c07f558e-acf1-4bc1-9ad8-2cf78ca8295e_MasterBedroom-3135,train
c07f558e-acf1-4bc1-9ad8-2cf78ca8295e_SecondBedroom-3286,train
c080c532-92bb-4d9e-a266-8556c7a06731_Bedroom-16813,train
c080c532-92bb-4d9e-a266-8556c7a06731_LivingDiningRoom-16314,train
c08e6caa-3c39-4a8d-b47f-83f7612bd8af_SecondBedroom-909,train
c09ae94e-bcf9-4e9e-81d7-6f41201afeae_MasterBedroom-24935,train
c09ae94e-bcf9-4e9e-81d7-6f41201afeae_SecondBedroom-25073,train
c0c31d78-501d-417b-8d81-da40f3067a68_MasterBedroom-9819,train
c0da586c-04ed-4208-b3b9-21f2c0992e55_Bedroom-227,train
c0da586c-04ed-4208-b3b9-21f2c0992e55_LivingRoom-186,train
c0de5219-e186-4e77-9b84-394940d6460b_LivingRoom-5361,train
c0de5219-e186-4e77-9b84-394940d6460b_MasterBedroom-241,train
c0ff8f34-a0c3-47b1-92cc-fdccee514833_LivingDiningRoom-128466,train
c0ff8f34-a0c3-47b1-92cc-fdccee514833_MasterBedroom-128453,train
c13a4e1c-5ff3-4a9f-8f83-ba07d5b1a79f_LivingDiningRoom-12564,train
c14818d6-0797-4cb1-8218-432f76c8955d_LivingRoom-5655,train
c15251b8-f844-46be-9d3e-9302dc494945_SecondBedroom-13488,train
c1575512-d8f9-4d74-a8d3-fdd840f0d9a9_LivingDiningRoom-7013,train
c1575512-d8f9-4d74-a8d3-fdd840f0d9a9_MasterBedroom-7845,train
c1582d39-39a3-4120-bbb2-859a80336893_MasterBedroom-237,train
c15e5b24-87ea-4729-a648-e406f048a25b_MasterBedroom-41843,train
c1877e6b-8428-480a-997e-cc81e6139023_DiningRoom-53897,train
c1b3e945-cefc-4e73-89fc-099bb5352bac_MasterBedroom-4779,train
c1c65ebb-faa1-4a74-abd5-05959bc4e8d5_Bedroom-11172,train
c1c65ebb-faa1-4a74-abd5-05959bc4e8d5_LivingDiningRoom-13047,train
c1d1893e-86a3-4a1f-a0bb-1b5104461b5a_MasterBedroom-21047,train
c1eb2abf-bebc-4e8b-886c-2f8f660bbfc2_DiningRoom-131888,train
c1eb2abf-bebc-4e8b-886c-2f8f660bbfc2_SecondBedroom-155582,train
c1ebb7fc-5537-4ee3-a1ec-4d89b09743c6_MasterBedroom-17431,train
c20ab624-9677-40e6-a832-ed2c906e408f_DiningRoom-46638,train
c20ab624-9677-40e6-a832-ed2c906e408f_MasterBedroom-46660,train
c20ab624-9677-40e6-a832-ed2c906e408f_SecondBedroom-46591,train
c22b8f01-a606-4b65-a964-79be4c0036a0_SecondBedroom-1544,train
c23b1aa8-3e99-4598-8171-7f10483da1c9_SecondBedroom-106269,train
c25d7531-99de-4709-94ce-a22e01740e09_Bedroom-2885,train
c26d36fa-6f61-49b9-929d-8cb6f76ff916_SecondBedroom-1028,train
c28a2210-cc62-4ab7-8e2c-ddee21852317_Bedroom-75355,train
c2dfd20c-5d38-4c45-8583-ac436d0ce2f4_Bedroom-50925,train
c2e171f2-69b9-4e7b-8cdb-e8d7c533d990_DiningRoom-33943,train
c3164354-e3f5-4e95-ad54-dd9254316d97_Bedroom-12047,train
c33366ef-4801-4764-8ad5-ebbf2e36337a_MasterBedroom-16486,train
c34f0011-6d7a-4b69-b121-1028b993f611_LivingRoom-10252,train
c35449c5-4c8e-41f5-ae69-f208b9512b6e_SecondBedroom-1776,train
c360d758-8dbf-4d82-9afe-d71135c13c7f_DiningRoom-22753,train
c360d758-8dbf-4d82-9afe-d71135c13c7f_LivingRoom-22787,train
c360d758-8dbf-4d82-9afe-d71135c13c7f_SecondBedroom-22809,train
c38b86ae-e6c5-4a1f-8b52-eceb83456d80_MasterBedroom-60951,train
c38b86ae-e6c5-4a1f-8b52-eceb83456d80_SecondBedroom-58644,train
c399ce02-05e4-470c-a353-0670dfc45a03_MasterBedroom-14581,train
c3a81890-b4f1-4944-96a1-318dff7f3980_LivingDiningRoom-36077,train
c3a81890-b4f1-4944-96a1-318dff7f3980_MasterBedroom-34469,train
c3a81890-b4f1-4944-96a1-318dff7f3980_SecondBedroom-35274,train
c3b5ef1d-9ca1-4c6f-b793-443d7682f970_DiningRoom-7122,train
c3c2b237-b863-436f-b66d-27bf5d0ca927_MasterBedroom-99492,train
c3c2b237-b863-436f-b66d-27bf5d0ca927_SecondBedroom-104672,train
c3c2b237-b863-436f-b66d-27bf5d0ca927_SecondBedroom-104740,train
c3e8a559-c0ed-46ab-a702-3fb148d9d228_LivingDiningRoom-4122,train
c3f1bddc-8460-45a5-99f0-d5b31d7adc2d_LivingRoom-126,train
c417e976-1789-479f-86ee-e9f21571cfa5_SecondBedroom-58192,train
c4378074-7728-43be-ad20-6811c648d5ad_LivingDiningRoom-4294,train
c45c5b4c-5fca-43b2-9770-02cd174f24c2_MasterBedroom-72148,train
c45c5b4c-5fca-43b2-9770-02cd174f24c2_SecondBedroom-66007,train
c45c5b4c-5fca-43b2-9770-02cd174f24c2_SecondBedroom-72017,train
c4c0cac9-48a8-4d05-a279-c2582bbd3f9c_Bedroom-191156,train
c4e93e2a-3b1d-4c3c-8a94-4cebc91e4eac_MasterBedroom-14739,train
c4e93e2a-3b1d-4c3c-8a94-4cebc91e4eac_SecondBedroom-9386,train
c4eb86a1-f886-4f85-9127-19a4e4d6e45a_LivingDiningRoom-2486,train
c5024b66-55ff-4d88-a820-b4a4a4791259_LivingDiningRoom-2447,train
c5378a6f-43f0-46bd-999e-dfc675646c1d_MasterBedroom-29284,train
c54ea712-9d13-40c5-8c18-da66837c4780_DiningRoom-16137,train
c54ea712-9d13-40c5-8c18-da66837c4780_LivingRoom-16017,train
c554575f-b749-4b58-8b6a-d1428049fb1d_MasterBedroom-251223,train
c55dd0d4-1191-44b5-8afe-8e0d0c90d8cb_Bedroom-14265,train
c56d010b-bafb-44c5-a397-3cdfa2684f20_LivingDiningRoom-544,train
c56d010b-bafb-44c5-a397-3cdfa2684f20_MasterBedroom-251,train
c5820082-3988-41b4-a216-77e3ee05b0db_Bedroom-357,train
c59272a6-c41f-45c3-86c5-c813e8af6492_SecondBedroom-10458,train
c59f0391-361e-4d87-9fd5-0fee646cc85e_MasterBedroom-28255,train
c59f0391-361e-4d87-9fd5-0fee646cc85e_SecondBedroom-23275,train
c5b12c08-1059-494e-8320-5b4b9ae6b846_SecondBedroom-76776,train
c5c79d19-eb16-4099-8dd4-13a3b59a9bdc_MasterBedroom-25342,train
c5c79d19-eb16-4099-8dd4-13a3b59a9bdc_SecondBedroom-25260,train
c5c99bbd-e9d2-40ff-b46c-43ed48e08864_Bedroom-5237,train
c5cb9f35-ecb4-4761-ba65-f0e5b10bd40d_MasterBedroom-19322,train
c5cb9f35-ecb4-4761-ba65-f0e5b10bd40d_SecondBedroom-17999,train
c662dd5d-839e-44de-8cc8-23c74b757d9e_LivingDiningRoom-5381,train
c66876f8-2836-4330-9868-87108bf52d1d_MasterBedroom-4830,train
c685d996-7959-44bf-85d2-ffca8fbd6841_MasterBedroom-45712,train
c685d996-7959-44bf-85d2-ffca8fbd6841_SecondBedroom-42885,train
c69b9977-decf-4f27-b1eb-da633f72cdae_Bedroom-13655,train
c69b9977-decf-4f27-b1eb-da633f72cdae_Bedroom-13712,train
c69b9977-decf-4f27-b1eb-da633f72cdae_LivingDiningRoom-13633,train
c69e0c9d-9bec-44ec-9ced-73935534013a_MasterBedroom-3752,train
c6c726a2-8051-48ee-b099-edd487682340_MasterBedroom-20096,train
c6c7d88a-9f06-4f43-b065-6c07c29f0ddd_Bedroom-1937,train
c7160900-af33-4167-8b8d-474be9a129e6_MasterBedroom-5874,train
c71f45dd-e8b6-4214-996a-c3359126bdc4_SecondBedroom-18421,train
c747001e-0384-4137-89f8-5091370971fe_SecondBedroom-100203,train
c75712a9-38a0-4ae9-b5dc-7404e3b34fd5_LivingRoom-55,train
c75f9c75-5902-4ba5-ba0a-62510d5dfaf8_DiningRoom-26076,train
c76960e2-bf7d-4cec-8ead-554c40227983_DiningRoom-12475,train
c76960e2-bf7d-4cec-8ead-554c40227983_LivingRoom-11414,train
c76960e2-bf7d-4cec-8ead-554c40227983_MasterBedroom-11395,train
c76960e2-bf7d-4cec-8ead-554c40227983_SecondBedroom-12139,train
c776fe0c-3c75-4f96-be4e-49c2ade7b30e_LivingDiningRoom-30074,train
c7818ac9-9bfe-40c5-932a-32d4c83ceab0_MasterBedroom-14201,train
c789545c-e098-4f51-a366-5e52f0f39234_MasterBedroom-2647,train
c796bf4a-4370-4430-b32d-e083407ccda1_LivingDiningRoom-2676,train
c796bf4a-4370-4430-b32d-e083407ccda1_MasterBedroom-16735,train
c79ea3a9-687f-4db2-807a-0b7a85714342_MasterBedroom-2601,val
c79ea3a9-687f-4db2-807a-0b7a85714342_SecondBedroom-8120,val
c7a0a8db-3f0b-4de8-8ed5-6e3a8c028814_MasterBedroom-9614,val
c7a6c545-7e2b-452d-a116-1d724dbd9e34_MasterBedroom-1269,val
c7e26be6-3639-4da2-a56e-ca741a367249_Bedroom-18862,val
c7e26be6-3639-4da2-a56e-ca741a367249_LivingDiningRoom-18479,val
c7f22934-9a25-418c-adaf-4d23a6447d63_MasterBedroom-816,val
c7f22934-9a25-418c-adaf-4d23a6447d63_SecondBedroom-505,val
c807b9e8-cc51-46f9-9eb3-5573742f106a_MasterBedroom-38383,val
c807b9e8-cc51-46f9-9eb3-5573742f106a_SecondBedroom-38515,val
c83c564f-ceb1-4cd0-b171-7eb26a283b24_LivingRoom-6982,val
c83c564f-ceb1-4cd0-b171-7eb26a283b24_MasterBedroom-6907,val
c83c564f-ceb1-4cd0-b171-7eb26a283b24_SecondBedroom-6879,val
c84945ea-5844-42e4-9049-3685b127bd22_LivingDiningRoom-1922,val
c84945ea-5844-42e4-9049-3685b127bd22_SecondBedroom-1905,val
c84c3c1c-f8cd-417d-99e0-04f543d9947b_SecondBedroom-16892,val
c8655cd6-29b6-4c61-b2e5-a0c7a6bc0c95_LivingDiningRoom-3232,val
c8655cd6-29b6-4c61-b2e5-a0c7a6bc0c95_SecondBedroom-6425,val
c8819e35-7f93-40de-98b0-3e62db618e8e_SecondBedroom-7807,val
c899cea2-03b6-40ca-a583-7319ca3e473e_LivingDiningRoom-81470,val
c899cea2-03b6-40ca-a583-7319ca3e473e_MasterBedroom-80856,val
c8bbbdc5-96c2-493a-861c-dd6b38076c7d_MasterBedroom-121478,val
c8bbbdc5-96c2-493a-861c-dd6b38076c7d_SecondBedroom-121535,val
c8d23532-0629-40d8-a3bd-00891e4c5dc2_MasterBedroom-6069,val
c8f05c13-5267-410a-b1aa-8701b9b4bdd5_Bedroom-81765,val
c914d995-3ce6-4992-9b2c-1d846958b74d_MasterBedroom-8474,val
c925155e-97cf-42a9-9151-af24e901a8bd_MasterBedroom-9410,val
c9297532-14a7-4736-a0f4-1f14a527e93d_DiningRoom-20750,val
c9297532-14a7-4736-a0f4-1f14a527e93d_LivingRoom-14036,val
c992fea1-7f87-4397-aa40-ca8e0e30a936_MasterBedroom-44999,val
c9b3ee78-9e2f-4634-b5fd-b7a0686a511f_Bedroom-1738,val
c9b3ee78-9e2f-4634-b5fd-b7a0686a511f_Bedroom-2336,val
c9b4f975-0f17-4718-bf05-a05a450a3c48_MasterBedroom-61232,val
c9b9c9fe-5175-4ee6-863b-31beb0cb9a13_Bedroom-33611,val
c9bdf08a-2b29-419b-9a3e-8452b6cc9dd9_Bedroom-6679,val
c9bdf08a-2b29-419b-9a3e-8452b6cc9dd9_LivingRoom-611,val
c9e81151-4655-4615-8988-03ad824d5836_MasterBedroom-3124,val
c9e81151-4655-4615-8988-03ad824d5836_SecondBedroom-2034,val
ca0bdaff-4e3a-4677-a328-cfab693b37c4_MasterBedroom-9302,val
ca0e30eb-62c0-4b91-8df2-1cf1becf6ef2_DiningRoom-15848,val
ca0e30eb-62c0-4b91-8df2-1cf1becf6ef2_MasterBedroom-15911,val
ca0f44ac-687c-48e1-9b6a-dd64319d4a9b_Bedroom-44489,val
ca0f44ac-687c-48e1-9b6a-dd64319d4a9b_Bedroom-44526,val
ca6b2909-f007-4599-aee5-1c9c51550cc2_SecondBedroom-72478,val
ca938632-27ac-4744-ae18-6e8378d919a7_MasterBedroom-38123,val
caaf690b-c16f-45ba-88f1-45cafd0a2a9b_MasterBedroom-223838,val
caf38914-a237-4e42-9681-844d4ca966db_Bedroom-27912,val
caf8c80f-961b-4b3f-991a-e1f9036efaee_LivingRoom-45932,val
caf8c80f-961b-4b3f-991a-e1f9036efaee_SecondBedroom-45973,val
cb0886aa-598e-4acb-a5f9-5740e098c7e3_LivingDiningRoom-32393,val
cb106df9-e7c5-4c0d-88bf-4c8395537e69_MasterBedroom-6074,val
cb106df9-e7c5-4c0d-88bf-4c8395537e69_SecondBedroom-1463,val
cb204b08-c975-4080-a969-3abc86d7dbc3_Bedroom-6842,val
cb300b0a-3072-44a1-9f4d-dd75497ab9c5_MasterBedroom-3151,val
cb691815-7dbc-47a5-9280-c22d59f3a7bd_MasterBedroom-17590,val
cb7c11d8-038d-42f1-b874-a64fb4dc3d04_LivingRoom-23725,val
cb7d522c-c582-4d16-a005-1f2e4636453e_Bedroom-5804,val
cb7d522c-c582-4d16-a005-1f2e4636453e_LivingDiningRoom-8271,val
cb90b8ee-abe2-4e9f-a6ad-33413624cf82_LivingDiningRoom-13776,val
cb90b8ee-abe2-4e9f-a6ad-33413624cf82_SecondBedroom-13795,val
cb9dc855-72d5-43f0-957e-627bbbe902b9_Bedroom-10024,val
cb9dc855-72d5-43f0-957e-627bbbe902b9_Bedroom-15622,val
cbaa2bb7-048d-4939-9d36-77379f49cb98_SecondBedroom-13281,val
cbd4a8a0-be44-4629-a271-0518654ab3d9_MasterBedroom-13144,val
cbe422ce-66fb-43d8-b546-7ea428c6972b_SecondBedroom-115910,val
cbe73169-04cb-4457-9c31-16238a55f48b_SecondBedroom-52543,val
cc14e409-5e44-4237-a4b0-11521ca7639d_LivingDiningRoom-10768,val
cc14e409-5e44-4237-a4b0-11521ca7639d_SecondBedroom-10825,val
cc37c4d0-eb48-4927-9685-5cf72c25823d_MasterBedroom-73361,val
cc3db277-1fa7-4e71-9047-f14cc317b0af_Bedroom-12515,val
cc46988f-ce25-4ce0-84be-5ce67a8d0d42_Bedroom-128872,val
cc630582-147a-4713-8a41-16912ec0af41_LivingDiningRoom-10201,val
cc630582-147a-4713-8a41-16912ec0af41_MasterBedroom-10264,val
cc7358c4-23db-4474-b21b-2351115fe453_MasterBedroom-32534,val
cc7791a6-d2bd-4386-b94f-bfffc868b67f_MasterBedroom-37858,val
cc7791a6-d2bd-4386-b94f-bfffc868b67f_SecondBedroom-36266,val
cc919f0b-06d7-4da5-bdff-ba9d2ffbada1_MasterBedroom-1901,val
cca427ff-6f8e-40cc-a890-321a87d3664b_MasterBedroom-63698,val
ccb37ec7-dd9b-4f64-b349-a552e43673b2_SecondBedroom-16748,val
ccb37ec7-dd9b-4f64-b349-a552e43673b2_SecondBedroom-23568,val
cce1df99-43e2-4870-9e42-6c051513e84d_LivingDiningRoom-25117,val
cce3fe83-2d9a-4ac9-9e93-f9b687f1ae51_LivingDiningRoom-54045,val
cd02c5d6-e2cd-4af5-aecb-7cbfef80fa18_LivingDiningRoom-43974,val
cd02c5d6-e2cd-4af5-aecb-7cbfef80fa18_SecondBedroom-46806,val
cd33b4f0-0813-42a9-9f18-d794bef96482_Bedroom-38049,val
cd47dd5b-277a-4c26-85d3-c679bbd494a2_DiningRoom-29434,val
cd9ef0ed-362a-40a5-b233-cef072ad22ba_LivingDiningRoom-8243,val
cd9ef0ed-362a-40a5-b233-cef072ad22ba_MasterBedroom-8284,val
cdd84514-2dcf-41a8-8404-de480f15508a_MasterBedroom-102143,val
cde4fdcb-4e23-42b7-bce8-af71fb4fef57_MasterBedroom-11980,val
cde4fdcb-4e23-42b7-bce8-af71fb4fef57_SecondBedroom-19608,val
cdf2cf2f-6cc4-40a7-b8a6-e0cd078c210b_LivingDiningRoom-7674,val
cdf2cf2f-6cc4-40a7-b8a6-e0cd078c210b_MasterBedroom-7712,val
cdf2cf2f-6cc4-40a7-b8a6-e0cd078c210b_SecondBedroom-7640,val
ce0a5b4d-de74-4e8a-aae5-5dab76a314b7_MasterBedroom-2514,val
ce377776-581d-4b4c-807f-e63f7473e9b3_LivingDiningRoom-276836,val
ce377776-581d-4b4c-807f-e63f7473e9b3_LivingRoom-276933,val
ce3aa96b-a6f4-455d-8a83-2a61253c6fec_MasterBedroom-3919,val
ce3aa96b-a6f4-455d-8a83-2a61253c6fec_SecondBedroom-1689,val
ce427ceb-7eb7-423e-b68b-d01cf1fa516a_DiningRoom-34207,val
ce45a28c-fbf0-435e-943e-0449826a6d5b_MasterBedroom-38443,val
ce51b1c1-72b8-4812-a291-30bf97c07aa1_Bedroom-32206,val
ce98e1dc-5cab-4390-a433-985fcff9b435_SecondBedroom-10070,val
ceabd33a-d3dd-4500-9f44-a65fb285bff2_Bedroom-73888,val
ceabd33a-d3dd-4500-9f44-a65fb285bff2_MasterBedroom-74105,val
cf351d12-584a-451a-bbe8-6818cbb37329_MasterBedroom-12360,val
cf351d12-584a-451a-bbe8-6818cbb37329_SecondBedroom-6908,val
cf503fce-857d-4bc5-afe0-e04a1b088cb0_MasterBedroom-1763231,val
cf503fce-857d-4bc5-afe0-e04a1b088cb0_SecondBedroom-1763082,val
cf681cb5-8607-4615-a3a1-625e1d265f12_MasterBedroom-5872,val
cf6bc3a8-7f5f-401c-ba9b-45994eac05eb_LivingDiningRoom-77748,val
cf6bc3a8-7f5f-401c-ba9b-45994eac05eb_MasterBedroom-77770,val
cf8e0fce-dd8d-4b15-aadd-16120567d4b7_MasterBedroom-13145,val
cf94fa93-585e-4b9c-b07e-ba982d22cc79_DiningRoom-14251,val
cfa7ff85-8109-4ff4-9b06-c2d64224b3d5_MasterBedroom-25619,val
cfdf4d87-2b14-48f0-8fad-629c917312d4_Bedroom-106236,val
cfdf4d87-2b14-48f0-8fad-629c917312d4_LivingRoom-105598,val
d03b14a0-31a6-4136-8e7c-d364c7b09955_LivingDiningRoom-2393,val
d03b14a0-31a6-4136-8e7c-d364c7b09955_MasterBedroom-454,val
d03b14a0-31a6-4136-8e7c-d364c7b09955_SecondBedroom-1613,val
d0615bd5-c5af-474b-a2bf-c434fcfaf74c_MasterBedroom-110,val
d06a7c95-99a7-438e-a271-fe602380713c_MasterBedroom-1212,val
d06a7c95-99a7-438e-a271-fe602380713c_SecondBedroom-76,val
d07beff7-77ba-4f6a-b09d-f7b5e748da57_Bedroom-285,val
d07f94d4-1eeb-4a27-a6d9-6433fffde056_DiningRoom-2029,val
d0933b3b-ad15-453b-98c7-bd8a781f3a69_SecondBedroom-151547,val
d093db64-0a91-4aa3-8074-9c1b4e571976_MasterBedroom-16024,val
d0992373-c66c-46f5-ab24-90bd58921627_MasterBedroom-57359,val
d0992373-c66c-46f5-ab24-90bd58921627_SecondBedroom-58234,val
d099aa82-c37c-4c77-aa35-26f02862f55b_Bedroom-837,val
d0c14885-e196-4d0b-ab91-e09590787a50_SecondBedroom-312996,val
d0cc42a0-107e-486e-8fa1-3fd71daa8bfe_MasterBedroom-39571,val
d0e0f881-9b1e-43bb-861a-ae416afdfaf2_Bedroom-33967,val
d107a97a-ee01-413c-8df1-d8be5873b02c_MasterBedroom-31445,val
d11d0783-dad6-41da-b9f5-93c51fc5e6ce_MasterBedroom-35288,val
d11d0783-dad6-41da-b9f5-93c51fc5e6ce_SecondBedroom-35698,val
d1200595-8df1-4758-983f-8b8ba63c25f6_MasterBedroom-22370,val
d15f5658-c053-4d7b-b8f9-b1f8ce4d226a_Bedroom-2901,val
d1951fba-7ccf-4642-a054-839cbc9ee0c7_MasterBedroom-13694,val
d1992aca-b517-4d27-822a-5adb08fd20fe_Bedroom-39690,val
d19b8b80-a9af-477a-bf3f-41cd20cf840b_SecondBedroom-21632,val
d1ae0261-6f61-47f0-902d-2c92b4822c4f_Bedroom-6792,val
d1ae0261-6f61-47f0-902d-2c92b4822c4f_LivingDiningRoom-18095,val
d1ea181a-167b-4dfe-b427-3fdb31c225a8_Bedroom-153,val
d1f6389e-0e57-4525-bff6-cd6df2c7f10f_MasterBedroom-76130,val
d209b341-a36a-46b4-bd07-62e9ac82a41b_Bedroom-18974,val
d209b341-a36a-46b4-bd07-62e9ac82a41b_LivingRoom-19382,val
d235526d-92b4-4bbd-80b9-0d5f277676f4_LivingDiningRoom-12577,val
d235526d-92b4-4bbd-80b9-0d5f277676f4_MasterBedroom-12534,val
d253d879-a5f7-436f-b617-24207803b871_SecondBedroom-22936,val
d25c96c5-d328-48d1-84f8-ea4ee5207a72_LivingDiningRoom-14386,val
d25c96c5-d328-48d1-84f8-ea4ee5207a72_MasterBedroom-14405,val
d25c96c5-d328-48d1-84f8-ea4ee5207a72_SecondBedroom-11596,val
d29607ce-7436-46e0-90ae-6613a301ade8_MasterBedroom-14837,val
d2965fec-86a0-4696-ae91-447d937a77c8_SecondBedroom-5506,val
d2a5683a-06fe-449f-817c-c66a292476d3_SecondBedroom-10226,val
d2bf49d7-2d8d-4b14-adca-e57c183dec36_Bedroom-10043,val
d2f4784e-0fdf-43ea-915b-515f11791cf6_MasterBedroom-23705,val
d2f4784e-0fdf-43ea-915b-515f11791cf6_SecondBedroom-23886,val
d2f8bb16-f080-4c4d-9de7-b2c3caa5bf87_Bedroom-50869,val
d304723a-ffd7-43ba-bca4-5667163a68ff_Bedroom-3336,val
d3224dc6-1fc8-4488-9d28-462eb23e1f09_Bedroom-12094,val
d33d3c64-330a-43c7-ab6f-059d2844d6a0_MasterBedroom-4588,val
d3515b30-5007-4d61-9bed-78dce726f35a_MasterBedroom-83868,val
d3613b4d-75f2-4969-835b-bccbf99c0208_MasterBedroom-16811,val
d369782b-4c74-43f3-865f-9e1d753709d8_Bedroom-7001,val
d36edde8-b764-467c-aa42-23921dd8407c_MasterBedroom-10297,val
d36f79ba-3eaf-4cc2-b3b0-87c7e0d0775c_LivingDiningRoom-20731,val
d36f79ba-3eaf-4cc2-b3b0-87c7e0d0775c_SecondBedroom-16763,val
d370c471-53bd-4027-aafb-1e611b97946a_Bedroom-12281,val
d370c471-53bd-4027-aafb-1e611b97946a_Bedroom-8166,val
d370c471-53bd-4027-aafb-1e611b97946a_DiningRoom-12376,val
d3a21eb4-0cfa-4bde-b0d2-5affd5d138de_LivingRoom-3449,val
d3da0f2d-bddc-4c90-9d4f-e8e5f5045691_Bedroom-2973,val
d3dbe530-1eac-4374-a97c-93f073071a60_MasterBedroom-3293,val
d3dbe530-1eac-4374-a97c-93f073071a60_SecondBedroom-4535,val
d3fec60e-f8d0-4cfe-abd8-041d0db2d509_MasterBedroom-27534,val
d3fec60e-f8d0-4cfe-abd8-041d0db2d509_SecondBedroom-24075,val
d4016070-45f4-45f1-800c-b6147def05b4_LivingDiningRoom-3483,val
d407615f-6bdf-4ebb-8d2c-74e1f09088bf_LivingDiningRoom-3209,val
d41842f0-2b32-4230-9e19-40691b375b7a_Bedroom-15114,val
d4237a89-ec0b-42da-b170-231cfa26f8a8_Bedroom-19819,val
d4237a89-ec0b-42da-b170-231cfa26f8a8_Bedroom-19866,val
d42a800f-ad34-4c25-92c5-a1103a256fe8_SecondBedroom-259637,val
d4372f50-5d15-4f80-a9c9-0159f4010215_SecondBedroom-116679,val
d457c7cc-1cf6-4380-9cbf-ea8d5dad1f0c_MasterBedroom-28921,val
d48b37da-9bd6-4232-84e5-b345d8be9daa_MasterBedroom-32452,val
d48c19cb-6142-4344-aeb6-9ea23eb87ac2_LivingDiningRoom-36481,val
d48c19cb-6142-4344-aeb6-9ea23eb87ac2_MasterBedroom-32346,val
d4ab07cf-fc3d-4b62-bf91-01525ca31d1e_LivingDiningRoom-11167,val
d4d0237f-a66b-40cf-bf85-56e11cb20602_Bedroom-62330,val
d4d0237f-a66b-40cf-bf85-56e11cb20602_LivingDiningRoom-10068,val
d4d0237f-a66b-40cf-bf85-56e11cb20602_MasterBedroom-169246,val
d4d0237f-a66b-40cf-bf85-56e11cb20602_MasterBedroom-26744,val
d4d0237f-a66b-40cf-bf85-56e11cb20602_SecondBedroom-160421,val
d4d0237f-a66b-40cf-bf85-56e11cb20602_SecondBedroom-2936,val
d4d0237f-a66b-40cf-bf85-56e11cb20602_SecondBedroom-6442,val
d4d465b0-e4fd-40b6-9ead-0a1c3d03036a_MasterBedroom-63341,val
d501c34d-afdf-4caa-aa89-60bb9fc54b9a_Bedroom-17634,val
d5051ff6-1923-45ed-9e4f-d26d1a76bc39_Bedroom-755,val
d5051ff6-1923-45ed-9e4f-d26d1a76bc39_LivingDiningRoom-1447,val
d50558c4-1ae5-491f-8182-1985dbed7aee_Bedroom-3673,val
d5295fa3-1db7-4bd1-b72f-92788e244e9b_SecondBedroom-740,val
d532808e-59b6-4222-8e09-13fe41bdf133_Bedroom-21632,val
d5514ff3-afae-4ce4-b98e-5f83bf4172eb_LivingDiningRoom-19612,val
d56b4502-5b8c-4eea-814c-c01f0e388894_MasterBedroom-70605,val
d575f48e-3268-4e38-90e0-53f47168c303_MasterBedroom-5292,val
d575f48e-3268-4e38-90e0-53f47168c303_SecondBedroom-9392,val
d5789823-32cf-4d9e-ab09-536884de8aac_MasterBedroom-45414,val
d5789823-32cf-4d9e-ab09-536884de8aac_SecondBedroom-45332,val
d58219e4-e1d2-4bbd-bb79-3af6aec38e6f_Bedroom-2913,val
d5842ca3-e056-4063-ba21-f572c96d1454_Bedroom-14072,val
d5c04de2-a405-4db6-82c3-c657661aed5c_MasterBedroom-5424,val
d5e74bf6-6488-481f-8afa-6f5828d7afe8_MasterBedroom-20569,val
d5e74bf6-6488-481f-8afa-6f5828d7afe8_SecondBedroom-20519,val
d5e9f98e-7c32-4425-aa4c-209476bcbe87_SecondBedroom-5044,val
d5fa75af-c302-4c73-ad4e-78e4e9765845_MasterBedroom-5265,val
d6155bfd-d8e8-423f-aac2-cdced98f7643_MasterBedroom-16029,val
d6359e97-edea-43ac-a05a-22a9fc17f6a0_SecondBedroom-58474,val
d63a99e5-6b3d-4a99-8408-437794a5ea31_LivingRoom-151325,val
d63a99e5-6b3d-4a99-8408-437794a5ea31_SecondBedroom-151735,val
d63b9c4d-0b03-4e0d-94d1-c113aec32e22_LivingDiningRoom-47893,val
d63b9c4d-0b03-4e0d-94d1-c113aec32e22_MasterBedroom-47915,val
d65507af-393d-47c1-9cc5-aa68c6d2365d_SecondBedroom-3777,val
d6784049-e7e4-4a1e-818f-955c1c5bd871_LivingRoom-83183,val
d6784049-e7e4-4a1e-818f-955c1c5bd871_MasterBedroom-98806,val
d6995e47-544b-442d-ba7c-f78841e590ae_MasterBedroom-146891,val
d69d3466-c783-46f4-afc4-9d9bafd1f56e_MasterBedroom-76653,val
d6a8a0b4-7468-44bb-8268-7db948055a4b_SecondBedroom-26049,val
d6b6b169-12d7-4a33-8407-7bed5d1d4a05_MasterBedroom-2895,val
d6bb4731-c25f-4f2b-abbf-cea2982d2485_MasterBedroom-1461,val
d6bb4731-c25f-4f2b-abbf-cea2982d2485_SecondBedroom-1132,val
d6bc1b0a-d7aa-48d0-bba5-5aed5eaa539d_Bedroom-2251,val
d6c3ddf7-9807-40d5-8523-4a2b871c2419_DiningRoom-6204,val
d6c96f85-d2f8-4ecd-8454-ba282131218c_SecondBedroom-24866,val
d6cfb01e-6757-48ab-9112-66c3c4454a9d_MasterBedroom-10912,val
d6cfb01e-6757-48ab-9112-66c3c4454a9d_SecondBedroom-10884,val
d6eca762-0ddd-40e3-a250-ee5928eeafa3_Bedroom-719,val
d6eca762-0ddd-40e3-a250-ee5928eeafa3_LivingDiningRoom-2138,val
d6fcec54-1bec-4f8a-b945-8f6fd33d1e6b_Bedroom-11362,val
d6fcec54-1bec-4f8a-b945-8f6fd33d1e6b_LivingDiningRoom-10913,val
d6ff39e4-0823-4441-bc96-375d120edaf5_MasterBedroom-12485,val
d6ff39e4-0823-4441-bc96-375d120edaf5_SecondBedroom-15458,val
d71ccf98-e923-4134-8f7f-d831838b614e_Bedroom-1838,val
d71ccf98-e923-4134-8f7f-d831838b614e_MasterBedroom-838,val
d7366a84-972e-454d-b574-271f0c72e04e_MasterBedroom-628,val
d7366a84-972e-454d-b574-271f0c72e04e_SecondBedroom-6480,val
d73cf536-63eb-4e57-8bca-9da3981bed28_SecondBedroom-16350,val
d7499538-b770-47e6-ab24-9b78007f6384_MasterBedroom-12441,val
d752939f-39fe-4ce5-a86c-174eb509f137_Bedroom-97983,val
d752939f-39fe-4ce5-a86c-174eb509f137_DiningRoom-98809,val
d758c7ad-e322-42d2-a230-330f9859e7d3_MasterBedroom-412,val
d758c7ad-e322-42d2-a230-330f9859e7d3_SecondBedroom-2309,val
d75c40a6-0d21-409e-bdba-6202979cd490_SecondBedroom-1251,val
d768fc85-328c-402b-a61b-ce8c2a529303_MasterBedroom-50333,val
d768fc85-328c-402b-a61b-ce8c2a529303_SecondBedroom-50507,val
d78a9dc7-eba3-4c8c-877a-80eaa2e4f76a_Bedroom-5573,val
d79c4380-6d73-4ff7-9f7d-c085c7e1ccfb_LivingDiningRoom-1037,val
d7ac1af8-ec79-41f5-985e-c89109b03fb7_Bedroom-5263,val
d7aff847-7906-4de1-a241-6ee8a22d57c6_LivingDiningRoom-37746,val
d7b8a396-8932-4d4f-a233-a93a23cd2ec3_MasterBedroom-12676,val
d7ba426a-60d6-4090-abfc-c6ff6d711544_Bedroom-25411,val
d7be9a98-68a9-4e31-8371-41bcc7c66eef_MasterBedroom-224,val
d7c0b43b-125c-489f-acb8-ad0b0f526dca_MasterBedroom-147951,val
d7c6c9c3-8d57-405b-b422-48b89b89d25c_SecondBedroom-8687,val
d7ce6c7f-3e4b-44d6-ae3f-7b3e27d6a493_MasterBedroom-81749,val
d7ce6c7f-3e4b-44d6-ae3f-7b3e27d6a493_SecondBedroom-81865,val
d7ceb50f-a367-4c65-b961-71a77ef1967d_LivingDiningRoom-16634,val
d7da27dc-5634-4e68-8566-671892606454_Bedroom-23310,val
d7ebdee4-fdc6-4ddf-a064-4324b1f5d2ce_MasterBedroom-95003,val
d7f58cb3-294b-4406-8220-be5438da8611_SecondBedroom-20838,val
d7f64e9f-8b7d-4b1f-af04-83123aa1cabc_MasterBedroom-11058,val
d8147603-926a-4bb8-8a5c-8f4887ac10ac_MasterBedroom-38086,val
d814978b-2875-4835-9341-011d9cfdf166_Bedroom-5097,val
d814978b-2875-4835-9341-011d9cfdf166_Bedroom-5668,val
d859ce89-1e14-4ef8-ba97-f6631f3f0b87_MasterBedroom-17213,val
d86cc127-c307-40fa-b4c5-620f57b3e004_MasterBedroom-24915,val
d86d22b5-a808-4dfb-acf4-a7a5bfc9457c_LivingRoom-24701,val
d86f03dc-7900-486d-97f2-4eba7f7f41cd_MasterBedroom-32955,val
d87c401d-93c1-427e-a03d-8e851e6db716_LivingDiningRoom-1592,val
d87c401d-93c1-427e-a03d-8e851e6db716_MasterBedroom-801,val
d87c401d-93c1-427e-a03d-8e851e6db716_SecondBedroom-1179,val
d88c6598-b40e-4ea8-ac07-f4f1d80d7f31_MasterBedroom-17259,val
d89ec3f0-de4b-4aec-b6f2-85c5741f636d_MasterBedroom-21186,val
d8ab9e37-606b-4073-859b-14ac3c33eaf2_MasterBedroom-24658,val
d8ab9e37-606b-4073-859b-14ac3c33eaf2_SecondBedroom-24774,val
d8cf6893-a2fc-4f7b-b6ee-ebaba19c7518_MasterBedroom-25203,val
d8cfd50c-2467-4c31-bedc-8bdebb392362_MasterBedroom-55695,val
d8f50afc-d93f-49f8-9170-b7b9fe880152_Bedroom-22570,val
d90e4b61-1b9c-4065-b973-2f6f22120acc_Bedroom-16311,val
d9258405-b80f-489c-9cc7-41679420d0b6_MasterBedroom-32770,val
d925e3f4-a9e7-4bb8-98ec-5b842e64a0b4_LivingDiningRoom-78953,val
d92cece8-3eef-46fb-bd24-8572d78e96ac_MasterBedroom-13598,val
d962e160-ac1a-4f93-9f8e-397818621588_MasterBedroom-1814,val
d96a5189-b481-4705-b283-a202d1b19bd2_MasterBedroom-92088,val
d96a5189-b481-4705-b283-a202d1b19bd2_SecondBedroom-90826,val
d97a1fd8-ec70-438d-a7fd-a7badea1eda3_LivingDiningRoom-11440,val
d97f0b0f-a15c-4385-95f3-1fb5f053f78a_MasterBedroom-17413,val
d97f0b0f-a15c-4385-95f3-1fb5f053f78a_SecondBedroom-6993,val
d9853b19-5834-49f5-8f78-9975aa5f5575_MasterBedroom-11504,val
d9853b19-5834-49f5-8f78-9975aa5f5575_SecondBedroom-17521,val
d99124eb-078f-480a-805b-b605da337245_SecondBedroom-578,val
d9df2354-d80d-49e7-a9e8-2e8fbf31dea3_LivingDiningRoom-998,val
d9eb740a-ef9b-41f5-8fe9-09200a8702d4_Bedroom-9700,val
d9eb740a-ef9b-41f5-8fe9-09200a8702d4_DiningRoom-9753,val
d9f72fce-30b2-42ab-83a9-8bbab2087230_LivingDiningRoom-3127,val
d9f72fce-30b2-42ab-83a9-8bbab2087230_MasterBedroom-3149,val
d9f80253-8c05-4c78-9464-230008591d38_Bedroom-18317,val
d9f80253-8c05-4c78-9464-230008591d38_SecondBedroom-15519,val
da0e2064-ac31-434a-bea9-59fd362db565_Bedroom-122787,val
da11cee3-8781-49fe-9f85-0ff8fa06e676_Bedroom-34632,val
da11cee3-8781-49fe-9f85-0ff8fa06e676_Bedroom-35970,val
da244afc-8d39-4036-8c89-2dbef032afa2_Bedroom-17452,val
da41c0e0-e010-4fd4-a54b-e884e29d8e18_LivingDiningRoom-476,val
da6f8be3-8783-4dfc-933a-ce95d7299c8a_SecondBedroom-17966,val
da79a86b-abc6-4ce8-a5ed-7a94a7387cc8_MasterBedroom-23811,val
da79a86b-abc6-4ce8-a5ed-7a94a7387cc8_SecondBedroom-20347,val
da86e040-3b36-4e67-8070-397519b019b7_LivingRoom-88523,val
da87cfd5-cd48-4394-90cc-ac1765458c3e_Bedroom-4544,val
da8a9f42-2565-4900-a234-de4c2913d604_SecondBedroom-6002,val
daa8fc58-c2f2-47e5-a901-76282b0a3a1e_SecondBedroom-4214,val
dabfd6fb-2bf4-40e6-9816-6be9708cf9c8_MasterBedroom-7891,val
dad0b720-0403-420a-97cf-a92ba509dff4_MasterBedroom-44763,val
dadf76b4-87ba-4988-919a-cccf6d9fcf30_MasterBedroom-70714,val
db05a54e-7944-49a6-85ae-0be827f515c8_DiningRoom-130,val
db113afa-d8c6-499e-b70c-08ce94e05071_Bedroom-24059,val
db16a13e-2960-4bd3-a8ba-167a00e3ac8f_Bedroom-8607,val
db16a13e-2960-4bd3-a8ba-167a00e3ac8f_DiningRoom-8626,val
db2b1031-0769-4d04-a2bd-4fe8651c8461_LivingRoom-17062,val
db2b1031-0769-4d04-a2bd-4fe8651c8461_MasterBedroom-17209,val
db3662d2-4985-49f8-aaad-3ae88da58577_MasterBedroom-29129,val
db3662d2-4985-49f8-aaad-3ae88da58577_SecondBedroom-29217,val
db542eec-5a55-4f04-98cf-435531932c39_LivingDiningRoom-21391,val
db542eec-5a55-4f04-98cf-435531932c39_MasterBedroom-21419,val
db5a99c8-100b-415e-abe0-bb9dbf261972_MasterBedroom-25069,val
db5a99c8-100b-415e-abe0-bb9dbf261972_SecondBedroom-24115,val
db5e0c75-e464-46b8-8d87-a0bafe9fc137_MasterBedroom-54086,val
db5e0c75-e464-46b8-8d87-a0bafe9fc137_SecondBedroom-57261,val
db70885c-e977-4fac-ada7-7b4915235361_MasterBedroom-2464,val
db78ef58-f372-459e-93c1-ddf43455e805_MasterBedroom-24445,val
db78ef58-f372-459e-93c1-ddf43455e805_SecondBedroom-24363,val
db90162a-bd64-4667-883e-7c58f9a5cc7b_MasterBedroom-40083,val
db9f532a-0268-4c8e-81cc-fc964de51a68_Bedroom-12272,val
dbab9e2d-87df-4c2c-b9b8-612f5b14b28d_Bedroom-89669,val
dbc03869-0db5-4896-9251-068efc97f961_SecondBedroom-889,val
dbdf84ea-3a94-4c7b-b0bc-f6ca6fd2a62a_MasterBedroom-16793,val
dbdf84ea-3a94-4c7b-b0bc-f6ca6fd2a62a_SecondBedroom-16837,val
dbf53bb3-199d-49e9-9840-70ff939e7bc7_LivingDiningRoom-2152,val
dbf53bb3-199d-49e9-9840-70ff939e7bc7_MasterBedroom-2137,val
dc270b69-a104-4f96-8676-e13d62b66cc0_MasterBedroom-6169,val
dc270b69-a104-4f96-8676-e13d62b66cc0_SecondBedroom-9594,val
dc3a82da-ec0d-476d-a581-5c25c6952eb5_Bedroom-8821,val
dc3a82da-ec0d-476d-a581-5c25c6952eb5_LivingDiningRoom-8302,val
dc44410d-8a89-4099-ab84-4444b9ebbcd6_Bedroom-33922,val
dc44410d-8a89-4099-ab84-4444b9ebbcd6_LivingRoom-37001,val
dc52d387-0a6b-4ee1-b939-4b4f529665ba_DiningRoom-17262,val
dc52d387-0a6b-4ee1-b939-4b4f529665ba_SecondBedroom-17372,val
dc5bd6be-b704-47b6-8539-b096765c7041_Bedroom-33476,val
dc5bd6be-b704-47b6-8539-b096765c7041_DiningRoom-39011,val
dc80719c-65f0-4662-a25c-ce747612ed07_MasterBedroom-18517,val
dc8a8a1f-ea65-445b-9c5f-000d9bb20269_MasterBedroom-50875,val
dc901ccd-49a6-459e-b7a7-ddf7119fa455_DiningRoom-118281,val
dc9bb316-cdad-4925-bc31-95e6867648a0_MasterBedroom-8653,val
dcdb0e30-12fe-426d-9cfb-f163940668ea_Bedroom-13276,val
dce67d70-f3ce-4696-b473-589b1a66f880_DiningRoom-32563,val
dce67d70-f3ce-4696-b473-589b1a66f880_MasterBedroom-32667,val
dce67d70-f3ce-4696-b473-589b1a66f880_SecondBedroom-32620,val
dd22d718-475a-4a17-ad13-9c0089edf15f_MasterBedroom-14554,val
dd3fc03d-aaf4-42ed-aaab-2f371a57e000_LivingRoom-13009,val
dd3fc03d-aaf4-42ed-aaab-2f371a57e000_SecondBedroom-12960,val
dd428ba2-c3df-4f72-8c78-677993205d64_MasterBedroom-14208,val
dd4b29cc-4003-4881-99b4-0c762de73d5f_MasterBedroom-4877,val
dd6bddd4-69e6-4636-a698-33c6efba7a7e_DiningRoom-2831,val
dd6bddd4-69e6-4636-a698-33c6efba7a7e_MasterBedroom-1767,val
dd6bddd4-69e6-4636-a698-33c6efba7a7e_SecondBedroom-2308,val
dd70b5b5-5e6e-4f5f-bdd3-47f32223ed1d_MasterBedroom-13436,val
dd7856a2-52c4-4b27-bd7c-7ba5df36d181_Bedroom-1898,val
dd7856a2-52c4-4b27-bd7c-7ba5df36d181_Bedroom-2104,val
dd7856a2-52c4-4b27-bd7c-7ba5df36d181_LivingRoom-1255,val
ddb1220c-cd70-4c09-8dfc-758f19807b7d_Bedroom-12371,val
ddb1220c-cd70-4c09-8dfc-758f19807b7d_SecondBedroom-12387,val
ddb2ee64-0253-4541-8df3-49d8652aeaf2_LivingRoom-3168,val
ddc26e88-622e-49de-a9b4-d5527d23ce3e_MasterBedroom-43021,val
ddc26e88-622e-49de-a9b4-d5527d23ce3e_SecondBedroom-43092,val
ddd6ce30-4d99-442b-9886-37e431cfdaa0_MasterBedroom-26587,val
dde0270b-65a3-4dc3-9c03-b32d90ae0438_Bedroom-2058,val
dde0270b-65a3-4dc3-9c03-b32d90ae0438_MasterBedroom-2294,val
ddf7cd3b-79ab-4f7f-ad53-34b6d1cfdb38_MasterBedroom-12904,val
de01b3cf-cf60-49b5-aa31-3180baa012ea_Bedroom-44928,val
de1183f7-1d62-47c9-8f58-fbedc416bf44_Bedroom-34409,val
de3255bb-33c3-404f-817b-5d7ef7bdf575_LivingDiningRoom-6807,val
de513c79-61f9-4689-b671-fad361e605a3_MasterBedroom-17000,val
de7bbe9b-703e-4a0a-af91-01bbd3fa623e_Bedroom-15206,val
de7bbe9b-703e-4a0a-af91-01bbd3fa623e_Bedroom-15247,val
de7f5810-bcd8-4eae-889c-ea51d11640a2_LivingDiningRoom-21284,val
de7f5810-bcd8-4eae-889c-ea51d11640a2_MasterBedroom-18739,val
dea06c5b-ef2d-4101-b5ef-3f8397cbf002_SecondBedroom-40604,val
dea141ae-047d-482c-8838-2c3c0c7d80c1_Bedroom-65,val
dea8e07c-6c70-434c-89d8-7c1b718bf171_DiningRoom-27853,val
deaa4ac0-8d13-423f-930f-78fb25825e8d_Bedroom-5073,val
decb93da-ff77-49c3-9cad-fbb3596d36e8_MasterBedroom-9370,val
decb93da-ff77-49c3-9cad-fbb3596d36e8_SecondBedroom-11739,val
dee82180-497b-489f-8554-cb27be17300f_DiningRoom-46322,val
deeab9a9-dc28-4fff-a2b0-6e4eec1b60dc_MasterBedroom-11650,val
deebcfd8-9f7e-49be-8c50-2edb11abb8d9_LivingRoom-26286,val
deebcfd8-9f7e-49be-8c50-2edb11abb8d9_MasterBedroom-22766,val
deebcfd8-9f7e-49be-8c50-2edb11abb8d9_SecondBedroom-26340,val
df03a9de-c80f-48da-a8d1-3f8587590891_Bedroom-3755,val
df03a9de-c80f-48da-a8d1-3f8587590891_LivingRoom-3698,val
df09aaac-b71a-4703-b617-8cd51b421ce5_SecondBedroom-32261,val
df0e6d6c-5251-43ab-8334-e67e11ffc697_MasterBedroom-156311,val
df0e6d6c-5251-43ab-8334-e67e11ffc697_SecondBedroom-155750,val
df17ede9-742d-4283-b77e-8482e260c71e_Bedroom-15473,val
df17ede9-742d-4283-b77e-8482e260c71e_LivingDiningRoom-15419,val
df23a0f7-9992-4e91-ba9f-e4cdcf677816_MasterBedroom-6775,val
df23a0f7-9992-4e91-ba9f-e4cdcf677816_SecondBedroom-10585,val
df2c4d5d-b540-4995-8dcd-280638bfef47_SecondBedroom-6830,val
df4aa773-33a5-4f86-9f57-9ce2d6f0e36f_MasterBedroom-24711,val
df5730b4-3000-496b-869c-0fb8d4853f55_Bedroom-52368,val
df5e8b99-2ccc-4d27-89d8-094cf83706f9_LivingDiningRoom-838,val
df5f6372-1d1d-4884-a9f0-c8c33595daaf_SecondBedroom-10536,val
df5f6372-1d1d-4884-a9f0-c8c33595daaf_SecondBedroom-5207,val
df69e2a1-9ca8-4512-9410-b848e91da0d8_MasterBedroom-1008,val
df76627b-4746-482a-abe3-b9a6f5388e7a_Bedroom-51521,val
df84d678-cec9-4909-b09d-e57fad3b9d01_Bedroom-27924,val
df84d678-cec9-4909-b09d-e57fad3b9d01_Bedroom-27988,val
df84d678-cec9-4909-b09d-e57fad3b9d01_Bedroom-28089,val
dfa26e59-2108-4ad6-93ef-32f4844b56d8_SecondBedroom-6793,val
dfb54c79-6d74-454e-8bce-a6898527daba_MasterBedroom-64939,val
e00c171f-748b-4d28-9e6a-3ebeff291323_LivingDiningRoom-9621,val
e00c171f-748b-4d28-9e6a-3ebeff291323_SecondBedroom-9659,val
e00d4702-e681-4d67-90e0-bed64fee50a5_MasterBedroom-12402,val
e00d4702-e681-4d67-90e0-bed64fee50a5_SecondBedroom-12430,val
e02e2373-1bb0-4d67-819b-8c471edc78a3_SecondBedroom-5355,val
e038f7d3-4503-402a-8fb1-9165f34a69bb_Bedroom-780,val
e044737e-5769-46b2-a8da-84b5df66d770_LivingDiningRoom-8871,val
e044737e-5769-46b2-a8da-84b5df66d770_MasterBedroom-8906,val
e04caa9e-1a57-436b-8d46-13fefcf6e540_SecondBedroom-9844,val
e04fb1c1-1b11-4778-85dc-818624587b3e_MasterBedroom-45036,val
e06680c8-236b-4b45-ba63-d20d17e2e019_MasterBedroom-34104,val
e06680c8-236b-4b45-ba63-d20d17e2e019_SecondBedroom-34183,val
e086c12f-2d1f-47f5-9676-74a53179f7e2_MasterBedroom-82186,val
e0e8453a-618c-4c12-9d67-0967d1a2adbe_Bedroom-466,val
e0e8453a-618c-4c12-9d67-0967d1a2adbe_LivingDiningRoom-751,val
e123f56a-fca9-404d-b857-b465a167d940_SecondBedroom-10059,val
e1445ad0-35a4-45f4-8152-2dad8e921f3e_SecondBedroom-185217,val
e15e9791-e99e-4f81-b838-692ecd556e81_Bedroom-303113,val
e15e9791-e99e-4f81-b838-692ecd556e81_Bedroom-303723,val
e16bb544-c6b8-4b18-83c0-84c87f488e7d_MasterBedroom-34945,val
e16e222e-f9b3-41eb-983f-b6173f84c35a_Bedroom-2005,val
e1722dbf-dce1-4409-aca6-bd0cc23bfd06_MasterBedroom-5767,val
e1a4a544-4918-42d9-b659-c332e05335fa_Bedroom-33792,val
e1a4a544-4918-42d9-b659-c332e05335fa_LivingRoom-33448,val
e1a7f175-ff21-44f6-a020-c0d7e9938be5_MasterBedroom-10726,val
e1ade7a0-9d88-4394-b0ca-7ac957e7facb_Bedroom-3130,val
e1b50a25-5422-4307-8b9c-24ad0bb8d8bc_SecondBedroom-24878,val
e1beeab5-1299-4241-95ed-2843243e9a2b_MasterBedroom-1199,val
e1bfc1be-b96b-43a3-9485-01a1ff78d9da_MasterBedroom-34912,val
e1bfc1be-b96b-43a3-9485-01a1ff78d9da_SecondBedroom-34991,val
e1c89bbb-0337-46b7-ac45-21e17ae29d91_MasterBedroom-33650,val
e1ce0785-e1e1-4f8f-9428-514459737af0_SecondBedroom-74626,val
e1ce0785-e1e1-4f8f-9428-514459737af0_SecondBedroom-74670,val
e1d1eb29-7078-4ab7-9428-6ced49369bf9_Bedroom-1070,val
e1f97282-7ce0-4eb3-86ab-448eb00db818_MasterBedroom-13487,val
e2104869-2823-4736-9e92-bc25fd7c9502_LivingRoom-39485,val
e22025ac-49ae-4e4b-907d-99f7053e98fd_SecondBedroom-16113,val
e22025ac-49ae-4e4b-907d-99f7053e98fd_SecondBedroom-22933,val
e22c70fa-8427-4337-bf22-23496bd5a0a4_MasterBedroom-11557,val
e22c70fa-8427-4337-bf22-23496bd5a0a4_SecondBedroom-11456,val
e29c9cea-a331-4062-8d95-17f3f7ed8813_MasterBedroom-46278,val
e2c54d64-ce34-4ace-a9ad-a79407cd383a_Bedroom-647,val
e2ca3b88-0619-4841-81f7-6dd37d684149_Bedroom-34030,val
e2d00f14-06f1-4b29-a9a1-f17618a2d7b7_LivingRoom-60575,val
e2d00f14-06f1-4b29-a9a1-f17618a2d7b7_SecondBedroom-60474,test
e2f3aa79-e130-445e-8773-b697ab77d9b8_MasterBedroom-45873,test
e32456e9-1d2f-4a1d-a84d-99e309fb1b3a_Bedroom-1862,test
e32456e9-1d2f-4a1d-a84d-99e309fb1b3a_Bedroom-2324,test
e3311e06-ea16-45e5-9d71-24ac8cb73050_MasterBedroom-226184,test
e3386b37-d80e-4431-ad84-df700fd4b2ff_MasterBedroom-45642,test
e35cbb00-27a3-442b-8cf6-bf8651e54db1_LivingRoom-4960,test
e3674f54-28aa-44af-8651-c98d831ef27e_Bedroom-16148,test
e37ef24d-fe80-40e7-a744-51122067af5a_Bedroom-7518,test
e37ef24d-fe80-40e7-a744-51122067af5a_SecondBedroom-7328,test
e3868792-6c29-4bc0-96f7-302bb742a456_MasterBedroom-67446,test
e396e943-0f12-4455-938a-47a4b44bc25c_LivingDiningRoom-22470,test
e396e943-0f12-4455-938a-47a4b44bc25c_MasterBedroom-22459,test
e396e943-0f12-4455-938a-47a4b44bc25c_SecondBedroom-18701,test
e3a673e8-9ac7-4e41-831a-24888f0b85ca_LivingRoom-1259,test
e3c257be-bb61-46bb-a0e5-80c356019b48_SecondBedroom-213397,test
e414e3aa-24fb-4922-bbc1-058a04829bbd_MasterBedroom-3258,test
e41ed17d-c021-4a43-b71a-d99872106260_LivingRoom-5149,test
e41ed17d-c021-4a43-b71a-d99872106260_MasterBedroom-3979,test
e43620b4-b1d6-4e7b-9e87-cf4835a91370_MasterBedroom-20402,test
e43620b4-b1d6-4e7b-9e87-cf4835a91370_SecondBedroom-14765,test
e44ef7e0-ff39-4430-9f37-15cec7c72ea1_MasterBedroom-365,test
e44ef7e0-ff39-4430-9f37-15cec7c72ea1_SecondBedroom-1020,test
e475ec55-ca9b-4908-ba97-1fd593042a06_Bedroom-75916,test
e4874b32-dbf7-48ae-84e1-bbcf47a528e7_Bedroom-6887,test
e49a3f2c-c856-468b-a7fb-0584f5aa91e8_Bedroom-210267,test
e49a3f2c-c856-468b-a7fb-0584f5aa91e8_Bedroom-211600,test
e4c63506-0538-4f51-8fcd-e191efee273b_LivingRoom-13248,test
e4c63506-0538-4f51-8fcd-e191efee273b_MasterBedroom-8642,test
e4ca237e-c12f-4fc8-a8ec-9eac636b3224_MasterBedroom-20579,test
e4d49144-ac70-482d-ac0a-607f68160dca_MasterBedroom-15019,test
e4ee25f7-bb0b-4dbe-b0ce-00f19597c102_MasterBedroom-2718,test
e503e126-bd11-4e31-9b61-aa6816d22630_DiningRoom-19938,test
e50797bd-0d25-4337-9642-b89db05e879a_MasterBedroom-16843,test
e5116cc9-0c46-4d8a-ab2e-953d8b84e404_Bedroom-17410,test
e51180c9-2e30-400e-86c2-957f044e13c1_MasterBedroom-9748,test
e517ea91-4a71-4a23-a05b-7d325acd0541_DiningRoom-41611,test
e51bcbec-e156-4642-bbbe-249212378ba5_MasterBedroom-95281,test
e5203f49-b5f8-49c0-b07c-775eaafbce33_SecondBedroom-14075,test
e525ddc0-e901-48c7-9c82-4c266ef1d2c5_MasterBedroom-2632,test
e52a7124-05ef-446d-b70e-39af1ac7aa5c_DiningRoom-21611,test
e52a7124-05ef-446d-b70e-39af1ac7aa5c_SecondBedroom-21630,test
e538b99f-3925-45c2-93b4-981e89efaba7_SecondBedroom-30221,test
e544c131-df87-4e5e-b889-75e6b89ae007_MasterBedroom-17206,test
e56442cc-b416-44d5-87f2-95e578e52e20_MasterBedroom-33021,test
e580682e-4cfa-4f03-9d85-0c74c929f896_MasterBedroom-7049,test
e580682e-4cfa-4f03-9d85-0c74c929f896_SecondBedroom-11465,test
e59618e8-5343-4f81-9906-360b10d2f935_Bedroom-1109,test
e59618e8-5343-4f81-9906-360b10d2f935_LivingRoom-539,test
e5a6fc8c-aaa9-460b-bab3-8fcd9aaaf6e2_MasterBedroom-109561,test
e5a744d6-d36d-4682-877f-fea6e9614c94_LivingDiningRoom-17836,test
e5aba2e0-9afc-476c-8ddf-10b253e3001b_MasterBedroom-15912,test
e5afb85b-f9b0-48dc-9fa6-cdd46d3193b6_MasterBedroom-30258,test
e5afb85b-f9b0-48dc-9fa6-cdd46d3193b6_SecondBedroom-30334,test
e5c7cabf-6a21-4575-b2bf-e9fe187eb6f9_MasterBedroom-16132,test
e5d0d4f7-dff4-48dc-982d-0a4bce850a39_SecondBedroom-17932,test
e604494e-6f67-4fe9-af75-5f30b819d8aa_MasterBedroom-32060,test
e60add0b-e098-43fb-8555-704624ea66a6_MasterBedroom-8605,test
e60add0b-e098-43fb-8555-704624ea66a6_SecondBedroom-8812,test
e60d4680-8a03-4f74-be43-99483b9ad9d3_MasterBedroom-9093,test
e6298d68-3c6d-40d9-96cb-0596e02c268a_MasterBedroom-16187,test
e6298d68-3c6d-40d9-96cb-0596e02c268a_SecondBedroom-9321,test
e64176c6-724a-471a-bd2c-81fc36504a59_Bedroom-11388,test
e6471913-4880-4757-b422-0fbc0ec6aa21_MasterBedroom-32890,test
e6471913-4880-4757-b422-0fbc0ec6aa21_SecondBedroom-33041,test
e6534ac2-3e67-4cb1-8776-f1b5ae914105_SecondBedroom-5427,test
e659092e-6b62-40b4-a6e0-26801c6b7fcf_Bedroom-52264,test
e659092e-6b62-40b4-a6e0-26801c6b7fcf_Bedroom-52786,test
e68032b2-11be-476a-b4b3-cf9a601db316_MasterBedroom-117275,test
e68e32cc-4817-4f5b-9faa-01f48e210839_MasterBedroom-39086,test
e6a4a8f1-d501-40d8-ba95-ef8163fe2d23_Bedroom-11582,test
e6a4a8f1-d501-40d8-ba95-ef8163fe2d23_MasterBedroom-11479,test
e6ae70c3-73ac-4a31-8cf5-e1e084f9a9e6_SecondBedroom-101913,test
e6db34b3-c6a1-4e04-b95a-30c415767e82_MasterBedroom-28172,test
e6e919bb-01bf-4003-a676-5276ce19e2b9_DiningRoom-16306,test
e6e919bb-01bf-4003-a676-5276ce19e2b9_MasterBedroom-7783,test
e73861c0-7072-467d-be89-e48dad7532c8_Bedroom-301,test
e75c45f8-283d-46d2-b5d2-7603205b46c1_Bedroom-394,test
e75e3c07-5b75-4a26-8933-cb6050aa6678_LivingDiningRoom-11555,test
e76449f3-2e35-4597-8382-bc258aaeae09_Bedroom-69440,test
e7750796-5f4c-4d0d-8d32-bda89c09a724_MasterBedroom-2343,test
e79d4a5f-5089-44c0-bb01-0e2853307d00_Bedroom-6975,test
e7c265f5-5542-459e-8df6-d7d7f65cdff5_LivingDiningRoom-554,test
e7c265f5-5542-459e-8df6-d7d7f65cdff5_MasterBedroom-245,test
e7cc0ba0-e5d7-4b0b-9708-07e7a18a0fd8_LivingRoom-52289,test
e7e9f7bd-8fac-434a-b34e-090a55495daf_Bedroom-1021,test
e7fed67a-ded2-424e-93fd-c64e5a35ae8b_Bedroom-21984,test
e7fed67a-ded2-424e-93fd-c64e5a35ae8b_Bedroom-22027,test
e7ff83c3-7b24-40fb-9e6f-c5a7f4b11903_SecondBedroom-61396,test
e802c7bd-5cee-421f-9fd7-b5fa4007122f_LivingDiningRoom-23413,test
e8093c84-2ce4-4be4-ab4a-e37269d14c47_SecondBedroom-14540,test
e812a184-e26d-4700-b7b1-940b7cfbcd43_MasterBedroom-10156,test
e812a184-e26d-4700-b7b1-940b7cfbcd43_SecondBedroom-16519,test
e859dbc0-b994-41be-8d51-9857389a0a74_Bedroom-54233,test
e876d240-71f0-4ac0-abcc-6205a5247c38_SecondBedroom-28761,test
e87ede27-f7ba-488c-bfd1-8e1832d96662_LivingDiningRoom-79190,test
e8924da7-9ca0-4eaa-b936-6636786c97cb_Bedroom-338,test
e892807a-549e-4a8f-855b-075fa1b70c9f_Bedroom-19731,test
e892807a-549e-4a8f-855b-075fa1b70c9f_LivingDiningRoom-19931,test
e8935429-7f9b-4a4b-bc21-58c0b0d82198_Bedroom-7954,test
e89afe87-760f-4291-bc6f-8554c65dd30c_LivingDiningRoom-16265,test
e89afe87-760f-4291-bc6f-8554c65dd30c_SecondBedroom-16306,test
e8d25f33-3e52-4ea6-904c-2aa8156e63a4_LivingDiningRoom-26523,test
e8d819e4-bfb3-406e-a683-0ea452650633_LivingDiningRoom-163914,test
e8f14d6c-c37d-4ad2-9cf9-cdd57cdfe2b1_Bedroom-17102,test
e8f14d6c-c37d-4ad2-9cf9-cdd57cdfe2b1_Bedroom-19071,test
e8f14d6c-c37d-4ad2-9cf9-cdd57cdfe2b1_DiningRoom-20935,test
e8f2696c-3f35-4c36-b414-5127c639c31b_Bedroom-65398,test
e8f90f1b-9c87-4777-b9ce-e678eadb8e48_Bedroom-986,test
e8ffd31e-be4d-4840-ba76-5a89b17ec8dd_DiningRoom-4509,test
e93b3e34-be1b-4c2f-83f2-f055304c7c7a_LivingDiningRoom-48904,test
e93b3e34-be1b-4c2f-83f2-f055304c7c7a_MasterBedroom-48291,test
e95ecf25-bf6b-443b-9f23-c2151152da14_MasterBedroom-18042,test
e97de662-f2d1-4d7f-9179-ae7718710e88_LivingDiningRoom-60592,test
e9b86353-f0b6-4842-9946-262ac8888fed_MasterBedroom-28940,test
e9ebe917-5812-429a-9154-913dcacb49ff_MasterBedroom-33111,test
ea107e07-4507-4189-aa07-445d944d5fce_MasterBedroom-40319,test
ea328f5b-1235-4041-9b77-8fc1a7eea639_Bedroom-9092,test
ea497775-7cb7-4f4d-ad49-eeae6970961d_LivingRoom-4789,test
ea74c6b6-9d8b-46bb-bea4-b08ecce7e2a7_MasterBedroom-2243,test
ea7e0a92-a291-446c-b428-75aafe1db99a_SecondBedroom-31150,test
eadbefb4-5962-4aea-838c-15591fa851c3_MasterBedroom-26128,test
eadbefb4-5962-4aea-838c-15591fa851c3_SecondBedroom-26399,test
eae6025c-f93b-49d3-85e5-fabd2958cbd1_Bedroom-60232,test
eafd826b-cd4d-4ecc-ad0e-56b3b2a461b8_SecondBedroom-51694,test
eb014623-6b94-4fb0-b33d-39773cb0cd8c_SecondBedroom-77167,test
eb0ff29a-8033-47b1-85cf-969415958f2e_MasterBedroom-101816,test
eb14cc50-f729-48f8-aadf-b5e2309927ab_Bedroom-13740,test
eb169c9a-318d-42b2-b629-bbacea5c2e55_MasterBedroom-32334,test
eb19c2b1-7eca-4389-9ee7-ff27db482cf4_MasterBedroom-48901,test
eb1f5725-ab22-470d-b345-cca532813d98_MasterBedroom-25667,test
eb29ee2c-5f25-4dbe-965a-ec1c07904585_MasterBedroom-534980,test
eb29ee2c-5f25-4dbe-965a-ec1c07904585_SecondBedroom-534911,test
eb8a0928-94bb-4434-bf48-07f311399345_Bedroom-311972,test
eb8a0928-94bb-4434-bf48-07f311399345_Bedroom-312023,test
ebb55c6a-0af2-4727-ad86-b18d0061a415_Bedroom-25883,test
ebbca084-db5d-4491-8fdc-dafa44c1ad3d_LivingDiningRoom-8006,test
ebd41253-638e-4273-80b7-971625b5144a_SecondBedroom-32722,test
ebead38b-ebb9-4569-a92f-f71668596b7c_SecondBedroom-9370,test
ebef71f6-da6e-4b58-ae51-40797ed0114b_LivingRoom-14,test
ebef8637-55d8-48d2-bc27-e880c51f36e8_LivingDiningRoom-2829,test
ebef8637-55d8-48d2-bc27-e880c51f36e8_MasterBedroom-3260,test
ec1d45dd-4935-490b-9c2b-f6caf4261d82_SecondBedroom-6548,test
ec35b52a-c501-4e1d-b186-b50e8f97d8e7_MasterBedroom-542,test
ec35b52a-c501-4e1d-b186-b50e8f97d8e7_SecondBedroom-292,test
ec4ce2f3-bf90-45ed-b90a-84f89d87afba_Bedroom-21938,test
ec4ce2f3-bf90-45ed-b90a-84f89d87afba_Bedroom-22004,test
ec4daa9d-bd9a-4d2c-9e9d-20e3ecfa851c_SecondBedroom-63799,test
ec766bba-cbde-473f-9983-c5bb1f3e932d_SecondBedroom-1052,test
ec8a5215-83a6-4325-ad7e-176c9c6f450f_MasterBedroom-392,test
eca62dc1-f5a9-4b74-a568-420fc7e66d68_LivingDiningRoom-25714,test
ecb22a4f-559a-415f-9e24-055a1df32899_Bedroom-10575,test
ecb9cf66-3f1a-46a1-846c-0b97406d762f_LivingDiningRoom-5162,test
ecbff5e1-39fd-4a37-acd1-e836f987a981_MasterBedroom-17404,test
ecbff5e1-39fd-4a37-acd1-e836f987a981_SecondBedroom-15800,test
ecc2066b-925b-4fa3-8734-e811352a45f5_DiningRoom-118252,test
ecdbeecd-1c5e-4605-a682-ca1085fd0721_DiningRoom-12178,test
ecdbeecd-1c5e-4605-a682-ca1085fd0721_LivingRoom-10766,test
ecfd0c00-3442-4962-bc25-270db6214ab7_LivingDiningRoom-68763,test
ed0f9c74-bc76-4290-bd21-27912daaee79_Bedroom-44362,test
ed28807d-83d3-437e-95bd-cf1392ad21e9_DiningRoom-55572,test
ed3b3a65-f3b1-47d8-9310-593f30c66bc8_MasterBedroom-39087,test
ed3b3a65-f3b1-47d8-9310-593f30c66bc8_SecondBedroom-39696,test
ed4b5bca-6791-4177-8dfd-7d25465ced4f_MasterBedroom-4606,test
ed8ac36a-974f-4117-8dbc-89e6498bdaab_MasterBedroom-11523,test
ed9eb96f-9366-485c-aa68-2512ab380096_MasterBedroom-2721,test
eda7084f-406e-4d08-8346-d42e75324500_LivingDiningRoom-31431,test
eda7084f-406e-4d08-8346-d42e75324500_MasterBedroom-49089,test
edd66ac7-760e-45b2-aeeb-0036f683fef8_DiningRoom-63838,test
edd66ac7-760e-45b2-aeeb-0036f683fef8_MasterBedroom-59131,test
ede1bcab-2298-4756-b03a-690d5cf8dfe5_Bedroom-10952,test
ede1bcab-2298-4756-b03a-690d5cf8dfe5_MasterBedroom-11214,test
ede1bcab-2298-4756-b03a-690d5cf8dfe5_MasterBedroom-6468,test
ede1bcab-2298-4756-b03a-690d5cf8dfe5_SecondBedroom-12217,test
edf37e82-ff08-4c09-a370-35ddd304c720_MasterBedroom-19679,test
edf37e82-ff08-4c09-a370-35ddd304c720_SecondBedroom-19717,test
ee137a12-e725-44c0-8f12-42078b028705_Bedroom-16514,test
ee137a12-e725-44c0-8f12-42078b028705_Bedroom-16603,test
ee165625-1a56-41fa-b145-232f235a4257_LivingDiningRoom-1028,test
ee165625-1a56-41fa-b145-232f235a4257_MasterBedroom-2433,test
ee2c0ae0-2f44-4e83-80ff-bffcace07edb_Bedroom-16438,test
ee3d1267-f097-43b5-9a18-2e408f379b3a_Bedroom-7022,test
ee3d1267-f097-43b5-9a18-2e408f379b3a_DiningRoom-7959,test
ee41dcf6-414a-4e05-b33f-db4272c90ed0_Bedroom-58778,test
ee4ca189-a9b5-4049-a0ee-9f78402ab039_MasterBedroom-22804,test
ee5aedcc-fd1e-4de2-93f1-dac088683d96_MasterBedroom-34953,test
eeb71e43-2988-439e-867e-cb143cb3988a_Bedroom-1511,test
eeb71e43-2988-439e-867e-cb143cb3988a_Bedroom-2394,test
eeb71e43-2988-439e-867e-cb143cb3988a_Bedroom-3153,test
eed2d8f7-791e-41f8-a367-075ff0434685_SecondBedroom-431,test
eeeeb368-bd8c-4601-8bd1-b6f82e2cea1f_SecondBedroom-138968,test
eefd3f2e-a33c-40b0-bd87-3b1a9b111170_Bedroom-5388,test
ef17e0e8-f83d-466e-9a2c-096d97599757_DiningRoom-233,test
ef17e0e8-f83d-466e-9a2c-096d97599757_MasterBedroom-1446,test
ef2017f0-bd05-48e9-bb25-a7469c906b48_Bedroom-12837,test
ef2e95fa-9458-47f8-9779-c3a3c644d670_MasterBedroom-2751,test
ef482642-65a4-4ef5-b8ae-f32d09c0febe_MasterBedroom-18069,test
ef482642-65a4-4ef5-b8ae-f32d09c0febe_SecondBedroom-18088,test
ef49fbf5-040b-48d1-9370-e6d496b8d1d0_MasterBedroom-7735,test
ef49fbf5-040b-48d1-9370-e6d496b8d1d0_SecondBedroom-7697,test
ef5257c8-753d-43a1-a653-ecd20ef21bfd_MasterBedroom-32084,test
ef5257c8-753d-43a1-a653-ecd20ef21bfd_SecondBedroom-32163,test
ef538119-2339-4538-94d3-06711fe4ae99_LivingDiningRoom-814,test
ef543f0b-22b8-463f-9def-0bfa6cae51ea_LivingDiningRoom-79295,test
ef543f0b-22b8-463f-9def-0bfa6cae51ea_MasterBedroom-79424,test
ef5860ab-d989-4605-93b1-5127126696c6_LivingDiningRoom-70961,test
ef5860ab-d989-4605-93b1-5127126696c6_MasterBedroom-71012,test
ef6aa693-77da-4bb2-8da5-e041b3a8e01f_MasterBedroom-2036,test
ef8fd1e1-1ffe-443c-9250-051ead3af79f_LivingDiningRoom-3061,test
ef9270fb-978c-4918-a560-98c6408f12f5_LivingRoom-23777,test
ef9270fb-978c-4918-a560-98c6408f12f5_SecondBedroom-23730,test
ef9e8fac-ec60-453d-83a0-d286699a1f1a_Bedroom-10393,test
ef9e8fac-ec60-453d-83a0-d286699a1f1a_Bedroom-6995,test
efae3b03-c5e7-42b6-8a1d-74a60df65af1_MasterBedroom-75082,test
eff4c634-9e2d-45fa-b05f-75a972098be2_MasterBedroom-10048,test
eff72f0f-049a-47b3-8685-b1b6af535435_MasterBedroom-17488,test
f006ad67-40d2-4068-950c-2ce3805d3932_Bedroom-37799,test
f01bcd18-7d36-43ed-ab2d-271530c07d6a_LivingRoom-1738,test
f01d52ec-ff3e-4157-b0bc-9c29e849f03c_Bedroom-23192,test
f01d52ec-ff3e-4157-b0bc-9c29e849f03c_Bedroom-23794,test
f01d52ec-ff3e-4157-b0bc-9c29e849f03c_LivingDiningRoom-24470,test
f0203867-54d6-46fd-ba3c-f1519e42b9b5_Bedroom-437,test
f034b396-40ea-4ece-ab94-e07445475fa6_Bedroom-12169,test
f03e152e-17d0-4b0d-a2b2-f28738902c58_MasterBedroom-79358,test
f03e56a7-395c-40d1-b453-3aadf7c8a92c_MasterBedroom-29025,test
f0799208-0c33-4b7f-83a0-51eff554453f_MasterBedroom-17289,test
f081f259-c8d0-4745-974c-0e99b28b7e93_SecondBedroom-164083,test
f086151e-64f0-4fad-b373-22c20dfc2fce_Bedroom-4751,test
f091233d-1a13-4a73-b1dd-f244780c76eb_Bedroom-13255,test
f091233d-1a13-4a73-b1dd-f244780c76eb_Bedroom-14737,test
f093d7c7-6f8a-4929-b88a-2d0cb8f0ddbc_MasterBedroom-39274,test
f0a56d5a-bbd4-44e4-823f-e3f19e25ed43_MasterBedroom-20448,test
f0a56d5a-bbd4-44e4-823f-e3f19e25ed43_SecondBedroom-20515,test
f0bf6457-59d0-4a44-88f6-152ead9dd17d_LivingDiningRoom-26288,test
f0f07050-6651-4075-b2b2-5922d677247e_SecondBedroom-6847,test
f108224b-4b3f-4919-9ca1-7b4306523f17_MasterBedroom-13063,test
f10d8b7b-fef2-443e-80d7-afc5e71a2e21_MasterBedroom-29464,test
f11aa158-fcaf-4b0e-86b8-17e51ed32c18_MasterBedroom-23047,test
f11aa158-fcaf-4b0e-86b8-17e51ed32c18_SecondBedroom-23087,test
f12586b0-d5a3-445c-9dca-8a40121851d5_MasterBedroom-391,test
f16b70be-bcb5-4845-8b84-82b2e5b9b3cc_MasterBedroom-2768,test
f16b8374-c879-4338-932c-1784f1737a41_LivingDiningRoom-10397,test
f1840b4a-05d6-4f76-9843-22c5d1a016bf_LivingDiningRoom-15790,test
f18ac5cc-b441-40b9-ac1e-a799bdb8cf15_LivingDiningRoom-64631,test
f18ac5cc-b441-40b9-ac1e-a799bdb8cf15_MasterBedroom-64701,test
f18ac5cc-b441-40b9-ac1e-a799bdb8cf15_SecondBedroom-64669,test
f18b38d2-6253-4593-b715-8ad6f55ae549_MasterBedroom-13202,test
f18b38d2-6253-4593-b715-8ad6f55ae549_SecondBedroom-13296,test
f19be8c6-be96-43dd-ab1a-c409aa126621_MasterBedroom-9574,test
f1a605ec-155d-48fd-ac89-d54c3ebdbfb6_SecondBedroom-4588,test
f1b8b50c-14ed-4bb0-a04c-a8ecb2b2aadf_MasterBedroom-448821,test
f1e45de4-64ae-4d44-9662-937c1b1e9b73_SecondBedroom-13995,test
f242015d-0a67-4ac7-a5ad-30199df3e02c_SecondBedroom-21986,test
f2469055-5566-47f8-9625-99ea6f74ceaf_MasterBedroom-60232,test
f2469055-5566-47f8-9625-99ea6f74ceaf_SecondBedroom-60291,test
f25272c2-6718-4baa-8458-e5ee500eefff_MasterBedroom-36996,test
f2773a3a-b8fb-4b98-8d6a-be6de57103ee_LivingRoom-13428,test
f2773a3a-b8fb-4b98-8d6a-be6de57103ee_MasterBedroom-13482,test
f2773a3a-b8fb-4b98-8d6a-be6de57103ee_SecondBedroom-13466,test
f2993a42-1e68-4247-98f1-8eb62109d7c9_Bedroom-62617,test
f29cea89-70ae-49d7-8d1f-b7c1e7cada53_DiningRoom-24191,test
f29e10da-f170-43c5-b03b-0f1d88149c55_MasterBedroom-1667,test
f2e4a9e6-3c1a-4638-973c-37e84115bbd1_SecondBedroom-17567,test
f2e9f7ec-737a-472e-9e4a-9895805dea77_LivingRoom-46675,test
f31a5ee6-2ba4-4af7-a286-77887385a068_Bedroom-2604,test
f31e12c4-1134-42eb-b28f-2e9e19bc47d6_Bedroom-701,test
f31e12c4-1134-42eb-b28f-2e9e19bc47d6_LivingDiningRoom-1307,test
f32ae7af-2144-411e-b8f4-d83da5a4f44a_Bedroom-24375,test
f36740a2-e955-492c-9645-c1a2e443e964_MasterBedroom-615,test
f36740a2-e955-492c-9645-c1a2e443e964_SecondBedroom-5626,test
f36889f8-d94b-4ab9-9da1-46e06a27ff90_MasterBedroom-12883,test
f3719575-1f2b-4a1d-b75f-a8a9c7257fbf_Bedroom-25711,test
f3719575-1f2b-4a1d-b75f-a8a9c7257fbf_Bedroom-29147,test
f3777947-bb99-4cca-b0e7-9992c971ad87_Bedroom-10003,test
f378812e-7afa-4eba-ab73-e537abb57780_MasterBedroom-103832,test
f378812e-7afa-4eba-ab73-e537abb57780_SecondBedroom-103807,test
f385547b-42fa-485e-bc25-ab752182db10_MasterBedroom-22837,test
f385547b-42fa-485e-bc25-ab752182db10_SecondBedroom-22967,test
f389cf45-34e6-48bb-8f32-46210e8e72a5_LivingDiningRoom-2241,test
f389cf45-34e6-48bb-8f32-46210e8e72a5_MasterBedroom-1458,test
f39d32b7-b0be-4c78-81e7-3568d573035e_Bedroom-21954,test
f3b70889-71b2-4dbe-87df-02ba6788734c_MasterBedroom-1589,test
f3b70889-71b2-4dbe-87df-02ba6788734c_SecondBedroom-1148,test
f3c74c10-295f-400e-8953-84f44ab3ea0b_SecondBedroom-7774,test
f3cfad69-28ff-4db2-ab70-4cc7f6909985_MasterBedroom-39739,test
f3cfad69-28ff-4db2-ab70-4cc7f6909985_SecondBedroom-39793,test
f3d2a31b-305b-4630-9035-4ccf77d2b7e2_Bedroom-16036,test
f3fb6d7a-9e84-4954-a6be-b0c3bd6a3ca9_SecondBedroom-10109,test
f409bc31-7e9a-4bb2-b577-449ddb3ea00a_Bedroom-21016,test
f419f189-23f4-42f6-89c1-838f09191f87_LivingRoom-27723,test
f419f189-23f4-42f6-89c1-838f09191f87_MasterBedroom-26413,test
f419f189-23f4-42f6-89c1-838f09191f87_SecondBedroom-27136,test
f43f6f88-1a91-4732-8924-a5d5a9fccadd_MasterBedroom-45245,test
f43f6f88-1a91-4732-8924-a5d5a9fccadd_SecondBedroom-40528,test
f44dc241-42d4-43c8-a017-9d6d52a0e75d_MasterBedroom-28445,test
f451b16e-3457-41e1-8f08-b56265549833_DiningRoom-14049,test
f451b16e-3457-41e1-8f08-b56265549833_MasterBedroom-13511,test
f451b16e-3457-41e1-8f08-b56265549833_SecondBedroom-14305,test
f471112d-bd84-4827-9ef8-a3604947b5fa_DiningRoom-5636,test
f47e91bf-c4c3-4399-9917-ac2c0d393fee_MasterBedroom-33062,test
f485b373-bf78-4417-9ff7-54d25478d312_Bedroom-6694,test
f488ee09-82e1-413f-aeba-a776aeeb333d_MasterBedroom-31775,test
f48a21a7-a87d-434a-8626-4fe208c06877_Bedroom-207,test
f48a21a7-a87d-434a-8626-4fe208c06877_Bedroom-822,test
f50a3dc4-2f5c-4edd-908a-8e0bcc6ef672_DiningRoom-36032,test
f50a3dc4-2f5c-4edd-908a-8e0bcc6ef672_MasterBedroom-36010,test
f50fc676-d5e4-45ad-89f8-11d789079dde_Bedroom-3743,test
f50fc676-d5e4-45ad-89f8-11d789079dde_LivingDiningRoom-4010,test
f52dc2c0-935d-4e0d-b99d-bd634498ef8f_Bedroom-119686,test
f53c1c3b-e142-4ae6-ab15-ebe13d2888cf_MasterBedroom-70236,test
f566d9b8-0ec1-446c-a1f8-e429933253cc_MasterBedroom-6807,test
f5696e0a-1c20-489d-8eb8-b47d856970ce_MasterBedroom-950,test
f5ba38ae-7330-4132-b051-cf0bae2b8b44_Bedroom-28476,test
f5ba38ae-7330-4132-b051-cf0bae2b8b44_Bedroom-29631,test
f5e20ff1-7ed8-4103-886f-1309e7dcd456_MasterBedroom-15607,test
f5ee5167-b1c2-4fb2-86b4-5f5b609fe371_Bedroom-12315,test
f623fc6b-ed49-451d-9858-85a3c1091631_DiningRoom-21748,test
f623fc6b-ed49-451d-9858-85a3c1091631_LivingRoom-21654,test
f623fc6b-ed49-451d-9858-85a3c1091631_MasterBedroom-21792,test
f65431c6-3731-45bf-b10e-e3b1a37a87b6_SecondBedroom-14021,test
f655b350-074a-4b5e-ae1e-ede74c0e75ec_LivingDiningRoom-77193,test
f655b350-074a-4b5e-ae1e-ede74c0e75ec_MasterBedroom-79012,test
f6a13d34-e838-40c9-967c-282083e1c603_SecondBedroom-898,test
f6bf9761-7493-486f-8c70-831e83eab521_Bedroom-126560,test
f6eb3b89-4fd1-41fb-8064-4fc54194e472_Bedroom-31327,test
f6f93fd0-4130-46ff-99d4-cd42bdd0ffe8_MasterBedroom-108,test
f6f93fd0-4130-46ff-99d4-cd42bdd0ffe8_SecondBedroom-546,test
f7168796-b600-4453-9d54-41314f27bed3_MasterBedroom-52771,test
f73285cd-a1f5-4c2e-a319-136013991487_DiningRoom-16563,test
f73285cd-a1f5-4c2e-a319-136013991487_SecondBedroom-16544,test
f73dc7bc-1916-4186-826f-3017cb235a38_MasterBedroom-14481,test
f76662cd-344f-46ee-be95-3f2d0cfb7249_SecondBedroom-14804,test
f783e6e5-ebd1-4cec-94ce-bca4eca8f504_MasterBedroom-55352,test
f788d318-0f9f-4c95-9aab-41d9878998c0_Bedroom-10012,test
f792305b-73a1-44ca-a818-33a0172a3a18_Bedroom-4076,test
f79dd946-de59-4b27-8e89-ea5b2303ee67_Bedroom-20615,test
f7a3bd11-edb2-41ee-b15c-79730eba86b1_MasterBedroom-12183,test
f7b437bf-195d-41f4-a0b6-ce3f14dae321_MasterBedroom-20548,test
f7d7e3c8-2593-401f-aa35-37785b9ab987_MasterBedroom-2708,test
f7e21128-2c30-42f8-945b-343e6baede2d_SecondBedroom-20253,test
f7f1f448-8a7e-4b56-935b-83ab1d524a71_MasterBedroom-22344,test
f807cca3-8e6b-4f4f-8823-30c5a3247ed1_Bedroom-302,test
f82d44c6-df98-404b-870d-b6f378d2151e_MasterBedroom-5362,test
f8339d99-447d-4c64-a830-8a896194edee_DiningRoom-13952,test
f85c9163-8554-4302-8927-6e5c0e31f3f8_MasterBedroom-539,test
f877d2a1-678f-49a0-a90e-e99ff27134c7_DiningRoom-13034,test
f89c8def-be8d-4a45-948e-714938ca5550_LivingDiningRoom-16828,test
f8c4e5e9-8ba5-4694-8ac1-4823082e99d8_DiningRoom-12276,test
f8c4e5e9-8ba5-4694-8ac1-4823082e99d8_LivingRoom-13648,test
f8d1f7d8-8270-4a12-9b21-785332cd542a_SecondBedroom-9587,test
f8dbb08a-c5c7-41d3-b7e5-7fc62c5f610b_MasterBedroom-50346,test
f8ee1c9b-799e-4137-80ea-b9a5c240d988_Bedroom-6521,test
f8ee1c9b-799e-4137-80ea-b9a5c240d988_MasterBedroom-4930,test
f91f3891-f90c-43e4-a343-c7c2922badb9_MasterBedroom-6588,test
f92faf3f-2b6c-437c-9942-fd8437292634_MasterBedroom-8221,test
f93473b4-3fa4-401b-924d-ee78112f516b_DiningRoom-15454,test
f93473b4-3fa4-401b-924d-ee78112f516b_LivingRoom-67073,test
f936d670-ce9a-4fdd-a20d-8e790dbb92c5_SecondBedroom-64094,test
f975259e-3295-4fd2-b0b1-f300c3ed3d3d_DiningRoom-21509,test
f975259e-3295-4fd2-b0b1-f300c3ed3d3d_MasterBedroom-22424,test
f975ad76-0f30-4485-9388-a6c019d19b38_Bedroom-131,test
f98c8dff-7392-45b8-abf5-81c3ca5eb064_Bedroom-3165,test
f98c8dff-7392-45b8-abf5-81c3ca5eb064_LivingRoom-3792,test
f999ea63-2aca-4e3a-a646-dd75bc53fc8c_MasterBedroom-9460,test
f999ea63-2aca-4e3a-a646-dd75bc53fc8c_SecondBedroom-5887,test
f9b500af-25f8-4d88-ab0d-f36dc3e765b8_LivingDiningRoom-99518,test
f9b500af-25f8-4d88-ab0d-f36dc3e765b8_SecondBedroom-99450,test
f9b7f141-b314-441a-8d8d-ba7a0227a483_Bedroom-8136,test
f9b7f141-b314-441a-8d8d-ba7a0227a483_Bedroom-8246,test
f9ec2dc6-6ce7-4efb-b1f8-6275c8a282e7_DiningRoom-132563,test
f9f56ff0-e283-492f-bdee-051c886a9d18_LivingDiningRoom-8358,test
f9f56ff0-e283-492f-bdee-051c886a9d18_MasterBedroom-8296,test
f9f68e7b-7679-43df-87b9-8677dedb2845_Bedroom-20650,test
fa083d17-27a3-49b0-8c75-7b7b3535d2b0_Bedroom-1023424,test
fa21ce43-f02e-43a0-8f64-31f81cb339b1_DiningRoom-42541,test
fa21ce43-f02e-43a0-8f64-31f81cb339b1_SecondBedroom-42424,test
fa3b6dec-1159-425f-b9bb-aa4e535e56d1_Bedroom-7142,test
fa3b6dec-1159-425f-b9bb-aa4e535e56d1_Bedroom-7588,test
fa4d27ff-6744-4a6d-bf11-55e0cd169d65_Bedroom-27900,test
fa56e1b0-7c26-4a09-a8f4-6e3f226fc131_LivingDiningRoom-41538,test
fa56e1b0-7c26-4a09-a8f4-6e3f226fc131_MasterBedroom-41510,test
faa7f271-a6cb-4f6d-ba11-365ad634c122_SecondBedroom-20352,test
fad912df-d3ad-4525-86d7-edbfa2bf20cd_MasterBedroom-1186,test
fadb1a04-d125-46fa-9711-d59110217622_LivingDiningRoom-514,test
faf62fbc-739a-40da-aac3-12b6807ee7e3_Bedroom-5799,test
faf9f588-42e9-4745-bddd-7d6cbf8c4f99_Bedroom-9098,test
faf9f588-42e9-4745-bddd-7d6cbf8c4f99_LivingDiningRoom-9123,test
fb1e5f98-564f-47af-bd58-ebf6c57b2d22_DiningRoom-275181,test
fb1f8f5e-ab2c-4752-b5d8-6ee6189bd6ba_MasterBedroom-1468,test
fb5924fc-9540-4659-9764-a38774256527_MasterBedroom-35835,test
fb6b040f-414d-4816-977f-c680acb29da6_MasterBedroom-22697,test
fb76c361-48d1-4450-a4a3-0b9bea32fb8e_Bedroom-35064,test
fb76c361-48d1-4450-a4a3-0b9bea32fb8e_LivingRoom-35461,test
fb8811e2-7290-48d8-af40-fd60b5231fb3_LivingDiningRoom-24287,test
fb90b296-f1cd-4741-a3a1-c626dabc6e68_Bedroom-37672,test
fb90b296-f1cd-4741-a3a1-c626dabc6e68_LivingRoom-37631,test
fba48f02-1ffc-4328-b877-e53c3716ec18_MasterBedroom-29774,test
fba48f02-1ffc-4328-b877-e53c3716ec18_SecondBedroom-29858,test
fbb124a7-d4d2-46a0-9465-fc790f714350_Bedroom-15586,test
fbb124a7-d4d2-46a0-9465-fc790f714350_DiningRoom-13727,test
fbd8335f-0637-42e3-8d89-dc96d4651ac2_MasterBedroom-3684,test
fbef7a6c-6526-42da-b2c1-209ce8e3908c_SecondBedroom-5877,test
fc2dadc6-b593-44f0-b1a6-843bc0eb8018_MasterBedroom-9077,test
fc2dadc6-b593-44f0-b1a6-843bc0eb8018_SecondBedroom-7891,test
fc2f0a6b-1a5a-40e0-b88d-47e82a30aec7_Bedroom-5501,test
fc2f0a6b-1a5a-40e0-b88d-47e82a30aec7_Bedroom-5564,test
fc3e0cb0-d178-4b06-830d-1562cda8301c_Bedroom-1215,test
fc3e6faa-b614-4d9c-87bb-e2c67de6f6b3_Bedroom-20073,test
fc54aa89-bd3b-482a-b69c-0a63a5644c7b_Bedroom-140603,test
fc6386f3-cdbe-45a7-8410-c16c00d891c9_SecondBedroom-1845,test
fc854887-6396-42cc-b020-13d5c6abf8c9_SecondBedroom-174,test
fc867413-7da3-420a-83a4-a292b2114b40_MasterBedroom-319741,test
fc867413-7da3-420a-83a4-a292b2114b40_SecondBedroom-98122,test
fc8c70a8-34ee-41d7-b54f-022c75d117e0_MasterBedroom-1843,test
fc9c89c7-c736-42ca-bda0-21c253e76b3a_Bedroom-48979,test
fcc5e685-aab1-42bd-aaa7-9167d58f63d6_LivingDiningRoom-31520,test
fcc5e685-aab1-42bd-aaa7-9167d58f63d6_MasterBedroom-4746,test
fccdabaa-fcb2-49bc-8dd7-863f7bc927e7_DiningRoom-42781,test
fce52e47-a592-4988-8ebc-e7a45741b327_MasterBedroom-2328,test
fce9aca0-ed23-4c5e-88e9-0b8782e63339_MasterBedroom-17480,test
fce9aca0-ed23-4c5e-88e9-0b8782e63339_SecondBedroom-15092,test
fd0f6fb9-85c7-4524-abf6-4bf928bf92c1_LivingDiningRoom-241089,test
fd2905d1-64c4-4550-a118-3a5a9881c093_MasterBedroom-24714,test
fd35a56c-c466-42f9-85c7-7e152d00d631_MasterBedroom-783,test
fd47d85f-a246-44ef-93f1-33e7b98aed46_Bedroom-62221,test
fd5ffce0-b4fa-432d-abc8-3f5b49eb1669_Bedroom-22479,test
fd898769-3118-4877-b9d4-9f7f82a0f7b9_MasterBedroom-30566,test
fd956aea-c66d-4771-9cb3-9247f5da110c_DiningRoom-71949,test
fd956aea-c66d-4771-9cb3-9247f5da110c_MasterBedroom-71933,test
fd956aea-c66d-4771-9cb3-9247f5da110c_SecondBedroom-71861,test
fd987ee8-eeac-4d95-a947-306db2feada5_LivingDiningRoom-18871,test
fd987ee8-eeac-4d95-a947-306db2feada5_MasterBedroom-11997,test
fd9ec869-05a9-4f85-8478-d3932abde306_LivingDiningRoom-72618,test
fd9ec869-05a9-4f85-8478-d3932abde306_SecondBedroom-68666,test
fda72039-c926-4c5a-9c51-627a0ab5d3ca_LivingDiningRoom-2328,test
fdb7f1f3-c28e-43f3-ac6b-fbb43396c015_SecondBedroom-12633,test
fdc0b569-e71a-4cf9-9a16-a6f60bffc326_SecondBedroom-36167,test
fde0fdcc-7a6a-4e8f-a1bd-ff10cbb09b29_LivingDiningRoom-61187,test
fde5a857-8d3e-4f26-913d-901b182198be_SecondBedroom-28196,test
fe174e21-5e11-4004-8347-f4e5e2e7b30c_LivingDiningRoom-20428,test
fe174e21-5e11-4004-8347-f4e5e2e7b30c_SecondBedroom-16460,test
fe1c870e-fd97-4d8c-b0ef-ab646c06e3cc_MasterBedroom-13878,test
fe34c57e-fdaa-4d29-85ac-a580bdafd66a_MasterBedroom-22054,test
fe3731be-633d-487d-a502-63a3c0ebfbc7_LivingDiningRoom-1985,test
fe45ec66-33bb-480a-bac0-a5ec4e909977_MasterBedroom-3500,test
fe49d5e3-8a9e-4e22-ab9a-414b2553a561_Bedroom-1155,test
fe4aa477-9203-4c50-a540-e1bbdf2d9fec_MasterBedroom-9360,test
fe4aa477-9203-4c50-a540-e1bbdf2d9fec_SecondBedroom-3766,test
fe6dd857-df5a-4dbd-8121-e22d1c321455_Bedroom-164,test
fe717e28-bb7e-4705-a176-b78780ffd7ad_Bedroom-10293,test
fe74af37-407d-4335-910c-1dc03e0c9303_Bedroom-13709,test
fe74af37-407d-4335-910c-1dc03e0c9303_LivingRoom-13753,test
fe94c17a-ba89-49ae-91e1-9173ded16545_SecondBedroom-130646,test
feacc183-06d2-4bb4-9c24-a62921abdc29_MasterBedroom-71130,test
fed3d417-97a3-44e0-ba86-b76c71672dc4_LivingDiningRoom-15471,test
fed3d417-97a3-44e0-ba86-b76c71672dc4_MasterBedroom-13989,test
fed3d417-97a3-44e0-ba86-b76c71672dc4_SecondBedroom-14107,test
feddc846-b266-435d-b48b-a23a4f201c3f_SecondBedroom-9994,test
fef4c9c4-a340-4388-908b-53f9a866731f_Bedroom-8493,test
fefb59b1-a1ed-42d8-ab19-95808008e573_MasterBedroom-10659,test
ff08fb34-a3a4-495d-955b-a621cac7cba8_LivingDiningRoom-527,test
ff08fb34-a3a4-495d-955b-a621cac7cba8_MasterBedroom-441,test
ff39ebbf-6599-4edb-bec9-480ad1de6115_LivingRoom-211,test
ff7b42d9-0e58-4847-8d47-f793a11cd3bd_MasterBedroom-83934,test
ff92de73-ae8f-4ea1-a936-40cbf888f6b4_SecondBedroom-1116,test
ff9c0083-f842-4adb-8278-b7ab67cdcdd8_SecondBedroom-62375,test
ffa247bb-94fc-4f11-abb5-5681b09d1d81_MasterBedroom-37428,test
ffa6f9b3-4a73-435c-996a-f780833e77e1_MasterBedroom-39095,test
ffb067ad-cf9a-4321-82ae-4e684c59ea3e_LivingRoom-53948,test
ffc7ddf1-827b-4154-9eee-5f8b497d0a12_Bedroom-860,test
ffd38d23-f910-44db-a3ec-7347ecc1f185_Bedroom-16443,test
ffd98024-7200-429e-8b9a-1234a5937826_LivingRoom-360,test
ffd98024-7200-429e-8b9a-1234a5937826_MasterBedroom-118,test
